timestamp,time_iso,split,rcf_score_unsup,rcf_pred_unsup,rcf_score_normalprof,rcf_pred_normalprof,gt_original,gt_filtered
1765814664.6674626,2025-12-15 16:04:24,train,0.455913,0,0.620425,0,0,1
1765814676.9318302,2025-12-15 16:04:36,train,0.454556,0,0.622276,0,0,0
1765814689.2116535,2025-12-15 16:04:49,train,0.457001,0,0.623761,0,0,1
1765814701.4614964,2025-12-15 16:05:01,train,0.455369,0,0.630113,0,0,0
1765814713.6704717,2025-12-15 16:05:13,train,0.463584,0,0.630864,0,0,1
1765814725.8787827,2025-12-15 16:05:25,train,0.464967,0,0.630864,0,0,1
1765814738.0639966,2025-12-15 16:05:38,train,0.471665,0,0.630864,0,0,0
1765814750.260464,2025-12-15 16:05:50,train,0.482468,0,0.630864,0,0,0
1765814762.4481466,2025-12-15 16:06:02,train,0.46386,0,0.628612,0,0,0
1765814774.6141813,2025-12-15 16:06:14,train,0.464967,0,0.628987,0,0,1
1765814786.8256238,2025-12-15 16:06:26,train,0.467468,0,0.63237,0,0,1
1765814799.067355,2025-12-15 16:06:39,train,0.474202,0,0.63615,1,0,0
1765814811.249821,2025-12-15 16:06:51,train,0.469702,0,0.637668,1,0,0
1765814823.4365153,2025-12-15 16:07:03,train,0.461104,0,0.637668,1,0,0
1765814835.610237,2025-12-15 16:07:15,train,0.44917,0,0.635771,1,0,1
1765814847.8176098,2025-12-15 16:07:27,train,0.447834,0,0.63615,1,0,0
1765814860.032745,2025-12-15 16:07:40,train,0.445704,0,0.635392,1,0,1
1765814872.2410038,2025-12-15 16:07:52,train,0.454556,0,0.634635,1,0,0
1765814884.3965917,2025-12-15 16:08:04,train,0.453204,0,0.635392,1,0,0
1765814896.567138,2025-12-15 16:08:16,train,0.450511,0,0.636908,1,0,0
1765814908.7910957,2025-12-15 16:08:28,train,0.445173,0,0.635771,1,0,0
1765814920.9699333,2025-12-15 16:08:40,train,0.451317,0,0.638428,1,0,0
1765814933.1956239,2025-12-15 16:08:53,train,0.444908,0,0.63919,1,0,0
1765814945.398774,2025-12-15 16:09:05,train,0.453474,0,0.640333,1,0,1
1765814957.5848875,2025-12-15 16:09:17,train,0.46469,0,0.646468,1,0,0
1765814969.7946844,2025-12-15 16:09:29,train,0.470262,0,0.648784,1,0,1
1765814981.9802337,2025-12-15 16:09:41,train,0.475334,0,0.652273,1,0,0
1765814994.1867418,2025-12-15 16:09:54,train,0.484197,0,0.65344,1,0,0
1765815006.4307437,2025-12-15 16:10:06,train,0.453474,0,0.655,1,0,0
1765815018.6098638,2025-12-15 16:10:18,train,0.457273,0,0.649558,1,0,0
1765815030.8140547,2025-12-15 16:10:30,train,0.447567,0,0.650332,1,0,1
1765815043.0236413,2025-12-15 16:10:43,train,0.461379,0,0.651885,1,0,1
1765815055.231195,2025-12-15 16:10:55,train,0.474485,0,0.65383,1,0,1
1765815067.4286995,2025-12-15 16:11:07,train,0.440423,0,0.649558,1,0,1
1765815079.618633,2025-12-15 16:11:19,train,0.43859,0,0.645314,1,0,0
1765815091.779157,2025-12-15 16:11:31,train,0.421925,0,0.637668,1,0,0
1765815104.0328188,2025-12-15 16:11:44,train,0.426476,0,0.636908,1,0,1
1765815116.2369251,2025-12-15 16:11:56,train,0.429536,0,0.636908,1,0,0
1765815128.4500794,2025-12-15 16:12:08,train,0.424953,0,0.637668,1,0,1
1765815140.6769688,2025-12-15 16:12:20,train,0.426984,0,0.635013,1,0,0
1765815152.8706887,2025-12-15 16:12:32,train,0.417423,0,0.635392,1,0,1
1765815165.086023,2025-12-15 16:12:45,train,0.412724,0,0.633879,1,0,0
1765815177.2838767,2025-12-15 16:12:57,train,0.409783,0,0.629362,0,0,0
1765815189.4871106,2025-12-15 16:13:09,train,0.414449,0,0.628612,0,0,1
1765815201.684195,2025-12-15 16:13:21,train,0.417423,0,0.62749,0,0,1
1765815213.873436,2025-12-15 16:13:33,train,0.413216,0,0.622276,0,0,1
1765815226.069084,2025-12-15 16:13:46,train,0.406863,0,0.620425,0,0,1
1765815238.272433,2025-12-15 16:13:58,train,0.406378,0,0.615637,0,0,0
1765815250.482101,2025-12-15 16:14:10,train,0.405894,0,0.616004,0,0,1
1765815262.677696,2025-12-15 16:14:22,train,0.399653,0,0.611979,0,0,0
1765815274.8533645,2025-12-15 16:14:34,train,0.404445,0,0.609431,0,0,0
1765815287.1137848,2025-12-15 16:14:47,train,0.395861,0,0.610522,0,0,0
1765815299.3172812,2025-12-15 16:14:59,train,0.393978,0,0.609794,0,0,1
1765815311.5108411,2025-12-15 16:15:11,train,0.397042,0,0.610522,0,0,0
1765815323.6917984,2025-12-15 16:15:23,train,0.399415,0,0.608705,0,0,0
1765815335.9102752,2025-12-15 16:15:35,train,0.406378,0,0.608705,0,0,1
1765815348.122564,2025-12-15 16:15:48,train,0.402522,0,0.606894,0,0,0
1765815360.3237524,2025-12-15 16:16:00,train,0.403482,0,0.606894,0,0,0
1765815372.527818,2025-12-15 16:16:12,train,0.41643,0,0.607618,0,0,0
1765815384.7148552,2025-12-15 16:16:24,train,0.410516,0,0.607256,0,0,0
1765815396.9338837,2025-12-15 16:16:36,train,0.415934,0,0.606894,0,0,0
1765815409.1264787,2025-12-15 16:16:49,train,0.411496,0,0.60581,0,0,0
1765815421.3335476,2025-12-15 16:17:01,train,0.414202,0,0.606894,0,0,1
1765815433.5488594,2025-12-15 16:17:13,train,0.429536,0,0.612708,0,0,0
1765815445.773719,2025-12-15 16:17:25,train,0.420419,0,0.614537,0,0,1
1765815457.9771547,2025-12-15 16:17:37,train,0.416926,0,0.616004,0,0,0
1765815470.1818213,2025-12-15 16:17:50,train,0.421925,0,0.616738,0,0,0
1765815482.4007053,2025-12-15 16:18:02,train,0.422932,0,0.61527,0,0,1
1765815494.60301,2025-12-15 16:18:14,train,0.423184,0,0.617842,0,0,1
1765815506.8224964,2025-12-15 16:18:26,train,0.425207,0,0.619316,0,0,0
1765815519.0276744,2025-12-15 16:18:39,train,0.424953,0,0.619316,0,0,0
1765815531.2639945,2025-12-15 16:18:51,train,0.430562,0,0.624505,0,0,0
1765815543.4745786,2025-12-15 16:19:03,train,0.430305,0,0.631993,0,0,0
1765815555.6707923,2025-12-15 16:19:15,train,0.433135,0,0.631993,0,0,1
1765815567.8928943,2025-12-15 16:19:27,train,0.437546,0,0.632747,0,0,0
1765815580.0983405,2025-12-15 16:19:40,train,0.442001,0,0.63124,0,0,1
1765815592.2900088,2025-12-15 16:19:52,train,0.443056,0,0.632747,0,0,0
1765815604.5066512,2025-12-15 16:20:04,train,0.468584,0,0.633501,0,0,0
1765815616.70966,2025-12-15 16:20:16,train,0.439899,0,0.632747,0,0,0
1765815628.9149268,2025-12-15 16:20:28,train,0.431332,0,0.628612,0,0,0
1765815641.1225255,2025-12-15 16:20:41,train,0.439375,0,0.632747,0,0,1
1765815653.3281643,2025-12-15 16:20:53,train,0.439899,0,0.638048,1,0,0
1765815665.5580332,2025-12-15 16:21:05,train,0.445173,0,0.63919,1,0,1
1765815677.7554846,2025-12-15 16:21:17,train,0.431589,0,0.640333,1,0,1
1765815689.958026,2025-12-15 16:21:29,train,0.419918,0,0.641479,1,0,0
1765815702.1632955,2025-12-15 16:21:42,train,0.418919,0,0.632747,0,0,1
1765815714.363002,2025-12-15 16:21:54,train,0.413709,0,0.634635,1,0,1
1765815726.5712013,2025-12-15 16:22:06,train,0.410516,0,0.63237,0,0,1
1765815738.75959,2025-12-15 16:22:18,train,0.408077,0,0.63615,1,0,1
1765815750.9537299,2025-12-15 16:22:30,train,0.41643,0,0.635013,1,0,1
1765815763.1407452,2025-12-15 16:22:43,train,0.42067,0,0.638428,1,0,0
1765815775.346357,2025-12-15 16:22:55,train,0.429792,0,0.640333,1,0,0
1765815787.556669,2025-12-15 16:23:07,train,0.428769,0,0.638809,1,0,0
1765815799.7749932,2025-12-15 16:23:19,train,0.431846,0,0.642627,1,0,0
1765815811.978627,2025-12-15 16:23:31,train,0.447567,0,0.649558,1,0,1
1765815824.1559126,2025-12-15 16:23:44,train,0.455913,0,0.651885,1,0,0
1765815836.3682482,2025-12-15 16:23:56,train,0.457818,0,0.651496,1,0,0
1765815848.5819232,2025-12-15 16:24:08,train,0.461379,0,0.655781,1,0,0
1765815860.8236387,2025-12-15 16:24:20,train,0.43859,0,0.65072,1,0,1
1765815873.0148854,2025-12-15 16:24:33,train,0.439637,0,0.65344,1,0,0
1765815885.1808233,2025-12-15 16:24:45,train,0.440161,0,0.651496,1,0,0
1765815897.445819,2025-12-15 16:24:57,train,0.43859,0,0.650332,1,0,0
1765815909.6601768,2025-12-15 16:25:09,train,0.439375,0,0.652662,1,0,0
1765815921.912781,2025-12-15 16:25:21,train,0.435205,0,0.650332,1,0,1
1765815934.1487248,2025-12-15 16:25:34,train,0.428258,0,0.646854,1,0,1
1765815946.3560083,2025-12-15 16:25:46,train,0.423437,0,0.646468,1,0,0
1765815958.543145,2025-12-15 16:25:58,train,0.417921,0,0.639952,1,0,1
1765815970.745807,2025-12-15 16:26:10,train,0.418919,0,0.639952,1,0,0
1765815982.9537218,2025-12-15 16:26:22,train,0.412724,0,0.638048,1,0,1
1765815995.1598806,2025-12-15 16:26:35,train,0.413462,0,0.636529,1,0,0
1765816007.3549566,2025-12-15 16:26:47,train,0.413462,0,0.631616,0,0,0
1765816019.5592444,2025-12-15 16:26:59,train,0.414449,0,0.63124,0,0,1
1765816031.7649896,2025-12-15 16:27:11,train,0.409295,0,0.627864,0,0,0
1765816043.9506316,2025-12-15 16:27:23,train,0.415438,0,0.627116,0,0,1
1765816056.1250994,2025-12-15 16:27:36,train,0.414202,0,0.623761,0,0,1
1765816068.3421366,2025-12-15 16:27:48,train,0.406863,0,0.61821,0,0,0
1765816080.5552359,2025-12-15 16:28:00,train,0.398464,0,0.617842,0,0,0
1765816092.7446527,2025-12-15 16:28:12,train,0.397279,0,0.616738,0,0,0
1765816104.9536433,2025-12-15 16:28:24,train,0.396333,0,0.613805,0,0,0
1765816117.1626236,2025-12-15 16:28:37,train,0.398227,0,0.611979,0,0,0
1765816129.345234,2025-12-15 16:28:49,train,0.402042,0,0.609431,0,0,1
1765816141.5592465,2025-12-15 16:29:01,train,0.39799,0,0.606171,0,0,1
1765816153.77407,2025-12-15 16:29:13,train,0.394683,0,0.607256,0,0,0
1765816165.9788475,2025-12-15 16:29:25,train,0.404686,0,0.605449,0,0,0
1765816178.179603,2025-12-15 16:29:38,train,0.400368,0,0.60581,0,0,1
1765816190.3874717,2025-12-15 16:29:50,train,0.402761,0,0.603288,0,0,1
1765816202.5419748,2025-12-15 16:30:02,train,0.411496,0,0.600061,0,0,0
1765816214.7229757,2025-12-15 16:30:14,train,0.403963,0,0.601852,0,0,1
1765816226.9030857,2025-12-15 16:30:26,train,0.408077,0,0.603288,0,0,1
1765816239.1522431,2025-12-15 16:30:39,train,0.407348,0,0.603648,0,0,1
1765816251.3624973,2025-12-15 16:30:51,train,0.404928,0,0.606171,0,0,1
1765816263.5576603,2025-12-15 16:31:03,train,0.399415,0,0.605088,0,0,1
1765816275.746929,2025-12-15 16:31:15,train,0.41297,0,0.605088,0,0,1
1765816287.9447773,2025-12-15 16:31:27,train,0.407348,0,0.603288,0,0,1
1765816300.1651154,2025-12-15 16:31:40,train,0.40541,0,0.607256,0,0,1
1765816312.4029667,2025-12-15 16:31:52,train,0.40541,0,0.608705,0,0,0
1765816324.5890317,2025-12-15 16:32:04,train,0.407591,0,0.610522,0,0,1
1765816336.7525258,2025-12-15 16:32:16,train,0.407591,0,0.612343,0,0,0
1765816348.9509177,2025-12-15 16:32:28,train,0.417672,0,0.611614,0,0,0
1765816361.145841,2025-12-15 16:32:41,train,0.415934,0,0.612708,0,0,1
1765816373.3521516,2025-12-15 16:32:53,train,0.421172,0,0.612343,0,0,0
1765816385.5364258,2025-12-15 16:33:05,train,0.423437,0,0.614903,0,0,0
1765816397.7532392,2025-12-15 16:33:17,train,0.421172,0,0.619316,0,0,0
1765816409.9641073,2025-12-15 16:33:29,train,0.420921,0,0.619316,0,0,1
1765816422.1725307,2025-12-15 16:33:42,train,0.426476,0,0.626742,0,0,0
1765816434.3777182,2025-12-15 16:33:54,train,0.423689,0,0.626742,0,0,1
1765816446.5513408,2025-12-15 16:34:06,train,0.435984,0,0.628612,0,0,0
1765816458.7454221,2025-12-15 16:34:18,train,0.442264,0,0.627864,0,0,0
1765816470.9529066,2025-12-15 16:34:30,train,0.464137,0,0.627864,0,0,1
1765816483.156095,2025-12-15 16:34:43,train,0.440423,0,0.627864,0,0,1
1765816495.3740625,2025-12-15 16:34:55,train,0.427493,0,0.62525,0,0,1
1765816507.633738,2025-12-15 16:35:07,train,0.432619,0,0.626369,0,0,0
1765816519.8298943,2025-12-15 16:35:19,train,0.435724,0,0.632747,0,0,1
1765816532.0371933,2025-12-15 16:35:32,train,0.436764,0,0.635013,1,0,0
1765816544.2333953,2025-12-15 16:35:44,train,0.435724,0,0.63615,1,0,1
1765816556.4327412,2025-12-15 16:35:56,train,0.430305,0,0.638428,1,0,0
1765816568.6513376,2025-12-15 16:36:08,train,0.428514,0,0.63124,0,0,0
1765816580.8276236,2025-12-15 16:36:20,train,0.434169,0,0.630864,0,0,1
1765816593.0315626,2025-12-15 16:36:33,train,0.430562,0,0.629737,0,0,0
1765816605.236754,2025-12-15 16:36:45,train,0.42673,0,0.629737,0,0,0
1765816617.441248,2025-12-15 16:36:57,train,0.430049,0,0.630864,0,0,0
1765816629.6306674,2025-12-15 16:37:09,train,0.42673,0,0.631616,0,0,0
1765816641.820862,2025-12-15 16:37:21,train,0.431332,0,0.634635,1,0,0
1765816654.0289714,2025-12-15 16:37:34,train,0.435724,0,0.635013,1,0,0
1765816666.2284465,2025-12-15 16:37:46,train,0.438067,0,0.641862,1,0,1
1765816678.44946,2025-12-15 16:37:58,train,0.455913,0,0.646854,1,0,1
1765816690.6610785,2025-12-15 16:38:10,train,0.466077,0,0.651108,1,0,0
1765816702.834718,2025-12-15 16:38:22,train,0.469142,0,0.651496,1,0,0
1765816715.0260513,2025-12-15 16:38:35,train,0.476468,0,0.649171,1,0,1
1765816727.2324789,2025-12-15 16:38:47,train,0.46469,0,0.649171,1,0,0
1765816739.443846,2025-12-15 16:38:59,train,0.456184,0,0.649558,1,0,0
1765816751.6663365,2025-12-15 16:39:11,train,0.452125,0,0.650332,1,0,0
1765816763.8317816,2025-12-15 16:39:23,train,0.451855,0,0.652273,1,0,0
1765816776.0350463,2025-12-15 16:39:36,train,0.469142,0,0.652662,1,0,0
1765816788.2234607,2025-12-15 16:39:48,train,0.454285,0,0.65072,1,0,0
1765816800.4337904,2025-12-15 16:40:00,train,0.449438,0,0.647239,1,0,0
1765816812.6318495,2025-12-15 16:40:12,train,0.441211,0,0.641479,1,0,0
1765816824.8830645,2025-12-15 16:40:24,train,0.448101,0,0.638809,1,0,1
1765816837.072212,2025-12-15 16:40:37,train,0.444113,0,0.638809,1,0,0
1765816849.2780237,2025-12-15 16:40:49,train,0.435205,0,0.638428,1,0,1
1765816861.5439854,2025-12-15 16:41:01,train,0.431332,0,0.636529,1,0,1
1765816873.7780342,2025-12-15 16:41:13,train,0.428258,0,0.634635,1,0,0
1765816885.988938,2025-12-15 16:41:25,train,0.433135,0,0.631993,0,0,1
1765816898.1986248,2025-12-15 16:41:38,train,0.437285,0,0.629737,0,0,1
1765816910.3816621,2025-12-15 16:41:50,train,0.433135,0,0.628238,0,0,0
1765816922.5760398,2025-12-15 16:42:02,train,0.431332,0,0.628987,0,0,1
1765816934.7647202,2025-12-15 16:42:14,train,0.424447,0,0.622647,0,0,0
1765816946.973808,2025-12-15 16:42:26,train,0.427239,0,0.622276,0,0,1
1765816959.1668944,2025-12-15 16:42:39,train,0.427493,0,0.618579,0,0,0
1765816971.3823075,2025-12-15 16:42:51,train,0.424447,0,0.618579,0,0,1
1765816983.598415,2025-12-15 16:43:03,train,0.425207,0,0.615637,0,0,1
1765816995.7888594,2025-12-15 16:43:15,train,0.419168,0,0.613805,0,0,0
1765817008.0011835,2025-12-15 16:43:28,train,0.420169,0,0.611614,0,0,0
1765817020.2050784,2025-12-15 16:43:40,train,0.428769,0,0.61125,0,0,0
1765817032.4163437,2025-12-15 16:43:52,train,0.424194,0,0.610885,0,0,0
1765817044.623942,2025-12-15 16:44:04,train,0.420921,0,0.611614,0,0,1
1765817056.8811116,2025-12-15 16:44:16,train,0.41842,0,0.607256,0,0,1
1765817069.075649,2025-12-15 16:44:29,train,0.422428,0,0.604368,0,0,0
1765817081.2767386,2025-12-15 16:44:41,train,0.420921,0,0.606171,0,0,0
1765817093.4922335,2025-12-15 16:44:53,train,0.432619,0,0.607256,0,0,0
1765817105.7071066,2025-12-15 16:45:05,train,0.433652,0,0.60581,0,0,0
1765817117.9273996,2025-12-15 16:45:17,train,0.429281,0,0.606894,0,0,0
1765817130.1220639,2025-12-15 16:45:30,train,0.430049,0,0.60798,0,0,1
1765817142.3465629,2025-12-15 16:45:42,train,0.429281,0,0.607256,0,0,1
1765817154.5642262,2025-12-15 16:45:54,train,0.429536,0,0.606894,0,0,0
1765817166.7682211,2025-12-15 16:46:06,train,0.432361,0,0.610885,0,0,0
1765817178.9450357,2025-12-15 16:46:18,train,0.434428,0,0.61125,0,0,1
1765817191.1539092,2025-12-15 16:46:31,train,0.437546,0,0.613074,0,0,0
1765817203.3531766,2025-12-15 16:46:43,train,0.445438,0,0.613439,0,0,0
1765817215.5150373,2025-12-15 16:46:55,train,0.439899,0,0.612343,0,0,0
1765817227.7311332,2025-12-15 16:47:07,train,0.455098,0,0.614171,0,0,1
1765817239.93127,2025-12-15 16:47:19,train,0.468025,0,0.617842,0,0,0
1765817252.136343,2025-12-15 16:47:32,train,0.460555,0,0.620425,0,0,1
1765817264.317974,2025-12-15 16:47:44,train,0.462205,0,0.621905,0,0,0
1765817276.4990132,2025-12-15 16:47:56,train,0.459458,0,0.624505,0,0,1
1765817288.7489493,2025-12-15 16:48:08,train,0.471104,0,0.629737,0,0,1
1765817300.9501004,2025-12-15 16:48:20,train,0.472509,0,0.630864,0,0,1
1765817313.175091,2025-12-15 16:48:33,train,0.470262,0,0.628612,0,0,1
1765817325.328143,2025-12-15 16:48:45,train,0.477605,0,0.63237,0,0,1
1765817337.570608,2025-12-15 16:48:57,train,0.500032,0,0.631616,0,0,0
1765817349.7919233,2025-12-15 16:49:09,train,0.48362,0,0.627864,0,0,0
1765817362.0295837,2025-12-15 16:49:22,train,0.451855,0,0.627116,0,0,0
1765817374.253583,2025-12-15 16:49:34,train,0.470262,0,0.631616,0,0,1
1765817386.4170663,2025-12-15 16:49:46,train,0.467189,0,0.635392,1,0,0
1765817398.624215,2025-12-15 16:49:58,train,0.463032,0,0.637288,1,0,1
1765817410.8351233,2025-12-15 16:50:10,train,0.461929,0,0.638048,1,0,1
1765817423.015007,2025-12-15 16:50:23,train,0.466911,0,0.63919,1,0,1
1765817435.2179036,2025-12-15 16:50:35,train,0.471384,0,0.632747,0,0,0
1765817447.4632144,2025-12-15 16:50:47,train,0.474485,0,0.632747,0,0,0
1765817459.6696622,2025-12-15 16:50:59,train,0.467189,0,0.63237,0,0,0
1765817471.86495,2025-12-15 16:51:11,train,0.468863,0,0.629362,0,0,1
1765817484.0558438,2025-12-15 16:51:24,train,0.472228,0,0.637288,1,0,0
1765817496.2735322,2025-12-15 16:51:36,train,0.474485,0,0.635013,1,0,0
1765817508.4952695,2025-12-15 16:51:48,train,0.475617,0,0.638428,1,0,1
1765817520.7031748,2025-12-15 16:52:00,train,0.481607,0,0.641862,1,0,0
1765817532.9133716,2025-12-15 16:52:12,train,0.469982,0,0.641479,1,0,1
1765817545.1299517,2025-12-15 16:52:25,train,0.481894,0,0.643394,1,0,1
1765817557.3279803,2025-12-15 16:52:37,train,0.497654,0,0.648011,1,0,0
1765817569.514854,2025-12-15 16:52:49,train,0.509659,0,0.652662,1,0,0
1765817581.776595,2025-12-15 16:53:01,train,0.494992,0,0.653051,1,0,0
1765817593.9878738,2025-12-15 16:53:13,train,0.487381,0,0.65422,1,0,1
1765817606.205076,2025-12-15 16:53:26,train,0.481894,0,0.651885,1,0,1
1765817618.423734,2025-12-15 16:53:38,train,0.490002,0,0.65461,1,0,1
1765817630.6251705,2025-12-15 16:53:50,train,0.493519,0,0.656563,1,0,1
1765817642.859718,2025-12-15 16:54:02,train,0.485352,0,0.65422,1,0,1
1765817655.063291,2025-12-15 16:54:15,train,0.483908,0,0.65383,1,0,0
1765817667.2845147,2025-12-15 16:54:27,train,0.462756,0,0.644929,1,0,0
1765817679.4856715,2025-12-15 16:54:39,train,0.467747,0,0.642627,1,0,0
1765817691.6757941,2025-12-15 16:54:51,train,0.465522,0,0.642244,1,0,1
1765817703.8950913,2025-12-15 16:55:03,train,0.454015,0,0.642627,1,0,1
1765817716.0843801,2025-12-15 16:55:16,train,0.455098,0,0.639571,1,0,0
1765817728.3488076,2025-12-15 16:55:28,train,0.448635,0,0.638809,1,0,1
1765817740.5439363,2025-12-15 16:55:40,train,0.446502,0,0.636529,1,0,0
1765817752.7464354,2025-12-15 16:55:52,train,0.444643,0,0.634635,1,0,0
1765817764.9407527,2025-12-15 16:56:04,train,0.444113,0,0.63124,0,0,0
1765817777.1197371,2025-12-15 16:56:17,train,0.448101,0,0.628987,0,0,0
1765817789.3295379,2025-12-15 16:56:29,train,0.441738,0,0.627116,0,0,1
1765817801.5295637,2025-12-15 16:56:41,train,0.442264,0,0.625623,0,0,0
1765817813.7443678,2025-12-15 16:56:53,train,0.433652,0,0.620425,0,0,1
1765817825.9283159,2025-12-15 16:57:05,train,0.434428,0,0.620794,0,0,0
1765817838.1140375,2025-12-15 16:57:18,train,0.434687,0,0.617474,0,0,0
1765817850.3188791,2025-12-15 16:57:30,train,0.432877,0,0.616371,0,0,0
1765817862.5440717,2025-12-15 16:57:42,train,0.428258,0,0.617106,0,0,0
1765817874.7273057,2025-12-15 16:57:54,train,0.430818,0,0.615637,0,0,1
1765817886.8955402,2025-12-15 16:58:06,train,0.433652,0,0.616738,0,0,1
1765817899.0585387,2025-12-15 16:58:19,train,0.428514,0,0.613439,0,0,1
1765817911.2734842,2025-12-15 16:58:31,train,0.428769,0,0.613805,0,0,0
1765817923.4999819,2025-12-15 16:58:43,train,0.429536,0,0.61125,0,0,1
1765817935.6878755,2025-12-15 16:58:55,train,0.434169,0,0.61125,0,0,1
1765817947.8991296,2025-12-15 16:59:07,train,0.440423,0,0.611979,0,0,0
1765817960.089312,2025-12-15 16:59:20,train,0.438328,0,0.610885,0,0,1
1765817972.2925034,2025-12-15 16:59:32,train,0.445173,0,0.611614,0,0,1
1765817984.5049498,2025-12-15 16:59:44,train,0.440423,0,0.612708,0,0,0
1765817996.7215588,2025-12-15 16:59:56,train,0.438328,0,0.610158,0,0,1
1765818008.956746,2025-12-15 17:00:08,train,0.443056,0,0.610522,0,0,1
1765818021.1297436,2025-12-15 17:00:21,train,0.443849,0,0.612343,0,0,0
1765818033.3358014,2025-12-15 17:00:33,train,0.449706,0,0.613805,0,0,0
1765818045.5253723,2025-12-15 17:00:45,train,0.446768,0,0.614171,0,0,1
1765818057.706469,2025-12-15 17:00:57,train,0.44917,0,0.614903,0,0,1
1765818069.8902693,2025-12-15 17:01:09,train,0.449706,0,0.613074,0,0,0
1765818082.094089,2025-12-15 17:01:22,train,0.453474,0,0.616738,0,0,1
1765818094.2978554,2025-12-15 17:01:34,train,0.455369,0,0.61821,0,0,1
1765818106.506651,2025-12-15 17:01:46,train,0.457818,0,0.619316,0,0,0
1765818118.7091446,2025-12-15 17:01:58,train,0.453474,0,0.624877,0,0,1
1765818130.9259121,2025-12-15 17:02:10,train,0.459732,0,0.63124,0,0,0
1765818143.1163428,2025-12-15 17:02:23,train,0.459458,0,0.63124,0,0,0
1765818155.3484917,2025-12-15 17:02:35,train,0.458911,0,0.630488,0,0,1
1765818167.5508018,2025-12-15 17:02:47,train,0.470823,0,0.631993,0,0,1
1765818179.754632,2025-12-15 17:02:59,train,0.47505,0,0.63124,0,0,1
1765818191.9478195,2025-12-15 17:03:11,train,0.488836,0,0.631616,0,0,0
1765818204.1446197,2025-12-15 17:03:24,train,0.456456,0,0.625623,0,0,0
1765818216.3370306,2025-12-15 17:03:36,train,0.452394,0,0.625623,0,0,0
1765818228.5391157,2025-12-15 17:03:48,train,0.452125,0,0.628238,0,0,0
1765818240.7737057,2025-12-15 17:04:00,train,0.448368,0,0.630488,0,0,0
1765818252.9584396,2025-12-15 17:04:12,train,0.457546,0,0.631993,0,0,1
1765818265.1284342,2025-12-15 17:04:25,train,0.441474,0,0.634257,1,0,0
1765818277.3315003,2025-12-15 17:04:37,train,0.434687,0,0.635392,1,0,1
1765818289.5370417,2025-12-15 17:04:49,train,0.430818,0,0.630113,0,0,0
1765818301.7522187,2025-12-15 17:05:01,train,0.431332,0,0.63237,0,0,0
1765818314.0635448,2025-12-15 17:05:14,train,0.4247,0,0.628238,0,0,0
1765818326.2538009,2025-12-15 17:05:26,train,0.42546,0,0.631616,0,0,1
1765818338.5154648,2025-12-15 17:05:38,train,0.425207,0,0.633879,1,0,0
1765818350.7251077,2025-12-15 17:05:50,train,0.428769,0,0.634635,1,0,1
1765818362.9263067,2025-12-15 17:06:02,train,0.426984,0,0.636529,1,0,1
1765818375.0985005,2025-12-15 17:06:15,train,0.432104,0,0.634635,1,0,1
1765818387.2949426,2025-12-15 17:06:27,train,0.445704,0,0.639571,1,0,1
1765818399.5134995,2025-12-15 17:06:39,train,0.465244,0,0.645314,1,0,0
1765818411.7311213,2025-12-15 17:06:51,train,0.467468,0,0.648784,1,0,0
1765818423.9375892,2025-12-15 17:07:03,train,0.475334,0,0.650332,1,0,0
1765818436.136943,2025-12-15 17:07:16,train,0.463584,0,0.65072,1,0,0
1765818448.355545,2025-12-15 17:07:28,train,0.433135,0,0.648011,1,0,1
1765818460.6027277,2025-12-15 17:07:40,train,0.432619,0,0.647625,1,0,0
1765818472.8110573,2025-12-15 17:07:52,train,0.431589,0,0.649558,1,0,1
1765818485.007436,2025-12-15 17:08:05,train,0.444378,0,0.651108,1,0,0
1765818497.2268252,2025-12-15 17:08:17,train,0.448101,0,0.651108,1,0,0
1765818509.4225047,2025-12-15 17:08:29,train,0.424447,0,0.646854,1,0,1
1765818521.6284125,2025-12-15 17:08:41,train,0.417423,0,0.643394,1,0,0
1765818533.8242252,2025-12-15 17:08:53,train,0.402522,0,0.639952,1,0,0
1765818546.0102556,2025-12-15 17:09:06,train,0.411741,0,0.637288,1,0,1
1765818558.1887598,2025-12-15 17:09:18,train,0.403482,0,0.637668,1,0,1
1765818570.3953931,2025-12-15 17:09:30,train,0.403963,0,0.637288,1,0,0
1765818582.6046917,2025-12-15 17:09:42,train,0.399177,0,0.633501,0,0,1
1765818594.803462,2025-12-15 17:09:54,train,0.399415,0,0.631616,0,0,0
1765818606.9955246,2025-12-15 17:10:06,train,0.392104,0,0.627116,0,0,0
1765818619.2046163,2025-12-15 17:10:19,train,0.388615,0,0.62525,0,0,1
1765818631.414516,2025-12-15 17:10:31,train,0.390239,0,0.622276,0,0,1
1765818643.631932,2025-12-15 17:10:43,train,0.387458,0,0.618947,0,0,1
1765818655.8237715,2025-12-15 17:10:55,train,0.401085,0,0.618947,0,0,1
1765818668.0557792,2025-12-15 17:11:08,train,0.390239,0,0.617106,0,0,1
1765818680.2407608,2025-12-15 17:11:20,train,0.386536,0,0.610522,0,0,0
1765818692.4481413,2025-12-15 17:11:32,train,0.390937,0,0.60798,0,0,1
1765818704.6107779,2025-12-15 17:11:44,train,0.386997,0,0.606532,0,0,0
1765818716.7780013,2025-12-15 17:11:56,train,0.390704,0,0.604368,0,0,1
1765818728.9656613,2025-12-15 17:12:08,train,0.386766,0,0.604728,0,0,0
1765818741.1644912,2025-12-15 17:12:21,train,0.379008,0,0.60221,0,0,0
1765818753.3719187,2025-12-15 17:12:33,train,0.381501,0,0.604368,0,0,0
1765818765.5944984,2025-12-15 17:12:45,train,0.388846,0,0.60221,0,0,1
1765818777.8227487,2025-12-15 17:12:57,train,0.384239,0,0.597919,0,0,0
1765818790.0303319,2025-12-15 17:13:10,train,0.399653,0,0.599703,0,0,0
1765818802.2297528,2025-12-15 17:13:22,train,0.409295,0,0.598632,0,0,0
1765818814.4288177,2025-12-15 17:13:34,train,0.399177,0,0.600061,0,0,0
1765818826.6003957,2025-12-15 17:13:46,train,0.407348,0,0.599346,0,0,0
1765818838.8135676,2025-12-15 17:13:58,train,0.40541,0,0.598632,0,0,0
1765818851.0399845,2025-12-15 17:14:11,train,0.409051,0,0.60221,0,0,0
1765818863.268777,2025-12-15 17:14:23,train,0.408563,0,0.600777,0,0,1
1765818875.4626608,2025-12-15 17:14:35,train,0.413709,0,0.606532,0,0,0
1765818887.6980853,2025-12-15 17:14:47,train,0.40662,0,0.606532,0,0,1
1765818899.9060912,2025-12-15 17:14:59,train,0.411006,0,0.60798,0,0,0
1765818912.225607,2025-12-15 17:15:12,train,0.412478,0,0.611979,0,0,1
1765818924.4446585,2025-12-15 17:15:24,train,0.420419,0,0.612708,0,0,0
1765818936.6464133,2025-12-15 17:15:36,train,0.421423,0,0.613439,0,0,1
1765818948.9102366,2025-12-15 17:15:48,train,0.424194,0,0.616371,0,0,0
1765818961.1278157,2025-12-15 17:16:01,train,0.420921,0,0.618579,0,0,1
1765818973.3504128,2025-12-15 17:16:13,train,0.43391,0,0.625996,0,0,1
1765818985.5900464,2025-12-15 17:16:25,train,0.431075,0,0.625996,0,0,1
1765818997.7756503,2025-12-15 17:16:37,train,0.437285,0,0.624877,0,0,0
1765819009.9993436,2025-12-15 17:16:49,train,0.436504,0,0.625996,0,0,1
1765819022.204758,2025-12-15 17:17:02,train,0.453204,0,0.626369,0,0,1
1765819034.4222722,2025-12-15 17:17:14,train,0.431846,0,0.620425,0,0,0
1765819046.6653178,2025-12-15 17:17:26,train,0.434428,0,0.62525,0,0,0
1765819058.864258,2025-12-15 17:17:38,train,0.435724,0,0.63124,0,0,0
1765819071.0610812,2025-12-15 17:17:51,train,0.431332,0,0.63124,0,0,0
1765819083.269927,2025-12-15 17:18:03,train,0.430818,0,0.635392,1,0,1
1765819095.4779613,2025-12-15 17:18:15,train,0.41842,0,0.635392,1,0,0
1765819107.7001832,2025-12-15 17:18:27,train,0.413955,0,0.63124,0,0,1
1765819119.884404,2025-12-15 17:18:39,train,0.411496,0,0.629737,0,0,0
1765819132.0922008,2025-12-15 17:18:52,train,0.401803,0,0.622276,0,0,0
1765819144.2974765,2025-12-15 17:19:04,train,0.401563,0,0.628238,0,0,1
1765819156.4941504,2025-12-15 17:19:16,train,0.402042,0,0.629737,0,0,0
1765819168.7182631,2025-12-15 17:19:28,train,0.398227,0,0.630113,0,0,0
1765819180.9211695,2025-12-15 17:19:40,train,0.402761,0,0.634635,1,0,1
1765819193.1271555,2025-12-15 17:19:53,train,0.414202,0,0.634257,1,0,1
1765819205.327925,2025-12-15 17:20:05,train,0.42268,0,0.640333,1,0,0
1765819217.5314898,2025-12-15 17:20:17,train,0.448368,0,0.641097,1,0,0
1765819229.7527177,2025-12-15 17:20:29,train,0.448368,0,0.648397,1,0,0
1765819241.9588804,2025-12-15 17:20:41,train,0.462205,0,0.646854,1,0,1
1765819254.1641235,2025-12-15 17:20:54,train,0.44917,0,0.646468,1,0,0
1765819266.3541093,2025-12-15 17:21:06,train,0.429025,0,0.645314,1,0,0
1765819278.5514333,2025-12-15 17:21:18,train,0.437024,0,0.645698,1,0,0
1765819290.7705083,2025-12-15 17:21:30,train,0.442264,0,0.648011,1,0,0
1765819302.9898694,2025-12-15 17:21:42,train,0.447567,0,0.651496,1,0,1
1765819315.1855843,2025-12-15 17:21:55,train,0.444378,0,0.65072,1,0,0
1765819327.3843267,2025-12-15 17:22:07,train,0.43391,0,0.649945,1,0,0
1765819339.5720205,2025-12-15 17:22:19,train,0.424953,0,0.645314,1,0,1
1765819351.7932763,2025-12-15 17:22:31,train,0.424194,0,0.643394,1,0,1
1765819364.0058382,2025-12-15 17:22:44,train,0.416926,0,0.641862,1,0,0
1765819376.1907082,2025-12-15 17:22:56,train,0.420169,0,0.638048,1,0,0
1765819388.3754578,2025-12-15 17:23:08,train,0.407105,0,0.635392,1,0,1
1765819400.5798209,2025-12-15 17:23:20,train,0.407348,0,0.635392,1,0,0
1765819412.8199315,2025-12-15 17:23:32,train,0.406136,0,0.635013,1,0,0
1765819425.0401952,2025-12-15 17:23:45,train,0.400607,0,0.63124,0,0,1
1765819437.2033236,2025-12-15 17:23:57,train,0.403002,0,0.630488,0,0,1
1765819449.4133768,2025-12-15 17:24:09,train,0.392572,0,0.625996,0,0,1
1765819461.6047788,2025-12-15 17:24:21,train,0.391404,0,0.626742,0,0,0
1765819473.8309498,2025-12-15 17:24:33,train,0.38931,0,0.624505,0,0,0
1765819486.0337334,2025-12-15 17:24:46,train,0.382868,0,0.623018,0,0,1
1765819498.1900094,2025-12-15 17:24:58,train,0.384239,0,0.620425,0,0,0
1765819510.3977625,2025-12-15 17:25:10,train,0.393743,0,0.617474,0,0,1
1765819522.6034188,2025-12-15 17:25:22,train,0.390239,0,0.614903,0,0,0
1765819534.8289564,2025-12-15 17:25:34,train,0.388383,0,0.61527,0,0,1
1765819547.0584233,2025-12-15 17:25:47,train,0.380593,0,0.612708,0,0,1
1765819559.3753943,2025-12-15 17:25:59,train,0.377881,0,0.61125,0,0,0
1765819571.575627,2025-12-15 17:26:11,train,0.378331,0,0.609068,0,0,1
1765819583.8205376,2025-12-15 17:26:23,train,0.377431,0,0.610522,0,0,0
1765819596.0208986,2025-12-15 17:26:36,train,0.38264,0,0.610885,0,0,0
1765819608.2351265,2025-12-15 17:26:48,train,0.38264,0,0.610885,0,0,0
1765819620.4351885,2025-12-15 17:27:00,train,0.383096,0,0.607256,0,0,0
1765819632.6533382,2025-12-15 17:27:12,train,0.381728,0,0.605449,0,0,1
1765819644.8968837,2025-12-15 17:27:24,train,0.383553,0,0.60221,0,0,0
1765819657.1113145,2025-12-15 17:27:37,train,0.398702,0,0.603648,0,0,1
1765819669.3086143,2025-12-15 17:27:49,train,0.39304,0,0.605088,0,0,0
1765819681.5775099,2025-12-15 17:28:01,train,0.390937,0,0.606171,0,0,1
1765819693.7554858,2025-12-15 17:28:13,train,0.397279,0,0.605449,0,0,1
1765819705.9551232,2025-12-15 17:28:25,train,0.392338,0,0.607256,0,0,1
1765819718.163538,2025-12-15 17:28:38,train,0.398702,0,0.607256,0,0,0
1765819730.3670695,2025-12-15 17:28:50,train,0.399891,0,0.609794,0,0,0
1765819742.5744598,2025-12-15 17:29:02,train,0.402522,0,0.612343,0,0,1
1765819754.7683833,2025-12-15 17:29:14,train,0.414202,0,0.613074,0,0,0
1765819766.9856372,2025-12-15 17:29:26,train,0.403723,0,0.612343,0,0,0
1765819779.1887794,2025-12-15 17:29:39,train,0.407105,0,0.614171,0,0,1
1765819791.3937874,2025-12-15 17:29:51,train,0.405169,0,0.614171,0,0,1
1765819803.5713093,2025-12-15 17:30:03,train,0.407834,0,0.617106,0,0,1
1765819815.7312903,2025-12-15 17:30:15,train,0.413216,0,0.620055,0,0,0
1765819827.9223053,2025-12-15 17:30:27,train,0.415934,0,0.622647,0,0,0
1765819840.0991156,2025-12-15 17:30:40,train,0.41817,0,0.630113,0,0,1
1765819852.2847688,2025-12-15 17:30:52,train,0.419668,0,0.629737,0,0,1
1765819864.4793606,2025-12-15 17:31:04,train,0.430562,0,0.630113,0,0,0
1765819876.6685376,2025-12-15 17:31:16,train,0.439899,0,0.630488,0,0,1
1765819888.8947196,2025-12-15 17:31:28,train,0.440948,0,0.63124,0,0,0
1765819901.1057968,2025-12-15 17:31:41,train,0.462205,0,0.631616,0,0,1
1765819913.316835,2025-12-15 17:31:53,train,0.432361,0,0.627864,0,0,0
1765819925.5095198,2025-12-15 17:32:05,train,0.427239,0,0.627116,0,0,1
1765819937.733795,2025-12-15 17:32:17,train,0.435205,0,0.629362,0,0,1
1765819949.9525259,2025-12-15 17:32:29,train,0.432619,0,0.63615,1,0,0
1765819962.154191,2025-12-15 17:32:42,train,0.437285,0,0.634257,1,0,1
1765819974.3633215,2025-12-15 17:32:54,train,0.430562,0,0.637668,1,0,0
1765819986.58822,2025-12-15 17:33:06,train,0.432619,0,0.633124,0,0,1
1765819998.7844028,2025-12-15 17:33:18,train,0.428003,0,0.633501,0,0,0
1765820010.9852118,2025-12-15 17:33:30,train,0.437546,0,0.633501,0,0,0
1765820023.1987085,2025-12-15 17:33:43,train,0.439375,0,0.627116,0,0,1
1765820035.404937,2025-12-15 17:33:55,train,0.442001,0,0.634635,1,0,0
1765820047.5742538,2025-12-15 17:34:07,train,0.44597,0,0.634257,1,0,0
1765820059.769915,2025-12-15 17:34:19,train,0.452934,0,0.633879,1,0,1
1765820071.966141,2025-12-15 17:34:31,train,0.457818,0,0.638809,1,0,0
1765820084.1758308,2025-12-15 17:34:44,train,0.460829,0,0.636529,1,0,1
1765820096.3861904,2025-12-15 17:34:56,train,0.46469,0,0.642244,1,0,0
1765820108.61995,2025-12-15 17:35:08,train,0.476468,0,0.647239,1,0,1
1765820120.8074,2025-12-15 17:35:20,train,0.488253,0,0.652273,1,0,0
1765820133.0185738,2025-12-15 17:35:33,train,0.491758,0,0.652662,1,0,0
1765820145.2300713,2025-12-15 17:35:45,train,0.480746,0,0.649945,1,0,0
1765820157.436849,2025-12-15 17:35:57,train,0.466355,0,0.647625,1,0,1
1765820169.7018275,2025-12-15 17:36:09,train,0.467747,0,0.649558,1,0,0
1765820181.9214048,2025-12-15 17:36:21,train,0.461929,0,0.651496,1,0,0
1765820194.128102,2025-12-15 17:36:34,train,0.467468,0,0.653051,1,0,1
1765820206.3430202,2025-12-15 17:36:46,train,0.455369,0,0.651885,1,0,1
1765820218.536707,2025-12-15 17:36:58,train,0.448903,0,0.646854,1,0,1
1765820230.7303848,2025-12-15 17:37:10,train,0.435464,0,0.643394,1,0,0
1765820242.9096625,2025-12-15 17:37:22,train,0.430305,0,0.637668,1,0,1
1765820255.1613028,2025-12-15 17:37:35,train,0.423689,0,0.637288,1,0,0
1765820267.3611186,2025-12-15 17:37:47,train,0.429792,0,0.638809,1,0,0
1765820279.568265,2025-12-15 17:37:59,train,0.425207,0,0.635392,1,0,1
1765820291.8119092,2025-12-15 17:38:11,train,0.428514,0,0.63124,0,0,1
1765820304.0182269,2025-12-15 17:38:24,train,0.418919,0,0.629362,0,0,0
1765820316.2314143,2025-12-15 17:38:36,train,0.420169,0,0.626742,0,0,0
1765820328.4774518,2025-12-15 17:38:48,train,0.417672,0,0.625623,0,0,0
1765820340.6813273,2025-12-15 17:39:00,train,0.422428,0,0.622276,0,0,1
1765820352.885782,2025-12-15 17:39:12,train,0.415191,0,0.620055,0,0,1
1765820365.1041467,2025-12-15 17:39:25,train,0.413709,0,0.618947,0,0,0
1765820377.348202,2025-12-15 17:39:37,train,0.409051,0,0.616004,0,0,1
1765820389.5533261,2025-12-15 17:39:49,train,0.405169,0,0.614903,0,0,0
1765820401.7486606,2025-12-15 17:40:01,train,0.40662,0,0.61125,0,0,0
1765820413.942519,2025-12-15 17:40:13,train,0.405652,0,0.609431,0,0,0
1765820426.1476038,2025-12-15 17:40:26,train,0.409539,0,0.607256,0,0,0
1765820438.3603103,2025-12-15 17:40:38,train,0.414943,0,0.608342,0,0,0
1765820450.6132677,2025-12-15 17:40:50,train,0.413462,0,0.606532,0,0,0
1765820462.8023288,2025-12-15 17:41:02,train,0.411741,0,0.603648,0,0,1
1765820474.9921088,2025-12-15 17:41:14,train,0.408807,0,0.602569,0,0,0
1765820487.2272112,2025-12-15 17:41:27,train,0.411251,0,0.604368,0,0,0
1765820499.4364097,2025-12-15 17:41:39,train,0.417175,0,0.603648,0,0,1
1765820511.625101,2025-12-15 17:41:51,train,0.420169,0,0.603648,0,0,0
1765820523.814337,2025-12-15 17:42:03,train,0.417175,0,0.605088,0,0,0
1765820535.9615307,2025-12-15 17:42:15,train,0.414696,0,0.606894,0,0,1
1765820548.1479673,2025-12-15 17:42:28,train,0.418669,0,0.606894,0,0,0
1765820560.3564317,2025-12-15 17:42:40,train,0.41643,0,0.603648,0,0,0
1765820572.5536976,2025-12-15 17:42:52,train,0.41297,0,0.607618,0,0,0
1765820584.7881649,2025-12-15 17:43:04,train,0.413955,0,0.607256,0,0,0
1765820596.9888513,2025-12-15 17:43:16,train,0.41842,0,0.610522,0,0,0
1765820609.2117271,2025-12-15 17:43:29,train,0.414449,0,0.610522,0,0,0
1765820621.440394,2025-12-15 17:43:41,train,0.420169,0,0.611614,0,0,0
1765820633.6676466,2025-12-15 17:43:53,train,0.416182,0,0.612343,0,0,1
1765820645.8926628,2025-12-15 17:44:05,train,0.423689,0,0.61527,0,0,1
1765820658.0601168,2025-12-15 17:44:18,train,0.440686,0,0.620794,0,0,1
1765820670.2738829,2025-12-15 17:44:30,train,0.429792,0,0.618947,0,0,1
1765820682.4531398,2025-12-15 17:44:42,train,0.432619,0,0.626742,0,0,1
1765820694.674875,2025-12-15 17:44:54,train,0.438851,0,0.626742,0,0,1
1765820706.8898757,2025-12-15 17:45:06,train,0.444378,0,0.626742,0,0,0
1765820719.0637033,2025-12-15 17:45:19,train,0.447301,0,0.626742,0,0,0
1765820731.2764316,2025-12-15 17:45:31,train,0.469422,0,0.629737,0,0,1
1765820743.448586,2025-12-15 17:45:43,train,0.444113,0,0.627116,0,0,1
1765820755.6585188,2025-12-15 17:45:55,train,0.450511,0,0.625996,0,0,0
1765820767.8798008,2025-12-15 17:46:07,train,0.434428,0,0.628238,0,0,0
1765820780.1500323,2025-12-15 17:46:20,train,0.437546,0,0.629737,0,0,1
1765820792.3532374,2025-12-15 17:46:32,train,0.442792,0,0.631993,0,0,0
1765820804.534077,2025-12-15 17:46:44,train,0.452664,0,0.633879,1,0,0
1765820816.729501,2025-12-15 17:46:56,train,0.436244,0,0.636529,1,0,0
1765820828.939295,2025-12-15 17:47:08,train,0.43391,0,0.633501,0,0,0
1765820841.1273346,2025-12-15 17:47:21,train,0.434946,0,0.631616,0,0,0
1765820853.3308444,2025-12-15 17:47:33,train,0.437024,0,0.629737,0,0,0
1765820865.5330985,2025-12-15 17:47:45,train,0.436764,0,0.62749,0,0,1
1765820877.7501533,2025-12-15 17:47:57,train,0.444908,0,0.632747,0,0,0
1765820889.9653423,2025-12-15 17:48:09,train,0.444113,0,0.634257,1,0,1
1765820902.1647873,2025-12-15 17:48:22,train,0.451855,0,0.635771,1,0,1
1765820914.3734841,2025-12-15 17:48:34,train,0.459732,0,0.636529,1,0,1
1765820926.578158,2025-12-15 17:48:46,train,0.46469,0,0.639571,1,0,1
1765820938.7979796,2025-12-15 17:48:58,train,0.485063,0,0.646854,1,0,1
1765820951.0202007,2025-12-15 17:49:11,train,0.499139,0,0.649945,1,0,1
1765820963.2251108,2025-12-15 17:49:23,train,0.496765,0,0.650332,1,0,1
1765820975.4304438,2025-12-15 17:49:35,train,0.497357,0,0.651496,1,0,1
1765820987.6315565,2025-12-15 17:49:47,train,0.475901,0,0.651108,1,0,0
1765820999.8361561,2025-12-15 17:49:59,train,0.47789,0,0.648397,1,0,1
1765821012.0374897,2025-12-15 17:50:12,train,0.48046,0,0.651108,1,0,0
1765821024.2471197,2025-12-15 17:50:24,train,0.477605,0,0.65344,1,0,0
1765821036.4765987,2025-12-15 17:50:36,train,0.478745,0,0.652662,1,0,0
1765821048.6675487,2025-12-15 17:50:48,train,0.479888,0,0.648784,1,0,1
1765821060.827965,2025-12-15 17:51:00,train,0.470542,0,0.646083,1,0,0
1765821073.031747,2025-12-15 17:51:13,train,0.46248,0,0.640715,1,0,0
1765821085.2299523,2025-12-15 17:51:25,train,0.444643,0,0.644161,1,0,1
1765821097.3952942,2025-12-15 17:51:37,train,0.433135,0,0.641097,1,0,0
1765821109.5940928,2025-12-15 17:51:49,train,0.432361,0,0.639952,1,0,0
1765821121.8028846,2025-12-15 17:52:01,train,0.428514,0,0.637288,1,0,0
1765821134.0100327,2025-12-15 17:52:14,train,0.430562,0,0.635392,1,0,0
1765821146.2261224,2025-12-15 17:52:26,train,0.42067,0,0.633879,1,0,0
1765821158.3815873,2025-12-15 17:52:38,train,0.421423,0,0.630864,0,0,1
1765821170.6314592,2025-12-15 17:52:50,train,0.420419,0,0.628612,0,0,1
1765821182.8436427,2025-12-15 17:53:02,train,0.419918,0,0.625623,0,0,0
1765821195.0411015,2025-12-15 17:53:15,train,0.425207,0,0.622647,0,0,0
1765821207.2353294,2025-12-15 17:53:27,train,0.42268,0,0.619686,0,0,0
1765821219.4519424,2025-12-15 17:53:39,train,0.425714,0,0.618579,0,0,0
1765821231.6555989,2025-12-15 17:53:51,train,0.420921,0,0.614903,0,0,0
1765821243.8765495,2025-12-15 17:54:03,train,0.419418,0,0.61125,0,0,0
1765821256.088829,2025-12-15 17:54:16,train,0.42067,0,0.60798,0,0,0
1765821268.318101,2025-12-15 17:54:28,train,0.409539,0,0.609068,0,0,0
1765821280.5227454,2025-12-15 17:54:40,train,0.410027,0,0.607256,0,0,0
1765821292.753417,2025-12-15 17:54:52,train,0.414202,0,0.610158,0,0,0
1765821304.9505541,2025-12-15 17:55:04,train,0.416182,0,0.608705,0,0,1
1765821317.1931405,2025-12-15 17:55:17,train,0.415191,0,0.60798,0,0,1
1765821329.4180772,2025-12-15 17:55:29,train,0.414943,0,0.603648,0,0,0
1765821341.6591876,2025-12-15 17:55:41,train,0.416926,0,0.60581,0,0,1
1765821353.8658898,2025-12-15 17:55:53,train,0.415191,0,0.606171,0,0,0
1765821366.0786407,2025-12-15 17:56:06,train,0.415191,0,0.607256,0,0,0
1765821378.2592702,2025-12-15 17:56:18,train,0.417175,0,0.60798,0,0,1
1765821390.520412,2025-12-15 17:56:30,train,0.408563,0,0.606894,0,0,1
1765821402.710283,2025-12-15 17:56:42,train,0.410271,0,0.606532,0,0,0
1765821414.9311075,2025-12-15 17:56:54,train,0.419418,0,0.609431,0,0,1
1765821427.1150265,2025-12-15 17:57:07,train,0.414696,0,0.612708,0,0,1
1765821439.2974875,2025-12-15 17:57:19,train,0.414696,0,0.611979,0,0,0
1765821451.5097802,2025-12-15 17:57:31,train,0.418919,0,0.611614,0,0,0
1765821463.7202597,2025-12-15 17:57:43,train,0.41817,0,0.613805,0,0,0
1765821475.9040182,2025-12-15 17:57:55,train,0.422428,0,0.614537,0,0,1
1765821488.107572,2025-12-15 17:58:08,train,0.421925,0,0.615637,0,0,0
1765821500.297908,2025-12-15 17:58:20,train,0.429281,0,0.619686,0,0,1
1765821512.5056157,2025-12-15 17:58:32,train,0.425714,0,0.619316,0,0,0
1765821524.7150164,2025-12-15 17:58:44,train,0.435984,0,0.627116,0,0,0
1765821536.9165742,2025-12-15 17:58:56,train,0.436764,0,0.627864,0,0,0
1765821549.1121268,2025-12-15 17:59:09,train,0.441474,0,0.627116,0,0,0
1765821561.304058,2025-12-15 17:59:21,train,0.445438,0,0.628612,0,0,1
1765821573.5046284,2025-12-15 17:59:33,train,0.458638,0,0.628238,0,0,0
1765821585.740077,2025-12-15 17:59:45,train,0.438328,0,0.625623,0,0,0
1765821597.9547997,2025-12-15 17:59:57,train,0.431589,0,0.623761,0,0,1
1765821610.1194344,2025-12-15 18:00:10,train,0.432877,0,0.626742,0,0,0
1765821622.3099136,2025-12-15 18:00:22,train,0.441211,0,0.631616,0,0,0
1765821634.4820666,2025-12-15 18:00:34,train,0.441474,0,0.630864,0,0,1
1765821646.7177532,2025-12-15 18:00:46,train,0.434687,0,0.633501,0,0,1
1765821658.8901744,2025-12-15 18:00:58,train,0.422428,0,0.629737,0,0,1
1765821671.0707881,2025-12-15 18:01:11,train,0.420419,0,0.63124,0,0,1
1765821683.2751608,2025-12-15 18:01:23,train,0.417423,0,0.63124,0,0,0
1765821695.4852235,2025-12-15 18:01:35,train,0.411986,0,0.628987,0,0,1
1765821707.7193906,2025-12-15 18:01:47,train,0.407834,0,0.626369,0,0,1
1765821719.9138348,2025-12-15 18:01:59,train,0.413709,0,0.630864,0,0,0
1765821732.1298585,2025-12-15 18:02:12,train,0.409051,0,0.631993,0,0,1
1765821744.341779,2025-12-15 18:02:24,train,0.41297,0,0.634635,1,0,1
1765821756.5840747,2025-12-15 18:02:36,train,0.411741,0,0.635392,1,0,0
1765821768.841187,2025-12-15 18:02:48,train,0.421423,0,0.637668,1,0,0
1765821781.0508113,2025-12-15 18:03:01,train,0.435205,0,0.643777,1,0,1
1765821793.2577343,2025-12-15 18:03:13,train,0.446502,0,0.645698,1,0,0
1765821805.4705098,2025-12-15 18:03:25,train,0.455641,0,0.649945,1,0,0
1765821817.717261,2025-12-15 18:03:37,train,0.458091,0,0.650332,1,0,0
1765821829.9313898,2025-12-15 18:03:49,train,0.425968,0,0.646468,1,0,0
1765821842.136803,2025-12-15 18:04:02,train,0.430049,0,0.646468,1,0,1
1765821854.3196597,2025-12-15 18:04:14,train,0.428258,0,0.648011,1,0,0
1765821866.5343118,2025-12-15 18:04:26,train,0.432104,0,0.650332,1,0,1
1765821878.745367,2025-12-15 18:04:38,train,0.438851,0,0.650332,1,0,0
1765821890.9602735,2025-12-15 18:04:50,train,0.414943,0,0.646083,1,0,0
1765821903.1440535,2025-12-15 18:05:03,train,0.404445,0,0.641862,1,0,0
1765821915.3445961,2025-12-15 18:05:15,train,0.395625,0,0.636908,1,0,0
1765821927.560872,2025-12-15 18:05:27,train,0.394683,0,0.637288,1,0,1
1765821939.7577698,2025-12-15 18:05:39,train,0.401085,0,0.636908,1,0,1
1765821951.9442875,2025-12-15 18:05:51,train,0.395154,0,0.638048,1,0,0
1765821964.1571257,2025-12-15 18:06:04,train,0.392572,0,0.634635,1,0,1
1765821976.3798707,2025-12-15 18:06:16,train,0.385845,0,0.633501,0,0,0
1765821988.5912097,2025-12-15 18:06:28,train,0.384239,0,0.630488,0,0,0
1765822000.8379223,2025-12-15 18:06:40,train,0.388846,0,0.628238,0,0,0
1765822013.0542264,2025-12-15 18:06:53,train,0.384927,0,0.628238,0,0,1
1765822025.2984846,2025-12-15 18:07:05,train,0.38931,0,0.624133,0,0,0
1765822037.469562,2025-12-15 18:07:17,train,0.375188,0,0.620794,0,0,0
1765822049.6678045,2025-12-15 18:07:29,train,0.397042,0,0.620794,0,0,0
1765822061.8718536,2025-12-15 18:07:41,train,0.376083,0,0.617106,0,0,0
1765822074.0796452,2025-12-15 18:07:54,train,0.372959,0,0.614171,0,0,0
1765822086.2886136,2025-12-15 18:08:06,train,0.374518,0,0.612708,0,0,0
1765822098.4776332,2025-12-15 18:08:18,train,0.375412,0,0.610885,0,0,1
1765822110.6847482,2025-12-15 18:08:30,train,0.370743,0,0.610522,0,0,1
1765822122.8657792,2025-12-15 18:08:42,train,0.378331,0,0.611614,0,0,1
1765822135.070377,2025-12-15 18:08:55,train,0.372737,0,0.614537,0,0,0
1765822147.2430205,2025-12-15 18:09:07,train,0.378106,0,0.610158,0,0,1
1765822159.44891,2025-12-15 18:09:19,train,0.36986,0,0.606171,0,0,1
1765822171.6643996,2025-12-15 18:09:31,train,0.379913,0,0.606171,0,0,0
1765822183.8762794,2025-12-15 18:09:43,train,0.377656,0,0.607256,0,0,1
1765822196.0792694,2025-12-15 18:09:56,train,0.370743,0,0.607256,0,0,0
1765822208.2483842,2025-12-15 18:10:08,train,0.372293,0,0.607256,0,0,0
1765822220.482916,2025-12-15 18:10:20,train,0.376083,0,0.606532,0,0,1
1765822232.6919475,2025-12-15 18:10:32,train,0.372737,0,0.605449,0,0,1
1765822244.8966827,2025-12-15 18:10:44,train,0.371849,0,0.60581,0,0,0
1765822257.1154892,2025-12-15 18:10:57,train,0.375859,0,0.608705,0,0,1
1765822269.2923195,2025-12-15 18:11:09,train,0.38082,0,0.611614,0,0,0
1765822281.498187,2025-12-15 18:11:21,train,0.386305,0,0.611614,0,0,0
1765822293.7176943,2025-12-15 18:11:33,train,0.38082,0,0.609794,0,0,1
1765822305.9785042,2025-12-15 18:11:45,train,0.392104,0,0.612343,0,0,1
1765822318.1759996,2025-12-15 18:11:58,train,0.388152,0,0.61527,0,0,0
1765822330.3630636,2025-12-15 18:12:10,train,0.395625,0,0.616004,0,0,0
1765822342.5572193,2025-12-15 18:12:22,train,0.397279,0,0.620055,0,0,1
1765822354.7634234,2025-12-15 18:12:34,train,0.401803,0,0.620055,0,0,0
1765822366.9538596,2025-12-15 18:12:46,train,0.407834,0,0.628612,0,0,1
1765822379.159933,2025-12-15 18:12:59,train,0.407105,0,0.626742,0,0,1
1765822391.3675332,2025-12-15 18:13:11,train,0.41842,0,0.628612,0,0,0
1765822403.5741796,2025-12-15 18:13:23,train,0.415934,0,0.627116,0,0,1
1765822415.7947352,2025-12-15 18:13:35,train,0.429536,0,0.627116,0,0,1
1765822428.0112665,2025-12-15 18:13:48,train,0.453204,0,0.627864,0,0,1
1765822440.2138307,2025-12-15 18:14:00,train,0.415191,0,0.624877,0,0,1
1765822452.406954,2025-12-15 18:14:12,train,0.41643,0,0.624133,0,0,0
1765822464.6325243,2025-12-15 18:14:24,train,0.424194,0,0.625996,0,0,0
1765822476.840514,2025-12-15 18:14:36,train,0.432619,0,0.62749,0,0,0
1765822489.05307,2025-12-15 18:14:49,train,0.437806,0,0.631616,0,0,1
1765822501.2622302,2025-12-15 18:15:01,train,0.430049,0,0.630113,0,0,0
1765822513.5295515,2025-12-15 18:15:13,train,0.417175,0,0.634257,1,0,0
1765822525.756782,2025-12-15 18:15:25,train,0.404928,0,0.626369,0,0,1
1765822537.9581733,2025-12-15 18:15:37,train,0.404445,0,0.625996,0,0,1
1765822550.170741,2025-12-15 18:15:50,train,0.39799,0,0.626369,0,0,1
1765822562.3920999,2025-12-15 18:16:02,train,0.399653,0,0.628238,0,0,1
1765822574.612594,2025-12-15 18:16:14,train,0.399177,0,0.627864,0,0,0
1765822586.8210013,2025-12-15 18:16:26,train,0.413709,0,0.630488,0,0,0
1765822599.0324879,2025-12-15 18:16:39,train,0.415191,0,0.631993,0,0,0
1765822611.2934515,2025-12-15 18:16:51,train,0.415438,0,0.63615,1,0,1
1765822623.5138614,2025-12-15 18:17:03,train,0.430049,0,0.641862,1,0,1
1765822635.7168899,2025-12-15 18:17:15,train,0.445173,0,0.646854,1,0,1
1765822647.9237301,2025-12-15 18:17:27,train,0.446768,0,0.649171,1,0,1
1765822660.1317084,2025-12-15 18:17:40,train,0.463032,0,0.649945,1,0,1
1765822672.354299,2025-12-15 18:17:52,train,0.415438,0,0.644929,1,0,0
1765822684.5721407,2025-12-15 18:18:04,train,0.407834,0,0.645314,1,0,0
1765822696.7690618,2025-12-15 18:18:16,train,0.41643,0,0.647625,1,0,1
1765822709.002514,2025-12-15 18:18:29,train,0.411986,0,0.649171,1,0,0
1765822721.2394223,2025-12-15 18:18:41,train,0.417175,0,0.650332,1,0,1
1765822733.4840732,2025-12-15 18:18:53,train,0.415191,0,0.648011,1,0,0
1765822745.705884,2025-12-15 18:19:05,train,0.402522,0,0.646468,1,0,0
1765822757.8980584,2025-12-15 18:19:17,train,0.393509,0,0.636908,1,0,1
1765822770.0924833,2025-12-15 18:19:30,train,0.393743,0,0.636908,1,0,1
1765822782.3014505,2025-12-15 18:19:42,train,0.401803,0,0.63919,1,0,1
1765822794.5076063,2025-12-15 18:19:54,train,0.397042,0,0.637668,1,0,0
1765822806.7263942,2025-12-15 18:20:06,train,0.400607,0,0.636529,1,0,0
1765822818.8861957,2025-12-15 18:20:18,train,0.392806,0,0.635013,1,0,0
1765822831.0834386,2025-12-15 18:20:31,train,0.395861,0,0.633879,1,0,0
1765822843.2989902,2025-12-15 18:20:43,train,0.395389,0,0.632747,0,0,0
1765822855.4776046,2025-12-15 18:20:55,train,0.407105,0,0.629362,0,0,0
1765822867.6925778,2025-12-15 18:21:07,train,0.395389,0,0.628238,0,0,1
1765822879.8628976,2025-12-15 18:21:19,train,0.394683,0,0.62525,0,0,0
1765822892.0702298,2025-12-15 18:21:32,train,0.396097,0,0.627864,0,0,1
1765822904.2774134,2025-12-15 18:21:44,train,0.384697,0,0.623018,0,0,1
1765822916.4688637,2025-12-15 18:21:56,train,0.396569,0,0.621535,0,0,0
1765822928.6779096,2025-12-15 18:22:08,train,0.390239,0,0.618579,0,0,1
1765822940.8705466,2025-12-15 18:22:20,train,0.377881,0,0.614903,0,0,0
1765822953.0416946,2025-12-15 18:22:33,train,0.378106,0,0.612343,0,0,1
1765822965.2427227,2025-12-15 18:22:45,train,0.380139,0,0.610885,0,0,1
1765822977.4647973,2025-12-15 18:22:57,train,0.378557,0,0.608705,0,0,1
1765822989.6683095,2025-12-15 18:23:09,train,0.370964,0,0.608705,0,0,1
1765823001.9118683,2025-12-15 18:23:21,train,0.385386,0,0.606894,0,0,0
1765823014.1279967,2025-12-15 18:23:34,train,0.393509,0,0.606532,0,0,1
1765823026.3366063,2025-12-15 18:23:46,train,0.376532,0,0.608705,0,0,1
1765823038.5211694,2025-12-15 18:23:58,train,0.377881,0,0.60581,0,0,1
1765823050.7294216,2025-12-15 18:24:10,train,0.379008,0,0.603648,0,0,0
1765823062.9318135,2025-12-15 18:24:22,train,0.374295,0,0.602929,0,0,1
1765823075.142773,2025-12-15 18:24:35,train,0.380139,0,0.601493,0,0,0
1765823087.3511739,2025-12-15 18:24:47,train,0.378557,0,0.601135,0,0,0
1765823099.5593169,2025-12-15 18:24:59,train,0.388383,0,0.604007,0,0,0
1765823111.7592366,2025-12-15 18:25:11,train,0.376981,0,0.60221,0,0,1
1765823123.9773562,2025-12-15 18:25:23,train,0.38264,0,0.602569,0,0,0
1765823136.2234704,2025-12-15 18:25:36,train,0.387227,0,0.60221,0,0,0
1765823148.4381893,2025-12-15 18:25:48,train,0.386766,0,0.605088,0,0,1
1765823160.6603203,2025-12-15 18:26:00,train,0.383096,0,0.60581,0,0,0
1765823172.8922906,2025-12-15 18:26:12,train,0.398227,0,0.609431,0,0,0
1765823185.1006906,2025-12-15 18:26:25,train,0.381047,0,0.609794,0,0,0
1765823197.3108308,2025-12-15 18:26:37,train,0.388846,0,0.610522,0,0,0
1765823209.519164,2025-12-15 18:26:49,train,0.388615,0,0.611979,0,0,0
1765823221.7760081,2025-12-15 18:27:01,train,0.389774,0,0.613074,0,0,1
1765823233.9926498,2025-12-15 18:27:13,train,0.386997,0,0.613074,0,0,0
1765823246.196295,2025-12-15 18:27:26,train,0.396805,0,0.613074,0,0,0
1765823258.421168,2025-12-15 18:27:38,train,0.397279,0,0.617474,0,0,1
1765823270.6178555,2025-12-15 18:27:50,train,0.406863,0,0.626369,0,0,1
1765823282.8307915,2025-12-15 18:28:02,train,0.40541,0,0.625996,0,0,0
1765823295.044808,2025-12-15 18:28:15,train,0.413462,0,0.628238,0,0,0
1765823307.25698,2025-12-15 18:28:27,train,0.422428,0,0.629362,0,0,1
1765823319.4358356,2025-12-15 18:28:39,train,0.421674,0,0.628612,0,0,0
1765823331.640252,2025-12-15 18:28:51,train,0.451048,0,0.628238,0,0,1
1765823343.8621967,2025-12-15 18:29:03,train,0.422428,0,0.629737,0,0,0
1765823356.0520942,2025-12-15 18:29:16,train,0.407348,0,0.623761,0,0,0
1765823368.2477078,2025-12-15 18:29:28,train,0.409051,0,0.627116,0,0,1
1765823380.4553213,2025-12-15 18:29:40,train,0.410027,0,0.631616,0,0,0
1765823392.6580942,2025-12-15 18:29:52,train,0.414696,0,0.633501,0,0,0
1765823404.8471582,2025-12-15 18:30:04,train,0.40662,0,0.633501,0,0,1
1765823417.0091474,2025-12-15 18:30:17,train,0.408807,0,0.634257,1,0,0
1765823429.1793597,2025-12-15 18:30:29,train,0.397279,0,0.63124,0,0,1
1765823441.376859,2025-12-15 18:30:41,train,0.404686,0,0.630113,0,0,1
1765823453.5770204,2025-12-15 18:30:53,train,0.402282,0,0.62749,0,0,0
1765823465.7861514,2025-12-15 18:31:05,train,0.397279,0,0.624133,0,0,0
1765823478.0329607,2025-12-15 18:31:18,train,0.413709,0,0.630488,0,0,1
1765823490.2900984,2025-12-15 18:31:30,train,0.40541,0,0.628612,0,0,0
1765823502.5035782,2025-12-15 18:31:42,train,0.40832,0,0.634635,1,0,1
1765823514.7147236,2025-12-15 18:31:54,train,0.40662,0,0.635013,1,0,1
1765823526.927964,2025-12-15 18:32:06,train,0.41842,0,0.636529,1,0,0
1765823539.120553,2025-12-15 18:32:19,train,0.427239,0,0.640715,1,0,1
1765823551.3411434,2025-12-15 18:32:31,train,0.44597,0,0.646854,1,0,0
1765823563.5484982,2025-12-15 18:32:43,train,0.448903,0,0.649171,1,0,0
1765823575.7947907,2025-12-15 18:32:55,train,0.452934,0,0.649558,1,0,0
1765823587.9916787,2025-12-15 18:33:07,train,0.423942,0,0.646854,1,0,1
1765823600.2512667,2025-12-15 18:33:20,train,0.430562,0,0.644161,1,0,0
1765823612.4586432,2025-12-15 18:33:32,train,0.426476,0,0.645314,1,0,0
1765823624.6674728,2025-12-15 18:33:44,train,0.423689,0,0.648011,1,0,0
1765823636.8809297,2025-12-15 18:33:56,train,0.444378,0,0.648784,1,0,0
1765823649.087208,2025-12-15 18:34:09,train,0.432619,0,0.647239,1,0,0
1765823661.2903774,2025-12-15 18:34:21,train,0.429281,0,0.645698,1,0,1
1765823673.5074365,2025-12-15 18:34:33,train,0.415934,0,0.63615,1,0,0
1765823685.711021,2025-12-15 18:34:45,train,0.41297,0,0.63615,1,0,0
1765823697.9140494,2025-12-15 18:34:57,train,0.409539,0,0.63615,1,0,1
1765823710.1467893,2025-12-15 18:35:10,train,0.407834,0,0.637288,1,0,1
1765823722.3143864,2025-12-15 18:35:22,train,0.399177,0,0.633879,1,0,1
1765823734.5219574,2025-12-15 18:35:34,train,0.402282,0,0.632747,0,0,0
1765823746.713258,2025-12-15 18:35:46,train,0.402522,0,0.628612,0,0,0
1765823758.9193923,2025-12-15 18:35:58,train,0.400368,0,0.627116,0,0,0
1765823771.0862694,2025-12-15 18:36:11,train,0.396569,0,0.628987,0,0,0
1765823783.2919579,2025-12-15 18:36:23,train,0.393509,0,0.624133,0,0,0
1765823795.525177,2025-12-15 18:36:35,train,0.395861,0,0.621164,0,0,1
1765823807.7347262,2025-12-15 18:36:47,train,0.390937,0,0.621164,0,0,1
1765823819.944024,2025-12-15 18:36:59,train,0.394448,0,0.621905,0,0,0
1765823832.2028363,2025-12-15 18:37:12,train,0.387227,0,0.619316,0,0,1
1765823844.4128668,2025-12-15 18:37:24,train,0.38792,0,0.614537,0,0,0
1765823856.5754542,2025-12-15 18:37:36,train,0.388615,0,0.613074,0,0,0
1765823868.7825086,2025-12-15 18:37:48,train,0.388152,0,0.612343,0,0,1
1765823880.9662054,2025-12-15 18:38:00,train,0.389774,0,0.61125,0,0,0
1765823893.1745005,2025-12-15 18:38:13,train,0.398227,0,0.614171,0,0,1
1765823905.399054,2025-12-15 18:38:25,train,0.386997,0,0.611979,0,0,1
1765823917.6169577,2025-12-15 18:38:37,train,0.386075,0,0.610158,0,0,1
1765823929.8381598,2025-12-15 18:38:49,train,0.384239,0,0.609431,0,0,1
1765823942.0154352,2025-12-15 18:39:02,train,0.39304,0,0.608342,0,0,0
1765823954.214186,2025-12-15 18:39:14,train,0.391404,0,0.610522,0,0,1
1765823966.4279299,2025-12-15 18:39:26,train,0.403242,0,0.610522,0,0,0
1765823978.6284618,2025-12-15 18:39:38,train,0.394213,0,0.61125,0,0,0
1765823990.8113604,2025-12-15 18:39:50,train,0.390007,0,0.612708,0,0,1
1765824003.015292,2025-12-15 18:40:03,train,0.394683,0,0.614537,0,0,0
1765824015.2028518,2025-12-15 18:40:15,train,0.397515,0,0.611614,0,0,0
1765824027.4080005,2025-12-15 18:40:27,train,0.400846,0,0.617106,0,0,0
1765824039.6301348,2025-12-15 18:40:39,train,0.403242,0,0.617106,0,0,0
1765824051.824468,2025-12-15 18:40:51,train,0.405894,0,0.620425,0,0,1
1765824064.035835,2025-12-15 18:41:04,train,0.40662,0,0.620055,0,0,1
1765824076.274638,2025-12-15 18:41:16,train,0.406378,0,0.618579,0,0,1
1765824088.495437,2025-12-15 18:41:28,train,0.41297,0,0.619686,0,0,0
1765824100.7551558,2025-12-15 18:41:40,train,0.413462,0,0.622276,0,0,0
1765824112.9324734,2025-12-15 18:41:52,train,0.414696,0,0.621905,0,0,1
1765824125.1632092,2025-12-15 18:42:05,train,0.420419,0,0.623018,0,0,1
1765824137.334894,2025-12-15 18:42:17,train,0.420921,0,0.625996,0,0,0
1765824149.5263672,2025-12-15 18:42:29,train,0.421423,0,0.628238,0,0,1
1765824161.7305813,2025-12-15 18:42:41,train,0.430305,0,0.633501,0,0,0
1765824173.9446626,2025-12-15 18:42:53,train,0.437285,0,0.63237,0,0,0
1765824186.13558,2025-12-15 18:43:06,train,0.441211,0,0.634257,1,0,0
1765824198.3120894,2025-12-15 18:43:18,train,0.451317,0,0.633879,1,0,0
1765824210.546041,2025-12-15 18:43:30,train,0.461379,0,0.633879,1,0,0
1765824222.751548,2025-12-15 18:43:42,train,0.466077,0,0.634635,1,0,0
1765824234.9597144,2025-12-15 18:43:54,train,0.431589,0,0.628612,0,0,1
1765824247.1706774,2025-12-15 18:44:07,train,0.431846,0,0.631616,0,0,0
1765824259.3759925,2025-12-15 18:44:19,train,0.429281,0,0.635013,1,0,0
1765824271.5821497,2025-12-15 18:44:31,train,0.443584,0,0.638048,1,0,1
1765824283.7866657,2025-12-15 18:44:43,train,0.442528,0,0.638428,1,0,0
1765824295.9887874,2025-12-15 18:44:55,train,0.442264,0,0.639571,1,0,1
1765824308.2357934,2025-12-15 18:45:08,train,0.41842,0,0.638048,1,0,1
1765824320.4082496,2025-12-15 18:45:20,train,0.431332,0,0.633124,0,0,1
1765824332.610425,2025-12-15 18:45:32,train,0.430049,0,0.635013,1,0,1
1765824344.8167017,2025-12-15 18:45:44,train,0.428003,0,0.631993,0,0,0
1765824357.0550866,2025-12-15 18:45:57,train,0.424953,0,0.633124,0,0,0
1765824369.2642117,2025-12-15 18:46:09,train,0.428769,0,0.633501,0,0,0
1765824381.45063,2025-12-15 18:46:21,train,0.436244,0,0.637288,1,0,0
1765824393.6500807,2025-12-15 18:46:33,train,0.435464,0,0.638428,1,0,0
1765824405.8565578,2025-12-15 18:46:45,train,0.441738,0,0.639571,1,0,1
1765824418.0486624,2025-12-15 18:46:58,train,0.445173,0,0.645314,1,0,0
1765824430.263091,2025-12-15 18:47:10,train,0.465244,0,0.65072,1,0,0
1765824442.5457096,2025-12-15 18:47:22,train,0.471104,0,0.652662,1,0,0
1765824454.7409918,2025-12-15 18:47:34,train,0.479602,0,0.65383,1,0,0
1765824466.9546862,2025-12-15 18:47:46,train,0.452664,0,0.649558,1,0,1
1765824479.1432204,2025-12-15 18:47:59,train,0.454556,0,0.648011,1,0,1
1765824491.3227828,2025-12-15 18:48:11,train,0.452394,0,0.649945,1,0,1
1765824503.5263846,2025-12-15 18:48:23,train,0.454556,0,0.651885,1,0,0
1765824515.7330465,2025-12-15 18:48:35,train,0.463032,0,0.651885,1,0,0
1765824527.9294026,2025-12-15 18:48:47,train,0.455098,0,0.651496,1,0,1
1765824540.0945804,2025-12-15 18:49:00,train,0.447567,0,0.648784,1,0,1
1765824552.2732573,2025-12-15 18:49:12,train,0.440948,0,0.641097,1,0,0
1765824564.4791021,2025-12-15 18:49:24,train,0.436764,0,0.638809,1,0,0
1765824576.692024,2025-12-15 18:49:36,train,0.442001,0,0.638428,1,0,1
1765824588.882695,2025-12-15 18:49:48,train,0.440161,0,0.638428,1,0,0
1765824601.0695632,2025-12-15 18:50:01,train,0.433393,0,0.639571,1,0,0
1765824613.2578437,2025-12-15 18:50:13,train,0.437806,0,0.637288,1,0,0
1765824625.4661846,2025-12-15 18:50:25,train,0.429792,0,0.634257,1,0,0
1765824637.6824481,2025-12-15 18:50:37,train,0.435464,0,0.63124,0,0,0
1765824649.8949962,2025-12-15 18:50:49,train,0.436504,0,0.630488,0,0,1
1765824662.0901072,2025-12-15 18:51:02,train,0.431332,0,0.631993,0,0,0
1765824674.3071468,2025-12-15 18:51:14,train,0.432104,0,0.630113,0,0,0
1765824686.5231836,2025-12-15 18:51:26,train,0.434169,0,0.625996,0,0,0
1765824698.731036,2025-12-15 18:51:38,train,0.42546,0,0.624877,0,0,0
1765824710.9282572,2025-12-15 18:51:50,train,0.424953,0,0.622647,0,0,1
1765824723.1023052,2025-12-15 18:52:03,train,0.427493,0,0.621535,0,0,0
1765824735.304678,2025-12-15 18:52:15,train,0.422428,0,0.618947,0,0,0
1765824747.5089018,2025-12-15 18:52:27,train,0.41817,0,0.614903,0,0,1
1765824759.7210724,2025-12-15 18:52:39,train,0.417423,0,0.616004,0,0,0
1765824771.950667,2025-12-15 18:52:51,train,0.420921,0,0.613439,0,0,1
1765824784.1713889,2025-12-15 18:53:04,train,0.411986,0,0.615637,0,0,1
1765824796.3424969,2025-12-15 18:53:16,train,0.414943,0,0.61527,0,0,0
1765824808.5480535,2025-12-15 18:53:28,train,0.416182,0,0.615637,0,0,1
1765824820.794767,2025-12-15 18:53:40,train,0.416678,0,0.611614,0,0,1
1765824833.0004318,2025-12-15 18:53:53,train,0.411006,0,0.611614,0,0,1
1765824845.21212,2025-12-15 18:54:05,train,0.419168,0,0.611979,0,0,1
1765824857.3814628,2025-12-15 18:54:17,train,0.421172,0,0.610885,0,0,0
1765824869.5686493,2025-12-15 18:54:29,train,0.414202,0,0.612708,0,0,0
1765824881.7465267,2025-12-15 18:54:41,train,0.415438,0,0.614171,0,0,0
1765824893.9520025,2025-12-15 18:54:53,train,0.419418,0,0.614171,0,0,0
1765824906.1592274,2025-12-15 18:55:06,train,0.417921,0,0.614537,0,0,0
1765824918.3651474,2025-12-15 18:55:18,train,0.422177,0,0.613439,0,0,0
1765824930.5464196,2025-12-15 18:55:30,train,0.42067,0,0.616004,0,0,1
1765824942.7499943,2025-12-15 18:55:42,train,0.428258,0,0.618579,0,0,0
1765824954.9641078,2025-12-15 18:55:54,train,0.426476,0,0.617842,0,0,1
1765824967.1656518,2025-12-15 18:56:07,train,0.423689,0,0.61821,0,0,0
1765824979.3804183,2025-12-15 18:56:19,train,0.426222,0,0.617474,0,0,0
1765824991.558363,2025-12-15 18:56:31,train,0.424194,0,0.619316,0,0,1
1765825003.7748008,2025-12-15 18:56:43,train,0.428003,0,0.622276,0,0,0
1765825015.9790971,2025-12-15 18:56:55,train,0.423184,0,0.624505,0,0,1
1765825028.2206554,2025-12-15 18:57:08,train,0.428258,0,0.628612,0,0,0
1765825040.413007,2025-12-15 18:57:20,train,0.428769,0,0.627116,0,0,1
1765825052.6642287,2025-12-15 18:57:32,train,0.437806,0,0.633124,0,0,0
1765825064.8839557,2025-12-15 18:57:44,train,0.433135,0,0.633879,1,0,1
1765825077.0903046,2025-12-15 18:57:57,train,0.440161,0,0.634635,1,0,1
1765825089.307716,2025-12-15 18:58:09,train,0.446236,0,0.633501,0,0,1
1765825101.549222,2025-12-15 18:58:21,train,0.468304,0,0.635771,1,0,0
1765825113.7697992,2025-12-15 18:58:33,train,0.472509,0,0.63615,1,0,1
1765825125.9754043,2025-12-15 18:58:45,train,0.440161,0,0.631616,0,0,1
1765825138.1838078,2025-12-15 18:58:58,train,0.444908,0,0.631993,0,0,0
1765825150.4166298,2025-12-15 18:59:10,train,0.447301,0,0.63615,1,0,1
1765825162.613451,2025-12-15 18:59:22,train,0.445438,0,0.637288,1,0,0
1765825174.817587,2025-12-15 18:59:34,train,0.442264,0,0.638048,1,0,1
1765825187.0070546,2025-12-15 18:59:47,train,0.434169,0,0.638809,1,0,0
1765825199.2218904,2025-12-15 18:59:59,train,0.428514,0,0.635771,1,0,1
1765825211.4256282,2025-12-15 19:00:11,train,0.43859,0,0.636529,1,0,1
1765825223.6047041,2025-12-15 19:00:23,train,0.432361,0,0.636529,1,0,1
1765825235.7720025,2025-12-15 19:00:35,train,0.431589,0,0.635392,1,0,0
1765825247.9746716,2025-12-15 19:00:47,train,0.433652,0,0.637668,1,0,1
1765825260.1568315,2025-12-15 19:01:00,train,0.432361,0,0.635771,1,0,0
1765825272.3894804,2025-12-15 19:01:12,train,0.432619,0,0.638809,1,0,0
1765825284.6033998,2025-12-15 19:01:24,train,0.432361,0,0.638809,1,0,0
1765825296.8147202,2025-12-15 19:01:36,train,0.447034,0,0.641097,1,0,1
1765825309.0172193,2025-12-15 19:01:49,train,0.457546,0,0.648011,1,0,0
1765825321.2208066,2025-12-15 19:02:01,train,0.463584,0,0.65383,1,0,0
1765825333.4249365,2025-12-15 19:02:13,train,0.475617,0,0.65422,1,0,0
1765825345.626422,2025-12-15 19:02:25,train,0.439375,0,0.65383,1,0,1
1765825357.8136754,2025-12-15 19:02:37,train,0.432877,0,0.650332,1,0,1
1765825370.014405,2025-12-15 19:02:50,train,0.434687,0,0.651496,1,0,1
1765825382.189757,2025-12-15 19:03:02,train,0.438067,0,0.653051,1,0,1
1765825394.3812385,2025-12-15 19:03:14,train,0.439899,0,0.65461,1,0,0
1765825406.6021373,2025-12-15 19:03:26,train,0.434687,0,0.653051,1,0,0
1765825418.8249876,2025-12-15 19:03:38,train,0.423437,0,0.649558,1,0,0
1765825430.9918416,2025-12-15 19:03:50,train,0.413709,0,0.647239,1,0,1
1765825443.1886985,2025-12-15 19:04:03,train,0.409783,0,0.642627,1,0,0
1765825455.3681664,2025-12-15 19:04:15,train,0.410271,0,0.641862,1,0,1
1765825467.5714676,2025-12-15 19:04:27,train,0.406863,0,0.641479,1,0,1
1765825479.7788544,2025-12-15 19:04:39,train,0.399177,0,0.64301,1,0,0
1765825491.9386728,2025-12-15 19:04:51,train,0.399177,0,0.639952,1,0,0
1765825504.1246355,2025-12-15 19:05:04,train,0.396805,0,0.638048,1,0,1
1765825516.3235886,2025-12-15 19:05:16,train,0.396333,0,0.636529,1,0,0
1765825528.5291603,2025-12-15 19:05:28,train,0.398464,0,0.635013,1,0,0
1765825540.7303917,2025-12-15 19:05:40,train,0.391404,0,0.63237,0,0,1
1765825552.9522345,2025-12-15 19:05:52,train,0.393274,0,0.633501,0,0,1
1765825565.155986,2025-12-15 19:06:05,train,0.390007,0,0.629362,0,0,0
1765825577.3468938,2025-12-15 19:06:17,train,0.390472,0,0.628238,0,0,1
1765825589.558288,2025-12-15 19:06:29,train,0.394213,0,0.627116,0,0,0
1765825601.783427,2025-12-15 19:06:41,train,0.390937,0,0.623761,0,0,1
1765825614.006766,2025-12-15 19:06:54,train,0.38931,0,0.618947,0,0,1
1765825626.239207,2025-12-15 19:07:06,train,0.385845,0,0.61821,0,0,0
1765825638.4298675,2025-12-15 19:07:18,train,0.381047,0,0.616738,0,0,1
1765825650.629517,2025-12-15 19:07:30,train,0.377881,0,0.617474,0,0,0
1765825662.9017525,2025-12-15 19:07:42,train,0.381501,0,0.617474,0,0,0
1765825675.0925086,2025-12-15 19:07:55,train,0.378557,0,0.61527,0,0,0
1765825687.2991343,2025-12-15 19:08:07,train,0.374518,0,0.613074,0,0,1
1765825699.47595,2025-12-15 19:08:19,train,0.376083,0,0.613439,0,0,0
1765825711.670465,2025-12-15 19:08:31,train,0.371628,0,0.611614,0,0,0
1765825723.8806431,2025-12-15 19:08:43,train,0.379913,0,0.610522,0,0,1
1765825736.082071,2025-12-15 19:08:56,train,0.374072,0,0.611614,0,0,1
1765825748.3154752,2025-12-15 19:09:08,train,0.375188,0,0.613074,0,0,0
1765825760.5167716,2025-12-15 19:09:20,train,0.376981,0,0.613805,0,0,0
1765825772.7317672,2025-12-15 19:09:32,train,0.376308,0,0.611979,0,0,1
1765825784.9407215,2025-12-15 19:09:44,train,0.372293,0,0.612708,0,0,1
1765825797.1734717,2025-12-15 19:09:57,train,0.372514,0,0.61125,0,0,1
1765825809.380532,2025-12-15 19:10:09,train,0.377206,0,0.615637,0,0,0
1765825821.6208146,2025-12-15 19:10:21,train,0.374964,0,0.615637,0,0,0
1765825833.856159,2025-12-15 19:10:33,train,0.378331,0,0.617106,0,0,0
1765825846.0592906,2025-12-15 19:10:46,train,0.374295,0,0.618579,0,0,1
1765825858.2742395,2025-12-15 19:10:58,train,0.38082,0,0.614903,0,0,0
1765825870.482327,2025-12-15 19:11:10,train,0.37946,0,0.620794,0,0,1
1765825882.6725848,2025-12-15 19:11:22,train,0.382184,0,0.62339,0,0,0
1765825894.8829331,2025-12-15 19:11:34,train,0.387458,0,0.620055,0,0,1
1765825907.0955617,2025-12-15 19:11:47,train,0.390704,0,0.621905,0,0,1
1765825919.3432,2025-12-15 19:11:59,train,0.388383,0,0.625996,0,0,1
1765825931.54504,2025-12-15 19:12:11,train,0.401085,0,0.633501,0,0,0
1765825943.7499256,2025-12-15 19:12:23,train,0.399653,0,0.631616,0,0,0
1765825956.2587109,2025-12-15 19:12:36,train,0.403242,0,0.630864,0,0,0
1765825968.4395442,2025-12-15 19:12:48,train,0.403963,0,0.633879,1,0,1
1765825980.6311452,2025-12-15 19:13:00,train,0.411496,0,0.63237,0,0,0
1765825992.8502045,2025-12-15 19:13:12,train,0.431075,0,0.634635,1,0,1
1765826005.0521545,2025-12-15 19:13:25,train,0.397515,0,0.628238,0,0,0
1765826017.2634082,2025-12-15 19:13:37,train,0.395861,0,0.627116,0,0,0
1765826029.45162,2025-12-15 19:13:49,train,0.410271,0,0.633124,0,0,1
1765826041.6333513,2025-12-15 19:14:01,train,0.409051,0,0.636529,1,0,0
1765826053.83385,2025-12-15 19:14:13,train,0.42546,0,0.636908,1,0,1
1765826066.0204163,2025-12-15 19:14:26,train,0.411006,0,0.637288,1,0,1
1765826078.2135944,2025-12-15 19:14:38,train,0.403002,0,0.633879,1,0,1
1765826090.4035428,2025-12-15 19:14:50,train,0.40541,0,0.634257,1,0,1
1765826102.5965018,2025-12-15 19:15:02,train,0.396333,0,0.629737,0,0,1
1765826114.768839,2025-12-15 19:15:14,train,0.410761,0,0.631993,0,0,1
1765826126.9422045,2025-12-15 19:15:26,train,0.409539,0,0.633501,0,0,1
1765826139.1315067,2025-12-15 19:15:39,train,0.405894,0,0.632747,0,0,0
1765826151.330372,2025-12-15 19:15:51,train,0.416926,0,0.636529,1,0,1
1765826163.496451,2025-12-15 19:16:03,train,0.415191,0,0.634635,1,0,0
1765826175.704338,2025-12-15 19:16:15,train,0.419418,0,0.638428,1,0,0
1765826187.928719,2025-12-15 19:16:27,train,0.433135,0,0.647239,1,0,0
1765826200.1371737,2025-12-15 19:16:40,train,0.441211,0,0.648397,1,0,1
1765826212.3532772,2025-12-15 19:16:52,train,0.44917,0,0.648784,1,0,0
1765826224.5627182,2025-12-15 19:17:04,train,0.454285,0,0.652662,1,0,1
1765826236.756978,2025-12-15 19:17:16,train,0.447034,0,0.649171,1,0,1
1765826248.9511244,2025-12-15 19:17:28,train,0.423184,0,0.645698,1,0,1
1765826261.159379,2025-12-15 19:17:41,train,0.426222,0,0.649171,1,0,0
1765826273.4330323,2025-12-15 19:17:53,train,0.42673,0,0.651496,1,0,1
1765826285.6301622,2025-12-15 19:18:05,train,0.429281,0,0.65072,1,0,0
1765826297.8186297,2025-12-15 19:18:17,train,0.425207,0,0.653051,1,0,0
1765826310.0197592,2025-12-15 19:18:30,train,0.412478,0,0.648784,1,0,1
1765826322.2627866,2025-12-15 19:18:42,train,0.410516,0,0.646468,1,0,0
1765826334.4753249,2025-12-15 19:18:54,train,0.39304,0,0.645314,1,0,0
1765826346.6747193,2025-12-15 19:19:06,train,0.393743,0,0.644545,1,0,0
1765826358.8514624,2025-12-15 19:19:18,train,0.393274,0,0.642244,1,0,0
1765826371.0317981,2025-12-15 19:19:31,train,0.389774,0,0.63615,1,0,1
1765826383.252116,2025-12-15 19:19:43,train,0.385845,0,0.634257,1,0,0
1765826395.4749262,2025-12-15 19:19:55,train,0.381274,0,0.631616,0,0,1
1765826407.6862605,2025-12-15 19:20:07,train,0.377881,0,0.633124,0,0,0
1765826419.8728979,2025-12-15 19:20:19,train,0.383324,0,0.631993,0,0,0
1765826432.0763958,2025-12-15 19:20:32,train,0.385845,0,0.630113,0,0,0
1765826444.3007004,2025-12-15 19:20:44,train,0.379234,0,0.624877,0,0,1
1765826456.4976535,2025-12-15 19:20:56,train,0.373181,0,0.623761,0,0,0
1765826468.7102442,2025-12-15 19:21:08,train,0.36964,0,0.620425,0,0,1
1765826480.9077642,2025-12-15 19:21:20,train,0.368101,0,0.617474,0,0,1
1765826493.094634,2025-12-15 19:21:33,train,0.36986,0,0.618579,0,0,1
1765826505.3008084,2025-12-15 19:21:45,train,0.365042,0,0.617842,0,0,0
1765826517.510609,2025-12-15 19:21:57,train,0.364825,0,0.616004,0,0,1
1765826529.718618,2025-12-15 19:22:09,train,0.36876,0,0.616371,0,0,1
1765826541.8987606,2025-12-15 19:22:21,train,0.365914,0,0.612708,0,0,1
1765826554.0791068,2025-12-15 19:22:34,train,0.362225,0,0.608342,0,0,1
1765826566.310675,2025-12-15 19:22:46,train,0.360073,0,0.60798,0,0,0
1765826578.5623238,2025-12-15 19:22:58,train,0.36526,0,0.610885,0,0,0
1765826590.7718518,2025-12-15 19:23:10,train,0.366787,0,0.608705,0,0,1
1765826602.9578629,2025-12-15 19:23:22,train,0.365042,0,0.613805,0,0,0
1765826615.1579275,2025-12-15 19:23:35,train,0.365042,0,0.607256,0,0,0
1765826627.3912222,2025-12-15 19:23:47,train,0.363523,0,0.609794,0,0,1
1765826639.6165764,2025-12-15 19:23:59,train,0.365696,0,0.603648,0,0,0
1765826651.8037379,2025-12-15 19:24:11,train,0.365696,0,0.604728,0,0,0
1765826663.984991,2025-12-15 19:24:23,train,0.361148,0,0.609431,0,0,1
1765826676.2724657,2025-12-15 19:24:36,train,0.361794,0,0.610522,0,0,1
1765826688.5014775,2025-12-15 19:24:48,train,0.364173,0,0.609794,0,0,1
1765826700.7291806,2025-12-15 19:25:00,train,0.360503,0,0.611614,0,0,0
1765826712.9198146,2025-12-15 19:25:12,train,0.359644,0,0.611614,0,0,1
1765826725.1233518,2025-12-15 19:25:25,train,0.362657,0,0.609068,0,0,1
1765826737.3370457,2025-12-15 19:25:37,train,0.364608,0,0.610522,0,0,1
1765826749.5520701,2025-12-15 19:25:49,train,0.36526,0,0.612708,0,0,0
1765826761.7779014,2025-12-15 19:26:01,train,0.370743,0,0.614903,0,0,1
1765826773.9749596,2025-12-15 19:26:13,train,0.36986,0,0.616004,0,0,0
1765826786.180495,2025-12-15 19:26:26,train,0.372071,0,0.616738,0,0,0
1765826798.4020314,2025-12-15 19:26:38,train,0.36876,0,0.616371,0,0,1
1765826810.6130116,2025-12-15 19:26:50,train,0.369199,0,0.617842,0,0,0
1765826822.820527,2025-12-15 19:27:02,train,0.374741,0,0.619686,0,0,1
1765826835.008132,2025-12-15 19:27:15,train,0.37946,0,0.620055,0,0,0
1765826847.2050636,2025-12-15 19:27:27,train,0.38082,0,0.623018,0,0,0
1765826859.4132917,2025-12-15 19:27:39,train,0.381047,0,0.624877,0,0,1
1765826871.6235821,2025-12-15 19:27:51,train,0.389078,0,0.626369,0,0,0
1765826883.9009838,2025-12-15 19:28:03,train,0.394918,0,0.630113,0,0,0
1765826896.0693305,2025-12-15 19:28:16,train,0.395625,0,0.631616,0,0,0
1765826908.2873657,2025-12-15 19:28:28,train,0.410516,0,0.63124,0,0,1
1765826920.4968822,2025-12-15 19:28:40,train,0.41297,0,0.633501,0,0,0
1765826932.7058742,2025-12-15 19:28:52,train,0.432361,0,0.631616,0,0,0
1765826946.4748068,2025-12-15 19:29:06,train,0.434687,0,0.632747,0,0,1
1765826958.688387,2025-12-15 19:29:18,train,0.396569,0,0.629362,0,0,0
1765826970.921162,2025-12-15 19:29:30,train,0.398227,0,0.628238,0,0,0
1765826983.1250024,2025-12-15 19:29:43,train,0.398227,0,0.634635,1,0,0
1765826995.357884,2025-12-15 19:29:55,train,0.400846,0,0.638428,1,0,0
1765827007.5390964,2025-12-15 19:30:07,train,0.399891,0,0.636908,1,0,1
1765827019.7395022,2025-12-15 19:30:19,train,0.394448,0,0.63919,1,0,1
1765827031.9267051,2025-12-15 19:30:31,train,0.38931,0,0.639952,1,0,0
1765827044.15512,2025-12-15 19:30:44,train,0.399177,0,0.635771,1,0,0
1765827056.3325903,2025-12-15 19:30:56,train,0.392572,0,0.636908,1,0,0
1765827068.5179403,2025-12-15 19:31:08,train,0.393509,0,0.632747,0,0,0
1765827080.7043881,2025-12-15 19:31:20,train,0.399653,0,0.638809,1,0,1
1765827092.9303129,2025-12-15 19:31:32,train,0.397752,0,0.638048,1,0,1
1765827105.096291,2025-12-15 19:31:45,train,0.404928,0,0.639952,1,0,0
1765827117.298546,2025-12-15 19:31:57,train,0.401324,0,0.638809,1,0,0
1765827129.4880357,2025-12-15 19:32:09,train,0.405894,0,0.643777,1,0,0
1765827141.699568,2025-12-15 19:32:21,train,0.423437,0,0.650332,1,0,1
1765827153.8941956,2025-12-15 19:32:33,train,0.428769,0,0.65383,1,0,0
1765827166.0907319,2025-12-15 19:32:46,train,0.442001,0,0.656563,1,0,1
1765827178.295082,2025-12-15 19:32:58,train,0.450242,0,0.65422,1,0,1
1765827190.5045457,2025-12-15 19:33:10,train,0.42067,0,0.65344,1,0,0
1765827202.6988585,2025-12-15 19:33:22,train,0.421925,0,0.65383,1,0,0
1765827214.8601058,2025-12-15 19:33:34,train,0.424447,0,0.651885,1,0,0
1765827227.0658422,2025-12-15 19:33:47,train,0.429792,0,0.65539,1,0,1
1765827239.2703795,2025-12-15 19:33:59,train,0.432619,0,0.65539,1,0,0
1765827251.4567268,2025-12-15 19:34:11,train,0.433135,0,0.65539,1,0,1
1765827263.6840374,2025-12-15 19:34:23,train,0.41297,0,0.651885,1,0,0
1765827275.8863297,2025-12-15 19:34:35,train,0.405169,0,0.649171,1,0,0
1765827288.100985,2025-12-15 19:34:48,train,0.403723,0,0.648784,1,0,0
1765827300.2709398,2025-12-15 19:35:00,train,0.396333,0,0.644929,1,0,1
1765827312.52322,2025-12-15 19:35:12,train,0.397515,0,0.641479,1,0,0
1765827324.7352717,2025-12-15 19:35:24,train,0.388152,0,0.641479,1,0,0
1765827336.9469187,2025-12-15 19:35:36,train,0.386536,0,0.63919,1,0,1
1765827349.1485436,2025-12-15 19:35:49,train,0.384697,0,0.638048,1,0,1
1765827361.3461783,2025-12-15 19:36:01,train,0.388152,0,0.636908,1,0,0
1765827373.5474036,2025-12-15 19:36:13,train,0.397515,0,0.637288,1,0,0
1765827385.7603207,2025-12-15 19:36:25,train,0.393274,0,0.633501,0,0,1
1765827397.9657698,2025-12-15 19:36:37,train,0.387227,0,0.632747,0,0,1
1765827410.1666772,2025-12-15 19:36:50,train,0.385845,0,0.628987,0,0,0
1765827422.3769302,2025-12-15 19:37:02,train,0.388615,0,0.628612,0,0,1
1765827434.5455518,2025-12-15 19:37:14,train,0.392806,0,0.62525,0,0,0
1765827446.7613528,2025-12-15 19:37:26,train,0.398464,0,0.62525,0,0,0
1765827458.967491,2025-12-15 19:37:38,train,0.397752,0,0.623018,0,0,0
1765827471.1707716,2025-12-15 19:37:51,train,0.394918,0,0.619686,0,0,1
1765827483.3991716,2025-12-15 19:38:03,train,0.394683,0,0.616371,0,0,0
1765827495.665645,2025-12-15 19:38:15,train,0.392104,0,0.617474,0,0,0
1765827507.8711379,2025-12-15 19:38:27,train,0.397279,0,0.616004,0,0,0
1765827520.1009681,2025-12-15 19:38:40,train,0.393509,0,0.617106,0,0,0
1765827532.2683463,2025-12-15 19:38:52,train,0.394683,0,0.617106,0,0,0
1765827544.4832716,2025-12-15 19:39:04,train,0.393978,0,0.614171,0,0,0
1765827556.7631698,2025-12-15 19:39:16,train,0.395389,0,0.612708,0,0,1
1765827568.9638014,2025-12-15 19:39:28,train,0.390937,0,0.611979,0,0,0
1765827581.169452,2025-12-15 19:39:41,train,0.391404,0,0.612708,0,0,0
1765827593.3609083,2025-12-15 19:39:53,train,0.39117,0,0.613074,0,0,0
1765827605.5348957,2025-12-15 19:40:05,train,0.390937,0,0.614537,0,0,0
1765827617.7897522,2025-12-15 19:40:17,train,0.390239,0,0.614537,0,0,0
1765827629.9983206,2025-12-15 19:40:29,train,0.39187,0,0.614903,0,0,1
1765827642.2083166,2025-12-15 19:40:42,train,0.394213,0,0.613439,0,0,0
1765827654.4061635,2025-12-15 19:40:54,train,0.398227,0,0.617106,0,0,0
1765827666.601996,2025-12-15 19:41:06,train,0.406136,0,0.617474,0,0,1
1765827678.7915342,2025-12-15 19:41:18,train,0.40662,0,0.619686,0,0,1
1765827690.9930708,2025-12-15 19:41:30,train,0.406863,0,0.619686,0,0,0
1765827703.1901376,2025-12-15 19:41:43,train,0.411251,0,0.619316,0,0,1
1765827715.3692155,2025-12-15 19:41:55,train,0.41297,0,0.621164,0,0,1
1765827727.565108,2025-12-15 19:42:07,train,0.415191,0,0.62339,0,0,1
1765827739.7383976,2025-12-15 19:42:19,train,0.421925,0,0.628238,0,0,0
1765827751.9760926,2025-12-15 19:42:31,train,0.430305,0,0.630488,0,0,0
1765827764.2009292,2025-12-15 19:42:44,train,0.435724,0,0.633879,1,0,1
1765827776.3784685,2025-12-15 19:42:56,train,0.435205,0,0.63124,0,0,1
1765827788.5857594,2025-12-15 19:43:08,train,0.443056,0,0.633501,0,0,0
1765827800.8045807,2025-12-15 19:43:20,train,0.447034,0,0.632747,0,0,1
1765827813.043634,2025-12-15 19:43:33,train,0.473073,0,0.630113,0,0,0
1765827825.2896647,2025-12-15 19:43:45,train,0.440423,0,0.629362,0,0,0
1765827837.49974,2025-12-15 19:43:57,train,0.427493,0,0.629362,0,0,1
1765827849.70485,2025-12-15 19:44:09,train,0.434428,0,0.633124,0,0,0
1765827861.9316554,2025-12-15 19:44:21,train,0.432619,0,0.635392,1,0,1
1765827874.1550832,2025-12-15 19:44:34,train,0.443056,0,0.63919,1,0,1
1765827886.355338,2025-12-15 19:44:46,train,0.438328,0,0.638048,1,0,0
1765827898.5335622,2025-12-15 19:44:58,train,0.42673,0,0.641479,1,0,0
1765827910.7184343,2025-12-15 19:45:10,train,0.435464,0,0.638428,1,0,0
1765827922.9314818,2025-12-15 19:45:22,train,0.428258,0,0.636908,1,0,0
1765827935.1343985,2025-12-15 19:45:35,train,0.427493,0,0.633124,0,0,0
1765827947.3407445,2025-12-15 19:45:47,train,0.430562,0,0.637288,1,0,1
1765827959.5461032,2025-12-15 19:45:59,train,0.430305,0,0.637668,1,0,1
1765827971.7560244,2025-12-15 19:46:11,train,0.431589,0,0.638809,1,0,1
1765827983.972201,2025-12-15 19:46:23,train,0.428003,0,0.64301,1,0,0
1765827996.1797404,2025-12-15 19:46:36,train,0.441474,0,0.643394,1,0,0
1765828008.389032,2025-12-15 19:46:48,train,0.454285,0,0.646854,1,0,0
1765828020.6154583,2025-12-15 19:47:00,train,0.463032,0,0.653051,1,0,0
1765828032.8037074,2025-12-15 19:47:12,train,0.479316,0,0.656172,1,0,1
1765828045.0305734,2025-12-15 19:47:25,train,0.482468,0,0.656563,1,0,0
1765828057.245525,2025-12-15 19:47:37,train,0.449974,0,0.655,1,0,0
1765828069.4426951,2025-12-15 19:47:49,train,0.450779,0,0.651496,1,0,0
1765828081.6739738,2025-12-15 19:48:01,train,0.452394,0,0.652662,1,0,0
1765828093.8857965,2025-12-15 19:48:13,train,0.461379,0,0.655781,1,0,0
1765828106.14964,2025-12-15 19:48:26,train,0.463308,0,0.65539,1,0,1
1765828118.3831198,2025-12-15 19:48:38,train,0.453474,0,0.656563,1,0,0
1765828130.5710292,2025-12-15 19:48:50,train,0.445704,0,0.651885,1,0,1
1765828142.7837641,2025-12-15 19:49:02,train,0.439899,0,0.647625,1,0,1
1765828154.966141,2025-12-15 19:49:14,train,0.439637,0,0.644929,1,0,1
1765828167.171845,2025-12-15 19:49:27,train,0.435984,0,0.644161,1,0,0
1765828179.3821108,2025-12-15 19:49:39,train,0.440948,0,0.641862,1,0,0
1765828191.5915794,2025-12-15 19:49:51,train,0.442528,0,0.64301,1,0,0
1765828203.819959,2025-12-15 19:50:03,train,0.43859,0,0.63919,1,0,0
1765828216.0150921,2025-12-15 19:50:16,train,0.430562,0,0.639571,1,0,1
1765828228.2049403,2025-12-15 19:50:28,train,0.436764,0,0.63615,1,0,0
1765828240.4392807,2025-12-15 19:50:40,train,0.436504,0,0.635013,1,0,1
1765828252.6423438,2025-12-15 19:50:52,train,0.438328,0,0.635013,1,0,1
1765828264.8297658,2025-12-15 19:51:04,train,0.433652,0,0.633124,0,0,0
1765828277.029348,2025-12-15 19:51:17,train,0.435984,0,0.63124,0,0,1
1765828289.2324777,2025-12-15 19:51:29,train,0.457818,0,0.629737,0,0,1
1765828301.4378636,2025-12-15 19:51:41,train,0.458091,0,0.625996,0,0,0
1765828313.6296992,2025-12-15 19:51:53,train,0.458091,0,0.625996,0,0,0
1765828325.804427,2025-12-15 19:52:05,train,0.457818,0,0.62339,0,0,0
1765828338.0277004,2025-12-15 19:52:18,train,0.456184,0,0.620794,0,0,0
1765828350.2406285,2025-12-15 19:52:30,train,0.451317,0,0.619686,0,0,0
1765828362.4697037,2025-12-15 19:52:42,train,0.447834,0,0.618579,0,0,0
1765828374.712039,2025-12-15 19:52:54,train,0.441738,0,0.619686,0,0,1
1765828386.8894136,2025-12-15 19:53:06,train,0.441474,0,0.619686,0,0,1
1765828399.0777247,2025-12-15 19:53:19,train,0.444113,0,0.615637,0,0,0
1765828411.284428,2025-12-15 19:53:31,train,0.452934,0,0.614903,0,0,1
1765828423.5165493,2025-12-15 19:53:43,train,0.443584,0,0.614537,0,0,1
1765828435.753809,2025-12-15 19:53:55,train,0.439899,0,0.614903,0,0,1
1765828447.9643528,2025-12-15 19:54:07,train,0.444378,0,0.61527,0,0,1
1765828460.1659853,2025-12-15 19:54:20,train,0.438067,0,0.615637,0,0,1
1765828472.373352,2025-12-15 19:54:32,train,0.436504,0,0.616371,0,0,1
1765828484.5801375,2025-12-15 19:54:44,train,0.438851,0,0.616371,0,0,0
1765828496.7569225,2025-12-15 19:54:56,train,0.439899,0,0.616371,0,0,0
1765828509.0119617,2025-12-15 19:55:09,train,0.439637,0,0.618947,0,0,1
1765828521.1838233,2025-12-15 19:55:21,train,0.443849,0,0.621535,0,0,1
1765828533.3860383,2025-12-15 19:55:33,train,0.442001,0,0.621164,0,0,1
1765828545.5976067,2025-12-15 19:55:45,train,0.454015,0,0.621535,0,0,0
1765828557.7944436,2025-12-15 19:55:57,train,0.451855,0,0.62339,0,0,1
1765828570.01304,2025-12-15 19:56:10,train,0.455369,0,0.62749,0,0,1
1765828582.2301922,2025-12-15 19:56:22,train,0.457546,0,0.630488,0,0,0
1765828594.4419136,2025-12-15 19:56:34,train,0.451586,0,0.63237,0,0,0
1765828606.6058578,2025-12-15 19:56:46,train,0.46028,0,0.63615,1,0,1
1765828618.8088143,2025-12-15 19:56:58,train,0.464413,0,0.635392,1,0,0
1765828631.0204124,2025-12-15 19:57:11,train,0.46248,0,0.635013,1,0,1
1765828643.287609,2025-12-15 19:57:23,train,0.464137,0,0.635771,1,0,0
1765828655.492672,2025-12-15 19:57:35,train,0.468025,0,0.636529,1,0,0
1765828667.7000043,2025-12-15 19:57:47,train,0.474202,0,0.636529,1,0,0
1765828679.9405487,2025-12-15 19:57:59,train,0.451048,0,0.634257,1,0,0
1765828692.1509197,2025-12-15 19:58:12,train,0.457001,0,0.631993,0,0,0
1765828704.3559186,2025-12-15 19:58:24,train,0.461654,0,0.635013,1,0,0
1765828716.6774862,2025-12-15 19:58:36,train,0.459732,0,0.635013,1,0,0
1765828728.8906827,2025-12-15 19:58:48,train,0.456184,0,0.636908,1,0,1
1765828741.1015334,2025-12-15 19:59:01,train,0.451317,0,0.638048,1,0,1
1765828753.3031943,2025-12-15 19:59:13,train,0.446236,0,0.639952,1,0,0
1765828765.5153677,2025-12-15 19:59:25,train,0.443584,0,0.640715,1,0,1
1765828777.7558527,2025-12-15 19:59:37,train,0.435984,0,0.639571,1,0,0
1765828789.9686804,2025-12-15 19:59:49,train,0.432619,0,0.638809,1,0,1
1765828802.1523578,2025-12-15 20:00:02,train,0.427493,0,0.636529,1,0,0
1765828814.3314989,2025-12-15 20:00:14,train,0.426476,0,0.640715,1,0,1
1765828826.5219393,2025-12-15 20:00:26,train,0.431846,0,0.638428,1,0,1
1765828838.7181168,2025-12-15 20:00:38,train,0.435724,0,0.641862,1,0,0
1765828850.9612403,2025-12-15 20:00:50,train,0.437546,0,0.642244,1,0,1
1765828863.166637,2025-12-15 20:01:03,train,0.448368,0,0.647239,1,0,0
1765828875.329319,2025-12-15 20:01:15,train,0.460829,0,0.651108,1,0,0
1765828887.5509877,2025-12-15 20:01:27,train,0.465244,0,0.656172,1,0,0
1765828899.7559936,2025-12-15 20:01:39,train,0.468584,0,0.656563,1,0,0
1765828911.963104,2025-12-15 20:01:51,train,0.471947,0,0.658522,1,0,0
1765828924.1656053,2025-12-15 20:02:04,train,0.442264,0,0.658522,1,0,0
1765828936.3519435,2025-12-15 20:02:16,train,0.446502,0,0.65422,1,0,1
1765828948.5812683,2025-12-15 20:02:28,train,0.443584,0,0.656954,1,0,0
1765828960.7903256,2025-12-15 20:02:40,train,0.448635,0,0.658522,1,0,0
1765828973.0022552,2025-12-15 20:02:53,train,0.449438,0,0.658522,1,0,1
1765828985.1743999,2025-12-15 20:03:05,train,0.442792,0,0.656954,1,0,1
1765828997.3523924,2025-12-15 20:03:17,train,0.431589,0,0.65461,1,0,1
1765829009.5836084,2025-12-15 20:03:29,train,0.426222,0,0.652662,1,0,0
1765829021.7905762,2025-12-15 20:03:41,train,0.420921,0,0.651496,1,0,0
1765829034.0197325,2025-12-15 20:03:54,train,0.418669,0,0.650332,1,0,0
1765829046.2435663,2025-12-15 20:04:06,train,0.41842,0,0.646468,1,0,0
1765829058.4741926,2025-12-15 20:04:18,train,0.411496,0,0.645314,1,0,0
1765829070.6792784,2025-12-15 20:04:30,train,0.410516,0,0.642627,1,0,1
1765829082.8686347,2025-12-15 20:04:42,train,0.404686,0,0.641862,1,0,0
1765829095.0734482,2025-12-15 20:04:55,train,0.398227,0,0.640715,1,0,1
1765829107.2875235,2025-12-15 20:05:07,train,0.396805,0,0.63919,1,0,0
1765829119.4917579,2025-12-15 20:05:19,train,0.401324,0,0.636908,1,0,0
1765829131.7137446,2025-12-15 20:05:31,train,0.394448,0,0.635392,1,0,1
1765829143.9218147,2025-12-15 20:05:43,train,0.391404,0,0.631993,0,0,0
1765829156.1119132,2025-12-15 20:05:56,train,0.390704,0,0.629362,0,0,0
1765829168.3185139,2025-12-15 20:06:08,train,0.388152,0,0.629737,0,0,0
1765829180.4961817,2025-12-15 20:06:20,train,0.388846,0,0.625623,0,0,0
1765829192.706681,2025-12-15 20:06:32,train,0.382184,0,0.62525,0,0,0
1765829204.9338043,2025-12-15 20:06:44,train,0.385386,0,0.623018,0,0,1
1765829217.1165018,2025-12-15 20:06:57,train,0.379687,0,0.620425,0,0,0
1765829229.3242807,2025-12-15 20:07:09,train,0.381956,0,0.621164,0,0,1
1765829241.5142066,2025-12-15 20:07:21,train,0.381047,0,0.619316,0,0,1
1765829253.7219722,2025-12-15 20:07:33,train,0.374072,0,0.620055,0,0,1
1765829265.9494734,2025-12-15 20:07:45,train,0.378331,0,0.620425,0,0,0
1765829278.16376,2025-12-15 20:07:58,train,0.374295,0,0.617842,0,0,0
1765829290.3859503,2025-12-15 20:08:10,train,0.382184,0,0.615637,0,0,0
1765829302.5696468,2025-12-15 20:08:22,train,0.381728,0,0.615637,0,0,0
1765829314.7719493,2025-12-15 20:08:34,train,0.377431,0,0.616004,0,0,1
1765829327.0127716,2025-12-15 20:08:47,train,0.376981,0,0.617842,0,0,0
1765829339.2214327,2025-12-15 20:08:59,train,0.378106,0,0.617106,0,0,1
1765829351.4273949,2025-12-15 20:09:11,train,0.377656,0,0.617474,0,0,0
1765829363.6421933,2025-12-15 20:09:23,train,0.381728,0,0.61821,0,0,0
1765829375.8531115,2025-12-15 20:09:35,train,0.378557,0,0.617106,0,0,0
1765829388.0531843,2025-12-15 20:09:48,train,0.380139,0,0.619686,0,0,1
1765829400.2456503,2025-12-15 20:10:00,train,0.383096,0,0.62339,0,0,0
1765829412.444029,2025-12-15 20:10:12,train,0.385156,0,0.621905,0,0,0
1765829424.6428053,2025-12-15 20:10:24,train,0.38082,0,0.623761,0,0,0
1765829436.8238568,2025-12-15 20:10:36,train,0.382184,0,0.624877,0,0,1
1765829449.027038,2025-12-15 20:10:49,train,0.386766,0,0.626742,0,0,1
1765829461.213878,2025-12-15 20:11:01,train,0.392338,0,0.628238,0,0,0
1765829473.445464,2025-12-15 20:11:13,train,0.388615,0,0.631993,0,0,1
1765829485.6258388,2025-12-15 20:11:25,train,0.401085,0,0.637288,1,0,0
1765829497.8058894,2025-12-15 20:11:37,train,0.396097,0,0.635392,1,0,0
1765829510.0148714,2025-12-15 20:11:50,train,0.406863,0,0.63615,1,0,0
1765829522.210613,2025-12-15 20:12:02,train,0.409295,0,0.635392,1,0,0
1765829534.4363637,2025-12-15 20:12:14,train,0.42673,0,0.63615,1,0,0
1765829546.6273577,2025-12-15 20:12:26,train,0.434169,0,0.637288,1,0,0
1765829558.8407402,2025-12-15 20:12:38,train,0.393274,0,0.634257,1,0,0
1765829571.044201,2025-12-15 20:12:51,train,0.424194,0,0.63124,0,0,1
1765829583.2479465,2025-12-15 20:13:03,train,0.421925,0,0.634257,1,0,1
1765829595.4258966,2025-12-15 20:13:15,train,0.419418,0,0.635771,1,0,0
1765829607.6585941,2025-12-15 20:13:27,train,0.421172,0,0.634635,1,0,0
1765829619.909101,2025-12-15 20:13:39,train,0.420169,0,0.637668,1,0,0
1765829632.128616,2025-12-15 20:13:52,train,0.410516,0,0.637288,1,0,1
1765829644.33085,2025-12-15 20:14:04,train,0.411006,0,0.636908,1,0,0
1765829656.5006201,2025-12-15 20:14:16,train,0.415934,0,0.63615,1,0,1
1765829668.7034976,2025-12-15 20:14:28,train,0.411496,0,0.63237,0,0,1
1765829680.9301965,2025-12-15 20:14:40,train,0.408077,0,0.635013,1,0,1
1765829693.1625586,2025-12-15 20:14:53,train,0.405894,0,0.634635,1,0,0
1765829705.3714833,2025-12-15 20:15:05,train,0.40832,0,0.636908,1,0,1
1765829717.5663576,2025-12-15 20:15:17,train,0.413955,0,0.637668,1,0,0
1765829729.773955,2025-12-15 20:15:29,train,0.429281,0,0.637668,1,0,0
1765829742.0015745,2025-12-15 20:15:42,train,0.430818,0,0.643394,1,0,1
1765829754.2264326,2025-12-15 20:15:54,train,0.438328,0,0.646854,1,0,0
1765829766.432591,2025-12-15 20:16:06,train,0.450779,0,0.648784,1,0,0
1765829778.5911975,2025-12-15 20:16:18,train,0.456728,0,0.65344,1,0,0
1765829790.8073738,2025-12-15 20:16:30,train,0.419918,0,0.652662,1,0,0
1765829803.0155056,2025-12-15 20:16:43,train,0.421423,0,0.647239,1,0,1
1765829815.2240677,2025-12-15 20:16:55,train,0.411006,0,0.652662,1,0,1
1765829827.4254172,2025-12-15 20:17:07,train,0.415934,0,0.65383,1,0,0
1765829839.6014125,2025-12-15 20:17:19,train,0.423184,0,0.65344,1,0,1
1765829851.7759218,2025-12-15 20:17:31,train,0.411006,0,0.65383,1,0,0
1765829864.0356083,2025-12-15 20:17:44,train,0.39799,0,0.649945,1,0,0
1765829876.2399883,2025-12-15 20:17:56,train,0.389078,0,0.646854,1,0,1
1765829888.4422884,2025-12-15 20:18:08,train,0.392806,0,0.644161,1,0,1
1765829900.674428,2025-12-15 20:18:20,train,0.388846,0,0.64301,1,0,1
1765829912.8647535,2025-12-15 20:18:32,train,0.383781,0,0.640333,1,0,0
1765829925.058115,2025-12-15 20:18:45,train,0.382184,0,0.638048,1,0,0
1765829937.3153412,2025-12-15 20:18:57,train,0.372514,0,0.63615,1,0,0
1765829949.4848194,2025-12-15 20:19:09,train,0.36986,0,0.634635,1,0,1
1765829961.695527,2025-12-15 20:19:21,train,0.372737,0,0.633501,0,0,0
1765829973.9154115,2025-12-15 20:19:33,train,0.376083,0,0.628612,0,0,1
1765829986.15673,2025-12-15 20:19:46,train,0.375188,0,0.628612,0,0,0
1765829998.3473396,2025-12-15 20:19:58,train,0.366568,0,0.627116,0,0,0
1765830010.55382,2025-12-15 20:20:10,train,0.364173,0,0.623761,0,0,1
1765830022.7595236,2025-12-15 20:20:22,train,0.365042,0,0.624133,0,0,0
1765830034.980129,2025-12-15 20:20:34,train,0.367662,0,0.621535,0,0,1
1765830047.1548913,2025-12-15 20:20:47,train,0.36439,0,0.620425,0,0,1
1765830059.3627875,2025-12-15 20:20:59,train,0.360288,0,0.617474,0,0,0
1765830071.5717604,2025-12-15 20:21:11,train,0.356656,0,0.614171,0,0,0
1765830083.7748618,2025-12-15 20:21:23,train,0.363306,0,0.612343,0,0,1
1765830095.9940727,2025-12-15 20:21:35,train,0.362657,0,0.612708,0,0,0
1765830108.1868527,2025-12-15 20:21:48,train,0.364825,0,0.610885,0,0,1
1765830120.4121904,2025-12-15 20:22:00,train,0.361363,0,0.611614,0,0,1
1765830132.5796795,2025-12-15 20:22:12,train,0.361363,0,0.611979,0,0,1
1765830144.8316739,2025-12-15 20:22:24,train,0.358788,0,0.609794,0,0,0
1765830157.0407662,2025-12-15 20:22:37,train,0.362225,0,0.610522,0,0,0
1765830169.2488954,2025-12-15 20:22:49,train,0.357934,0,0.607256,0,0,0
1765830181.440658,2025-12-15 20:23:01,train,0.37008,0,0.610885,0,0,0
1765830193.6620138,2025-12-15 20:23:13,train,0.366787,0,0.609431,0,0,1
1765830205.8662984,2025-12-15 20:23:25,train,0.370743,0,0.611614,0,0,0
1765830218.076214,2025-12-15 20:23:38,train,0.367224,0,0.610885,0,0,1
1765830230.290556,2025-12-15 20:23:50,train,0.366787,0,0.611614,0,0,1
1765830242.507004,2025-12-15 20:24:02,train,0.370522,0,0.61125,0,0,1
1765830254.7113464,2025-12-15 20:24:14,train,0.362657,0,0.610522,0,0,1
1765830266.9251087,2025-12-15 20:24:26,train,0.377431,0,0.613805,0,0,0
1765830279.1304128,2025-12-15 20:24:39,train,0.373404,0,0.613805,0,0,1
1765830291.3364742,2025-12-15 20:24:51,train,0.374295,0,0.615637,0,0,0
1765830303.541638,2025-12-15 20:25:03,train,0.374518,0,0.615637,0,0,1
1765830315.7297688,2025-12-15 20:25:15,train,0.375188,0,0.617106,0,0,0
1765830327.939481,2025-12-15 20:25:27,train,0.380139,0,0.618947,0,0,0
1765830340.147807,2025-12-15 20:25:40,train,0.378331,0,0.61821,0,0,0
1765830352.3517404,2025-12-15 20:25:52,train,0.386997,0,0.621164,0,0,0
1765830364.56252,2025-12-15 20:26:04,train,0.386305,0,0.620425,0,0,1
1765830376.746117,2025-12-15 20:26:16,train,0.381274,0,0.62525,0,0,1
1765830388.9481173,2025-12-15 20:26:28,train,0.392806,0,0.630488,0,0,1
1765830401.1900344,2025-12-15 20:26:41,train,0.404204,0,0.630864,0,0,0
1765830413.3891425,2025-12-15 20:26:53,train,0.397752,0,0.63237,0,0,0
1765830425.580273,2025-12-15 20:27:05,train,0.40832,0,0.63124,0,0,1
1765830437.7617579,2025-12-15 20:27:17,train,0.439375,0,0.631616,0,0,0
1765830449.9845936,2025-12-15 20:27:29,train,0.401085,0,0.630864,0,0,0
1765830462.197429,2025-12-15 20:27:42,train,0.396805,0,0.628987,0,0,1
1765830474.3857067,2025-12-15 20:27:54,train,0.392572,0,0.633879,1,0,0
1765830486.5946329,2025-12-15 20:28:06,train,0.398702,0,0.63615,1,0,0
1765830498.7874868,2025-12-15 20:28:18,train,0.399415,0,0.641097,1,0,0
1765830510.9949985,2025-12-15 20:28:30,train,0.400368,0,0.641097,1,0,0
1765830523.2056565,2025-12-15 20:28:43,train,0.392806,0,0.641862,1,0,1
1765830535.3964975,2025-12-15 20:28:55,train,0.398227,0,0.641097,1,0,1
1765830547.651121,2025-12-15 20:29:07,train,0.396569,0,0.637668,1,0,0
1765830559.8318348,2025-12-15 20:29:19,train,0.39117,0,0.637288,1,0,1
1765830572.036545,2025-12-15 20:29:32,train,0.39117,0,0.63919,1,0,1
1765830584.261525,2025-12-15 20:29:44,train,0.392806,0,0.641097,1,0,1
1765830596.4119942,2025-12-15 20:29:56,train,0.389542,0,0.636908,1,0,1
1765830608.5753746,2025-12-15 20:30:08,train,0.397515,0,0.640333,1,0,1
1765830620.7772384,2025-12-15 20:30:20,train,0.403242,0,0.643394,1,0,0
1765830632.9502637,2025-12-15 20:30:32,train,0.413709,0,0.646468,1,0,0
1765830645.1505525,2025-12-15 20:30:45,train,0.425968,0,0.647625,1,0,0
1765830657.3341646,2025-12-15 20:30:57,train,0.434946,0,0.65539,1,0,0
1765830669.5210524,2025-12-15 20:31:09,train,0.446502,0,0.657738,1,0,0
1765830681.746396,2025-12-15 20:31:21,train,0.452394,0,0.65813,1,0,1
1765830693.9547856,2025-12-15 20:31:33,train,0.42673,0,0.656563,1,0,1
1765830706.1953454,2025-12-15 20:31:46,train,0.41643,0,0.655781,1,0,0
1765830718.4027843,2025-12-15 20:31:58,train,0.420419,0,0.656954,1,0,0
1765830730.6244771,2025-12-15 20:32:10,train,0.421674,0,0.656954,1,0,0
1765830742.8444695,2025-12-15 20:32:22,train,0.424447,0,0.657738,1,0,0
1765830755.062774,2025-12-15 20:32:35,train,0.421674,0,0.658522,1,0,1
1765830767.253584,2025-12-15 20:32:47,train,0.403723,0,0.65422,1,0,0
1765830779.4863777,2025-12-15 20:32:59,train,0.40662,0,0.652273,1,0,1
1765830791.681921,2025-12-15 20:33:11,train,0.398464,0,0.647625,1,0,1
1765830803.8603532,2025-12-15 20:33:23,train,0.396805,0,0.647625,1,0,1
1765830816.0727499,2025-12-15 20:33:36,train,0.394683,0,0.644929,1,0,0
1765830828.2635598,2025-12-15 20:33:48,train,0.389774,0,0.644161,1,0,0
1765830840.4959803,2025-12-15 20:34:00,train,0.387227,0,0.641479,1,0,1
1765830852.7251928,2025-12-15 20:34:12,train,0.38931,0,0.639571,1,0,0
1765830864.9236956,2025-12-15 20:34:24,train,0.383781,0,0.637288,1,0,1
1765830877.1286612,2025-12-15 20:34:37,train,0.378557,0,0.633124,0,0,0
1765830889.3488019,2025-12-15 20:34:49,train,0.380593,0,0.631993,0,0,1
1765830901.5638704,2025-12-15 20:35:01,train,0.377206,0,0.631993,0,0,0
1765830913.780722,2025-12-15 20:35:13,train,0.377206,0,0.628238,0,0,0
1765830925.9824178,2025-12-15 20:35:25,train,0.371849,0,0.62525,0,0,0
1765830938.1625907,2025-12-15 20:35:38,train,0.372737,0,0.62525,0,0,0
1765830950.3603375,2025-12-15 20:35:50,train,0.371406,0,0.622647,0,0,0
1765830962.5656707,2025-12-15 20:36:02,train,0.370522,0,0.619316,0,0,0
1765830974.7787812,2025-12-15 20:36:14,train,0.376532,0,0.617842,0,0,0
1765830986.9820533,2025-12-15 20:36:26,train,0.366787,0,0.616371,0,0,1
1765830999.188568,2025-12-15 20:36:39,train,0.376981,0,0.616004,0,0,0
1765831011.3854108,2025-12-15 20:36:51,train,0.380139,0,0.616004,0,0,0
1765831023.606832,2025-12-15 20:37:03,train,0.380593,0,0.615637,0,0,0
1765831035.799077,2025-12-15 20:37:15,train,0.381956,0,0.613805,0,0,0
1765831047.9638345,2025-12-15 20:37:27,train,0.383781,0,0.61125,0,0,0
1765831060.1813946,2025-12-15 20:37:40,train,0.383781,0,0.611614,0,0,0
1765831072.3902986,2025-12-15 20:37:52,train,0.388383,0,0.612708,0,0,1
1765831084.596544,2025-12-15 20:38:04,train,0.377881,0,0.612708,0,0,1
1765831096.8096266,2025-12-15 20:38:16,train,0.380593,0,0.614903,0,0,0
1765831109.0238605,2025-12-15 20:38:29,train,0.385386,0,0.614537,0,0,0
1765831121.2333474,2025-12-15 20:38:41,train,0.383324,0,0.613805,0,0,1
1765831133.4507086,2025-12-15 20:38:53,train,0.383553,0,0.613439,0,0,0
1765831145.6452446,2025-12-15 20:39:05,train,0.385845,0,0.617474,0,0,0
1765831157.8765862,2025-12-15 20:39:17,train,0.392104,0,0.61821,0,0,1
1765831170.086415,2025-12-15 20:39:30,train,0.392104,0,0.620055,0,0,1
1765831182.2911777,2025-12-15 20:39:42,train,0.389542,0,0.620055,0,0,1
1765831194.512969,2025-12-15 20:39:54,train,0.397515,0,0.619686,0,0,1
1765831206.754374,2025-12-15 20:40:06,train,0.393274,0,0.621535,0,0,0
1765831218.9348137,2025-12-15 20:40:18,train,0.403482,0,0.623761,0,0,0
1765831231.1392996,2025-12-15 20:40:31,train,0.402042,0,0.623761,0,0,1
1765831243.3450174,2025-12-15 20:40:43,train,0.410516,0,0.624877,0,0,0
1765831255.5219374,2025-12-15 20:40:55,train,0.407591,0,0.628987,0,0,0
1765831267.727168,2025-12-15 20:41:07,train,0.416926,0,0.63237,0,0,1
1765831279.9530034,2025-12-15 20:41:19,train,0.423184,0,0.633124,0,0,1
1765831292.1464324,2025-12-15 20:41:32,train,0.424953,0,0.633124,0,0,0
1765831304.348257,2025-12-15 20:41:44,train,0.433135,0,0.634257,1,0,0
1765831316.5529668,2025-12-15 20:41:56,train,0.462205,0,0.633501,0,0,0
1765831328.7510471,2025-12-15 20:42:08,train,0.42673,0,0.631993,0,0,1
1765831340.9396975,2025-12-15 20:42:20,train,0.421423,0,0.630864,0,0,0
1765831353.1332738,2025-12-15 20:42:33,train,0.428003,0,0.633124,0,0,1
1765831365.3352003,2025-12-15 20:42:45,train,0.421674,0,0.638809,1,0,0
1765831377.5398633,2025-12-15 20:42:57,train,0.426476,0,0.640715,1,0,0
1765831389.735481,2025-12-15 20:43:09,train,0.428769,0,0.639952,1,0,0
1765831401.9294086,2025-12-15 20:43:21,train,0.413462,0,0.642244,1,0,1
1765831414.142875,2025-12-15 20:43:34,train,0.413955,0,0.640333,1,0,0
1765831426.356812,2025-12-15 20:43:46,train,0.408563,0,0.637668,1,0,0
1765831438.532249,2025-12-15 20:43:58,train,0.416678,0,0.634635,1,0,1
1765831450.771961,2025-12-15 20:44:10,train,0.414449,0,0.63919,1,0,0
1765831462.957698,2025-12-15 20:44:22,train,0.416926,0,0.639571,1,0,1
1765831475.1599262,2025-12-15 20:44:35,train,0.415686,0,0.640333,1,0,1
1765831487.358976,2025-12-15 20:44:47,train,0.417423,0,0.641862,1,0,0
1765831499.5609956,2025-12-15 20:44:59,train,0.421674,0,0.643777,1,0,0
1765831511.7496972,2025-12-15 20:45:11,train,0.439375,0,0.651496,1,0,0
1765831523.9340763,2025-12-15 20:45:23,train,0.454015,0,0.65383,1,0,0
1765831536.1635385,2025-12-15 20:45:36,train,0.467747,0,0.656954,1,0,1
1765831548.3301039,2025-12-15 20:45:48,train,0.470542,0,0.657346,1,0,1
1765831560.5392187,2025-12-15 20:46:00,train,0.43391,0,0.65422,1,0,0
1765831572.811104,2025-12-15 20:46:12,train,0.430049,0,0.651108,1,0,1
1765831585.0201166,2025-12-15 20:46:25,train,0.437806,0,0.655,1,0,1
1765831597.2638304,2025-12-15 20:46:37,train,0.444908,0,0.655,1,0,0
1765831609.4442868,2025-12-15 20:46:49,train,0.445173,0,0.655781,1,0,0
1765831621.650899,2025-12-15 20:47:01,train,0.431075,0,0.65344,1,0,1
1765831633.8598921,2025-12-15 20:47:13,train,0.429792,0,0.651108,1,0,0
1765831646.0752635,2025-12-15 20:47:26,train,0.422932,0,0.648784,1,0,0
1765831658.3368778,2025-12-15 20:47:38,train,0.42067,0,0.644929,1,0,0
1765831670.5521674,2025-12-15 20:47:50,train,0.419168,0,0.644929,1,0,1
1765831682.7630098,2025-12-15 20:48:02,train,0.418669,0,0.642244,1,0,0
1765831694.9530897,2025-12-15 20:48:14,train,0.413462,0,0.640333,1,0,0
1765831707.1563141,2025-12-15 20:48:27,train,0.41297,0,0.638048,1,0,0
1765831719.3611147,2025-12-15 20:48:39,train,0.417423,0,0.637668,1,0,0
1765831731.5724247,2025-12-15 20:48:51,train,0.412232,0,0.635392,1,0,0
1765831743.7838395,2025-12-15 20:49:03,train,0.412724,0,0.633124,0,0,0
1765831756.0030684,2025-12-15 20:49:16,train,0.413462,0,0.63237,0,0,0
1765831768.2679725,2025-12-15 20:49:28,train,0.417672,0,0.632747,0,0,1
1765831780.4621916,2025-12-15 20:49:40,train,0.418919,0,0.628238,0,0,0
1765831792.6640534,2025-12-15 20:49:52,train,0.420419,0,0.62749,0,0,1
1765831804.8920956,2025-12-15 20:50:04,train,0.420169,0,0.625623,0,0,0
1765831817.1032565,2025-12-15 20:50:17,train,0.419168,0,0.623018,0,0,0
1765831829.280982,2025-12-15 20:50:29,train,0.426476,0,0.623018,0,0,0
1765831841.5518332,2025-12-15 20:50:41,train,0.419668,0,0.619686,0,0,1
1765831853.7704937,2025-12-15 20:50:53,train,0.4247,0,0.616738,0,0,0
1765831866.0002165,2025-12-15 20:51:06,train,0.427493,0,0.616738,0,0,0
1765831878.1937997,2025-12-15 20:51:18,train,0.42546,0,0.616004,0,0,1
1765831890.3845665,2025-12-15 20:51:30,train,0.438067,0,0.618579,0,0,1
1765831902.5786521,2025-12-15 20:51:42,train,0.437546,0,0.618579,0,0,1
1765831914.7933772,2025-12-15 20:51:54,train,0.437546,0,0.617106,0,0,0
1765831926.9801838,2025-12-15 20:52:06,train,0.431589,0,0.614903,0,0,1
1765831939.183315,2025-12-15 20:52:19,train,0.437285,0,0.616738,0,0,0
1765831951.3659098,2025-12-15 20:52:31,train,0.419668,0,0.616004,0,0,0
1765831963.5404088,2025-12-15 20:52:43,train,0.422177,0,0.614537,0,0,1
1765831975.710216,2025-12-15 20:52:55,train,0.419418,0,0.616004,0,0,0
1765831987.9030473,2025-12-15 20:53:07,train,0.415934,0,0.616738,0,0,1
1765832000.097653,2025-12-15 20:53:20,train,0.417423,0,0.616004,0,0,1
1765832012.328057,2025-12-15 20:53:32,train,0.41842,0,0.615637,0,0,1
1765832024.5293314,2025-12-15 20:53:44,train,0.411986,0,0.61821,0,0,1
1765832036.721438,2025-12-15 20:53:56,train,0.413709,0,0.620425,0,0,1
1765832048.9264255,2025-12-15 20:54:08,train,0.41842,0,0.620055,0,0,0
1765832061.0807395,2025-12-15 20:54:21,train,0.416678,0,0.620794,0,0,0
1765832073.29296,2025-12-15 20:54:33,train,0.411251,0,0.619686,0,0,1
1765832085.519868,2025-12-15 20:54:45,train,0.414943,0,0.622647,0,0,0
1765832097.6774366,2025-12-15 20:54:57,train,0.417672,0,0.624133,0,0,1
1765832109.8601706,2025-12-15 20:55:09,train,0.419918,0,0.624877,0,0,1
1765832122.0671153,2025-12-15 20:55:22,train,0.416926,0,0.630488,0,0,1
1765832134.285551,2025-12-15 20:55:34,train,0.423942,0,0.630488,0,0,0
1765832146.4729924,2025-12-15 20:55:46,train,0.419918,0,0.634257,1,0,1
1765832158.7321947,2025-12-15 20:55:58,train,0.426476,0,0.63615,1,0,0
1765832170.9495277,2025-12-15 20:56:10,train,0.420169,0,0.636908,1,0,1
1765832183.1873322,2025-12-15 20:56:23,train,0.436764,0,0.635771,1,0,0
1765832195.4146075,2025-12-15 20:56:35,train,0.441738,0,0.637288,1,0,1
1765832207.6288443,2025-12-15 20:56:47,train,0.426222,0,0.635013,1,0,0
1765832219.8639748,2025-12-15 20:56:59,train,0.419918,0,0.633501,0,0,0
1765832232.0574486,2025-12-15 20:57:12,train,0.433393,0,0.635771,1,0,1
1765832244.2579074,2025-12-15 20:57:24,train,0.441738,0,0.641097,1,0,0
1765832256.481638,2025-12-15 20:57:36,train,0.43859,0,0.641097,1,0,1
1765832268.6942492,2025-12-15 20:57:48,train,0.432104,0,0.641097,1,0,0
1765832280.90408,2025-12-15 20:58:00,train,0.429792,0,0.644161,1,0,1
1765832293.1021352,2025-12-15 20:58:13,train,0.424194,0,0.641097,1,0,0
1765832305.3210917,2025-12-15 20:58:25,train,0.42673,0,0.641862,1,0,0
1765832317.4988768,2025-12-15 20:58:37,train,0.411741,0,0.638428,1,0,1
1765832329.7205293,2025-12-15 20:58:49,train,0.411986,0,0.640715,1,0,0
1765832341.9279447,2025-12-15 20:59:01,train,0.416926,0,0.639952,1,0,1
1765832354.151595,2025-12-15 20:59:14,train,0.416926,0,0.641479,1,0,0
1765832366.3789356,2025-12-15 20:59:26,train,0.414943,0,0.644545,1,0,1
1765832378.6450374,2025-12-15 20:59:38,train,0.428258,0,0.645314,1,0,1
1765832390.871602,2025-12-15 20:59:50,train,0.440161,0,0.646854,1,0,1
1765832403.04745,2025-12-15 21:00:03,train,0.454285,0,0.652662,1,0,1
1765832415.2266011,2025-12-15 21:00:15,train,0.468025,0,0.658522,1,0,1
1765832427.4119077,2025-12-15 21:00:27,train,0.473637,0,0.659308,1,0,0
1765832439.603306,2025-12-15 21:00:39,train,0.476752,0,0.660487,1,0,0
1765832451.7927105,2025-12-15 21:00:51,train,0.443056,0,0.660094,1,0,1
1765832463.9789271,2025-12-15 21:01:03,train,0.442001,0,0.656954,1,0,1
1765832476.183283,2025-12-15 21:01:16,train,0.441738,0,0.656563,1,0,0
1765832488.3874931,2025-12-15 21:01:28,train,0.440161,0,0.657346,1,0,1
1765832500.5964267,2025-12-15 21:01:40,train,0.437546,0,0.657346,1,0,0
1765832512.7730792,2025-12-15 21:01:52,train,0.438851,0,0.657346,1,0,1
1765832524.9843166,2025-12-15 21:02:04,train,0.433652,0,0.65344,1,0,1
1765832537.194769,2025-12-15 21:02:17,train,0.420419,0,0.651496,1,0,1
1765832549.3829865,2025-12-15 21:02:29,train,0.415934,0,0.649171,1,0,1
1765832561.6148386,2025-12-15 21:02:41,train,0.411741,0,0.649171,1,0,1
1765832573.8168569,2025-12-15 21:02:53,train,0.404686,0,0.647239,1,0,0
1765832586.023051,2025-12-15 21:03:06,train,0.397042,0,0.646854,1,0,1
1765832598.230602,2025-12-15 21:03:18,train,0.400607,0,0.643777,1,0,0
1765832610.452838,2025-12-15 21:03:30,train,0.399891,0,0.642244,1,0,1
1765832622.6824827,2025-12-15 21:03:42,train,0.393509,0,0.641097,1,0,1
1765832634.8910177,2025-12-15 21:03:54,train,0.394448,0,0.642244,1,0,1
1765832647.0811276,2025-12-15 21:04:07,train,0.394448,0,0.637288,1,0,0
1765832659.2666175,2025-12-15 21:04:19,train,0.395625,0,0.635771,1,0,1
1765832671.484793,2025-12-15 21:04:31,train,0.392806,0,0.63237,0,0,1
1765832683.681092,2025-12-15 21:04:43,train,0.385615,0,0.63237,0,0,1
1765832695.8840253,2025-12-15 21:04:55,train,0.38264,0,0.628612,0,0,0
1765832708.0916705,2025-12-15 21:05:08,train,0.390239,0,0.627116,0,0,1
1765832720.281342,2025-12-15 21:05:20,train,0.381728,0,0.625623,0,0,0
1765832732.4925365,2025-12-15 21:05:32,train,0.382868,0,0.621905,0,0,0
1765832744.7252657,2025-12-15 21:05:44,train,0.385845,0,0.620794,0,0,1
1765832756.9299939,2025-12-15 21:05:56,train,0.388846,0,0.619316,0,0,0
1765832769.1192665,2025-12-15 21:06:09,train,0.395625,0,0.619316,0,0,0
1765832781.309276,2025-12-15 21:06:21,train,0.388615,0,0.620794,0,0,1
1765832793.5386775,2025-12-15 21:06:33,train,0.386305,0,0.618947,0,0,0
1765832805.7565234,2025-12-15 21:06:45,train,0.386075,0,0.620794,0,0,1
1765832817.9630673,2025-12-15 21:06:57,train,0.390239,0,0.61527,0,0,0
1765832830.168985,2025-12-15 21:07:10,train,0.388383,0,0.615637,0,0,1
1765832842.3921635,2025-12-15 21:07:22,train,0.386305,0,0.617106,0,0,0
1765832854.5901842,2025-12-15 21:07:34,train,0.383781,0,0.615637,0,0,0
1765832866.799552,2025-12-15 21:07:46,train,0.386766,0,0.616004,0,0,1
1765832879.0355213,2025-12-15 21:07:59,train,0.382412,0,0.616738,0,0,0
1765832891.2488828,2025-12-15 21:08:11,train,0.386075,0,0.617474,0,0,0
1765832903.4565856,2025-12-15 21:08:23,train,0.387227,0,0.617106,0,0,1
1765832915.6626985,2025-12-15 21:08:35,train,0.375412,0,0.618579,0,0,0
1765832927.8925617,2025-12-15 21:08:47,train,0.380366,0,0.619686,0,0,1
1765832940.0812466,2025-12-15 21:09:00,train,0.386536,0,0.621164,0,0,1
1765832952.2985864,2025-12-15 21:09:12,train,0.390007,0,0.621905,0,0,1
1765832964.5008996,2025-12-15 21:09:24,train,0.383781,0,0.622276,0,0,0
1765832976.7238028,2025-12-15 21:09:36,train,0.394448,0,0.62525,0,0,1
1765832989.0134099,2025-12-15 21:09:49,train,0.395861,0,0.625623,0,0,0
1765833001.202794,2025-12-15 21:10:01,train,0.391637,0,0.627116,0,0,0
1765833013.4087315,2025-12-15 21:10:13,train,0.401803,0,0.632747,0,0,1
1765833025.646569,2025-12-15 21:10:25,train,0.405652,0,0.633124,0,0,0
1765833037.8308327,2025-12-15 21:10:37,train,0.414449,0,0.634257,1,0,1
1765833050.040969,2025-12-15 21:10:50,train,0.408077,0,0.633879,1,0,1
1765833062.247849,2025-12-15 21:11:02,train,0.411251,0,0.633124,0,0,1
1765833074.4782016,2025-12-15 21:11:14,train,0.408563,0,0.631993,0,0,1
1765833086.6965714,2025-12-15 21:11:26,train,0.425968,0,0.63124,0,0,1
1765833098.9118958,2025-12-15 21:11:38,train,0.413216,0,0.629737,0,0,0
1765833111.1165862,2025-12-15 21:11:51,train,0.397752,0,0.624877,0,0,0
1765833123.3330162,2025-12-15 21:12:03,train,0.409295,0,0.623018,0,0,0
1765833135.5232532,2025-12-15 21:12:15,train,0.415191,0,0.630864,0,0,0
1765833147.7204366,2025-12-15 21:12:27,train,0.422177,0,0.631993,0,0,1
1765833159.93932,2025-12-15 21:12:39,train,0.410516,0,0.633501,0,0,1
1765833172.1441243,2025-12-15 21:12:52,train,0.403723,0,0.634635,1,0,0
1765833184.3525548,2025-12-15 21:13:04,train,0.397752,0,0.634257,1,0,1
1765833196.53787,2025-12-15 21:13:16,train,0.403963,0,0.631993,0,0,0
1765833208.7386646,2025-12-15 21:13:28,train,0.398939,0,0.62525,0,0,1
1765833220.9212391,2025-12-15 21:13:40,train,0.396333,0,0.630488,0,0,0
1765833233.130004,2025-12-15 21:13:53,train,0.401803,0,0.631993,0,0,1
1765833245.3422601,2025-12-15 21:14:05,train,0.395625,0,0.629362,0,0,0
1765833257.5321329,2025-12-15 21:14:17,train,0.406136,0,0.633501,0,0,0
1765833269.6917903,2025-12-15 21:14:29,train,0.407834,0,0.63237,0,0,0
1765833281.906275,2025-12-15 21:14:41,train,0.41643,0,0.638428,1,0,0
1765833294.100651,2025-12-15 21:14:54,train,0.440161,0,0.641097,1,0,0
1765833306.3174725,2025-12-15 21:15:06,train,0.450511,0,0.648784,1,0,0
1765833318.5322082,2025-12-15 21:15:18,train,0.460006,0,0.647625,1,0,0
1765833330.7638128,2025-12-15 21:15:30,train,0.425968,0,0.651496,1,0,0
1765833342.975086,2025-12-15 21:15:42,train,0.413216,0,0.645314,1,0,1
1765833355.1772664,2025-12-15 21:15:55,train,0.416182,0,0.646468,1,0,0
1765833367.3826683,2025-12-15 21:16:07,train,0.423689,0,0.648397,1,0,0
1765833379.5621986,2025-12-15 21:16:19,train,0.427748,0,0.649171,1,0,0
1765833391.7655616,2025-12-15 21:16:31,train,0.421423,0,0.649558,1,0,1
1765833403.9785185,2025-12-15 21:16:43,train,0.416182,0,0.648397,1,0,0
1765833416.195718,2025-12-15 21:16:56,train,0.392338,0,0.642627,1,0,1
1765833428.3971026,2025-12-15 21:17:08,train,0.38792,0,0.63919,1,0,1
1765833440.577573,2025-12-15 21:17:20,train,0.39187,0,0.63919,1,0,1
1765833452.7867942,2025-12-15 21:17:32,train,0.378783,0,0.637288,1,0,0
1765833465.019017,2025-12-15 21:17:45,train,0.375635,0,0.637288,1,0,1
1765833477.226437,2025-12-15 21:17:57,train,0.374072,0,0.635013,1,0,0
1765833489.447379,2025-12-15 21:18:09,train,0.36635,0,0.633124,0,0,1
1765833501.6258817,2025-12-15 21:18:21,train,0.369199,0,0.631616,0,0,1
1765833513.8322527,2025-12-15 21:18:33,train,0.37008,0,0.627864,0,0,1
1765833526.0716927,2025-12-15 21:18:46,train,0.36526,0,0.627116,0,0,0
1765833538.2918303,2025-12-15 21:18:58,train,0.366568,0,0.627116,0,0,0
1765833550.5112216,2025-12-15 21:19:10,train,0.360717,0,0.623018,0,0,1
1765833562.6973598,2025-12-15 21:19:22,train,0.36309,0,0.62339,0,0,0
1765833574.921089,2025-12-15 21:19:34,train,0.360717,0,0.620794,0,0,1
1765833587.1274893,2025-12-15 21:19:47,train,0.357507,0,0.61821,0,0,0
1765833599.3956566,2025-12-15 21:19:59,train,0.357081,0,0.616371,0,0,0
1765833611.6074061,2025-12-15 21:20:11,train,0.358788,0,0.611979,0,0,0
1765833623.8320796,2025-12-15 21:20:23,train,0.359216,0,0.611979,0,0,1
1765833636.0393212,2025-12-15 21:20:36,train,0.365478,0,0.610885,0,0,0
1765833648.2424254,2025-12-15 21:20:48,train,0.36201,0,0.611614,0,0,1
1765833660.4803872,2025-12-15 21:21:00,train,0.367443,0,0.611614,0,0,0
1765833672.6950636,2025-12-15 21:21:12,train,0.360503,0,0.609794,0,0,0
1765833684.8884072,2025-12-15 21:21:24,train,0.368979,0,0.608705,0,0,1
1765833697.080566,2025-12-15 21:21:37,train,0.367006,0,0.608342,0,0,0
1765833709.283877,2025-12-15 21:21:49,train,0.366568,0,0.610885,0,0,0
1765833721.489738,2025-12-15 21:22:01,train,0.368101,0,0.610522,0,0,0
1765833733.718122,2025-12-15 21:22:13,train,0.367443,0,0.61125,0,0,0
1765833745.9197192,2025-12-15 21:22:25,train,0.374741,0,0.611979,0,0,0
1765833758.112818,2025-12-15 21:22:38,train,0.373404,0,0.61125,0,0,1
1765833770.2820473,2025-12-15 21:22:50,train,0.372514,0,0.61125,0,0,1
1765833782.4900877,2025-12-15 21:23:02,train,0.375188,0,0.612708,0,0,0
1765833794.7018611,2025-12-15 21:23:14,train,0.382184,0,0.618947,0,0,0
1765833806.913413,2025-12-15 21:23:26,train,0.38264,0,0.618947,0,0,1
1765833819.069418,2025-12-15 21:23:39,train,0.373181,0,0.618947,0,0,1
1765833831.2739933,2025-12-15 21:23:51,train,0.376981,0,0.616371,0,0,1
1765833843.4704342,2025-12-15 21:24:03,train,0.377431,0,0.621535,0,0,0
1765833855.6841986,2025-12-15 21:24:15,train,0.386766,0,0.622276,0,0,0
1765833867.9021008,2025-12-15 21:24:27,train,0.385156,0,0.623018,0,0,0
1765833880.1608253,2025-12-15 21:24:40,train,0.390007,0,0.62749,0,0,0
1765833892.3453157,2025-12-15 21:24:52,train,0.396333,0,0.63237,0,0,1
1765833904.5527582,2025-12-15 21:25:04,train,0.395861,0,0.631616,0,0,1
1765833916.7495255,2025-12-15 21:25:16,train,0.397515,0,0.63237,0,0,0
1765833928.9510438,2025-12-15 21:25:28,train,0.400846,0,0.632747,0,0,0
1765833941.1592064,2025-12-15 21:25:41,train,0.411986,0,0.63237,0,0,0
1765833953.3391993,2025-12-15 21:25:53,train,0.447834,0,0.631993,0,0,0
1765833965.5645397,2025-12-15 21:26:05,train,0.420419,0,0.63237,0,0,1
1765833977.7749195,2025-12-15 21:26:17,train,0.403482,0,0.629737,0,0,0
1765833989.9722137,2025-12-15 21:26:29,train,0.402761,0,0.630864,0,0,1
1765834002.1617377,2025-12-15 21:26:42,train,0.409539,0,0.635392,1,0,0
1765834014.372521,2025-12-15 21:26:54,train,0.413216,0,0.638048,1,0,0
1765834026.5731955,2025-12-15 21:27:06,train,0.402761,0,0.637668,1,0,0
1765834038.7709882,2025-12-15 21:27:18,train,0.402282,0,0.641097,1,0,0
1765834050.973941,2025-12-15 21:27:30,train,0.399415,0,0.638428,1,0,1
1765834063.197255,2025-12-15 21:27:43,train,0.404204,0,0.636529,1,0,0
1765834075.3836408,2025-12-15 21:27:55,train,0.403002,0,0.636529,1,0,0
1765834087.6073754,2025-12-15 21:28:07,train,0.397752,0,0.633501,0,0,0
1765834099.8345244,2025-12-15 21:28:19,train,0.399891,0,0.637668,1,0,1
1765834112.0455945,2025-12-15 21:28:32,train,0.401803,0,0.639571,1,0,0
1765834124.275433,2025-12-15 21:28:44,train,0.401324,0,0.640715,1,0,1
1765834136.4776955,2025-12-15 21:28:56,train,0.423689,0,0.643394,1,0,0
1765834148.7321608,2025-12-15 21:29:08,train,0.413955,0,0.645314,1,0,0
1765834160.917159,2025-12-15 21:29:20,train,0.432361,0,0.648397,1,0,0
1765834173.1268382,2025-12-15 21:29:33,train,0.440423,0,0.65422,1,0,0
1765834185.3453643,2025-12-15 21:29:45,train,0.449706,0,0.656172,1,0,1
1765834197.551647,2025-12-15 21:29:57,train,0.442528,0,0.655,1,0,0
1765834209.7895935,2025-12-15 21:30:09,train,0.403002,0,0.65344,1,0,0
1765834221.965281,2025-12-15 21:30:21,train,0.410516,0,0.650332,1,0,0
1765834234.1489706,2025-12-15 21:30:34,train,0.422932,0,0.65344,1,0,1
1765834246.3402596,2025-12-15 21:30:46,train,0.420419,0,0.655,1,0,0
1765834258.529689,2025-12-15 21:30:58,train,0.417921,0,0.655,1,0,0
1765834270.7106009,2025-12-15 21:31:10,train,0.414449,0,0.65383,1,0,1
1765834282.8915763,2025-12-15 21:31:22,train,0.393978,0,0.648784,1,0,1
1765834295.0966234,2025-12-15 21:31:35,train,0.386305,0,0.642627,1,0,0
1765834307.3067722,2025-12-15 21:31:47,train,0.38792,0,0.642244,1,0,0
1765834319.5222661,2025-12-15 21:31:59,train,0.381047,0,0.642244,1,0,0
1765834331.728153,2025-12-15 21:32:11,train,0.377656,0,0.640333,1,0,1
1765834343.905872,2025-12-15 21:32:23,train,0.377881,0,0.63919,1,0,0
1765834356.1296053,2025-12-15 21:32:36,train,0.381728,0,0.636908,1,0,0
1765834368.3546913,2025-12-15 21:32:48,train,0.383324,0,0.633879,1,0,1
1765834380.5198207,2025-12-15 21:33:00,train,0.377881,0,0.632747,0,0,1
1765834392.735585,2025-12-15 21:33:12,train,0.377656,0,0.633124,0,0,0
1765834404.9530594,2025-12-15 21:33:24,train,0.373626,0,0.629737,0,0,1
1765834417.1649678,2025-12-15 21:33:37,train,0.375412,0,0.625996,0,0,1
1765834429.3971972,2025-12-15 21:33:49,train,0.376308,0,0.626369,0,0,0
1765834441.6205206,2025-12-15 21:34:01,train,0.376083,0,0.624133,0,0,0
1765834453.844574,2025-12-15 21:34:13,train,0.371628,0,0.621164,0,0,1
1765834466.0371616,2025-12-15 21:34:26,train,0.374295,0,0.621164,0,0,0
1765834478.3205853,2025-12-15 21:34:38,train,0.373849,0,0.61821,0,0,1
1765834490.5546937,2025-12-15 21:34:50,train,0.375859,0,0.617106,0,0,0
1765834502.7167878,2025-12-15 21:35:02,train,0.378557,0,0.617842,0,0,0
1765834514.9164963,2025-12-15 21:35:14,train,0.386997,0,0.617842,0,0,0
1765834527.100891,2025-12-15 21:35:27,train,0.379008,0,0.614903,0,0,1
1765834539.3000886,2025-12-15 21:35:39,train,0.382868,0,0.614171,0,0,0
1765834551.5180414,2025-12-15 21:35:51,train,0.383324,0,0.614171,0,0,0
1765834563.760229,2025-12-15 21:36:03,train,0.384697,0,0.613805,0,0,0
1765834575.9570975,2025-12-15 21:36:15,train,0.388846,0,0.613805,0,0,0
1765834588.160885,2025-12-15 21:36:28,train,0.381728,0,0.61527,0,0,0
1765834600.3388796,2025-12-15 21:36:40,train,0.387689,0,0.615637,0,0,0
1765834612.5506613,2025-12-15 21:36:52,train,0.393274,0,0.617106,0,0,1
1765834624.8066847,2025-12-15 21:37:04,train,0.387458,0,0.613439,0,0,1
1765834637.0123222,2025-12-15 21:37:17,train,0.38401,0,0.614171,0,0,1
1765834649.2143335,2025-12-15 21:37:29,train,0.390937,0,0.620425,0,0,0
1765834661.4166644,2025-12-15 21:37:41,train,0.396097,0,0.619316,0,0,1
1765834673.62509,2025-12-15 21:37:53,train,0.392104,0,0.619316,0,0,0
1765834685.8309925,2025-12-15 21:38:05,train,0.407105,0,0.619316,0,0,1
1765834698.0173836,2025-12-15 21:38:18,train,0.39799,0,0.621905,0,0,0
1765834710.209305,2025-12-15 21:38:30,train,0.401085,0,0.62339,0,0,0
1765834722.4176893,2025-12-15 21:38:42,train,0.403723,0,0.624133,0,0,0
1765834734.6264613,2025-12-15 21:38:54,train,0.406136,0,0.624505,0,0,0
1765834746.878325,2025-12-15 21:39:06,train,0.410027,0,0.62749,0,0,1
1765834759.0555518,2025-12-15 21:39:19,train,0.405169,0,0.629737,0,0,0
1765834771.253247,2025-12-15 21:39:31,train,0.41842,0,0.634257,1,0,0
1765834783.503925,2025-12-15 21:39:43,train,0.41842,0,0.634635,1,0,1
1765834795.7124224,2025-12-15 21:39:55,train,0.427493,0,0.635392,1,0,0
1765834807.9182944,2025-12-15 21:40:07,train,0.440686,0,0.635013,1,0,0
1765834820.1619139,2025-12-15 21:40:20,train,0.443056,0,0.635392,1,0,1
1765834832.370839,2025-12-15 21:40:32,train,0.470542,0,0.636529,1,0,1
1765834844.5814133,2025-12-15 21:40:44,train,0.4247,0,0.63124,0,0,1
1765834856.790784,2025-12-15 21:40:56,train,0.440161,0,0.634257,1,0,1
1765834868.9805906,2025-12-15 21:41:08,train,0.435464,0,0.635013,1,0,0
1765834881.1674118,2025-12-15 21:41:21,train,0.443584,0,0.636529,1,0,1
1765834893.3725724,2025-12-15 21:41:33,train,0.439899,0,0.636529,1,0,0
1765834905.5937448,2025-12-15 21:41:45,train,0.44597,0,0.641097,1,0,1
1765834917.8038633,2025-12-15 21:41:57,train,0.428769,0,0.63919,1,0,1
1765834929.9731696,2025-12-15 21:42:09,train,0.423689,0,0.637288,1,0,1
1765834942.1522117,2025-12-15 21:42:22,train,0.42067,0,0.637668,1,0,0
1765834954.3675811,2025-12-15 21:42:34,train,0.419918,0,0.634635,1,0,1
1765834966.5378745,2025-12-15 21:42:46,train,0.424953,0,0.639952,1,0,0
1765834978.756382,2025-12-15 21:42:58,train,0.429281,0,0.639571,1,0,0
1765834990.988491,2025-12-15 21:43:10,train,0.428769,0,0.639952,1,0,0
1765835003.1855762,2025-12-15 21:43:23,train,0.438328,0,0.642244,1,0,1
1765835015.3918283,2025-12-15 21:43:35,train,0.434169,0,0.645314,1,0,0
1765835027.59905,2025-12-15 21:43:47,train,0.440423,0,0.648011,1,0,0
1765835039.8115795,2025-12-15 21:43:59,train,0.457818,0,0.65422,1,0,1
1765835052.0139802,2025-12-15 21:44:12,train,0.465522,0,0.655781,1,0,1
1765835064.2324543,2025-12-15 21:44:24,train,0.470262,0,0.656563,1,0,0
1765835076.4428778,2025-12-15 21:44:36,train,0.436504,0,0.65344,1,0,0
1765835088.653999,2025-12-15 21:44:48,train,0.434687,0,0.65072,1,0,0
1765835100.856,2025-12-15 21:45:00,train,0.438328,0,0.65072,1,0,0
1765835113.0717378,2025-12-15 21:45:13,train,0.447301,0,0.651885,1,0,0
1765835125.2799206,2025-12-15 21:45:25,train,0.448101,0,0.651885,1,0,0
1765835137.4836452,2025-12-15 21:45:37,train,0.442264,0,0.652273,1,0,0
1765835149.6873767,2025-12-15 21:45:49,train,0.430049,0,0.649558,1,0,1
1765835161.8947418,2025-12-15 21:46:01,train,0.420419,0,0.644929,1,0,1
1765835174.097936,2025-12-15 21:46:14,train,0.406863,0,0.638048,1,0,0
1765835186.3060286,2025-12-15 21:46:26,train,0.411496,0,0.63919,1,0,1
1765835198.5231175,2025-12-15 21:46:38,train,0.410516,0,0.638428,1,0,0
1765835210.7299044,2025-12-15 21:46:50,train,0.409539,0,0.638428,1,0,1
1765835223.3045373,2025-12-15 21:47:03,train,0.40832,0,0.635013,1,0,1
1765835235.4616852,2025-12-15 21:47:15,train,0.400846,0,0.633501,0,0,1
1765835247.6851869,2025-12-15 21:47:27,train,0.402761,0,0.629737,0,0,1
1765835259.8696737,2025-12-15 21:47:39,train,0.403723,0,0.629737,0,0,1
1765835272.080553,2025-12-15 21:47:52,train,0.402042,0,0.630113,0,0,1
1765835284.2982953,2025-12-15 21:48:04,train,0.398464,0,0.625996,0,0,1
1765835296.471324,2025-12-15 21:48:16,train,0.399415,0,0.622647,0,0,1
1765835308.6691673,2025-12-15 21:48:28,train,0.397515,0,0.623018,0,0,0
1765835320.875335,2025-12-15 21:48:40,train,0.401085,0,0.620055,0,0,0
1765835333.108481,2025-12-15 21:48:53,train,0.39799,0,0.617106,0,0,1
1765835345.2965124,2025-12-15 21:49:05,train,0.399891,0,0.614171,0,0,0
1765835357.486994,2025-12-15 21:49:17,train,0.400368,0,0.613074,0,0,0
1765835369.693451,2025-12-15 21:49:29,train,0.397279,0,0.613074,0,0,0
1765835381.8965998,2025-12-15 21:49:41,train,0.403482,0,0.613074,0,0,0
1765835394.1104362,2025-12-15 21:49:54,train,0.40832,0,0.613439,0,0,0
1765835406.3150213,2025-12-15 21:50:06,train,0.408563,0,0.612343,0,0,0
1765835418.4976332,2025-12-15 21:50:18,train,0.405652,0,0.61125,0,0,1
1765835430.7726383,2025-12-15 21:50:30,train,0.418669,0,0.611979,0,0,0
1765835442.965085,2025-12-15 21:50:42,train,0.417175,0,0.61125,0,0,0
1765835455.1551692,2025-12-15 21:50:55,train,0.426476,0,0.61125,0,0,0
1765835467.3483374,2025-12-15 21:51:07,train,0.419918,0,0.611614,0,0,0
1765835479.54779,2025-12-15 21:51:19,train,0.41842,0,0.611614,0,0,0
1765835491.7378826,2025-12-15 21:51:31,train,0.42546,0,0.61125,0,0,0
1765835503.9539068,2025-12-15 21:51:43,train,0.431332,0,0.616738,0,0,1
1765835516.157447,2025-12-15 21:51:56,train,0.431075,0,0.617842,0,0,0
1765835528.377756,2025-12-15 21:52:08,train,0.428769,0,0.618579,0,0,0
1765835540.5516248,2025-12-15 21:52:20,train,0.428003,0,0.620425,0,0,0
1765835552.7690015,2025-12-15 21:52:32,train,0.42067,0,0.616371,0,0,0
1765835564.9618392,2025-12-15 21:52:44,train,0.430305,0,0.619686,0,0,0
1765835577.1774647,2025-12-15 21:52:57,train,0.433393,0,0.622276,0,0,0
1765835589.3887835,2025-12-15 21:53:09,train,0.437806,0,0.622276,0,0,0
1765835601.5921385,2025-12-15 21:53:21,train,0.435464,0,0.624505,0,0,0
1765835613.7919674,2025-12-15 21:53:33,train,0.440161,0,0.629737,0,0,0
1765835625.9743285,2025-12-15 21:53:45,train,0.443584,0,0.630864,0,0,1
1765835638.179,2025-12-15 21:53:58,train,0.446236,0,0.629362,0,0,0
1765835650.4319336,2025-12-15 21:54:10,train,0.44332,0,0.631616,0,0,0
1765835662.6268551,2025-12-15 21:54:22,train,0.454285,0,0.63124,0,0,1
1765835674.8342266,2025-12-15 21:54:34,train,0.478175,0,0.63237,0,0,0
1765835687.059887,2025-12-15 21:54:47,train,0.446236,0,0.630113,0,0,1
1765835699.2788894,2025-12-15 21:54:59,train,0.444113,0,0.627116,0,0,0
1765835711.477865,2025-12-15 21:55:11,train,0.449974,0,0.630864,0,0,0
1765835723.6890473,2025-12-15 21:55:23,train,0.46028,0,0.635013,1,0,1
1765835735.8822777,2025-12-15 21:55:35,train,0.458091,0,0.633879,1,0,0
1765835748.0914664,2025-12-15 21:55:48,train,0.454827,0,0.637668,1,0,0
1765835760.3361387,2025-12-15 21:56:00,train,0.440948,0,0.641479,1,0,0
1765835772.5490222,2025-12-15 21:56:12,train,0.431589,0,0.638048,1,0,0
1765835784.7761662,2025-12-15 21:56:24,train,0.431332,0,0.63919,1,0,1
1765835796.9821432,2025-12-15 21:56:36,train,0.427748,0,0.635771,1,0,1
1765835809.1911628,2025-12-15 21:56:49,train,0.42673,0,0.635771,1,0,0
1765835821.3900013,2025-12-15 21:57:01,train,0.426222,0,0.638809,1,0,0
1765835833.5882921,2025-12-15 21:57:13,train,0.427493,0,0.640333,1,0,1
1765835845.801567,2025-12-15 21:57:25,train,0.434687,0,0.641862,1,0,0
1765835858.0063317,2025-12-15 21:57:38,train,0.442264,0,0.641097,1,0,0
1765835870.1969986,2025-12-15 21:57:50,train,0.442001,0,0.644545,1,0,1
1765835882.4163895,2025-12-15 21:58:02,train,0.454285,0,0.649171,1,0,1
1765835894.626689,2025-12-15 21:58:14,train,0.476752,0,0.65539,1,0,0
1765835906.8286114,2025-12-15 21:58:26,train,0.481033,0,0.65539,1,0,1
1765835919.037514,2025-12-15 21:58:39,train,0.483044,0,0.657346,1,0,1
1765835931.2413085,2025-12-15 21:58:51,train,0.448368,0,0.655,1,0,0
1765835943.4248078,2025-12-15 21:59:03,train,0.448101,0,0.65383,1,0,1
1765835955.621145,2025-12-15 21:59:15,train,0.454827,0,0.65422,1,0,1
1765835967.8336296,2025-12-15 21:59:27,train,0.46028,0,0.65461,1,0,0
1765835980.0139396,2025-12-15 21:59:40,train,0.461929,0,0.65461,1,0,0
1765835992.3039954,2025-12-15 21:59:52,train,0.451855,0,0.65539,1,0,0
1765836004.509367,2025-12-15 22:00:04,train,0.440686,0,0.649945,1,0,1
1765836016.6893487,2025-12-15 22:00:16,train,0.4247,0,0.648397,1,0,1
1765836028.8852887,2025-12-15 22:00:28,train,0.425714,0,0.645698,1,0,1
1765836041.1322482,2025-12-15 22:00:41,train,0.421674,0,0.646083,1,0,0
1765836053.3192449,2025-12-15 22:00:53,train,0.419418,0,0.64301,1,0,0
1765836065.4953237,2025-12-15 22:01:05,train,0.416678,0,0.64301,1,0,0
1765836077.6850946,2025-12-15 22:01:17,train,0.430562,0,0.641479,1,0,1
1765836089.874493,2025-12-15 22:01:29,train,0.409051,0,0.638809,1,0,1
1765836102.0732477,2025-12-15 22:01:42,train,0.411251,0,0.637668,1,0,1
1765836114.2758794,2025-12-15 22:01:54,train,0.411251,0,0.637288,1,0,1
1765836126.5153005,2025-12-15 22:02:06,train,0.413955,0,0.634635,1,0,1
1765836138.7123244,2025-12-15 22:02:18,train,0.411251,0,0.633501,0,0,1
1765836150.920513,2025-12-15 22:02:30,train,0.40832,0,0.630113,0,0,0
1765836163.132108,2025-12-15 22:02:43,train,0.406863,0,0.627116,0,0,0
1765836175.3355317,2025-12-15 22:02:55,train,0.404928,0,0.627116,0,0,1
1765836187.531463,2025-12-15 22:03:07,train,0.402761,0,0.62339,0,0,0
1765836199.7258496,2025-12-15 22:03:19,train,0.398702,0,0.623018,0,0,1
1765836211.9817095,2025-12-15 22:03:31,train,0.396097,0,0.621164,0,0,0
1765836224.186627,2025-12-15 22:03:44,train,0.398464,0,0.618579,0,0,0
1765836236.4070547,2025-12-15 22:03:56,train,0.392806,0,0.61821,0,0,0
1765836248.6383939,2025-12-15 22:04:08,train,0.389078,0,0.61821,0,0,1
1765836260.8423903,2025-12-15 22:04:20,train,0.396333,0,0.621164,0,0,0
1765836273.057559,2025-12-15 22:04:33,train,0.390704,0,0.620794,0,0,0
1765836285.2662168,2025-12-15 22:04:45,train,0.393978,0,0.621905,0,0,0
1765836297.4737782,2025-12-15 22:04:57,train,0.387458,0,0.615637,0,0,0
1765836309.6829169,2025-12-15 22:05:09,train,0.383553,0,0.61527,0,0,0
1765836321.884574,2025-12-15 22:05:21,train,0.393274,0,0.61821,0,0,0
1765836334.1463056,2025-12-15 22:05:34,train,0.396097,0,0.618947,0,0,1
1765836346.3736534,2025-12-15 22:05:46,train,0.38931,0,0.617106,0,0,0
1765836358.565296,2025-12-15 22:05:58,train,0.388383,0,0.621535,0,0,0
1765836370.7601604,2025-12-15 22:06:10,train,0.389078,0,0.618947,0,0,1
1765836382.9730968,2025-12-15 22:06:22,train,0.389542,0,0.619316,0,0,0
1765836395.196008,2025-12-15 22:06:35,train,0.382184,0,0.620794,0,0,1
1765836407.4108012,2025-12-15 22:06:47,train,0.388152,0,0.621164,0,0,0
1765836419.5939808,2025-12-15 22:06:59,train,0.389078,0,0.624133,0,0,0
1765836431.78869,2025-12-15 22:07:11,train,0.393743,0,0.623761,0,0,1
1765836443.988687,2025-12-15 22:07:23,train,0.397752,0,0.62339,0,0,1
1765836456.2085822,2025-12-15 22:07:36,train,0.395861,0,0.627116,0,0,0
1765836468.4204566,2025-12-15 22:07:48,train,0.394213,0,0.626742,0,0,0
1765836480.6310163,2025-12-15 22:08:00,train,0.395861,0,0.630488,0,0,1
1765836492.8377464,2025-12-15 22:08:12,train,0.393509,0,0.63124,0,0,1
1765836505.0507982,2025-12-15 22:08:25,train,0.398702,0,0.63237,0,0,0
1765836517.2708263,2025-12-15 22:08:37,train,0.402761,0,0.636529,1,0,1
1765836529.4730735,2025-12-15 22:08:49,train,0.40662,0,0.636908,1,0,1
1765836541.6904068,2025-12-15 22:09:01,train,0.40832,0,0.638809,1,0,1
1765836553.9123073,2025-12-15 22:09:13,train,0.407348,0,0.636908,1,0,1
1765836566.1259725,2025-12-15 22:09:26,train,0.439637,0,0.636908,1,0,0
1765836578.3222342,2025-12-15 22:09:38,train,0.400846,0,0.635771,1,0,1
1765836590.5265062,2025-12-15 22:09:50,train,0.399891,0,0.635013,1,0,1
1765836602.7068129,2025-12-15 22:10:02,train,0.410271,0,0.638048,1,0,0
1765836614.9159958,2025-12-15 22:10:14,train,0.429536,0,0.641479,1,0,0
1765836627.1283054,2025-12-15 22:10:27,train,0.425968,0,0.642244,1,0,0
1765836639.3615127,2025-12-15 22:10:39,train,0.423437,0,0.644545,1,0,0
1765836651.6356914,2025-12-15 22:10:51,train,0.405652,0,0.643777,1,0,0
1765836663.8255188,2025-12-15 22:11:03,train,0.409539,0,0.639952,1,0,1
1765836676.072049,2025-12-15 22:11:16,train,0.406378,0,0.642627,1,0,0
1765836688.2578242,2025-12-15 22:11:28,train,0.408807,0,0.640715,1,0,0
1765836700.4615111,2025-12-15 22:11:40,train,0.420169,0,0.641862,1,0,1
1765836712.647151,2025-12-15 22:11:52,train,0.409783,0,0.641097,1,0,1
1765836724.8548782,2025-12-15 22:12:04,train,0.414696,0,0.641862,1,0,1
1765836737.090059,2025-12-15 22:12:17,train,0.415934,0,0.642244,1,0,0
1765836749.2827678,2025-12-15 22:12:29,train,0.419168,0,0.641097,1,0,0
1765836761.4650087,2025-12-15 22:12:41,train,0.43391,0,0.645314,1,0,1
1765836773.668174,2025-12-15 22:12:53,train,0.453744,0,0.649171,1,0,0
1765836785.8806927,2025-12-15 22:13:05,train,0.461104,0,0.65383,1,0,0
1765836798.0844467,2025-12-15 22:13:18,train,0.449706,0,0.65344,1,0,1
1765836810.2818475,2025-12-15 22:13:30,train,0.434428,0,0.652273,1,0,0
1765836822.4831157,2025-12-15 22:13:42,train,0.422428,0,0.647625,1,0,0
1765836834.732643,2025-12-15 22:13:54,train,0.431332,0,0.651108,1,0,1
1765836846.9573233,2025-12-15 22:14:06,train,0.427239,0,0.652662,1,0,1
1765836859.1759996,2025-12-15 22:14:19,train,0.434428,0,0.652273,1,0,1
1765836871.393081,2025-12-15 22:14:31,train,0.424194,0,0.65072,1,0,1
1765836883.6313941,2025-12-15 22:14:43,train,0.39799,0,0.642627,1,0,1
1765836895.819712,2025-12-15 22:14:55,train,0.39117,0,0.63919,1,0,0
1765836908.0386384,2025-12-15 22:15:08,train,0.396097,0,0.63919,1,0,0
1765836920.23707,2025-12-15 22:15:20,train,0.399653,0,0.638428,1,0,0
1765836932.4493425,2025-12-15 22:15:32,train,0.392572,0,0.638428,1,0,1
1765836944.6394277,2025-12-15 22:15:44,train,0.38401,0,0.637288,1,0,1
1765836956.8508868,2025-12-15 22:15:56,train,0.38264,0,0.635013,1,0,0
1765836969.0575337,2025-12-15 22:16:09,train,0.387458,0,0.630864,0,0,0
1765836981.2556984,2025-12-15 22:16:21,train,0.381274,0,0.630113,0,0,1
1765836993.4609263,2025-12-15 22:16:33,train,0.378783,0,0.628987,0,0,1
1765837005.681532,2025-12-15 22:16:45,train,0.378783,0,0.624877,0,0,1
1765837017.8952398,2025-12-15 22:16:57,train,0.376532,0,0.623018,0,0,0
1765837030.0986793,2025-12-15 22:17:10,train,0.379008,0,0.618579,0,0,1
1765837042.2954135,2025-12-15 22:17:22,train,0.374741,0,0.619316,0,0,1
1765837054.4928117,2025-12-15 22:17:34,train,0.373404,0,0.618947,0,0,1
1765837066.6957521,2025-12-15 22:17:46,train,0.379913,0,0.61527,0,0,1
1765837078.903471,2025-12-15 22:17:58,train,0.381501,0,0.613074,0,0,1
1765837091.1113844,2025-12-15 22:18:11,train,0.381956,0,0.610522,0,0,0
1765837103.3189123,2025-12-15 22:18:23,train,0.38931,0,0.612708,0,0,0
1765837115.5357392,2025-12-15 22:18:35,train,0.381274,0,0.609794,0,0,0
1765837127.704749,2025-12-15 22:18:47,train,0.383096,0,0.608705,0,0,1
1765837139.9049418,2025-12-15 22:18:59,train,0.393509,0,0.609068,0,0,0
1765837152.107568,2025-12-15 22:19:12,train,0.383781,0,0.608342,0,0,0
1765837164.3117702,2025-12-15 22:19:24,train,0.386305,0,0.609068,0,0,0
1765837176.5126746,2025-12-15 22:19:36,train,0.382868,0,0.610158,0,0,1
1765837188.7265284,2025-12-15 22:19:48,train,0.392338,0,0.610158,0,0,0
1765837200.9185948,2025-12-15 22:20:00,train,0.386305,0,0.609431,0,0,0
1765837213.1219494,2025-12-15 22:20:13,train,0.383324,0,0.609068,0,0,0
1765837225.3490334,2025-12-15 22:20:25,train,0.381728,0,0.612343,0,0,1
1765837237.5338967,2025-12-15 22:20:37,train,0.393509,0,0.613074,0,0,0
1765837249.7310097,2025-12-15 22:20:49,train,0.385845,0,0.616004,0,0,0
1765837261.968554,2025-12-15 22:21:01,train,0.390937,0,0.614903,0,0,0
1765837274.1621883,2025-12-15 22:21:14,train,0.392806,0,0.617842,0,0,0
1765837286.380053,2025-12-15 22:21:26,train,0.392806,0,0.617842,0,0,1
1765837298.5851717,2025-12-15 22:21:38,train,0.397515,0,0.622276,0,0,0
1765837310.781313,2025-12-15 22:21:50,train,0.388846,0,0.622276,0,0,1
1765837322.9701536,2025-12-15 22:22:02,train,0.40662,0,0.626369,0,0,0
1765837335.1679473,2025-12-15 22:22:15,train,0.401803,0,0.630113,0,0,0
1765837347.3735292,2025-12-15 22:22:27,train,0.405652,0,0.629737,0,0,0
1765837359.5867057,2025-12-15 22:22:39,train,0.41643,0,0.630113,0,0,1
1765837371.806541,2025-12-15 22:22:51,train,0.433135,0,0.630488,0,0,0
1765837384.0542204,2025-12-15 22:23:04,train,0.441738,0,0.631993,0,0,1
1765837396.2440598,2025-12-15 22:23:16,train,0.414202,0,0.62749,0,0,0
1765837408.4515226,2025-12-15 22:23:28,train,0.404928,0,0.628612,0,0,1
1765837420.6573863,2025-12-15 22:23:40,train,0.412232,0,0.63124,0,0,1
1765837432.8421073,2025-12-15 22:23:52,train,0.41297,0,0.634257,1,0,0
1765837445.047115,2025-12-15 22:24:05,train,0.41297,0,0.635013,1,0,0
1765837457.2361996,2025-12-15 22:24:17,train,0.406378,0,0.635771,1,0,1
1765837469.439179,2025-12-15 22:24:29,train,0.406863,0,0.640715,1,0,0
1765837481.6477084,2025-12-15 22:24:41,train,0.409539,0,0.638048,1,0,0
1765837493.8848262,2025-12-15 22:24:53,train,0.408563,0,0.634635,1,0,1
1765837506.0907686,2025-12-15 22:25:06,train,0.399653,0,0.634257,1,0,0
1765837518.2858784,2025-12-15 22:25:18,train,0.407834,0,0.632747,0,0,0
1765837530.4986024,2025-12-15 22:25:30,train,0.399415,0,0.635013,1,0,0
1765837542.7040353,2025-12-15 22:25:42,train,0.403723,0,0.636908,1,0,0
1765837554.8862774,2025-12-15 22:25:54,train,0.406136,0,0.637288,1,0,1
1765837567.0899365,2025-12-15 22:26:07,train,0.41297,0,0.63919,1,0,1
1765837579.297902,2025-12-15 22:26:19,train,0.414943,0,0.638428,1,0,0
1765837591.5021353,2025-12-15 22:26:31,train,0.425968,0,0.645698,1,0,1
1765837603.714865,2025-12-15 22:26:43,train,0.445173,0,0.652273,1,0,0
1765837615.9136055,2025-12-15 22:26:55,train,0.457546,0,0.655,1,0,0
1765837628.1215138,2025-12-15 22:27:08,train,0.473919,0,0.659701,1,0,0
1765837640.325667,2025-12-15 22:27:20,train,0.434169,0,0.651496,1,0,0
1765837652.5256832,2025-12-15 22:27:32,train,0.412478,0,0.651108,1,0,1
1765837664.725979,2025-12-15 22:27:44,train,0.425207,0,0.648397,1,0,0
1765837676.9839003,2025-12-15 22:27:56,train,0.429025,0,0.651496,1,0,0
1765837689.195751,2025-12-15 22:28:09,train,0.427239,0,0.656563,1,0,0
1765837701.3903565,2025-12-15 22:28:21,train,0.421674,0,0.65344,1,0,0
1765837713.5815244,2025-12-15 22:28:33,train,0.413462,0,0.653051,1,0,1
1765837725.7893846,2025-12-15 22:28:45,train,0.400368,0,0.647625,1,0,1
1765837738.013383,2025-12-15 22:28:58,train,0.392104,0,0.642244,1,0,1
1765837750.2018025,2025-12-15 22:29:10,train,0.392104,0,0.640333,1,0,1
1765837762.3848965,2025-12-15 22:29:22,train,0.386997,0,0.641479,1,0,0
1765837774.5786986,2025-12-15 22:29:34,train,0.392806,0,0.63919,1,0,0
1765837786.7869875,2025-12-15 22:29:46,train,0.386766,0,0.635013,1,0,0
1765837799.032332,2025-12-15 22:29:59,train,0.388615,0,0.637668,1,0,0
1765837811.2070892,2025-12-15 22:30:11,train,0.390704,0,0.634257,1,0,0
1765837823.3714826,2025-12-15 22:30:23,train,0.378331,0,0.631993,0,0,0
1765837835.5596306,2025-12-15 22:30:35,train,0.376756,0,0.631616,0,0,1
1765837847.7555835,2025-12-15 22:30:47,train,0.376756,0,0.628238,0,0,0
1765837859.9230354,2025-12-15 22:30:59,train,0.378331,0,0.624133,0,0,0
1765837872.1807497,2025-12-15 22:31:12,train,0.379234,0,0.623761,0,0,0
1765837884.4047506,2025-12-15 22:31:24,train,0.383096,0,0.621164,0,0,1
1765837896.6200821,2025-12-15 22:31:36,train,0.388615,0,0.618579,0,0,0
1765837908.812788,2025-12-15 22:31:48,train,0.390704,0,0.618947,0,0,0
1765837921.0437536,2025-12-15 22:32:01,train,0.390239,0,0.616371,0,0,0
1765837933.2427177,2025-12-15 22:32:13,train,0.39304,0,0.616738,0,0,1
1765837945.446723,2025-12-15 22:32:25,train,0.399415,0,0.616738,0,0,1
1765837957.6546998,2025-12-15 22:32:37,train,0.398227,0,0.614171,0,0,1
1765837969.862847,2025-12-15 22:32:49,train,0.404686,0,0.614903,0,0,0
1765837982.0663583,2025-12-15 22:33:02,train,0.401085,0,0.614903,0,0,1
1765837994.2663043,2025-12-15 22:33:14,train,0.399415,0,0.616371,0,0,1
1765838006.470246,2025-12-15 22:33:26,train,0.400368,0,0.617474,0,0,0
1765838018.6628559,2025-12-15 22:33:38,train,0.406863,0,0.617842,0,0,0
1765838030.875762,2025-12-15 22:33:50,train,0.408807,0,0.616738,0,0,0
1765838043.0840821,2025-12-15 22:34:03,train,0.407834,0,0.618579,0,0,1
1765838055.2786312,2025-12-15 22:34:15,train,0.410516,0,0.621164,0,0,1
1765838067.4782481,2025-12-15 22:34:27,train,0.404445,0,0.620794,0,0,1
1765838079.6822455,2025-12-15 22:34:39,train,0.416926,0,0.621905,0,0,0
1765838091.9431942,2025-12-15 22:34:51,train,0.418919,0,0.620425,0,0,0
1765838104.1447942,2025-12-15 22:35:04,train,0.416182,0,0.622647,0,0,0
1765838116.322947,2025-12-15 22:35:16,train,0.423437,0,0.62339,0,0,0
1765838128.5301359,2025-12-15 22:35:28,train,0.421925,0,0.622276,0,0,1
1765838140.7393322,2025-12-15 22:35:40,train,0.430562,0,0.625623,0,0,0
1765838152.9625325,2025-12-15 22:35:52,train,0.4247,0,0.62749,0,0,1
1765838165.237454,2025-12-15 22:36:05,train,0.440686,0,0.631616,0,0,1
1765838177.435923,2025-12-15 22:36:17,train,0.436764,0,0.631616,0,0,1
1765838189.6564896,2025-12-15 22:36:29,train,0.445438,0,0.63237,0,0,1
1765838201.861081,2025-12-15 22:36:41,train,0.444643,0,0.63237,0,0,1
1765838214.0860531,2025-12-15 22:36:54,train,0.460829,0,0.633124,0,0,1
1765838226.2953217,2025-12-15 22:37:06,train,0.479031,0,0.632747,0,0,0
1765838238.490792,2025-12-15 22:37:18,train,0.438851,0,0.629737,0,0,1
1765838250.7049546,2025-12-15 22:37:30,train,0.439375,0,0.629362,0,0,0
1765838262.9156768,2025-12-15 22:37:42,train,0.442264,0,0.633124,0,0,0
1765838275.126281,2025-12-15 22:37:55,train,0.44917,0,0.63615,1,0,0
1765838287.3369105,2025-12-15 22:38:07,train,0.442792,0,0.638428,1,0,0
1765838299.5089548,2025-12-15 22:38:19,train,0.436764,0,0.637668,1,0,1
1765838311.696323,2025-12-15 22:38:31,train,0.435724,0,0.637288,1,0,0
1765838323.881407,2025-12-15 22:38:43,train,0.436504,0,0.63615,1,0,0
1765838336.0869212,2025-12-15 22:38:56,train,0.433393,0,0.637288,1,0,1
1765838348.284973,2025-12-15 22:39:08,train,0.436764,0,0.637288,1,0,1
1765838360.4866939,2025-12-15 22:39:20,train,0.435205,0,0.640333,1,0,1
1765838372.7079556,2025-12-15 22:39:32,train,0.431589,0,0.639571,1,0,0
1765838384.9232533,2025-12-15 22:39:44,train,0.437546,0,0.643777,1,0,1
1765838397.1369195,2025-12-15 22:39:57,train,0.432877,0,0.642627,1,0,0
1765838409.3578653,2025-12-15 22:40:09,train,0.436244,0,0.644929,1,0,0
1765838421.5666342,2025-12-15 22:40:21,train,0.454827,0,0.651496,1,0,0
1765838433.8043947,2025-12-15 22:40:33,train,0.468863,0,0.657346,1,0,0
1765838446.0331354,2025-12-15 22:40:46,train,0.477605,0,0.656563,1,0,0
1765838458.2335377,2025-12-15 22:40:58,train,0.492344,0,0.657738,1,0,0
1765838470.438553,2025-12-15 22:41:10,train,0.442528,0,0.65461,1,0,1
1765838482.7037423,2025-12-15 22:41:22,train,0.446502,0,0.65072,1,0,1
1765838494.93198,2025-12-15 22:41:34,train,0.444113,0,0.65422,1,0,1
1765838507.2338853,2025-12-15 22:41:47,train,0.452394,0,0.655,1,0,1
1765838519.444882,2025-12-15 22:41:59,train,0.455369,0,0.65539,1,0,0
1765838531.6789918,2025-12-15 22:42:11,train,0.449438,0,0.65383,1,0,0
1765838543.8976133,2025-12-15 22:42:23,train,0.444643,0,0.649945,1,0,1
1765838556.111187,2025-12-15 22:42:36,train,0.432877,0,0.641862,1,0,0
1765838568.3304365,2025-12-15 22:42:48,train,0.426984,0,0.640715,1,0,0
1765838580.536465,2025-12-15 22:43:00,train,0.431332,0,0.641479,1,0,1
1765838592.7128558,2025-12-15 22:43:12,train,0.42546,0,0.641097,1,0,1
1765838604.9210083,2025-12-15 22:43:24,train,0.431846,0,0.63919,1,0,1
1765838617.1105194,2025-12-15 22:43:37,train,0.438328,0,0.638809,1,0,0
1765838629.3179183,2025-12-15 22:43:49,train,0.419168,0,0.633501,0,0,0
1765838641.5224433,2025-12-15 22:44:01,train,0.422932,0,0.63237,0,0,0
1765838653.7468486,2025-12-15 22:44:13,train,0.419418,0,0.63237,0,0,1
1765838665.9699042,2025-12-15 22:44:25,train,0.414202,0,0.629362,0,0,0
1765838678.1728044,2025-12-15 22:44:38,train,0.419168,0,0.62339,0,0,0
1765838690.3784502,2025-12-15 22:44:50,train,0.412232,0,0.621164,0,0,1
1765838702.5847437,2025-12-15 22:45:02,train,0.419168,0,0.620794,0,0,0
1765838714.773408,2025-12-15 22:45:14,train,0.416678,0,0.618947,0,0,0
1765838726.9773045,2025-12-15 22:45:26,train,0.417921,0,0.614537,0,0,1
1765838739.173017,2025-12-15 22:45:39,train,0.425968,0,0.614537,0,0,0
1765838751.3832693,2025-12-15 22:45:51,train,0.429792,0,0.614537,0,0,0
1765838763.6008832,2025-12-15 22:46:03,train,0.429536,0,0.617106,0,0,1
1765838775.7918873,2025-12-15 22:46:15,train,0.433393,0,0.611979,0,0,0
1765838787.9864922,2025-12-15 22:46:27,train,0.430305,0,0.610885,0,0,0
1765838800.1904085,2025-12-15 22:46:40,train,0.431075,0,0.610158,0,0,0
1765838812.409922,2025-12-15 22:46:52,train,0.434169,0,0.613439,0,0,1
1765838824.628369,2025-12-15 22:47:04,train,0.435205,0,0.616371,0,0,0
1765838836.820862,2025-12-15 22:47:16,train,0.443056,0,0.616004,0,0,0
1765838849.0340254,2025-12-15 22:47:29,train,0.437024,0,0.612343,0,0,0
1765838861.2860196,2025-12-15 22:47:41,train,0.445173,0,0.612708,0,0,0
1765838873.4789977,2025-12-15 22:47:53,train,0.448101,0,0.617106,0,0,1
1765838885.691397,2025-12-15 22:48:05,train,0.447301,0,0.618579,0,0,1
1765838897.87463,2025-12-15 22:48:17,train,0.444113,0,0.61821,0,0,0
1765838910.0732753,2025-12-15 22:48:30,train,0.441738,0,0.618947,0,0,1
1765838922.2460444,2025-12-15 22:48:42,train,0.446502,0,0.619316,0,0,0
1765838934.4328914,2025-12-15 22:48:54,train,0.448903,0,0.622276,0,0,1
1765838946.666982,2025-12-15 22:49:06,train,0.448635,0,0.623018,0,0,0
1765838958.8644433,2025-12-15 22:49:18,train,0.453744,0,0.624133,0,0,1
1765838971.0687296,2025-12-15 22:49:31,train,0.450242,0,0.624877,0,0,1
1765838983.251722,2025-12-15 22:49:43,train,0.457818,0,0.627864,0,0,0
1765838995.4340987,2025-12-15 22:49:55,train,0.460829,0,0.633124,0,0,1
1765839007.6213481,2025-12-15 22:50:07,train,0.461929,0,0.633124,0,0,1
1765839019.8117964,2025-12-15 22:50:19,train,0.463584,0,0.633879,1,0,0
1765839032.051965,2025-12-15 22:50:32,train,0.473919,0,0.634635,1,0,0
1765839044.285788,2025-12-15 22:50:44,train,0.480174,0,0.633879,1,0,0
1765839056.4791865,2025-12-15 22:50:56,train,0.495582,0,0.634257,1,0,1
1765839068.6458297,2025-12-15 22:51:08,train,0.477036,0,0.63237,0,0,0
1765839080.836917,2025-12-15 22:51:20,train,0.474767,0,0.63237,0,0,0
1765839093.065244,2025-12-15 22:51:33,train,0.479031,0,0.633501,0,0,0
1765839105.2752073,2025-12-15 22:51:45,train,0.504522,0,0.632747,0,0,0
1765839117.477548,2025-12-15 22:51:57,train,0.497061,0,0.635392,1,0,0
1765839129.6884954,2025-12-15 22:52:09,train,0.493813,0,0.638809,1,0,1
1765839141.8608384,2025-12-15 22:52:21,train,0.485931,0,0.637668,1,0,1
1765839154.0494146,2025-12-15 22:52:34,train,0.48132,0,0.634257,1,0,1
1765839166.2763479,2025-12-15 22:52:46,train,0.472228,0,0.636529,1,0,0
1765839178.4981887,2025-12-15 22:52:58,train,0.468863,0,0.634635,1,0,0
1765839190.706021,2025-12-15 22:53:10,train,0.468863,0,0.63919,1,0,1
1765839202.918186,2025-12-15 22:53:22,train,0.467189,0,0.639952,1,0,1
1765839215.099263,2025-12-15 22:53:35,train,0.469702,0,0.64301,1,0,0
1765839227.3529997,2025-12-15 22:53:47,train,0.468863,0,0.644161,1,0,1
1765839239.5416844,2025-12-15 22:53:59,train,0.47505,0,0.644545,1,0,1
1765839251.750283,2025-12-15 22:54:11,train,0.490002,0,0.649558,1,0,0
1765839263.9678319,2025-12-15 22:54:23,train,0.499139,0,0.651885,1,0,1
1765839276.176282,2025-12-15 22:54:36,train,0.502422,0,0.656563,1,0,1
1765839288.3612032,2025-12-15 22:54:48,train,0.501225,0,0.657738,1,0,0
1765839300.5554118,2025-12-15 22:55:00,train,0.469702,0,0.653051,1,0,1
1765839312.7631037,2025-12-15 22:55:12,train,0.470823,0,0.652273,1,0,0
1765839324.967839,2025-12-15 22:55:24,train,0.479888,0,0.655781,1,0,0
1765839337.1819415,2025-12-15 22:55:37,train,0.486221,0,0.656172,1,0,0
1765839349.3998902,2025-12-15 22:55:49,train,0.479888,0,0.656563,1,0,1
1765839361.6058414,2025-12-15 22:56:01,train,0.476468,0,0.65461,1,0,0
1765839373.7982054,2025-12-15 22:56:13,train,0.46386,0,0.650332,1,0,1
1765839386.0156486,2025-12-15 22:56:26,train,0.458638,0,0.647625,1,0,0
1765839398.2272644,2025-12-15 22:56:38,train,0.447301,0,0.644161,1,0,1
1765839410.4288616,2025-12-15 22:56:50,train,0.448903,0,0.643394,1,0,1
1765839422.608467,2025-12-15 22:57:02,train,0.435724,0,0.643394,1,0,0
1765839434.774659,2025-12-15 22:57:14,train,0.436504,0,0.639571,1,0,0
1765839446.995894,2025-12-15 22:57:26,train,0.432361,0,0.63919,1,0,1
1765839459.2137055,2025-12-15 22:57:39,train,0.427748,0,0.636908,1,0,0
1765839471.4202063,2025-12-15 22:57:51,train,0.425968,0,0.634635,1,0,1
1765839483.581719,2025-12-15 22:58:03,train,0.429792,0,0.634635,1,0,0
1765839495.7502768,2025-12-15 22:58:15,train,0.432877,0,0.629737,0,0,1
1765839507.944794,2025-12-15 22:58:27,train,0.428769,0,0.624877,0,0,0
1765839520.1842191,2025-12-15 22:58:40,train,0.424194,0,0.624877,0,0,0
1765839532.3928773,2025-12-15 22:58:52,train,0.422428,0,0.621164,0,0,0
1765839544.626556,2025-12-15 22:59:04,train,0.429025,0,0.619316,0,0,1
1765839556.8296256,2025-12-15 22:59:16,train,0.437285,0,0.61821,0,0,0
1765839569.0403707,2025-12-15 22:59:29,train,0.42546,0,0.615637,0,0,1
1765839581.2522054,2025-12-15 22:59:41,train,0.423942,0,0.61527,0,0,0
1765839593.4735668,2025-12-15 22:59:53,train,0.42673,0,0.615637,0,0,1
1765839605.6974099,2025-12-15 23:00:05,train,0.426222,0,0.618947,0,0,1
1765839617.864698,2025-12-15 23:00:17,train,0.42546,0,0.617106,0,0,0
1765839630.0560727,2025-12-15 23:00:30,train,0.4247,0,0.617106,0,0,1
1765839642.2160666,2025-12-15 23:00:42,train,0.424953,0,0.61527,0,0,0
1765839654.4054463,2025-12-15 23:00:54,train,0.427239,0,0.616738,0,0,0
1765839666.5861616,2025-12-15 23:01:06,train,0.422177,0,0.615637,0,0,1
1765839678.7617128,2025-12-15 23:01:18,train,0.422428,0,0.613805,0,0,0
1765839691.0010822,2025-12-15 23:01:31,train,0.423184,0,0.616004,0,0,1
1765839703.2639515,2025-12-15 23:01:43,train,0.428003,0,0.617106,0,0,1
1765839715.4705966,2025-12-15 23:01:55,train,0.427748,0,0.618579,0,0,0
1765839727.6779256,2025-12-15 23:02:07,train,0.428258,0,0.619316,0,0,0
1765839739.9430728,2025-12-15 23:02:19,train,0.426984,0,0.620055,0,0,0
1765839752.1501417,2025-12-15 23:02:32,train,0.431075,0,0.621535,0,0,0
1765839764.3458238,2025-12-15 23:02:44,train,0.427239,0,0.619686,0,0,0
1765839776.54864,2025-12-15 23:02:56,train,0.430049,0,0.622647,0,0,0
1765839788.7323923,2025-12-15 23:03:08,train,0.443056,0,0.626742,0,0,1
1765839800.921574,2025-12-15 23:03:20,train,0.433652,0,0.62525,0,0,1
1765839813.135226,2025-12-15 23:03:33,train,0.434946,0,0.628238,0,0,1
1765839825.3419118,2025-12-15 23:03:45,train,0.433135,0,0.628238,0,0,0
1765839837.561388,2025-12-15 23:03:57,train,0.443056,0,0.633124,0,0,1
1765839849.7700057,2025-12-15 23:04:09,train,0.442528,0,0.633879,1,0,0
1765839861.9387453,2025-12-15 23:04:21,train,0.443849,0,0.633501,0,0,0
1765839874.1283836,2025-12-15 23:04:34,train,0.452934,0,0.633879,1,0,1
1765839886.3262417,2025-12-15 23:04:46,train,0.467189,0,0.633879,1,0,0
1765839898.5278163,2025-12-15 23:04:58,train,0.478175,0,0.635013,1,0,0
1765839910.7305672,2025-12-15 23:05:10,train,0.442792,0,0.630488,0,0,0
1765839922.913299,2025-12-15 23:05:22,train,0.450779,0,0.63124,0,0,1
1765839935.112632,2025-12-15 23:05:35,train,0.460555,0,0.634635,1,0,0
1765839947.3226485,2025-12-15 23:05:47,train,0.456728,0,0.636529,1,0,0
1765839959.553924,2025-12-15 23:05:59,train,0.468863,0,0.635771,1,0,1
1765839971.7631161,2025-12-15 23:06:11,train,0.445173,0,0.638809,1,0,1
1765839983.9383402,2025-12-15 23:06:23,train,0.447034,0,0.640333,1,0,1
1765839996.126425,2025-12-15 23:06:36,train,0.443584,0,0.638048,1,0,1
1765840008.3504179,2025-12-15 23:06:48,train,0.429536,0,0.640715,1,0,0
1765840020.5463233,2025-12-15 23:07:00,train,0.435205,0,0.636908,1,0,0
1765840032.751527,2025-12-15 23:07:12,train,0.433135,0,0.640715,1,0,0
1765840045.0367572,2025-12-15 23:07:25,train,0.430049,0,0.644161,1,0,1
1765840057.2644255,2025-12-15 23:07:37,train,0.429536,0,0.641862,1,0,0
1765840069.456901,2025-12-15 23:07:49,train,0.439113,0,0.648011,1,0,0
1765840081.6602373,2025-12-15 23:08:01,train,0.440948,0,0.643394,1,0,1
1765840093.8946147,2025-12-15 23:08:13,train,0.452125,0,0.648784,1,0,0
1765840106.1281345,2025-12-15 23:08:26,train,0.462756,0,0.653051,1,0,1
1765840118.3314373,2025-12-15 23:08:38,train,0.476184,0,0.655781,1,0,1
1765840130.5404031,2025-12-15 23:08:50,train,0.482181,0,0.658915,1,0,0
1765840142.7403483,2025-12-15 23:09:02,train,0.455913,0,0.657738,1,0,0
1765840154.9508634,2025-12-15 23:09:14,train,0.447034,0,0.65813,1,0,0
1765840167.1560326,2025-12-15 23:09:27,train,0.455913,0,0.65461,1,0,0
1765840179.3673081,2025-12-15 23:09:39,train,0.457001,0,0.656563,1,0,0
1765840191.5613637,2025-12-15 23:09:51,train,0.46469,0,0.657738,1,0,0
1765840203.7723148,2025-12-15 23:10:03,train,0.460555,0,0.655,1,0,0
1765840215.941925,2025-12-15 23:10:15,train,0.445704,0,0.652273,1,0,0
1765840228.1471117,2025-12-15 23:10:28,train,0.435724,0,0.648011,1,0,0
1765840240.3560908,2025-12-15 23:10:40,train,0.425207,0,0.641862,1,0,0
1765840252.559891,2025-12-15 23:10:52,train,0.431846,0,0.640715,1,0,0
1765840264.7571056,2025-12-15 23:11:04,train,0.434687,0,0.641862,1,0,0
1765840276.9426696,2025-12-15 23:11:16,train,0.433652,0,0.641097,1,0,0
1765840289.1671414,2025-12-15 23:11:29,train,0.437285,0,0.638048,1,0,0
1765840301.4132767,2025-12-15 23:11:41,train,0.43859,0,0.633501,0,0,0
1765840313.6757164,2025-12-15 23:11:53,train,0.439113,0,0.630113,0,0,0
1765840325.8919327,2025-12-15 23:12:05,train,0.438067,0,0.628612,0,0,0
1765840338.084962,2025-12-15 23:12:18,train,0.432619,0,0.625996,0,0,0
1765840350.3194377,2025-12-15 23:12:30,train,0.437024,0,0.622647,0,0,0
1765840362.5387254,2025-12-15 23:12:42,train,0.433393,0,0.622276,0,0,0
1765840374.7553353,2025-12-15 23:12:54,train,0.435205,0,0.616738,0,0,0
1765840386.959693,2025-12-15 23:13:06,train,0.428003,0,0.61125,0,0,0
1765840399.1439767,2025-12-15 23:13:19,train,0.431846,0,0.607618,0,0,0
1765840411.3589294,2025-12-15 23:13:31,train,0.427493,0,0.606171,0,0,0
1765840423.539959,2025-12-15 23:13:43,train,0.427239,0,0.603288,0,0,0
1765840435.7199483,2025-12-15 23:13:55,train,0.432104,0,0.602929,0,0,0
1765840447.926787,2025-12-15 23:14:07,train,0.425968,0,0.601493,0,0,0
1765840460.1210551,2025-12-15 23:14:20,train,0.423437,0,0.601493,0,0,0
1765840472.3260329,2025-12-15 23:14:32,train,0.422932,0,0.599703,0,0,0
1765840484.5014975,2025-12-15 23:14:44,train,0.428769,0,0.599346,0,0,0
1765840496.697269,2025-12-15 23:14:56,train,0.425714,0,0.599703,0,0,0
1765840508.963846,2025-12-15 23:15:08,train,0.4247,0,0.599346,0,0,0
1765840521.1523056,2025-12-15 23:15:21,train,0.421423,0,0.597207,0,0,0
1765840533.3302536,2025-12-15 23:15:33,train,0.426984,0,0.600777,0,0,0
1765840545.5085514,2025-12-15 23:15:45,train,0.423942,0,0.601852,0,0,0
1765840557.690211,2025-12-15 23:15:57,train,0.429536,0,0.598632,0,0,0
1765840569.9241467,2025-12-15 23:16:09,train,0.428003,0,0.60221,0,0,0
1765840582.1434786,2025-12-15 23:16:22,train,0.434428,0,0.607256,0,0,0
1765840594.3359733,2025-12-15 23:16:34,train,0.432361,0,0.614903,0,0,0
1765840606.541842,2025-12-15 23:16:46,train,0.439113,0,0.613805,0,0,0
1765840618.7495394,2025-12-15 23:16:58,train,0.439113,0,0.61125,0,0,0
1765840630.950072,2025-12-15 23:17:10,train,0.431332,0,0.611614,0,0,0
1765840643.1781695,2025-12-15 23:17:23,train,0.433393,0,0.615637,0,0,0
1765840655.4051254,2025-12-15 23:17:35,train,0.439375,0,0.620794,0,0,0
1765840667.6051605,2025-12-15 23:17:47,train,0.437806,0,0.622647,0,0,0
1765840679.811968,2025-12-15 23:17:59,train,0.44597,0,0.62749,0,0,0
1765840692.0231757,2025-12-15 23:18:12,train,0.449438,0,0.629737,0,0,0
1765840704.2290359,2025-12-15 23:18:24,train,0.450242,0,0.633124,0,0,0
1765840716.4078667,2025-12-15 23:18:36,train,0.455098,0,0.636529,1,0,0
1765840728.6360738,2025-12-15 23:18:48,train,0.488836,0,0.644161,1,0,0
1765840740.8276765,2025-12-15 23:19:00,train,0.643777,1,0.682495,1,0,0
1765840753.0417702,2025-12-15 23:19:13,train,0.679249,1,0.693565,1,0,0
1765840765.3145447,2025-12-15 23:19:25,train,0.676421,1,0.690678,1,0,0
1765840777.5169814,2025-12-15 23:19:37,train,0.681682,1,0.681276,1,0,0
1765840789.7375948,2025-12-15 23:19:49,train,0.681276,1,0.676421,1,0,0
1765840801.9564044,2025-12-15 23:20:01,train,0.678844,1,0.679654,1,0,0
1765840814.1814537,2025-12-15 23:20:14,train,0.677632,1,0.680059,1,0,0
1765840826.3545966,2025-12-15 23:20:26,train,0.676018,1,0.680059,1,0,0
1765840838.5427253,2025-12-15 23:20:38,train,0.67844,1,0.676824,1,0,0
1765840850.781828,2025-12-15 23:20:50,train,0.680059,1,0.672803,1,0,0
1765840862.9907,2025-12-15 23:21:02,train,0.67844,1,0.671201,1,0,0
1765840875.1818511,2025-12-15 23:21:15,train,0.677632,1,0.667611,1,0,0
1765840887.404422,2025-12-15 23:21:27,train,0.676421,1,0.668407,1,0,0
1765840899.6047785,2025-12-15 23:21:39,train,0.67844,1,0.667611,1,0,0
1765840911.806302,2025-12-15 23:21:51,train,0.67844,1,0.668009,1,0,0
1765840924.0491343,2025-12-15 23:22:04,train,0.675615,1,0.669603,1,0,0
1765840936.24683,2025-12-15 23:22:16,train,0.677228,1,0.670801,1,0,0
1765840948.4668822,2025-12-15 23:22:28,train,0.677228,1,0.675615,1,0,0
1765840960.6683524,2025-12-15 23:22:40,train,0.677632,1,0.682088,1,0,0
1765840972.8424907,2025-12-15 23:22:52,train,0.677632,1,0.684124,1,0,0
1765840985.0920653,2025-12-15 23:23:05,train,0.679654,1,0.683716,1,0,0
1765840997.2753265,2025-12-15 23:23:17,train,0.683309,1,0.69688,1,0,0
1765841009.4823909,2025-12-15 23:23:29,train,0.686574,1,0.701881,1,0,0
1765841021.6758683,2025-12-15 23:23:41,train,0.687393,1,0.710297,1,0,0
1765841033.8559923,2025-12-15 23:23:53,train,0.686574,1,0.701881,1,0,0
1765841046.0423837,2025-12-15 23:24:06,train,0.680464,1,0.698127,1,0,0
1765841058.2296379,2025-12-15 23:24:18,train,0.692739,1,0.694393,1,0,0
1765841070.4447055,2025-12-15 23:24:30,train,0.686165,1,0.689444,1,0,0
1765841082.6549218,2025-12-15 23:24:42,train,0.682088,1,0.67844,1,0,0
1765841094.8610303,2025-12-15 23:24:54,train,0.677632,1,0.676018,1,0,0
1765841107.0471652,2025-12-15 23:25:07,train,0.672803,1,0.672803,1,0,0
1765841119.2247708,2025-12-15 23:25:19,train,0.671201,1,0.662064,1,0,0
1765841131.4212065,2025-12-15 23:25:31,train,0.674811,1,0.65344,1,0,0
1765841143.6549654,2025-12-15 23:25:43,train,0.676421,1,0.649558,1,0,0
1765841155.888055,2025-12-15 23:25:55,train,0.674409,1,0.644929,1,0,0
1765841168.0796323,2025-12-15 23:26:08,train,0.670801,1,0.640715,1,0,0
1765841180.2609227,2025-12-15 23:26:20,train,0.668805,1,0.639952,1,0,0
1765841192.4757028,2025-12-15 23:26:32,train,0.665624,1,0.636529,1,0,0
1765841204.701063,2025-12-15 23:26:44,train,0.66404,1,0.627864,0,0,0
1765841216.8994374,2025-12-15 23:26:56,train,0.662853,1,0.624133,0,0,0
1765841229.0952783,2025-12-15 23:27:09,train,0.661669,1,0.624877,0,0,0
1765841241.3051932,2025-12-15 23:27:21,train,0.658522,1,0.619316,0,0,0
1765841253.5204628,2025-12-15 23:27:33,train,0.656954,1,0.620794,0,0,0
1765841265.7236795,2025-12-15 23:27:45,train,0.655,1,0.612708,0,0,0
1765841277.92619,2025-12-15 23:27:57,train,0.652662,1,0.617474,0,0,0
1765841290.1303961,2025-12-15 23:28:10,train,0.651885,1,0.609068,0,0,0
1765841302.337322,2025-12-15 23:28:22,train,0.647239,1,0.605088,0,0,0
1765841314.5404246,2025-12-15 23:28:34,train,0.646854,1,0.600777,0,0,0
1765841326.756157,2025-12-15 23:28:46,train,0.647625,1,0.600419,0,0,0
1765841338.949531,2025-12-15 23:28:58,train,0.647239,1,0.598989,0,0,0
1765841351.1518953,2025-12-15 23:29:11,train,0.643777,1,0.597207,0,0,0
1765841363.3354244,2025-12-15 23:29:23,train,0.643777,1,0.597563,0,0,0
1765841375.543285,2025-12-15 23:29:35,train,0.640715,1,0.598276,0,0,0
1765841387.763934,2025-12-15 23:29:47,train,0.638809,1,0.599346,0,0,0
1765841399.9532285,2025-12-15 23:29:59,train,0.635392,1,0.601493,0,0,0
1765841412.1172364,2025-12-15 23:30:12,train,0.636908,1,0.601852,0,0,0
1765841424.2972128,2025-12-15 23:30:24,train,0.635013,1,0.596851,0,0,0
1765841436.4700198,2025-12-15 23:30:36,train,0.63237,1,0.594366,0,0,0
1765841448.6335807,2025-12-15 23:30:48,train,0.63237,1,0.593305,0,0,0
1765841460.822052,2025-12-15 23:31:00,train,0.634257,1,0.59543,0,0,0
1765841473.0016468,2025-12-15 23:31:13,train,0.630864,1,0.596496,0,0,0
1765841485.175253,2025-12-15 23:31:25,train,0.63124,1,0.595075,0,0,0
1765841497.3606164,2025-12-15 23:31:37,train,0.631616,1,0.599703,0,0,0
1765841509.5716934,2025-12-15 23:31:49,train,0.633501,1,0.600419,0,0,0
1765841521.7834241,2025-12-15 23:32:01,train,0.634257,1,0.602929,0,0,0
1765841534.0506024,2025-12-15 23:32:14,train,0.634257,1,0.601135,0,0,0
1765841546.214839,2025-12-15 23:32:26,train,0.634257,1,0.601852,0,0,0
1765841558.4111633,2025-12-15 23:32:38,train,0.635771,1,0.598989,0,0,0
1765841570.6227157,2025-12-15 23:32:50,train,0.633879,1,0.597563,0,0,0
1765841582.8149247,2025-12-15 23:33:02,train,0.63237,1,0.599346,0,0,0
1765841595.0342958,2025-12-15 23:33:15,train,0.63615,1,0.598276,0,0,0
1765841607.2361536,2025-12-15 23:33:27,train,0.634635,1,0.596851,0,0,0
1765841619.449054,2025-12-15 23:33:39,train,0.633501,1,0.596496,0,0,0
1765841631.6569874,2025-12-15 23:33:51,train,0.628987,1,0.587674,0,0,0
1765841643.860402,2025-12-15 23:34:03,train,0.627116,1,0.583139,0,0,0
1765841656.047531,2025-12-15 23:34:16,train,0.627116,1,0.587674,0,0,0
1765841668.2266386,2025-12-15 23:34:28,train,0.626369,1,0.586625,0,0,0
1765841680.4168167,2025-12-15 23:34:40,train,0.623018,1,0.588025,0,0,0
1765841692.6383421,2025-12-15 23:34:52,train,0.619316,1,0.583139,0,0,0
1765841704.8464084,2025-12-15 23:35:04,train,0.617842,1,0.584879,0,0,0
1765841717.0515363,2025-12-15 23:35:17,train,0.61527,1,0.582098,0,0,0
1765841729.2538106,2025-12-15 23:35:29,train,0.61527,1,0.579329,0,0,0
1765841741.4606097,2025-12-15 23:35:41,train,0.61125,1,0.575887,0,0,0
1765841753.6611767,2025-12-15 23:35:53,train,0.612343,1,0.571102,0,0,0
1765841765.8703806,2025-12-15 23:36:05,train,0.617842,1,0.574858,0,0,0
1765841778.094917,2025-12-15 23:36:18,train,0.615637,1,0.574173,0,0,0
1765841790.2738156,2025-12-15 23:36:30,train,0.616371,1,0.576917,0,0,0
1765841802.5017424,2025-12-15 23:36:42,train,0.61527,1,0.575201,0,0,0
1765841814.701517,2025-12-15 23:36:54,train,0.620794,1,0.578294,0,0,0
1765841826.9299026,2025-12-15 23:37:06,train,0.622276,1,0.583139,0,0,0
1765841839.125893,2025-12-15 23:37:19,train,0.619686,1,0.58002,0,0,0
1765841851.3555954,2025-12-15 23:37:31,train,0.620794,1,0.579329,0,0,0
1765841863.5430975,2025-12-15 23:37:43,train,0.614537,1,0.575201,0,0,0
1765841875.724269,2025-12-15 23:37:55,train,0.612343,1,0.580712,0,0,0
1765841887.9087498,2025-12-15 23:38:07,train,0.615637,1,0.577605,0,0,0
1765841900.113014,2025-12-15 23:38:20,train,0.618947,1,0.575887,0,0,0
1765841912.3244429,2025-12-15 23:38:32,train,0.61821,1,0.573831,0,0,0
1765841924.4959486,2025-12-15 23:38:44,train,0.618579,1,0.575544,0,0,0
1765841936.6819327,2025-12-15 23:38:56,train,0.616371,1,0.575887,0,0,0
1765841948.8910718,2025-12-15 23:39:08,train,0.619316,1,0.570762,0,0,0
1765841961.1068003,2025-12-15 23:39:21,train,0.617474,1,0.566695,0,0,0
1765841973.3187833,2025-12-15 23:39:33,train,0.61821,1,0.566695,0,0,0
1765841985.5653284,2025-12-15 23:39:45,train,0.61821,1,0.567709,0,0,0
1765841997.7496517,2025-12-15 23:39:57,train,0.617106,1,0.565009,0,0,0
1765842009.9681687,2025-12-15 23:40:09,train,0.618579,1,0.564335,0,0,0
1765842022.1379173,2025-12-15 23:40:22,train,0.621164,1,0.565009,0,0,0
1765842034.32901,2025-12-15 23:40:34,train,0.620794,1,0.56737,0,0,0
1765842046.5608814,2025-12-15 23:40:46,train,0.618947,1,0.564335,0,0,0
1765842058.76792,2025-12-15 23:40:58,train,0.617106,1,0.563663,0,0,0
1765842070.9812376,2025-12-15 23:41:10,train,0.616004,1,0.561986,0,0,0
1765842083.1777546,2025-12-15 23:41:23,train,0.617106,1,0.561651,0,0,0
1765842095.3876414,2025-12-15 23:41:35,train,0.619686,1,0.562992,0,0,0
1765842107.556895,2025-12-15 23:41:47,train,0.621905,1,0.567709,0,0,0
1765842119.7959964,2025-12-15 23:41:59,train,0.619686,1,0.564335,0,0,0
1765842132.0093582,2025-12-15 23:42:12,train,0.620425,1,0.568386,0,0,0
1765842144.250169,2025-12-15 23:42:24,train,0.617106,1,0.565682,0,0,0
1765842156.460296,2025-12-15 23:42:36,train,0.618947,1,0.562321,0,0,0
1765842168.66339,2025-12-15 23:42:48,train,0.619686,1,0.562992,0,0,0
1765842180.8698153,2025-12-15 23:43:00,train,0.617106,1,0.562321,0,0,0
1765842193.080594,2025-12-15 23:43:13,train,0.61821,1,0.562992,0,0,0
1765842205.258887,2025-12-15 23:43:25,train,0.620055,1,0.566357,0,0,0
1765842217.4708343,2025-12-15 23:43:37,train,0.622647,1,0.569064,0,0,0
1765842229.6806545,2025-12-15 23:43:49,train,0.624133,1,0.568725,0,0,0
1765842241.8988721,2025-12-15 23:44:01,train,0.625623,1,0.572465,0,0,0
1765842254.1005235,2025-12-15 23:44:14,train,0.626369,1,0.572465,0,0,0
1765842266.2948813,2025-12-15 23:44:26,train,0.628612,1,0.574516,0,0,0
1765842278.4988475,2025-12-15 23:44:38,train,0.631993,1,0.578984,0,0,0
1765842290.6739426,2025-12-15 23:44:50,train,0.63237,1,0.586275,0,0,0
1765842302.9051864,2025-12-15 23:45:02,train,0.633124,1,0.590131,0,0,0
1765842315.123878,2025-12-15 23:45:15,train,0.633124,1,0.591187,0,0,0
1765842327.3315465,2025-12-15 23:45:27,train,0.637668,1,0.602569,0,0,0
1765842339.5455265,2025-12-15 23:45:39,train,0.65072,1,0.626742,0,0,0
1765842351.753376,2025-12-15 23:45:51,train,0.655,1,0.639952,1,0,0
1765842363.9593894,2025-12-15 23:46:03,train,0.65539,1,0.647625,1,0,0
1765842376.16306,2025-12-15 23:46:16,train,0.65344,1,0.65422,1,0,0
1765842388.3589816,2025-12-15 23:46:28,train,0.665228,1,0.658522,1,0,0
1765842400.5793414,2025-12-15 23:46:40,train,0.65813,1,0.648397,1,0,0
1765842412.7848475,2025-12-15 23:46:52,train,0.657346,1,0.649171,1,0,0
1765842424.9580185,2025-12-15 23:47:04,train,0.66404,1,0.642244,1,0,0
1765842437.1581795,2025-12-15 23:47:17,train,0.662458,1,0.641097,1,0,0
1765842449.355806,2025-12-15 23:47:29,train,0.656954,1,0.636529,1,0,0
1765842461.5727296,2025-12-15 23:47:41,train,0.665624,1,0.630113,0,0,0
1765842473.7814677,2025-12-15 23:47:53,train,0.663644,1,0.631993,0,0,0
1765842485.9739547,2025-12-15 23:48:05,train,0.662064,1,0.633501,0,0,0
1765842498.1795628,2025-12-15 23:48:18,train,0.662458,1,0.635771,1,0,0
1765842510.3673663,2025-12-15 23:48:30,train,0.66404,1,0.644545,1,0,0
1765842522.5734136,2025-12-15 23:48:42,train,0.664435,1,0.641862,1,0,0
1765842534.784978,2025-12-15 23:48:54,train,0.663644,1,0.647239,1,0,0
1765842547.046721,2025-12-15 23:49:07,train,0.66404,1,0.647239,1,0,0
1765842559.2488687,2025-12-15 23:49:19,train,0.664831,1,0.657346,1,0,0
1765842571.459771,2025-12-15 23:49:31,train,0.656563,1,0.65813,1,0,0
1765842583.6628468,2025-12-15 23:49:43,train,0.65072,1,0.65344,1,0,0
1765842595.859033,2025-12-15 23:49:55,train,0.658522,1,0.641862,1,1,0
1765842608.0812082,2025-12-15 23:50:08,train,0.656954,1,0.651108,1,0,0
1765842620.265911,2025-12-15 23:50:20,train,0.652273,1,0.642244,1,0,0
1765842632.5059662,2025-12-15 23:50:32,train,0.653051,1,0.63919,1,0,0
1765842644.7121234,2025-12-15 23:50:44,train,0.649171,1,0.636908,1,0,0
1765842656.9198177,2025-12-15 23:50:56,train,0.65344,1,0.641479,1,0,0
1765842669.1761878,2025-12-15 23:51:09,train,0.652273,1,0.631993,0,0,0
1765842681.3584888,2025-12-15 23:51:21,train,0.644161,1,0.646468,1,0,0
1765842693.5878477,2025-12-15 23:51:33,train,0.644929,1,0.635771,1,0,0
1765842705.7919288,2025-12-15 23:51:45,train,0.637288,1,0.62749,0,0,0
1765842718.0508711,2025-12-15 23:51:58,train,0.640333,1,0.63124,0,0,0
1765842730.254533,2025-12-15 23:52:10,train,0.649171,1,0.640333,1,0,0
1765842742.463456,2025-12-15 23:52:22,train,0.65344,1,0.64301,1,0,0
1765842754.765707,2025-12-15 23:52:34,train,0.65344,1,0.648784,1,0,0
1765842766.97717,2025-12-15 23:52:46,train,0.65461,1,0.647239,1,0,0
1765842779.170447,2025-12-15 23:52:59,train,0.653051,1,0.640715,1,0,0
1765842791.3944442,2025-12-15 23:53:11,train,0.644929,1,0.629362,0,0,0
1765842803.589729,2025-12-15 23:53:23,train,0.641097,1,0.62339,0,0,0
1765842815.7947788,2025-12-15 23:53:35,train,0.639571,1,0.616371,0,0,0
1765842828.0002477,2025-12-15 23:53:48,train,0.63615,1,0.61527,0,0,0
1765842840.1765454,2025-12-15 23:54:00,train,0.635771,1,0.613439,0,0,0
1765842852.3770308,2025-12-15 23:54:12,train,0.636529,1,0.611614,0,0,0
1765842864.556875,2025-12-15 23:54:24,train,0.636908,1,0.607256,0,0,0
1765842876.767793,2025-12-15 23:54:36,train,0.636529,1,0.609431,0,0,0
1765842889.003208,2025-12-15 23:54:49,train,0.63615,1,0.61527,0,0,0
1765842901.1931813,2025-12-15 23:55:01,train,0.635771,1,0.616738,0,0,0
1765842913.3937569,2025-12-15 23:55:13,train,0.641097,1,0.619316,0,0,0
1765842925.593874,2025-12-15 23:55:25,train,0.640715,1,0.621535,0,0,0
1765842937.7878046,2025-12-15 23:55:37,train,0.640715,1,0.624505,0,0,0
1765842950.0050244,2025-12-15 23:55:50,train,0.641479,1,0.618947,0,0,0
1765842962.2053986,2025-12-15 23:56:02,train,0.641479,1,0.61527,0,0,0
1765842974.4296117,2025-12-15 23:56:14,train,0.641479,1,0.612708,0,0,0
1765842986.6387002,2025-12-15 23:56:26,train,0.634635,1,0.611614,0,0,0
1765842998.865405,2025-12-15 23:56:38,train,0.633501,1,0.610522,0,0,0
1765843011.0757258,2025-12-15 23:56:51,train,0.63615,1,0.609431,0,0,0
1765843023.2982485,2025-12-15 23:57:03,train,0.635771,1,0.614537,0,0,0
1765843035.4807017,2025-12-15 23:57:15,train,0.634257,1,0.610522,0,0,0
1765843047.671614,2025-12-15 23:57:27,train,0.635013,1,0.606532,0,0,0
1765843059.8696375,2025-12-15 23:57:39,train,0.625996,1,0.59543,0,0,0
1765843072.0889,2025-12-15 23:57:52,train,0.621164,1,0.583139,0,0,0
1765843084.2921596,2025-12-15 23:58:04,train,0.611979,1,0.574858,0,0,0
1765843096.469808,2025-12-15 23:58:16,train,0.606894,1,0.577261,0,0,0
1765843108.6678333,2025-12-15 23:58:28,train,0.608342,1,0.571442,0,0,0
1765843120.8749769,2025-12-15 23:58:40,train,0.600777,1,0.566695,0,0,0
1765843133.0882993,2025-12-15 23:58:53,train,0.602569,1,0.562992,0,0,0
1765843145.3272672,2025-12-15 23:59:05,train,0.596496,1,0.561986,0,0,0
1765843157.5236335,2025-12-15 23:59:17,train,0.59543,1,0.560648,0,0,0
1765843169.7221196,2025-12-15 23:59:29,train,0.598632,1,0.562992,0,0,0
1765843181.9263618,2025-12-15 23:59:41,train,0.600061,1,0.561651,0,0,0
1765843194.0910554,2025-12-15 23:59:54,train,0.59543,1,0.563327,0,0,0
1765843206.2757165,2025-12-16 00:00:06,train,0.596851,1,0.567709,0,0,0
1765843218.4433286,2025-12-16 00:00:18,train,0.595075,1,0.561651,0,0,0
1765843230.610131,2025-12-16 00:00:30,train,0.59543,1,0.559647,0,0,0
1765843242.813221,2025-12-16 00:00:42,train,0.596496,1,0.555659,0,0,0
1765843255.0167172,2025-12-16 00:00:55,train,0.595785,1,0.55998,0,0,0
1765843267.2063751,2025-12-16 00:01:07,train,0.597207,1,0.547442,0,0,0
1765843279.4054737,2025-12-16 00:01:19,train,0.588025,1,0.549403,0,0,0
1765843291.5931556,2025-12-16 00:01:31,train,0.592598,1,0.547442,0,0,0
1765843303.7729855,2025-12-16 00:01:43,train,0.591892,1,0.548748,0,0,0
1765843315.9491765,2025-12-16 00:01:55,train,0.593305,1,0.551699,0,0,0
1765843328.1629112,2025-12-16 00:02:08,train,0.592598,1,0.541923,0,0,0
1765843340.3563824,2025-12-16 00:02:20,train,0.590483,1,0.538383,0,0,0
1765843352.5377572,2025-12-16 00:02:32,train,0.588375,1,0.541601,0,0,0
1765843364.812797,2025-12-16 00:02:44,train,0.587674,1,0.539025,0,0,0
1765843377.018712,2025-12-16 00:02:57,train,0.589077,1,0.547442,0,0,0
1765843389.230665,2025-12-16 00:03:09,train,0.589077,1,0.543865,0,0,0
1765843401.4488122,2025-12-16 00:03:21,train,0.582098,1,0.536141,0,0,0
1765843413.625066,2025-12-16 00:03:33,train,0.581751,1,0.539989,0,0,0
1765843425.852786,2025-12-16 00:03:45,train,0.586974,1,0.541601,0,0,0
1765843438.0411084,2025-12-16 00:03:58,train,0.588025,1,0.541278,0,0,0
1765843450.2516003,2025-12-16 00:04:10,train,0.590131,1,0.551371,0,0,0
1765843462.4227724,2025-12-16 00:04:22,train,0.586625,1,0.551371,0,0,0
1765843474.6033,2025-12-16 00:04:34,train,0.587324,1,0.552357,0,0,0
1765843486.7734282,2025-12-16 00:04:46,train,0.591187,1,0.553346,0,0,0
1765843498.968265,2025-12-16 00:04:58,train,0.584183,1,0.547442,0,0,0
1765843511.1712854,2025-12-16 00:05:11,train,0.585228,1,0.545813,0,0,0
1765843523.3618205,2025-12-16 00:05:23,train,0.583835,1,0.545163,0,0,0
1765843535.5667157,2025-12-16 00:05:35,train,0.583835,1,0.538703,0,0,0
1765843547.7897434,2025-12-16 00:05:47,train,0.585577,1,0.539346,0,0,0
1765843559.9782493,2025-12-16 00:05:59,train,0.586625,1,0.541278,0,0,0
1765843572.1853364,2025-12-16 00:06:12,train,0.581751,1,0.536141,0,0,0
1765843584.3938699,2025-12-16 00:06:24,train,0.582445,1,0.541278,0,0,0
1765843596.6035287,2025-12-16 00:06:36,train,0.583835,1,0.539025,0,0,0
1765843608.8039367,2025-12-16 00:06:48,train,0.582098,1,0.538383,0,0,0
1765843621.019221,2025-12-16 00:07:01,train,0.584531,1,0.535822,0,0,0
1765843633.2171862,2025-12-16 00:07:13,train,0.584531,1,0.534228,0,0,0
1765843645.4324985,2025-12-16 00:07:25,train,0.584531,1,0.534865,0,0,0
1765843657.6399198,2025-12-16 00:07:37,train,0.589428,1,0.539989,0,0,0
1765843669.846813,2025-12-16 00:07:49,train,0.588726,1,0.540955,0,0,0
1765843682.048393,2025-12-16 00:08:02,train,0.590131,1,0.536461,0,0,0
1765843694.2490728,2025-12-16 00:08:14,train,0.59154,1,0.539025,0,0,0
1765843706.4682353,2025-12-16 00:08:26,train,0.597207,1,0.539989,0,0,0
1765843718.6781235,2025-12-16 00:08:38,train,0.597563,1,0.544838,0,0,0
1765843730.902066,2025-12-16 00:08:50,train,0.597563,1,0.546138,0,0,0
1765843743.096262,2025-12-16 00:09:03,train,0.610885,1,0.562321,0,0,0
1765843755.28165,2025-12-16 00:09:15,train,0.624505,1,0.598632,0,0,0
1765843767.4923916,2025-12-16 00:09:27,train,0.634635,1,0.601493,0,0,0
1765843779.7227561,2025-12-16 00:09:39,train,0.624877,1,0.602569,0,0,0
1765843791.9258087,2025-12-16 00:09:51,train,0.617474,1,0.59614,0,0,0
1765843804.1399612,2025-12-16 00:10:04,train,0.61821,1,0.59154,0,0,0
1765843816.3569639,2025-12-16 00:10:16,train,0.621535,1,0.590835,0,0,0
1765843828.598978,2025-12-16 00:10:28,train,0.615637,1,0.591187,0,0,0
1765843840.800007,2025-12-16 00:10:40,train,0.612343,1,0.58978,0,0,0
1765843853.0018702,2025-12-16 00:10:53,train,0.606894,1,0.589428,0,0,0
1765843865.1701765,2025-12-16 00:11:05,train,0.610522,1,0.589077,0,0,0
1765843877.356961,2025-12-16 00:11:17,train,0.611614,1,0.588375,0,0,0
1765843889.5469384,2025-12-16 00:11:29,train,0.609431,1,0.589077,0,0,0
1765843901.7685473,2025-12-16 00:11:41,train,0.610885,1,0.590835,0,0,0
1765843913.959359,2025-12-16 00:11:53,train,0.600061,1,0.578984,0,0,0
1765843926.176105,2025-12-16 00:12:06,train,0.597563,1,0.583487,0,0,0
1765843938.4003205,2025-12-16 00:12:18,train,0.588375,1,0.576574,0,0,0
1765843950.5836713,2025-12-16 00:12:30,train,0.563663,1,0.531053,0,0,0
1765843962.8046548,2025-12-16 00:12:42,train,0.562656,1,0.529789,0,0,0
1765843975.0471478,2025-12-16 00:12:55,train,0.562656,1,0.529473,0,0,0
1765843987.1969292,2025-12-16 00:13:07,train,0.563663,1,0.530421,0,0,0
1765843999.3557258,2025-12-16 00:13:19,train,0.562321,1,0.529789,0,0,0
1765844011.5625944,2025-12-16 00:13:31,train,0.562321,1,0.531687,0,0,0
1765844023.7730706,2025-12-16 00:13:43,train,0.563663,1,0.530105,0,0,0
1765844035.9486818,2025-12-16 00:13:55,train,0.563663,1,0.529473,0,0,0
1765844048.1876066,2025-12-16 00:14:08,train,0.561986,1,0.532321,0,0,0
1765844060.4154677,2025-12-16 00:14:20,train,0.562656,1,0.533273,0,0,0
1765844072.6357076,2025-12-16 00:14:32,train,0.560982,1,0.528843,0,0,0
1765844084.8445003,2025-12-16 00:14:44,train,0.563327,1,0.529789,0,0,0
1765844097.0369875,2025-12-16 00:14:57,train,0.563327,1,0.527898,0,0,0
1765844109.2446208,2025-12-16 00:15:09,train,0.565009,1,0.527584,0,0,0
1765844121.4332302,2025-12-16 00:15:21,train,0.561986,1,0.531053,0,0,0
1765844133.64476,2025-12-16 00:15:33,train,0.562321,1,0.523512,0,0,0
1765844145.8507118,2025-12-16 00:15:45,train,0.559647,1,0.5257,0,0,0
1765844158.080736,2025-12-16 00:15:58,train,0.556321,1,0.519162,0,0,0
1765844170.296779,2025-12-16 00:16:10,train,0.553346,1,0.518544,0,0,0
1765844182.4999588,2025-12-16 00:16:22,train,0.552357,1,0.514236,0,0,0
1765844194.6988826,2025-12-16 00:16:34,train,0.557649,1,0.514542,0,0,0
1765844206.9383354,2025-12-16 00:16:46,train,0.552357,1,0.517618,0,0,0
1765844219.1709082,2025-12-16 00:16:59,train,0.554006,1,0.517926,0,0,0
1765844231.3789802,2025-12-16 00:17:11,train,0.553675,1,0.518544,0,0,0
1765844243.5670574,2025-12-16 00:17:23,train,0.556321,1,0.522577,0,0,0
1765844255.7695332,2025-12-16 00:17:35,train,0.557317,1,0.521643,0,0,0
1765844267.988254,2025-12-16 00:17:47,train,0.55898,1,0.528528,0,0,0
1765844280.1788962,2025-12-16 00:18:00,train,0.559647,1,0.532004,0,0,0
1765844292.386538,2025-12-16 00:18:12,train,0.557982,1,0.538062,0,0,0
1765844304.587245,2025-12-16 00:18:24,train,0.55998,1,0.539989,0,0,0
1765844316.7949529,2025-12-16 00:18:36,train,0.551042,1,0.520712,0,0,0
1765844329.0060925,2025-12-16 00:18:49,train,0.550058,1,0.517618,0,0,0
1765844341.2076383,2025-12-16 00:19:01,train,0.550386,1,0.514542,0,0,0
1765844353.3858588,2025-12-16 00:19:13,train,0.556653,1,0.509963,0,0,0
1765844365.5594027,2025-12-16 00:19:25,train,0.555328,1,0.5124,0,0,0
1765844377.743573,2025-12-16 00:19:37,train,0.554997,1,0.509659,0,0,0
1765844389.9239938,2025-12-16 00:19:49,train,0.551699,1,0.509052,0,0,0
1765844402.1279538,2025-12-16 00:20:02,train,0.552357,1,0.504522,0,0,0
1765844414.3375452,2025-12-16 00:20:14,train,0.550386,1,0.49795,0,0,0
1765844426.5265973,2025-12-16 00:20:26,train,0.549403,1,0.500927,0,0,0
1765844438.740385,2025-12-16 00:20:38,train,0.546138,1,0.504221,0,0,0
1765844450.942955,2025-12-16 00:20:50,train,0.543217,1,0.498247,0,0,0
1765844463.1495783,2025-12-16 00:21:03,train,0.543865,1,0.500927,0,0,0
1765844475.3362205,2025-12-16 00:21:15,train,0.540955,1,0.50033,0,0,0
1765844487.5220249,2025-12-16 00:21:27,train,0.539025,1,0.496469,0,0,0
1765844499.7797086,2025-12-16 00:21:39,train,0.537421,1,0.499734,0,0,0
1765844511.990498,2025-12-16 00:21:51,train,0.539025,1,0.501823,0,0,0
1765844524.1806931,2025-12-16 00:22:04,train,0.535822,1,0.499734,0,0,0
1765844536.452406,2025-12-16 00:22:16,train,0.532638,1,0.495287,0,0,0
1765844548.6406834,2025-12-16 00:22:28,train,0.535822,1,0.49795,0,0,0
1765844560.8713174,2025-12-16 00:22:40,train,0.536141,1,0.499734,0,0,0
1765844573.0878453,2025-12-16 00:22:53,train,0.539025,1,0.500927,0,0,0
1765844585.3406885,2025-12-16 00:23:05,train,0.535503,1,0.504522,0,0,0
1765844597.5567315,2025-12-16 00:23:17,train,0.538703,1,0.500927,0,0,0
1765844609.773024,2025-12-16 00:23:29,train,0.541278,1,0.504221,0,0,0
1765844621.9702551,2025-12-16 00:23:41,train,0.539346,1,0.509659,0,0,0
1765844634.1773522,2025-12-16 00:23:54,train,0.546789,1,0.516693,0,0,0
1765844646.3873048,2025-12-16 00:24:06,train,0.550058,1,0.521643,0,0,0
1765844658.5818243,2025-12-16 00:24:18,train,0.554666,1,0.525387,0,0,0
1765844670.789913,2025-12-16 00:24:30,train,0.552357,1,0.526014,0,0,0
1765844683.0119078,2025-12-16 00:24:43,train,0.551371,1,0.5257,0,0,0
1765844695.214704,2025-12-16 00:24:55,train,0.550058,1,0.523824,0,0,0
1765844707.426796,2025-12-16 00:25:07,train,0.548748,1,0.523512,0,0,0
1765844719.5936422,2025-12-16 00:25:19,train,0.550386,1,0.521954,0,0,0
1765844731.792346,2025-12-16 00:25:31,train,0.550058,1,0.521022,0,0,0
1765844744.0044289,2025-12-16 00:25:44,train,0.553675,1,0.525074,0,0,0
1765844756.2104826,2025-12-16 00:25:56,train,0.552357,1,0.517618,0,0,0
1765844768.4200544,2025-12-16 00:26:08,train,0.554006,1,0.522266,0,0,0
1765844780.608709,2025-12-16 00:26:20,train,0.552028,1,0.521333,0,0,0
1765844792.8174417,2025-12-16 00:26:32,train,0.554336,1,0.519472,0,0,0
1765844805.0340009,2025-12-16 00:26:45,train,0.555328,1,0.517618,0,0,0
1765844817.2339735,2025-12-16 00:26:57,train,0.562321,1,0.532956,0,0,0
1765844829.4445128,2025-12-16 00:27:09,train,0.567032,1,0.524449,0,0,0
1765844841.6147695,2025-12-16 00:27:21,train,0.568386,1,0.528528,0,0,0
1765844853.7838056,2025-12-16 00:27:33,train,0.568386,1,0.528843,0,0,0
1765844865.9968085,2025-12-16 00:27:45,train,0.565345,1,0.526955,0,0,0
1765844878.188628,2025-12-16 00:27:58,train,0.571102,1,0.535822,0,0,0
1765844890.3897521,2025-12-16 00:28:10,train,0.573148,1,0.536141,0,0,0
1765844902.584703,2025-12-16 00:28:22,train,0.569064,1,0.537101,0,0,0
1765844914.7654612,2025-12-16 00:28:34,train,0.565682,1,0.521333,0,0,0
1765844926.9658446,2025-12-16 00:28:46,train,0.559647,1,0.516385,0,0,0
1765844939.1577678,2025-12-16 00:28:59,train,0.559647,1,0.512095,0,0,0
1765844951.3626716,2025-12-16 00:29:11,train,0.559313,1,0.51118,0,0,0
1765844963.5776887,2025-12-16 00:29:23,train,0.561317,1,0.515463,0,0,0
1765844975.8007083,2025-12-16 00:29:35,train,0.558314,1,0.514849,0,0,0
1765844988.0187354,2025-12-16 00:29:48,train,0.555328,1,0.509659,0,0,0
1765845000.2058585,2025-12-16 00:30:00,train,0.551699,1,0.503321,0,0,0
1765845012.3911953,2025-12-16 00:30:12,train,0.554006,1,0.503621,0,0,0
1765845024.578049,2025-12-16 00:30:24,train,0.547768,1,0.503321,0,0,0
1765845036.7805445,2025-12-16 00:30:36,train,0.550058,1,0.501225,0,0,0
1765845049.0105093,2025-12-16 00:30:49,train,0.552357,1,0.499139,0,0,0
1765845061.2011325,2025-12-16 00:31:01,train,0.549403,1,0.494108,0,0,0
1765845073.3844345,2025-12-16 00:31:13,train,0.54973,1,0.499436,0,0,0
1765845085.5876405,2025-12-16 00:31:25,train,0.549403,1,0.503021,0,0,0
1765845097.765728,2025-12-16 00:31:37,train,0.55998,1,0.508143,0,0,0
1765845109.9615793,2025-12-16 00:31:49,train,0.562321,1,0.51118,0,0,0
1765845122.1557593,2025-12-16 00:32:02,train,0.554666,1,0.51118,0,0,0
1765845134.3561234,2025-12-16 00:32:14,train,0.558647,1,0.528843,0,0,0
1765845146.5536594,2025-12-16 00:32:26,train,0.556653,1,0.534228,0,0,0
1765845158.7636387,2025-12-16 00:32:38,train,0.560982,1,0.534546,0,0,0
1765845170.9618933,2025-12-16 00:32:50,train,0.560314,1,0.532321,0,0,0
1765845183.1650062,2025-12-16 00:33:03,train,0.552686,1,0.519472,0,0,0
1765845195.4024045,2025-12-16 00:33:15,train,0.553346,1,0.513317,0,0,0
1765845207.6095092,2025-12-16 00:33:27,train,0.55898,1,0.518544,0,0,0
1765845219.7739463,2025-12-16 00:33:39,train,0.558314,1,0.518853,0,0,0
1765845231.9687428,2025-12-16 00:33:51,train,0.556321,1,0.513929,0,0,0
1765845244.1785743,2025-12-16 00:34:04,train,0.548748,1,0.5124,0,0,0
1765845256.401668,2025-12-16 00:34:16,train,0.553346,1,0.513623,0,0,0
1765845268.6324778,2025-12-16 00:34:28,train,0.553675,1,0.510876,0,0,0
1765845280.8874106,2025-12-16 00:34:40,train,0.551042,1,0.510267,0,0,0
1765845293.09359,2025-12-16 00:34:53,train,0.547442,1,0.509052,0,0,0
1765845305.3034086,2025-12-16 00:35:05,train,0.54973,1,0.514849,0,0,0
1765845317.4916568,2025-12-16 00:35:17,train,0.54973,1,0.510876,0,0,0
1765845329.6917133,2025-12-16 00:35:29,train,0.54973,1,0.508749,0,0,0
1765845341.9102113,2025-12-16 00:35:41,train,0.550714,1,0.506933,0,0,0
1765845354.114769,2025-12-16 00:35:54,train,0.548421,1,0.509052,0,0,0
1765845366.3269904,2025-12-16 00:36:06,train,0.549075,1,0.507538,0,0,0
1765845378.534701,2025-12-16 00:36:18,train,0.550058,1,0.503021,0,0,0
1765845390.7557747,2025-12-16 00:36:30,train,0.547442,1,0.501823,0,0,0
1765845402.9897618,2025-12-16 00:36:42,train,0.550386,1,0.505425,0,0,0
1765845415.1962886,2025-12-16 00:36:55,train,0.55599,1,0.508143,0,0,0
1765845427.4016302,2025-12-16 00:37:07,train,0.557982,1,0.520712,0,1,0
1765845439.5932832,2025-12-16 00:37:19,train,0.585228,1,0.55599,0,0,0
1765845451.7924938,2025-12-16 00:37:31,train,0.598276,1,0.566357,0,1,0
1765845463.9975739,2025-12-16 00:37:43,train,0.607256,1,0.565009,0,1,0
1765845476.2122874,2025-12-16 00:37:56,train,0.609068,1,0.562321,0,1,1
1765845488.4561846,2025-12-16 00:38:08,train,0.619686,1,0.570082,0,1,1
1765845500.6415136,2025-12-16 00:38:20,train,0.620425,1,0.575544,0,1,1
1765845512.8610635,2025-12-16 00:38:32,train,0.604368,1,0.564335,0,1,1
1765845525.0722268,2025-12-16 00:38:45,train,0.574173,1,0.548748,0,1,1
1765845537.2664757,2025-12-16 00:38:57,train,0.563663,1,0.547115,0,1,1
1765845549.4367182,2025-12-16 00:39:09,train,0.567709,1,0.545813,0,1,1
1765845561.6130025,2025-12-16 00:39:21,train,0.570422,1,0.552028,0,1,1
1765845573.8239436,2025-12-16 00:39:33,train,0.572465,1,0.554336,0,1,1
1765845586.0336995,2025-12-16 00:39:46,train,0.578639,1,0.556321,0,1,1
1765845598.240346,2025-12-16 00:39:58,train,0.574516,1,0.554006,0,1,1
1765845610.4606035,2025-12-16 00:40:10,train,0.577605,1,0.557649,0,1,1
1765845622.63542,2025-12-16 00:40:22,train,0.573148,1,0.560648,0,1,1
1765845634.8459544,2025-12-16 00:40:34,train,0.571102,1,0.561651,0,1,1
1765845647.0543973,2025-12-16 00:40:47,train,0.57623,1,0.563663,0,1,1
1765845659.259072,2025-12-16 00:40:59,train,0.572806,1,0.565345,0,1,1
1765845671.4592931,2025-12-16 00:41:11,train,0.572465,1,0.566695,0,1,1
1765845683.6573281,2025-12-16 00:41:23,train,0.571102,1,0.555328,0,1,1
1765845695.8578472,2025-12-16 00:41:35,train,0.574173,1,0.554006,0,1,1
1765845708.0669463,2025-12-16 00:41:48,train,0.571783,1,0.559647,0,1,1
1765845720.2730536,2025-12-16 00:42:00,train,0.571102,1,0.559313,0,1,1
1765845732.4824765,2025-12-16 00:42:12,train,0.571783,1,0.558647,0,0,0
1765845744.654161,2025-12-16 00:42:24,train,0.566695,1,0.555659,0,0,0
1765845756.8872192,2025-12-16 00:42:36,train,0.568047,1,0.550058,0,0,0
1765845769.0884974,2025-12-16 00:42:49,train,0.565345,1,0.550714,0,0,0
1765845781.2631657,2025-12-16 00:43:01,train,0.558647,1,0.550386,0,0,0
1765845793.4449542,2025-12-16 00:43:13,train,0.559313,1,0.547768,0,0,0
1765845805.7084124,2025-12-16 00:43:25,train,0.563327,1,0.541601,0,0,0
1765845817.9198568,2025-12-16 00:43:37,train,0.555659,1,0.536781,0,0,0
1765845830.1504605,2025-12-16 00:43:50,train,0.560314,1,0.545813,0,0,0
1765845842.3103848,2025-12-16 00:44:02,train,0.555328,1,0.544189,0,0,0
1765845854.5002468,2025-12-16 00:44:14,train,0.559647,1,0.536461,0,0,0
1765845866.7216532,2025-12-16 00:44:26,train,0.55998,1,0.548748,0,0,0
1765845878.916169,2025-12-16 00:44:38,train,0.565009,1,0.547768,0,0,0
1765845891.1253257,2025-12-16 00:44:51,train,0.560314,1,0.550058,0,0,0
1765845903.327433,2025-12-16 00:45:03,train,0.564335,1,0.559313,0,0,0
1765845915.5124478,2025-12-16 00:45:15,train,0.565682,1,0.568386,0,0,0
1765845927.7020748,2025-12-16 00:45:27,train,0.562656,1,0.548421,0,0,0
1765845939.9029615,2025-12-16 00:45:39,train,0.563999,1,0.540955,0,0,0
1765845952.102879,2025-12-16 00:45:52,train,0.565009,1,0.552028,0,0,0
1765845964.31314,2025-12-16 00:46:04,train,0.570422,1,0.547115,0,0,0
1765845976.499157,2025-12-16 00:46:16,train,0.570082,1,0.550714,0,0,0
1765845988.6831505,2025-12-16 00:46:28,train,0.565009,1,0.551371,0,0,0
1765846000.875047,2025-12-16 00:46:40,train,0.561986,1,0.550714,0,0,0
1765846013.0730684,2025-12-16 00:46:53,train,0.567709,1,0.546464,0,0,0
1765846025.2812402,2025-12-16 00:47:05,train,0.563663,1,0.551042,0,0,0
1765846037.480155,2025-12-16 00:47:17,train,0.561651,1,0.547442,0,0,0
1765846049.6761749,2025-12-16 00:47:29,train,0.55898,1,0.554666,0,0,0
1765846061.9004292,2025-12-16 00:47:41,train,0.55998,1,0.544189,0,0,0
1765846074.106988,2025-12-16 00:47:54,train,0.556653,1,0.546138,0,0,0
1765846086.3127298,2025-12-16 00:48:06,train,0.555659,1,0.547115,0,0,0
1765846098.4947104,2025-12-16 00:48:18,train,0.554997,1,0.545813,0,0,0
1765846110.703236,2025-12-16 00:48:30,train,0.560648,1,0.543217,0,0,0
1765846122.9010046,2025-12-16 00:48:42,train,0.556653,1,0.544189,0,0,0
1765846135.1199777,2025-12-16 00:48:55,train,0.57623,1,0.551699,0,0,0
1765846147.3422573,2025-12-16 00:49:07,train,0.585926,1,0.566357,0,0,0
1765846159.5169237,2025-12-16 00:49:19,train,0.586974,1,0.57623,0,0,0
1765846171.7185855,2025-12-16 00:49:31,train,0.585577,1,0.569064,0,0,0
1765846183.8964164,2025-12-16 00:49:43,train,0.594366,1,0.570422,0,0,0
1765846196.0967796,2025-12-16 00:49:56,train,0.585228,1,0.570422,0,0,0
1765846208.294969,2025-12-16 00:50:08,train,0.59543,1,0.564335,0,0,0
1765846220.4953363,2025-12-16 00:50:20,train,0.586275,1,0.562992,0,0,0
1765846232.6597261,2025-12-16 00:50:32,train,0.587324,1,0.563663,0,1,0
1765846244.8554747,2025-12-16 00:50:44,train,0.586625,1,0.561986,0,1,0
1765846257.0620573,2025-12-16 00:50:57,train,0.584183,1,0.559647,0,1,0
1765846269.2860653,2025-12-16 00:51:09,train,0.584183,1,0.560982,0,1,0
1765846281.4959493,2025-12-16 00:51:21,train,0.572806,1,0.558647,0,1,0
1765846293.7105079,2025-12-16 00:51:33,train,0.571442,1,0.553346,0,1,0
1765846305.9200053,2025-12-16 00:51:45,train,0.569064,1,0.549403,0,1,0
1765846318.167313,2025-12-16 00:51:58,train,0.571442,1,0.551699,0,1,0
1765846330.3726206,2025-12-16 00:52:10,train,0.571783,1,0.541601,0,1,0
1765846342.5832508,2025-12-16 00:52:22,train,0.568725,1,0.543217,0,1,0
1765846354.7975464,2025-12-16 00:52:34,train,0.576917,1,0.535822,0,1,0
1765846367.0080984,2025-12-16 00:52:47,train,0.570762,1,0.532638,0,1,0
1765846379.2176883,2025-12-16 00:52:59,train,0.575887,1,0.532004,0,1,0
1765846391.4228513,2025-12-16 00:53:11,train,0.562656,1,0.528843,0,1,0
1765846403.6411636,2025-12-16 00:53:23,train,0.56602,1,0.53137,0,1,0
1765846415.9135385,2025-12-16 00:53:35,train,0.56602,1,0.523824,0,1,0
1765846428.0993507,2025-12-16 00:53:48,train,0.567709,1,0.535503,0,1,0
1765846440.2738588,2025-12-16 00:54:00,train,0.559647,1,0.524136,0,1,0
1765846452.4702315,2025-12-16 00:54:12,train,0.556321,1,0.521954,0,1,0
1765846464.6557508,2025-12-16 00:54:24,train,0.575887,1,0.517926,0,1,0
1765846476.8634546,2025-12-16 00:54:36,train,0.561986,1,0.528528,0,1,0
1765846489.1213248,2025-12-16 00:54:49,train,0.554666,1,0.512706,0,1,0
1765846501.3094914,2025-12-16 00:55:01,train,0.555659,1,0.518235,0,1,0
1765846513.4998028,2025-12-16 00:55:13,train,0.555659,1,0.517001,0,1,0
1765846525.665617,2025-12-16 00:55:25,train,0.551371,1,0.513929,0,1,0
1765846537.8826084,2025-12-16 00:55:37,train,0.554666,1,0.516078,0,1,0
1765846550.0926938,2025-12-16 00:55:50,train,0.553016,1,0.51577,0,1,0
1765846562.3246994,2025-12-16 00:56:02,train,0.553016,1,0.509052,0,1,0
1765846574.5339549,2025-12-16 00:56:14,train,0.548421,1,0.502122,0,1,0
1765846586.746312,2025-12-16 00:56:26,train,0.551699,1,0.517309,0,1,0
1765846598.9677305,2025-12-16 00:56:38,train,0.55998,1,0.516078,0,1,0
1765846611.1780539,2025-12-16 00:56:51,train,0.552028,1,0.509356,0,1,0
1765846623.376543,2025-12-16 00:57:03,train,0.553346,1,0.509356,0,1,0
1765846635.566929,2025-12-16 00:57:15,train,0.556321,1,0.51179,0,1,0
1765846647.7792275,2025-12-16 00:57:27,train,0.550386,1,0.51179,0,1,0
1765846659.9913511,2025-12-16 00:57:39,train,0.559313,1,0.527269,0,1,0
1765846672.2004387,2025-12-16 00:57:52,train,0.557317,1,0.517309,0,1,0
1765846684.369912,2025-12-16 00:58:04,train,0.551371,1,0.501225,0,1,0
1765846696.5587838,2025-12-16 00:58:16,train,0.551042,1,0.494697,0,1,0
1765846708.7689378,2025-12-16 00:58:28,train,0.543217,1,0.492051,0,1,0
1765846721.0033903,2025-12-16 00:58:41,train,0.550386,1,0.499139,0,1,0
1765846733.2046957,2025-12-16 00:58:53,train,0.543865,1,0.501823,0,1,0
1765846745.4084334,2025-12-16 00:59:05,train,0.547768,1,0.492638,0,1,0
1765846757.642578,2025-12-16 00:59:17,train,0.540311,1,0.48132,0,1,0
1765846769.8528352,2025-12-16 00:59:29,train,0.536781,1,0.47789,0,1,0
1765846782.0549903,2025-12-16 00:59:42,train,0.536141,1,0.476752,0,1,0
1765846794.231777,2025-12-16 00:59:54,train,0.532638,1,0.471665,0,1,0
1765846806.4155786,2025-12-16 01:00:06,train,0.532638,1,0.472509,0,1,0
1765846818.5994284,2025-12-16 01:00:18,train,0.526014,1,0.470542,0,1,0
1765846830.7713034,2025-12-16 01:00:30,train,0.5232,1,0.472509,0,1,0
1765846842.9653454,2025-12-16 01:00:42,train,0.515156,0,0.46386,0,1,0
1765846855.1609561,2025-12-16 01:00:55,train,0.513317,0,0.469142,0,1,0
1765846867.3494706,2025-12-16 01:01:07,train,0.514849,0,0.458091,0,1,0
1765846879.5465326,2025-12-16 01:01:19,train,0.514849,0,0.464413,0,1,0
1765846891.733175,2025-12-16 01:01:31,train,0.514849,0,0.469982,0,1,0
1765846903.9337764,2025-12-16 01:01:43,train,0.504522,0,0.460555,0,1,0
1765846916.1404014,2025-12-16 01:01:56,train,0.507538,0,0.457273,0,1,0
1765846928.3589466,2025-12-16 01:02:08,train,0.512095,0,0.452934,0,1,0
1765846940.5539665,2025-12-16 01:02:20,train,0.497061,0,0.458638,0,1,0
1765846952.7554839,2025-12-16 01:02:32,train,0.493519,0,0.458638,0,1,0
1765846965.0108213,2025-12-16 01:02:45,train,0.488544,0,0.450779,0,1,0
1765846977.224172,2025-12-16 01:02:57,train,0.488253,0,0.462756,0,1,0
1765846989.4322364,2025-12-16 01:03:09,train,0.495287,0,0.456456,0,1,0
1765847001.5872393,2025-12-16 01:03:21,train,0.490879,0,0.453744,0,1,0
1765847013.8005059,2025-12-16 01:03:33,train,0.498247,0,0.452664,0,1,0
1765847026.0264077,2025-12-16 01:03:46,train,0.499734,0,0.456728,0,1,0
1765847038.2140741,2025-12-16 01:03:58,train,0.486511,0,0.452934,0,1,0
1765847050.426225,2025-12-16 01:04:10,train,0.491758,0,0.442001,0,1,0
1765847062.614774,2025-12-16 01:04:22,train,0.492344,0,0.454827,0,1,0
1765847074.8461952,2025-12-16 01:04:34,train,0.485063,0,0.442792,0,1,0
1765847087.0668993,2025-12-16 01:04:47,train,0.495287,0,0.449438,0,1,0
1765847099.258695,2025-12-16 01:04:59,train,0.49795,0,0.455369,0,1,0
1765847111.4548044,2025-12-16 01:05:11,train,0.491758,0,0.446236,0,1,0
1765847123.6470203,2025-12-16 01:05:23,train,0.503021,0,0.460829,0,1,0
1765847135.8502197,2025-12-16 01:05:35,train,0.496173,0,0.448635,0,1,0
1765847148.025337,2025-12-16 01:05:48,train,0.490879,0,0.444908,0,1,0
1765847160.2263148,2025-12-16 01:06:00,train,0.497357,0,0.453204,0,1,0
1765847172.4220827,2025-12-16 01:06:12,train,0.504221,0,0.459185,0,1,0
1765847184.5946717,2025-12-16 01:06:24,train,0.502122,0,0.460006,0,1,0
1765847196.8139572,2025-12-16 01:06:36,train,0.507538,0,0.458911,0,1,0
1765847209.031408,2025-12-16 01:06:49,train,0.504221,0,0.466355,0,1,0
1765847221.2488763,2025-12-16 01:07:01,train,0.504522,0,0.473355,0,1,0
1765847233.436805,2025-12-16 01:07:13,train,0.489127,0,0.453474,0,1,0
1765847245.713274,2025-12-16 01:07:25,train,0.487091,0,0.451317,0,1,0
1765847257.9002135,2025-12-16 01:07:37,train,0.495878,0,0.461379,0,1,0
1765847270.0894895,2025-12-16 01:07:50,train,0.488544,0,0.452664,0,1,0
1765847282.3128414,2025-12-16 01:08:02,train,0.489419,0,0.453744,0,1,0
1765847294.481573,2025-12-16 01:08:14,train,0.482468,0,0.444908,0,1,0
1765847306.6818764,2025-12-16 01:08:26,train,0.484197,0,0.440948,0,1,0
1765847318.8835053,2025-12-16 01:08:38,train,0.478175,0,0.434169,0,1,0
1765847331.0744257,2025-12-16 01:08:51,train,0.483332,0,0.434946,0,1,0
1765847343.28786,2025-12-16 01:09:03,train,0.481894,0,0.439375,0,1,0
1765847355.4743428,2025-12-16 01:09:15,train,0.484774,0,0.44332,0,1,0
1765847367.698007,2025-12-16 01:09:27,train,0.486221,0,0.445173,0,1,0
1765847379.894263,2025-12-16 01:09:39,train,0.497061,0,0.455913,0,1,0
1765847392.070862,2025-12-16 01:09:52,train,0.50033,0,0.449706,0,1,0
1765847404.2720623,2025-12-16 01:10:04,train,0.491758,0,0.440423,0,1,0
1765847416.4611824,2025-12-16 01:10:16,train,0.501225,0,0.450242,0,1,0
1765847428.668686,2025-12-16 01:10:28,train,0.498842,0,0.452394,0,1,0
1765847440.8909178,2025-12-16 01:10:40,train,0.506028,0,0.456728,0,1,0
1765847453.10195,2025-12-16 01:10:53,train,0.506329,0,0.458911,0,1,0
1765847465.303612,2025-12-16 01:11:05,train,0.486221,0,0.445438,0,1,0
1765847477.5113811,2025-12-16 01:11:17,train,0.476184,0,0.436504,0,1,0
1765847489.741211,2025-12-16 01:11:29,train,0.488544,0,0.448101,0,1,0
1765847501.9507837,2025-12-16 01:11:41,train,0.491465,0,0.446768,0,1,0
1765847514.152705,2025-12-16 01:11:54,train,0.487091,0,0.461104,0,1,0
1765847526.3563433,2025-12-16 01:12:06,train,0.484774,0,0.44917,0,1,0
1765847538.5252557,2025-12-16 01:12:18,train,0.479316,0,0.447567,0,1,0
1765847550.7410944,2025-12-16 01:12:30,train,0.480174,0,0.440423,0,1,0
1765847562.950271,2025-12-16 01:12:42,train,0.472791,0,0.428769,0,1,0
1765847575.1563327,2025-12-16 01:12:55,train,0.470823,0,0.433135,0,1,0
1765847587.3746874,2025-12-16 01:13:07,train,0.468863,0,0.434946,0,1,0
1765847599.5707126,2025-12-16 01:13:19,train,0.47505,0,0.431846,0,1,0
1765847611.7767715,2025-12-16 01:13:31,train,0.466911,0,0.431075,0,1,0
1765847623.9858587,2025-12-16 01:13:43,train,0.48046,0,0.439637,0,1,0
1765847636.2228923,2025-12-16 01:13:56,train,0.463032,0,0.4247,0,1,0
1765847648.422288,2025-12-16 01:14:08,train,0.466077,0,0.427748,0,1,0
1765847660.6027105,2025-12-16 01:14:20,train,0.454015,0,0.421172,0,1,0
1765847672.7970312,2025-12-16 01:14:32,train,0.46248,0,0.428514,0,1,0
1765847685.003775,2025-12-16 01:14:45,train,0.463308,0,0.428003,0,1,0
1765847697.2109184,2025-12-16 01:14:57,train,0.455369,0,0.421674,0,1,0
1765847709.4139724,2025-12-16 01:15:09,train,0.448903,0,0.42067,0,1,0
1765847721.6275227,2025-12-16 01:15:21,train,0.462205,0,0.414943,0,1,0
1765847733.8017006,2025-12-16 01:15:33,train,0.449438,0,0.411741,0,1,0
1765847745.9930372,2025-12-16 01:15:45,train,0.456728,0,0.417921,0,1,0
1765847758.2017455,2025-12-16 01:15:58,train,0.444643,0,0.414449,0,1,0
1765847770.4070544,2025-12-16 01:16:10,train,0.447567,0,0.420419,0,1,0
1765847782.6029491,2025-12-16 01:16:22,train,0.455369,0,0.411986,0,1,0
1765847794.837471,2025-12-16 01:16:34,train,0.449438,0,0.422428,0,1,0
1765847807.0386379,2025-12-16 01:16:47,train,0.455369,0,0.411006,0,1,0
1765847819.2335749,2025-12-16 01:16:59,train,0.462756,0,0.423437,0,1,0
1765847831.4455218,2025-12-16 01:17:11,train,0.447567,0,0.420419,0,1,0
1765847843.6303144,2025-12-16 01:17:23,train,0.449974,0,0.411986,0,1,0
1765847855.8340142,2025-12-16 01:17:35,train,0.46386,0,0.422428,0,1,0
1765847868.0564325,2025-12-16 01:17:48,train,0.459458,0,0.414449,0,1,0
1765847880.2480626,2025-12-16 01:18:00,train,0.469142,0,0.428769,0,1,0
1765847892.4237847,2025-12-16 01:18:12,train,0.459732,0,0.416926,0,1,0
1765847904.5878403,2025-12-16 01:18:24,train,0.456728,0,0.416926,0,1,0
1765847916.7943048,2025-12-16 01:18:36,train,0.459732,0,0.426476,0,1,0
1765847929.042435,2025-12-16 01:18:49,train,0.458638,0,0.431846,0,1,0
1765847941.2585773,2025-12-16 01:19:01,train,0.459185,0,0.424953,0,1,0
1765847953.448575,2025-12-16 01:19:13,train,0.46469,0,0.429025,0,1,0
1765847965.6332726,2025-12-16 01:19:25,train,0.461654,0,0.438851,0,1,0
1765847977.833277,2025-12-16 01:19:37,train,0.463584,0,0.432361,0,1,0
1765847990.039466,2025-12-16 01:19:50,train,0.459185,0,0.446236,0,1,0
1765848002.2439258,2025-12-16 01:20:02,train,0.468025,0,0.452394,0,1,0
1765848014.4450521,2025-12-16 01:20:14,train,0.459732,0,0.447034,0,1,0
1765848026.6104066,2025-12-16 01:20:26,train,0.461654,0,0.442264,0,1,0
1765848038.7893763,2025-12-16 01:20:38,train,0.451317,0,0.426222,0,1,0
1765848050.999762,2025-12-16 01:20:50,train,0.459458,0,0.436764,0,1,0
1765848063.2131693,2025-12-16 01:21:03,train,0.452394,0,0.431846,0,1,0
1765848075.3896842,2025-12-16 01:21:15,train,0.449706,0,0.431846,0,1,0
1765848087.598908,2025-12-16 01:21:27,train,0.456728,0,0.428258,0,1,0
1765848099.8653688,2025-12-16 01:21:39,train,0.459458,0,0.43391,0,1,0
1765848112.0736797,2025-12-16 01:21:52,train,0.478745,0,0.435464,0,1,0
1765848124.2792704,2025-12-16 01:22:04,train,0.446236,0,0.420921,0,1,0
1765848136.4664805,2025-12-16 01:22:16,train,0.462205,0,0.430305,0,1,0
1765848148.660649,2025-12-16 01:22:28,train,0.455098,0,0.417921,0,1,0
1765848160.8615265,2025-12-16 01:22:40,train,0.46028,0,0.423437,0,1,0
1765848173.0662503,2025-12-16 01:22:53,train,0.468025,0,0.437546,0,1,0
1765848185.2445478,2025-12-16 01:23:05,train,0.461379,0,0.427239,0,1,0
1765848197.4742806,2025-12-16 01:23:17,train,0.466911,0,0.433393,0,1,0
1765848209.6724477,2025-12-16 01:23:29,train,0.466355,0,0.433393,0,1,0
1765848221.876682,2025-12-16 01:23:41,train,0.477036,0,0.449974,0,1,0
1765848234.077453,2025-12-16 01:23:54,train,0.477036,0,0.451317,0,1,0
1765848246.3633823,2025-12-16 01:24:06,train,0.469142,0,0.435464,0,1,0
1765848258.5536118,2025-12-16 01:24:18,train,0.456728,0,0.419418,0,1,0
1765848270.743066,2025-12-16 01:24:30,train,0.461104,0,0.435724,0,1,0
1765848282.9385526,2025-12-16 01:24:42,train,0.465799,0,0.423942,0,1,0
1765848295.1479754,2025-12-16 01:24:55,train,0.465799,0,0.433135,0,1,0
1765848307.3537564,2025-12-16 01:25:07,train,0.465522,0,0.42673,0,1,0
1765848319.5435762,2025-12-16 01:25:19,train,0.453204,0,0.42268,0,1,0
1765848331.698212,2025-12-16 01:25:31,train,0.452664,0,0.428769,0,1,0
1765848343.8993552,2025-12-16 01:25:43,train,0.452934,0,0.430305,0,1,0
1765848356.1020093,2025-12-16 01:25:56,train,0.44597,0,0.422932,0,1,0
1765848368.3135078,2025-12-16 01:26:08,train,0.444378,0,0.419418,0,1,0
1765848380.5420303,2025-12-16 01:26:20,train,0.446236,0,0.425714,0,1,0
1765848392.7016716,2025-12-16 01:26:32,train,0.434946,0,0.421423,0,1,0
1765848404.921687,2025-12-16 01:26:44,train,0.440686,0,0.414696,0,1,0
1765848417.1038094,2025-12-16 01:26:57,train,0.441474,0,0.4247,0,1,0
1765848429.3100371,2025-12-16 01:27:09,train,0.430305,0,0.410271,0,1,0
1765848441.4916177,2025-12-16 01:27:21,train,0.447301,0,0.415191,0,1,0
1765848453.6847239,2025-12-16 01:27:33,train,0.43391,0,0.420419,0,1,0
1765848465.910355,2025-12-16 01:27:45,train,0.44332,0,0.418669,0,1,0
1765848478.1164734,2025-12-16 01:27:58,train,0.457273,0,0.449706,0,1,0
1765848490.3570395,2025-12-16 01:28:10,train,0.439637,0,0.420169,0,1,0
1765848502.545217,2025-12-16 01:28:22,train,0.431589,0,0.407348,0,1,0
1765848514.7636592,2025-12-16 01:28:34,train,0.446502,0,0.420169,0,1,0
1765848526.9614873,2025-12-16 01:28:46,train,0.438328,0,0.420921,0,1,0
1765848539.1758735,2025-12-16 01:28:59,train,0.432104,0,0.400607,0,1,0
1765848551.3822465,2025-12-16 01:29:11,train,0.434428,0,0.411741,0,1,0
1765848563.574157,2025-12-16 01:29:23,train,0.432361,0,0.40541,0,1,0
1765848575.764472,2025-12-16 01:29:35,train,0.434687,0,0.408077,0,1,0
1765848587.9669645,2025-12-16 01:29:47,train,0.436764,0,0.407834,0,1,0
1765848600.1557071,2025-12-16 01:30:00,train,0.460006,0,0.445438,0,1,0
1765848612.3434255,2025-12-16 01:30:12,train,0.460829,0,0.451586,0,1,0
1765848624.5184417,2025-12-16 01:30:24,train,0.434169,0,0.408807,0,1,0
1765848636.6998131,2025-12-16 01:30:36,train,0.431075,0,0.414202,0,1,0
1765848648.869509,2025-12-16 01:30:48,train,0.468025,0,0.450511,0,1,0
1765848661.0616148,2025-12-16 01:31:01,train,0.443056,0,0.409051,0,1,0
1765848673.2923672,2025-12-16 01:31:13,train,0.445438,0,0.418669,0,1,0
1765848685.4933245,2025-12-16 01:31:25,train,0.454556,0,0.419918,0,1,0
1765848697.6924458,2025-12-16 01:31:37,train,0.458364,0,0.428514,0,1,0
1765848709.8946867,2025-12-16 01:31:49,train,0.451317,0,0.426222,0,1,0
1765848722.0578337,2025-12-16 01:32:02,train,0.455641,0,0.428003,0,1,0
1765848734.26837,2025-12-16 01:32:14,train,0.451586,0,0.418919,0,1,0
1765848746.5153368,2025-12-16 01:32:26,train,0.465244,0,0.43391,0,1,0
1765848758.7245748,2025-12-16 01:32:38,train,0.464413,0,0.447034,0,1,0
1765848770.9230967,2025-12-16 01:32:50,train,0.451586,0,0.437546,0,1,0
1765848783.1183736,2025-12-16 01:33:03,train,0.461929,0,0.44597,0,1,0
1765848795.3873315,2025-12-16 01:33:15,train,0.458638,0,0.445173,0,1,0
1765848807.5584579,2025-12-16 01:33:27,train,0.455098,0,0.428258,0,1,0
1765848819.764395,2025-12-16 01:33:39,train,0.457546,0,0.425207,0,1,0
1765848831.9961793,2025-12-16 01:33:51,train,0.458364,0,0.427493,0,1,0
1765848844.2153952,2025-12-16 01:34:04,train,0.456184,0,0.437285,0,1,0
1765848856.4580796,2025-12-16 01:34:16,train,0.455369,0,0.444378,0,1,0
1765848868.661533,2025-12-16 01:34:28,train,0.449438,0,0.438067,0,1,0
1765848880.8594952,2025-12-16 01:34:40,train,0.454015,0,0.423942,0,1,0
1765848893.046061,2025-12-16 01:34:53,train,0.451048,0,0.423689,0,1,0
1765848905.2430582,2025-12-16 01:35:05,train,0.447834,0,0.417672,0,1,0
1765848917.440069,2025-12-16 01:35:17,train,0.445173,0,0.412724,0,1,0
1765848929.628869,2025-12-16 01:35:29,train,0.451317,0,0.414943,0,1,0
1765848941.8385816,2025-12-16 01:35:41,train,0.449974,0,0.424194,0,1,0
1765848954.0235133,2025-12-16 01:35:54,train,0.458091,0,0.439113,0,1,0
1765848966.234692,2025-12-16 01:36:06,train,0.46469,0,0.42673,0,1,0
1765848978.4201813,2025-12-16 01:36:18,train,0.465522,0,0.437024,0,1,0
1765848990.5811543,2025-12-16 01:36:30,train,0.467747,0,0.440161,0,1,0
1765849002.8217912,2025-12-16 01:36:42,train,0.471104,0,0.442792,0,1,0
1765849015.021557,2025-12-16 01:36:55,train,0.475901,0,0.458911,0,1,0
1765849027.2238421,2025-12-16 01:37:07,train,0.482756,0,0.455098,0,1,0
1765849039.4013767,2025-12-16 01:37:19,train,0.475334,0,0.436244,0,1,0
1765849051.6398134,2025-12-16 01:37:31,train,0.465799,0,0.434169,0,1,0
1765849063.8197875,2025-12-16 01:37:43,train,0.472509,0,0.444643,0,1,0
1765849075.9832144,2025-12-16 01:37:55,train,0.46469,0,0.446236,0,1,0
1765849088.2070627,2025-12-16 01:38:08,train,0.470542,0,0.448368,0,1,0
1765849100.3985164,2025-12-16 01:38:20,train,0.486801,0,0.483908,0,1,0
1765849112.6065552,2025-12-16 01:38:32,train,0.460829,0,0.427493,0,1,0
1765849124.8260298,2025-12-16 01:38:44,train,0.455369,0,0.422932,0,1,0
1765849137.0228221,2025-12-16 01:38:57,train,0.460555,0,0.423942,0,1,0
1765849149.2249384,2025-12-16 01:39:09,train,0.460829,0,0.426476,0,1,0
1765849161.411387,2025-12-16 01:39:21,train,0.455913,0,0.41842,0,1,0
1765849173.5856822,2025-12-16 01:39:33,train,0.448903,0,0.420921,0,1,0
1765849185.8256333,2025-12-16 01:39:45,train,0.466633,0,0.450779,0,1,0
1765849198.0357893,2025-12-16 01:39:58,train,0.462205,0,0.42546,0,1,0
1765849210.250864,2025-12-16 01:40:10,train,0.456728,0,0.420419,0,1,0
1765849222.4194915,2025-12-16 01:40:22,train,0.467189,0,0.451586,0,1,0
1765849234.5994303,2025-12-16 01:40:34,train,0.451048,0,0.414202,0,1,0
1765849246.7916148,2025-12-16 01:40:46,train,0.438851,0,0.410027,0,1,0
1765849258.9902864,2025-12-16 01:40:58,train,0.447034,0,0.410516,0,1,0
1765849271.1959765,2025-12-16 01:41:11,train,0.457546,0,0.411006,0,1,0
1765849283.3637202,2025-12-16 01:41:23,train,0.447567,0,0.407834,0,1,0
1765849295.568641,2025-12-16 01:41:35,train,0.452125,0,0.410761,0,1,0
1765849307.7475548,2025-12-16 01:41:47,train,0.463032,0,0.450779,0,1,0
1765849319.9528987,2025-12-16 01:41:59,train,0.443849,0,0.398702,0,1,0
1765849332.1929078,2025-12-16 01:42:12,train,0.445704,0,0.405894,0,1,0
1765849344.3624861,2025-12-16 01:42:24,train,0.469982,0,0.457273,0,1,0
1765849356.5425828,2025-12-16 01:42:36,train,0.456728,0,0.423437,0,1,0
1765849368.7377715,2025-12-16 01:42:48,train,0.451855,0,0.419418,0,1,0
1765849380.9334695,2025-12-16 01:43:00,train,0.452664,0,0.409051,0,1,0
1765849393.141161,2025-12-16 01:43:13,train,0.460555,0,0.428258,0,1,0
1765849405.3417575,2025-12-16 01:43:25,train,0.448368,0,0.417423,0,1,0
1765849417.513151,2025-12-16 01:43:37,train,0.468863,0,0.44597,0,1,0
1765849429.711665,2025-12-16 01:43:49,train,0.482756,0,0.467747,0,1,0
1765849441.9437888,2025-12-16 01:44:01,train,0.466077,0,0.441211,0,1,0
1765849454.150321,2025-12-16 01:44:14,train,0.46248,0,0.416926,0,1,0
1765849466.3950496,2025-12-16 01:44:26,train,0.459458,0,0.420419,0,1,0
1765849478.5620894,2025-12-16 01:44:38,train,0.469142,0,0.419668,0,1,0
1765849490.7819808,2025-12-16 01:44:50,train,0.456728,0,0.4247,0,1,0
1765849502.9963553,2025-12-16 01:45:02,train,0.464413,0,0.427493,0,1,0
1765849515.1892204,2025-12-16 01:45:15,train,0.493225,0,0.470823,0,1,0
1765849527.3594635,2025-12-16 01:45:27,train,0.484774,0,0.437024,0,1,0
1765849539.5661104,2025-12-16 01:45:39,train,0.467747,0,0.433135,0,1,0
1765849551.7771356,2025-12-16 01:45:51,train,0.469702,0,0.423184,0,1,0
1765849563.9935935,2025-12-16 01:46:03,train,0.480174,0,0.439113,0,1,0
1765849576.2074015,2025-12-16 01:46:16,train,0.485931,0,0.431332,0,1,0
1765849588.4148402,2025-12-16 01:46:28,train,0.480746,0,0.449706,0,1,0
1765849600.5917976,2025-12-16 01:46:40,train,0.488544,0,0.452125,0,1,0
1765849612.7782788,2025-12-16 01:46:52,train,0.481607,0,0.459185,0,1,0
1765849624.9932263,2025-12-16 01:47:04,train,0.492051,0,0.457273,0,1,0
1765849637.1957319,2025-12-16 01:47:17,train,0.473355,0,0.439375,0,1,0
1765849649.3991034,2025-12-16 01:47:29,train,0.461379,0,0.434169,0,1,0
1765849661.6052258,2025-12-16 01:47:41,train,0.47505,0,0.448101,0,1,0
1765849673.81046,2025-12-16 01:47:53,train,0.473073,0,0.444378,0,1,0
1765849686.0097115,2025-12-16 01:48:06,train,0.467468,0,0.441211,0,1,0
1765849698.190838,2025-12-16 01:48:18,train,0.464413,0,0.438328,0,1,0
1765849710.3953888,2025-12-16 01:48:30,train,0.466077,0,0.438067,0,1,0
1765849722.5853167,2025-12-16 01:48:42,train,0.462205,0,0.449706,0,1,0
1765849734.7971444,2025-12-16 01:48:54,train,0.458911,0,0.442264,0,1,0
1765849747.0183377,2025-12-16 01:49:07,train,0.461654,0,0.446502,0,1,0
1765849759.2427535,2025-12-16 01:49:19,train,0.499139,0,0.484774,0,1,0
1765849771.4539232,2025-12-16 01:49:31,train,0.474202,0,0.450242,0,1,0
1765849783.6470873,2025-12-16 01:49:43,train,0.470262,0,0.446502,0,1,0
1765849795.8611434,2025-12-16 01:49:55,train,0.465799,0,0.451586,0,1,0
1765849808.0556664,2025-12-16 01:50:08,train,0.487091,0,0.466911,0,1,0
1765849820.265736,2025-12-16 01:50:20,train,0.489127,0,0.478175,0,1,0
1765849832.4605727,2025-12-16 01:50:32,train,0.483908,0,0.459458,0,1,0
1765849844.6612117,2025-12-16 01:50:44,train,0.485931,0,0.48046,0,1,0
1765849856.8901968,2025-12-16 01:50:56,train,0.483908,0,0.469702,0,1,0
1765849869.100805,2025-12-16 01:51:09,train,0.473637,0,0.456728,0,1,0
1765849881.2531676,2025-12-16 01:51:21,train,0.485642,0,0.466355,0,1,0
1765849893.463119,2025-12-16 01:51:33,train,0.478745,0,0.453744,0,1,0
1765849905.6524625,2025-12-16 01:51:45,train,0.487381,0,0.471104,0,1,0
1765849917.854229,2025-12-16 01:51:57,train,0.488544,0,0.47505,0,1,0
1765849930.071033,2025-12-16 01:52:10,train,0.48046,0,0.440161,0,1,0
1765849942.2588158,2025-12-16 01:52:22,train,0.486511,0,0.464967,0,1,0
1765849954.4800322,2025-12-16 01:52:34,train,0.465522,0,0.433135,0,1,0
1765849966.6579878,2025-12-16 01:52:46,train,0.46248,0,0.425207,0,1,0
1765849978.8597264,2025-12-16 01:52:58,train,0.488836,0,0.472228,0,1,0
1765849991.0665104,2025-12-16 01:53:11,train,0.463032,0,0.427493,0,1,0
1765850003.2576244,2025-12-16 01:53:23,train,0.458911,0,0.425968,0,1,0
1765850015.4392114,2025-12-16 01:53:35,train,0.44917,0,0.4247,0,1,0
1765850027.6695285,2025-12-16 01:53:47,train,0.46386,0,0.445438,0,1,0
1765850039.9187384,2025-12-16 01:53:59,train,0.454285,0,0.420419,0,1,0
1765850052.148558,2025-12-16 01:54:12,train,0.442528,0,0.41643,0,1,0
1765850064.3298597,2025-12-16 01:54:24,train,0.455098,0,0.447301,0,1,0
1765850076.5882268,2025-12-16 01:54:36,train,0.440161,0,0.421674,0,1,0
1765850088.8102863,2025-12-16 01:54:48,train,0.440161,0,0.417423,0,1,0
1765850101.0303843,2025-12-16 01:55:01,train,0.438067,0,0.420169,0,1,0
1765850113.2339454,2025-12-16 01:55:13,train,0.446768,0,0.418919,0,1,0
1765850125.4244099,2025-12-16 01:55:25,train,0.450511,0,0.42673,0,1,0
1765850137.6123538,2025-12-16 01:55:37,train,0.450779,0,0.420419,0,1,0
1765850149.8174415,2025-12-16 01:55:49,train,0.44332,0,0.421423,0,1,0
1765850161.9942796,2025-12-16 01:56:01,train,0.442528,0,0.415438,0,1,0
1765850174.1863186,2025-12-16 01:56:14,train,0.442264,0,0.415934,0,1,0
1765850186.376296,2025-12-16 01:56:26,train,0.443849,0,0.419418,0,1,0
1765850198.5700524,2025-12-16 01:56:38,train,0.444378,0,0.423184,0,1,0
1765850210.815962,2025-12-16 01:56:50,train,0.446236,0,0.4247,0,1,0
1765850223.0518858,2025-12-16 01:57:03,train,0.451048,0,0.423184,0,1,0
1765850235.2636716,2025-12-16 01:57:15,train,0.475334,0,0.449974,0,1,0
1765850247.4748578,2025-12-16 01:57:27,train,0.454015,0,0.416926,0,1,0
1765850259.6861458,2025-12-16 01:57:39,train,0.464137,0,0.426476,0,1,0
1765850271.8878207,2025-12-16 01:57:51,train,0.450511,0,0.420419,0,1,0
1765850284.0941505,2025-12-16 01:58:04,train,0.444643,0,0.413709,0,1,0
1765850296.307511,2025-12-16 01:58:16,train,0.470823,0,0.447834,0,1,0
1765850308.5048313,2025-12-16 01:58:28,train,0.450511,0,0.429536,0,1,0
1765850320.734157,2025-12-16 01:58:40,train,0.458364,0,0.422177,0,1,0
1765850332.9275372,2025-12-16 01:58:52,train,0.48132,0,0.450511,0,1,0
1765850345.3734162,2025-12-16 01:59:05,train,0.473073,0,0.429536,0,1,0
1765850357.571873,2025-12-16 01:59:17,train,0.479316,0,0.463032,0,1,0
1765850369.7608936,2025-12-16 01:59:29,train,0.479031,0,0.460555,0,1,0
1765850381.973916,2025-12-16 01:59:41,train,0.480174,0,0.461379,0,1,0
1765850394.170204,2025-12-16 01:59:54,train,0.483332,0,0.454285,0,1,0
1765850406.3544366,2025-12-16 02:00:06,train,0.466355,0,0.429281,0,1,0
1765850418.5342805,2025-12-16 02:00:18,train,0.48362,0,0.455641,0,1,0
1765850430.72991,2025-12-16 02:00:30,train,0.472228,0,0.439375,0,1,0
1765850442.9207635,2025-12-16 02:00:42,train,0.475617,0,0.439113,0,1,0
1765850455.0998437,2025-12-16 02:00:55,train,0.474202,0,0.447567,0,1,0
1765850467.2789311,2025-12-16 02:01:07,train,0.474767,0,0.445173,0,1,0
1765850479.4693491,2025-12-16 02:01:19,train,0.482468,0,0.451048,0,1,0
1765850491.6663651,2025-12-16 02:01:31,train,0.481033,0,0.454285,0,1,0
1765850503.852389,2025-12-16 02:01:43,train,0.47789,0,0.444378,0,1,0
1765850516.0182545,2025-12-16 02:01:56,train,0.470262,0,0.453474,0,1,0
1765850528.1869726,2025-12-16 02:02:08,train,0.456456,0,0.42673,0,1,0
1765850540.3827486,2025-12-16 02:02:20,train,0.480174,0,0.463584,0,1,0
1765850552.5655844,2025-12-16 02:02:32,train,0.447034,0,0.425714,0,1,0
1765850564.778126,2025-12-16 02:02:44,train,0.460829,0,0.449706,0,1,0
1765850576.9920485,2025-12-16 02:02:56,train,0.456184,0,0.432619,0,1,0
1765850589.1994386,2025-12-16 02:03:09,train,0.459185,0,0.457001,0,1,0
1765850601.42497,2025-12-16 02:03:21,train,0.459185,0,0.434428,0,1,0
1765850613.6334057,2025-12-16 02:03:33,train,0.460006,0,0.440686,0,1,0
1765850625.839962,2025-12-16 02:03:45,train,0.470262,0,0.439113,0,1,0
1765850638.0485857,2025-12-16 02:03:58,train,0.466633,0,0.436244,0,1,0
1765850650.2527306,2025-12-16 02:04:10,train,0.478175,0,0.457273,0,1,0
1765850662.4476779,2025-12-16 02:04:22,train,0.484197,0,0.460006,0,1,0
1765850674.650507,2025-12-16 02:04:34,train,0.479316,0,0.460829,0,1,0
1765850686.9179122,2025-12-16 02:04:46,train,0.477321,0,0.444378,0,1,0
1765850699.1176326,2025-12-16 02:04:59,train,0.46386,0,0.431075,0,1,0
1765850711.3105485,2025-12-16 02:05:11,train,0.471665,0,0.434428,0,1,0
1765850723.4748702,2025-12-16 02:05:23,train,0.469142,0,0.443056,0,1,0
1765850735.6983478,2025-12-16 02:05:35,train,0.479316,0,0.458364,0,1,0
1765850747.908921,2025-12-16 02:05:47,train,0.471947,0,0.441738,0,1,0
1765850760.1298273,2025-12-16 02:06:00,train,0.466355,0,0.454015,0,1,0
1765850772.3623633,2025-12-16 02:06:12,train,0.470262,0,0.447567,0,1,0
1765850784.5701253,2025-12-16 02:06:24,train,0.469422,0,0.454556,0,1,0
1765850796.78394,2025-12-16 02:06:36,train,0.472228,0,0.448368,0,1,0
1765850808.9986515,2025-12-16 02:06:48,train,0.449974,0,0.429281,0,1,0
1765850821.1987379,2025-12-16 02:07:01,train,0.449974,0,0.436764,0,1,0
1765850833.404297,2025-12-16 02:07:13,train,0.452394,0,0.448635,0,1,0
1765850845.60273,2025-12-16 02:07:25,train,0.447834,0,0.437285,0,1,0
1765850857.8228538,2025-12-16 02:07:37,train,0.457546,0,0.444378,0,1,0
1765850870.0016217,2025-12-16 02:07:50,train,0.440161,0,0.425714,0,1,0
1765850882.2057498,2025-12-16 02:08:02,train,0.448903,0,0.443849,0,1,0
1765850894.394351,2025-12-16 02:08:14,train,0.439113,0,0.430562,0,1,0
1765850906.5834532,2025-12-16 02:08:26,train,0.440948,0,0.419418,0,1,0
1765850918.7773826,2025-12-16 02:08:38,train,0.435205,0,0.422932,0,1,0
1765850931.00115,2025-12-16 02:08:51,train,0.444643,0,0.422177,0,1,0
1765850943.2331367,2025-12-16 02:09:03,train,0.439375,0,0.4247,0,1,0
1765850955.4444962,2025-12-16 02:09:15,train,0.444908,0,0.42546,0,1,0
1765850967.6142933,2025-12-16 02:09:27,train,0.452664,0,0.435205,0,1,0
1765850979.8251636,2025-12-16 02:09:39,train,0.449974,0,0.427493,0,1,0
1765850992.0479908,2025-12-16 02:09:52,train,0.436244,0,0.424447,0,1,0
1765851004.271169,2025-12-16 02:10:04,train,0.444908,0,0.446502,0,1,0
1765851016.4398448,2025-12-16 02:10:16,train,0.443584,0,0.436504,0,1,0
1765851028.6656291,2025-12-16 02:10:28,train,0.438328,0,0.428769,0,1,0
1765851040.8646572,2025-12-16 02:10:40,train,0.449706,0,0.429792,0,1,0
1765851053.058016,2025-12-16 02:10:53,train,0.443056,0,0.434687,0,1,0
1765851065.2711294,2025-12-16 02:11:05,train,0.450242,0,0.430562,0,1,0
1765851077.510579,2025-12-16 02:11:17,train,0.469422,0,0.450242,0,1,0
1765851089.737561,2025-12-16 02:11:29,train,0.46469,0,0.442528,0,1,0
1765851101.9404502,2025-12-16 02:11:41,train,0.452664,0,0.433393,0,1,0
1765851114.1614084,2025-12-16 02:11:54,train,0.455098,0,0.437806,0,1,0
1765851126.3718784,2025-12-16 02:12:06,train,0.463308,0,0.441211,0,1,0
1765851138.5496395,2025-12-16 02:12:18,train,0.476752,0,0.450242,0,1,0
1765851150.7685754,2025-12-16 02:12:30,train,0.466911,0,0.427239,0,1,0
1765851162.9826348,2025-12-16 02:12:42,train,0.465799,0,0.438328,0,1,0
1765851175.1841042,2025-12-16 02:12:55,train,0.471104,0,0.441211,0,1,0
1765851187.4125464,2025-12-16 02:13:07,train,0.473919,0,0.455641,0,1,0
1765851199.6229737,2025-12-16 02:13:19,train,0.46469,0,0.451586,0,1,0
1765851211.8487413,2025-12-16 02:13:31,train,0.464967,0,0.442264,0,1,0
1765851224.0407333,2025-12-16 02:13:44,train,0.465522,0,0.446236,0,1,0
1765851236.248746,2025-12-16 02:13:56,train,0.477036,0,0.46028,0,1,0
1765851248.4820228,2025-12-16 02:14:08,train,0.471384,0,0.453204,0,1,0
1765851260.6808262,2025-12-16 02:14:20,train,0.469142,0,0.451586,0,1,0
1765851272.8418992,2025-12-16 02:14:32,train,0.482468,0,0.483908,0,1,0
1765851285.0447302,2025-12-16 02:14:45,train,0.476468,0,0.457546,0,1,0
1765851297.3088648,2025-12-16 02:14:57,train,0.458911,0,0.439113,0,1,0
1765851309.5176249,2025-12-16 02:15:09,train,0.461929,0,0.451586,0,1,0
1765851321.7270687,2025-12-16 02:15:21,train,0.462205,0,0.436764,0,1,0
1765851333.9354923,2025-12-16 02:15:33,train,0.482181,0,0.457273,0,1,0
1765851346.1456513,2025-12-16 02:15:46,train,0.463032,0,0.442001,0,1,0
1765851358.3662045,2025-12-16 02:15:58,train,0.473637,0,0.462756,0,1,0
1765851370.5668025,2025-12-16 02:16:10,train,0.470542,0,0.454015,0,1,0
1765851382.7421596,2025-12-16 02:16:22,train,0.463032,0,0.445173,0,1,0
1765851394.9544542,2025-12-16 02:16:34,train,0.466911,0,0.452394,0,1,0
1765851407.1668782,2025-12-16 02:16:47,train,0.467747,0,0.451855,0,1,0
1765851419.3682458,2025-12-16 02:16:59,train,0.467747,0,0.449438,0,1,0
1765851431.5846465,2025-12-16 02:17:11,train,0.476184,0,0.447301,0,1,0
1765851443.7772768,2025-12-16 02:17:23,train,0.48971,0,0.469702,0,1,0
1765851455.9988534,2025-12-16 02:17:35,train,0.467189,0,0.455369,0,1,0
1765851468.180146,2025-12-16 02:17:48,train,0.471947,0,0.453474,0,1,0
1765851480.3885102,2025-12-16 02:18:00,train,0.476184,0,0.457818,0,1,0
1765851492.594528,2025-12-16 02:18:12,train,0.475334,0,0.474202,0,1,0
1765851504.7826195,2025-12-16 02:18:24,train,0.503021,0,0.495287,0,1,0
1765851516.9788914,2025-12-16 02:18:36,train,0.498842,0,0.48971,0,1,1
1765851529.1906462,2025-12-16 02:18:49,train,0.582098,1,0.540633,0,1,0
1765851541.395495,2025-12-16 02:19:01,train,0.606532,1,0.575201,0,1,0
1765851553.578287,2025-12-16 02:19:13,train,0.630488,1,0.59154,0,1,1
1765851565.7588367,2025-12-16 02:19:25,train,0.649171,1,0.60798,0,1,1
1765851577.9483945,2025-12-16 02:19:37,train,0.668009,1,0.622276,0,1,1
1765851590.1524317,2025-12-16 02:19:50,train,0.664831,1,0.63124,0,1,0
1765851602.3851662,2025-12-16 02:20:02,train,0.674811,1,0.64301,1,1,0
1765851614.57644,2025-12-16 02:20:14,train,0.67844,1,0.641862,1,1,1
1765851626.7779405,2025-12-16 02:20:26,train,0.671601,1,0.635013,1,1,1
1765851639.0007086,2025-12-16 02:20:39,train,0.672402,1,0.63237,0,1,1
1765851651.209339,2025-12-16 02:20:51,train,0.670401,1,0.63124,0,1,1
1765851663.4075236,2025-12-16 02:21:03,train,0.671601,1,0.631616,0,1,1
1765851675.5811973,2025-12-16 02:21:15,train,0.667213,1,0.633124,0,1,1
1765851687.7704902,2025-12-16 02:21:27,train,0.669204,1,0.633879,1,1,0
1765851699.9812257,2025-12-16 02:21:39,train,0.668407,1,0.635013,1,1,0
1765851712.2280746,2025-12-16 02:21:52,train,0.668407,1,0.637288,1,1,0
1765851724.4433997,2025-12-16 02:22:04,train,0.666815,1,0.633501,0,1,1
1765851736.6328034,2025-12-16 02:22:16,train,0.66404,1,0.635013,1,1,0
1765851748.8135736,2025-12-16 02:22:28,train,0.663249,1,0.642627,1,1,1
1765851761.0199223,2025-12-16 02:22:41,train,0.65813,1,0.638428,1,1,1
1765851773.192227,2025-12-16 02:22:53,train,0.657346,1,0.639571,1,1,0
1765851785.417746,2025-12-16 02:23:05,train,0.659701,1,0.644161,1,1,0
1765851797.6235037,2025-12-16 02:23:17,train,0.649945,1,0.642244,1,1,1
1765851809.8259165,2025-12-16 02:23:29,train,0.651885,1,0.641862,1,1,0
1765851822.0425391,2025-12-16 02:23:42,train,0.646083,1,0.641479,1,1,1
1765851834.273102,2025-12-16 02:23:54,train,0.647239,1,0.641479,1,1,0
1765851846.4944146,2025-12-16 02:24:06,train,0.644161,1,0.641479,1,1,0
1765851858.6925778,2025-12-16 02:24:18,train,0.645698,1,0.643394,1,1,1
1765851870.8877447,2025-12-16 02:24:30,train,0.643394,1,0.639952,1,1,1
1765851883.0944924,2025-12-16 02:24:43,train,0.644161,1,0.639571,1,1,1
1765851895.3009155,2025-12-16 02:24:55,train,0.643394,1,0.638809,1,1,1
1765851907.5162177,2025-12-16 02:25:07,train,0.646854,1,0.638809,1,1,1
1765851919.7815487,2025-12-16 02:25:19,train,0.643394,1,0.63919,1,1,1
1765851931.9842565,2025-12-16 02:25:31,train,0.643777,1,0.640715,1,1,1
1765851944.176234,2025-12-16 02:25:44,train,0.65461,1,0.64301,1,1,1
1765851956.3694458,2025-12-16 02:25:56,train,0.656563,1,0.64301,1,1,1
1765851968.541301,2025-12-16 02:26:08,train,0.655781,1,0.641862,1,1,0
1765851980.7499974,2025-12-16 02:26:20,train,0.653051,1,0.641479,1,1,1
1765851992.9575346,2025-12-16 02:26:32,train,0.651108,1,0.641862,1,1,1
1765852005.157551,2025-12-16 02:26:45,train,0.65539,1,0.644161,1,1,0
1765852017.3494098,2025-12-16 02:26:57,train,0.670801,1,0.655,1,1,1
1765852029.5676227,2025-12-16 02:27:09,train,0.670002,1,0.653051,1,1,0
1765852041.781202,2025-12-16 02:27:21,train,0.672001,1,0.657738,1,1,0
1765852053.9905224,2025-12-16 02:27:33,train,0.670801,1,0.65344,1,1,0
1765852066.197738,2025-12-16 02:27:46,train,0.666418,1,0.65344,1,1,1
1765852078.3764725,2025-12-16 02:27:58,train,0.656954,1,0.648784,1,1,1
1765852090.5698886,2025-12-16 02:28:10,train,0.641097,1,0.638428,1,1,0
1765852102.7651591,2025-12-16 02:28:22,train,0.633124,1,0.627116,0,1,0
1765852114.9777331,2025-12-16 02:28:34,train,0.619686,1,0.622647,0,1,0
1765852127.200192,2025-12-16 02:28:47,train,0.633501,1,0.614903,0,0,0
1765852139.4070463,2025-12-16 02:28:59,train,0.630113,1,0.615637,0,0,0
1765852151.6085594,2025-12-16 02:29:11,train,0.618579,1,0.602569,0,0,0
1765852163.788044,2025-12-16 02:29:23,train,0.613805,1,0.59154,0,1,0
1765852175.9650621,2025-12-16 02:29:35,train,0.606532,1,0.584531,0,0,0
1765852188.1688292,2025-12-16 02:29:48,train,0.599346,1,0.577261,0,0,0
1765852200.3603451,2025-12-16 02:30:00,train,0.599346,1,0.573831,0,1,0
1765852212.53751,2025-12-16 02:30:12,train,0.600419,1,0.559647,0,0,0
1765852224.7562692,2025-12-16 02:30:24,train,0.595075,1,0.561317,0,1,0
1765852236.9331856,2025-12-16 02:30:36,train,0.588375,1,0.556321,0,1,0
1765852249.1165326,2025-12-16 02:30:49,train,0.585926,1,0.55898,0,0,0
1765852261.30199,2025-12-16 02:31:01,train,0.586275,1,0.555659,0,1,0
1765852273.4969869,2025-12-16 02:31:13,train,0.584879,1,0.557317,0,1,0
1765852285.6667712,2025-12-16 02:31:25,train,0.586275,1,0.560982,0,0,0
1765852297.844418,2025-12-16 02:31:37,train,0.587324,1,0.562656,0,0,0
1765852310.0404253,2025-12-16 02:31:50,train,0.583139,1,0.560314,0,0,0
1765852322.2328756,2025-12-16 02:32:02,train,0.581058,1,0.552686,0,0,0
1765852334.4326057,2025-12-16 02:32:14,train,0.58978,1,0.559647,0,1,0
1765852346.6193054,2025-12-16 02:32:26,train,0.582445,1,0.556985,0,0,0
1765852358.8285139,2025-12-16 02:32:38,train,0.583835,1,0.551699,0,0,0
1765852371.0078032,2025-12-16 02:32:51,train,0.585926,1,0.544189,0,1,0
1765852383.2232468,2025-12-16 02:33:03,train,0.582445,1,0.54257,0,1,0
1765852395.4283946,2025-12-16 02:33:15,train,0.588025,1,0.544513,0,0,0
1765852407.622921,2025-12-16 02:33:27,train,0.582445,1,0.543217,0,0,0
1765852419.837732,2025-12-16 02:33:39,train,0.586275,1,0.547442,0,1,0
1765852432.048457,2025-12-16 02:33:52,train,0.580366,1,0.543217,0,1,0
1765852444.26597,2025-12-16 02:34:04,train,0.584531,1,0.545488,0,1,0
1765852456.4580677,2025-12-16 02:34:16,train,0.578639,1,0.546138,0,1,0
1765852468.6580753,2025-12-16 02:34:28,train,0.585228,1,0.550714,0,0,0
1765852480.8613849,2025-12-16 02:34:40,train,0.587324,1,0.560314,0,0,0
1765852493.0689554,2025-12-16 02:34:53,train,0.585228,1,0.539025,0,0,0
1765852505.2755067,2025-12-16 02:35:05,train,0.584183,1,0.542246,0,0,0
1765852517.5395079,2025-12-16 02:35:17,train,0.578294,1,0.542893,0,1,0
1765852529.7376266,2025-12-16 02:35:29,train,0.578984,1,0.54257,0,0,0
1765852541.9427664,2025-12-16 02:35:41,train,0.579674,1,0.543541,0,0,0
1765852554.145055,2025-12-16 02:35:54,train,0.589428,1,0.557649,0,0,0
1765852566.3506887,2025-12-16 02:36:06,train,0.586974,1,0.554997,0,0,0
1765852578.522095,2025-12-16 02:36:18,train,0.575201,1,0.538062,0,0,0
1765852590.7715826,2025-12-16 02:36:30,train,0.573148,1,0.538062,0,0,0
1765852602.985477,2025-12-16 02:36:42,train,0.575544,1,0.541923,0,1,0
1765852615.1871223,2025-12-16 02:36:55,train,0.578639,1,0.544838,0,0,0
1765852627.3833826,2025-12-16 02:37:07,train,0.57623,1,0.550386,0,0,0
1765852639.5918603,2025-12-16 02:37:19,train,0.583139,1,0.548748,0,0,0
1765852651.788478,2025-12-16 02:37:31,train,0.582445,1,0.548748,0,0,0
1765852664.0168068,2025-12-16 02:37:44,train,0.586275,1,0.546789,0,0,0
1765852676.2217245,2025-12-16 02:37:56,train,0.584531,1,0.550714,0,1,0
1765852688.4274166,2025-12-16 02:38:08,train,0.584531,1,0.547768,0,0,0
1765852700.6607234,2025-12-16 02:38:20,train,0.585577,1,0.551371,0,1,0
1765852712.841277,2025-12-16 02:38:32,train,0.592598,1,0.555659,0,1,0
1765852725.0391133,2025-12-16 02:38:45,train,0.609431,1,0.580712,0,0,0
1765852737.2709312,2025-12-16 02:38:57,train,0.643394,1,0.592951,0,1,1
1765852749.4642222,2025-12-16 02:39:09,train,0.634257,1,0.584183,0,1,1
1765852761.6551325,2025-12-16 02:39:21,train,0.627864,1,0.566695,0,1,1
1765852773.8776176,2025-12-16 02:39:33,train,0.601852,1,0.559647,0,1,1
1765852786.0668528,2025-12-16 02:39:46,train,0.600419,1,0.55898,0,1,1
1765852798.2616386,2025-12-16 02:39:58,train,0.600419,1,0.565009,0,1,1
1765852810.463021,2025-12-16 02:40:10,train,0.600777,1,0.568047,0,1,1
1765852822.6323714,2025-12-16 02:40:22,train,0.602929,1,0.565682,0,1,1
1765852834.831376,2025-12-16 02:40:34,train,0.602929,1,0.567709,0,1,1
1765852847.0452466,2025-12-16 02:40:47,train,0.604368,1,0.568386,0,1,1
1765852859.2530572,2025-12-16 02:40:59,train,0.604007,1,0.569064,0,1,1
1765852871.432468,2025-12-16 02:41:11,train,0.605449,1,0.569064,0,1,1
1765852883.6143656,2025-12-16 02:41:23,train,0.614171,1,0.57623,0,1,1
1765852895.8154268,2025-12-16 02:41:35,train,0.604007,1,0.569064,0,1,1
1765852908.033563,2025-12-16 02:41:48,train,0.608342,1,0.570422,0,1,1
1765852920.2340086,2025-12-16 02:42:00,train,0.597207,1,0.540311,0,1,1
1765852932.4263983,2025-12-16 02:42:12,train,0.603288,1,0.526327,0,1,1
1765852944.5837963,2025-12-16 02:42:24,train,0.607256,1,0.544189,0,1,1
1765852956.7727294,2025-12-16 02:42:36,train,0.585926,1,0.524136,0,1,1
1765852968.9849036,2025-12-16 02:42:48,train,0.584531,1,0.509659,0,1,1
1765852981.1735427,2025-12-16 02:43:01,train,0.575544,1,0.503921,0,1,1
1765852993.363962,2025-12-16 02:43:13,train,0.56737,1,0.49795,0,1,1
1765853005.5578716,2025-12-16 02:43:25,train,0.580712,1,0.517926,0,1,1
1765853017.807487,2025-12-16 02:43:37,train,0.573489,1,0.519782,0,1,1
1765853030.0133095,2025-12-16 02:43:50,train,0.553016,1,0.50784,0,1,1
1765853042.2200727,2025-12-16 02:44:02,train,0.554666,1,0.499139,0,1,1
1765853054.4202182,2025-12-16 02:44:14,train,0.557982,1,0.510267,0,1,1
1765853066.6001122,2025-12-16 02:44:26,train,0.55898,1,0.501524,0,1,1
1765853078.8302362,2025-12-16 02:44:38,train,0.574516,1,0.530105,0,1,1
1765853091.0345588,2025-12-16 02:44:51,train,0.537101,1,0.51118,0,1,0
1765853103.2733407,2025-12-16 02:45:03,train,0.521643,1,0.490879,0,1,0
1765853115.4166243,2025-12-16 02:45:15,train,0.54257,1,0.516693,0,1,0
1765853127.6397765,2025-12-16 02:45:27,train,0.517926,1,0.488544,0,1,1
1765853139.8817275,2025-12-16 02:45:39,train,0.526641,1,0.494697,0,1,0
1765853152.0867162,2025-12-16 02:45:52,train,0.500032,0,0.486221,0,1,1
1765853164.2946002,2025-12-16 02:46:04,train,0.51179,0,0.494697,0,1,1
1765853176.4884942,2025-12-16 02:46:16,train,0.503921,0,0.486221,0,1,1
1765853188.6822515,2025-12-16 02:46:28,train,0.509052,0,0.48362,0,1,1
1765853200.8932905,2025-12-16 02:46:40,train,0.51118,0,0.486511,0,1,1
1765853213.1144083,2025-12-16 02:46:53,train,0.509659,0,0.490002,0,1,0
1765853225.3904214,2025-12-16 02:47:05,train,0.499734,0,0.486511,0,1,0
1765853237.580651,2025-12-16 02:47:17,train,0.503921,0,0.484774,0,1,0
1765853249.78129,2025-12-16 02:47:29,train,0.504522,0,0.488836,0,1,0
1765853261.9442618,2025-12-16 02:47:41,train,0.509963,0,0.494992,0,1,0
1765853274.1635854,2025-12-16 02:47:54,train,0.517001,1,0.517309,0,1,1
1765853286.435613,2025-12-16 02:48:06,train,0.5124,0,0.486801,0,1,0
1765853298.6242113,2025-12-16 02:48:18,train,0.488544,0,0.470542,0,1,1
1765853310.819014,2025-12-16 02:48:30,train,0.495878,0,0.469982,0,1,1
1765853323.026273,2025-12-16 02:48:43,train,0.502122,0,0.48046,0,1,0
1765853335.2134612,2025-12-16 02:48:55,train,0.484197,0,0.466633,0,1,0
1765853347.4207177,2025-12-16 02:49:07,train,0.500628,0,0.476468,0,1,1
1765853359.611385,2025-12-16 02:49:19,train,0.484485,0,0.463308,0,1,1
1765853371.7755163,2025-12-16 02:49:31,train,0.47505,0,0.452125,0,1,1
1765853383.9986446,2025-12-16 02:49:43,train,0.477321,0,0.459732,0,1,1
1765853396.2063005,2025-12-16 02:49:56,train,0.472791,0,0.451317,0,1,0
1765853408.415484,2025-12-16 02:50:08,train,0.467189,0,0.453744,0,1,0
1765853420.6238992,2025-12-16 02:50:20,train,0.47505,0,0.452934,0,1,0
1765853432.8246424,2025-12-16 02:50:32,train,0.467747,0,0.449438,0,1,1
1765853445.0130327,2025-12-16 02:50:45,train,0.459732,0,0.439375,0,1,0
1765853457.2218924,2025-12-16 02:50:57,train,0.466355,0,0.450242,0,1,0
1765853469.418273,2025-12-16 02:51:09,train,0.453474,0,0.436244,0,1,0
1765853481.6242614,2025-12-16 02:51:21,train,0.450511,0,0.434687,0,1,0
1765853493.8202803,2025-12-16 02:51:33,train,0.487962,0,0.46469,0,1,0
1765853506.0258453,2025-12-16 02:51:46,train,0.447567,0,0.445438,0,1,1
1765853518.2330637,2025-12-16 02:51:58,train,0.449706,0,0.460006,0,1,0
1765853530.4408312,2025-12-16 02:52:10,train,0.460829,0,0.468025,0,1,0
1765853542.6277523,2025-12-16 02:52:22,train,0.437806,0,0.439637,0,1,1
1765853554.8144722,2025-12-16 02:52:34,train,0.465522,0,0.47789,0,1,0
1765853567.017237,2025-12-16 02:52:47,train,0.433135,0,0.438851,0,1,0
1765853579.2409668,2025-12-16 02:52:59,train,0.440161,0,0.439375,0,1,0
1765853591.44552,2025-12-16 02:53:11,train,0.437285,0,0.429792,0,1,0
1765853603.6404471,2025-12-16 02:53:23,train,0.430562,0,0.429281,0,1,1
1765853615.8370216,2025-12-16 02:53:35,train,0.437806,0,0.436244,0,1,0
1765853628.050963,2025-12-16 02:53:48,train,0.453744,0,0.437285,0,1,0
1765853640.2595587,2025-12-16 02:54:00,train,0.433652,0,0.423184,0,1,0
1765853652.4555566,2025-12-16 02:54:12,train,0.466633,0,0.463308,0,1,0
1765853664.6359305,2025-12-16 02:54:24,train,0.490002,0,0.481033,0,1,0
1765853676.8442678,2025-12-16 02:54:36,train,0.442001,0,0.436764,0,1,0
1765853689.049403,2025-12-16 02:54:49,train,0.449974,0,0.43391,0,1,0
1765853701.2616947,2025-12-16 02:55:01,train,0.450242,0,0.427748,0,1,0
1765853713.482082,2025-12-16 02:55:13,train,0.47505,0,0.449438,0,1,0
1765853725.6645036,2025-12-16 02:55:25,train,0.455913,0,0.438328,0,1,1
1765853737.9187405,2025-12-16 02:55:37,train,0.450242,0,0.430818,0,1,1
1765853750.1222866,2025-12-16 02:55:50,train,0.451317,0,0.436504,0,1,1
1765853762.3302228,2025-12-16 02:56:02,train,0.450779,0,0.431075,0,1,0
1765853774.5618415,2025-12-16 02:56:14,train,0.462205,0,0.434169,0,1,1
1765853786.7599576,2025-12-16 02:56:26,train,0.467468,0,0.439375,0,1,0
1765853798.9504318,2025-12-16 02:56:38,train,0.471104,0,0.442528,0,1,1
1765853811.127308,2025-12-16 02:56:51,train,0.467468,0,0.442001,0,1,0
1765853823.3418934,2025-12-16 02:57:03,train,0.467468,0,0.423942,0,1,1
1765853835.5573184,2025-12-16 02:57:15,train,0.473919,0,0.440686,0,1,0
1765853847.7532358,2025-12-16 02:57:27,train,0.463308,0,0.443849,0,1,1
1765853859.9949925,2025-12-16 02:57:39,train,0.448635,0,0.440423,0,1,1
1765853872.1976202,2025-12-16 02:57:52,train,0.461654,0,0.452934,0,1,1
1765853884.4095428,2025-12-16 02:58:04,train,0.465522,0,0.46248,0,1,0
1765853896.6042376,2025-12-16 02:58:16,train,0.489127,0,0.469702,0,1,0
1765853908.8303542,2025-12-16 02:58:28,train,0.459185,0,0.46248,0,1,0
1765853921.0372195,2025-12-16 02:58:41,train,0.454556,0,0.446768,0,1,1
1765853933.30405,2025-12-16 02:58:53,train,0.443849,0,0.437546,0,1,0
1765853945.5133543,2025-12-16 02:59:05,train,0.467189,0,0.444113,0,1,1
1765853957.6876683,2025-12-16 02:59:17,train,0.460555,0,0.431332,0,1,0
1765853969.8798826,2025-12-16 02:59:29,train,0.458091,0,0.447301,0,1,1
1765853982.0789194,2025-12-16 02:59:42,train,0.467747,0,0.455641,0,1,0
1765853994.2700214,2025-12-16 02:59:54,train,0.466633,0,0.452664,0,1,0
1765854006.452615,2025-12-16 03:00:06,train,0.466911,0,0.448903,0,1,1
1765854018.6408517,2025-12-16 03:00:18,train,0.48046,0,0.458091,0,1,0
1765854030.8507497,2025-12-16 03:00:30,train,0.482181,0,0.479602,0,1,0
1765854043.0355663,2025-12-16 03:00:43,train,0.496173,0,0.480746,0,1,0
1765854055.2255106,2025-12-16 03:00:55,train,0.492638,0,0.470542,0,1,1
1765854067.4053986,2025-12-16 03:01:07,train,0.461654,0,0.448101,0,1,0
1765854079.5862017,2025-12-16 03:01:19,train,0.471947,0,0.440423,0,1,0
1765854091.7966228,2025-12-16 03:01:31,train,0.467747,0,0.446236,0,1,1
1765854103.9935963,2025-12-16 03:01:43,train,0.47789,0,0.454827,0,0,0
1765854116.2054253,2025-12-16 03:01:56,train,0.476468,0,0.460555,0,0,0
1765854128.3980272,2025-12-16 03:02:08,train,0.461654,0,0.438328,0,0,0
1765854140.5881927,2025-12-16 03:02:20,train,0.467189,0,0.451048,0,0,0
1765854152.7554235,2025-12-16 03:02:32,train,0.447567,0,0.419668,0,1,0
1765854164.9406319,2025-12-16 03:02:44,train,0.449706,0,0.42268,0,0,0
1765854177.1285708,2025-12-16 03:02:57,train,0.450242,0,0.413709,0,1,0
1765854189.329215,2025-12-16 03:03:09,train,0.458091,0,0.42546,0,1,0
1765854201.5051768,2025-12-16 03:03:21,train,0.484774,0,0.458364,0,0,0
1765854213.679745,2025-12-16 03:03:33,train,0.440948,0,0.405652,0,1,0
1765854225.8821063,2025-12-16 03:03:45,train,0.448101,0,0.413709,0,0,0
1765854238.0915117,2025-12-16 03:03:58,train,0.436244,0,0.422177,0,0,0
1765854250.323395,2025-12-16 03:04:10,train,0.465244,0,0.455098,0,0,0
1765854262.4832418,2025-12-16 03:04:22,train,0.438067,0,0.429536,0,0,0
1765854274.6931074,2025-12-16 03:04:34,train,0.433393,0,0.42067,0,0,0
1765854286.8575609,2025-12-16 03:04:46,train,0.44332,0,0.429536,0,0,0
1765854299.0611656,2025-12-16 03:04:59,train,0.459185,0,0.438851,0,0,0
1765854311.2708297,2025-12-16 03:05:11,train,0.43859,0,0.424194,0,1,0
1765854323.4532492,2025-12-16 03:05:23,train,0.444378,0,0.417921,0,1,0
1765854335.6585085,2025-12-16 03:05:35,train,0.454285,0,0.422932,0,0,0
1765854347.9151328,2025-12-16 03:05:47,train,0.432361,0,0.401803,0,0,0
1765854360.1535614,2025-12-16 03:06:00,train,0.433652,0,0.398464,0,0,0
1765854372.3721173,2025-12-16 03:06:12,train,0.456184,0,0.417423,0,0,0
1765854384.5681539,2025-12-16 03:06:24,train,0.439375,0,0.408563,0,0,0
1765854396.8103945,2025-12-16 03:06:36,train,0.445438,0,0.418919,0,0,0
1765854409.02106,2025-12-16 03:06:49,train,0.42546,0,0.399891,0,0,0
1765854421.2782078,2025-12-16 03:07:01,train,0.444113,0,0.413216,0,0,0
1765854433.5148113,2025-12-16 03:07:13,train,0.439375,0,0.403002,0,0,0
1765854445.7006404,2025-12-16 03:07:25,train,0.433652,0,0.39117,0,0,0
1765854457.9222205,2025-12-16 03:07:37,train,0.436504,0,0.398227,0,0,0
1765854470.1158483,2025-12-16 03:07:50,train,0.421423,0,0.388152,0,0,0
1765854482.3423607,2025-12-16 03:08:02,train,0.452125,0,0.410761,0,0,0
1765854494.552736,2025-12-16 03:08:14,train,0.417672,0,0.38792,0,0,0
1765854506.7717927,2025-12-16 03:08:26,train,0.436244,0,0.398939,0,0,0
1765854518.982418,2025-12-16 03:08:38,train,0.416678,0,0.390704,0,0,0
1765854531.2170525,2025-12-16 03:08:51,train,0.447301,0,0.422932,0,0,0
1765854543.4232786,2025-12-16 03:09:03,train,0.483044,0,0.469702,0,0,0
1765854555.6603608,2025-12-16 03:09:15,train,0.435984,0,0.397752,0,0,0
1765854567.8598073,2025-12-16 03:09:27,train,0.448101,0,0.429281,0,0,0
1765854580.074757,2025-12-16 03:09:40,train,0.41842,0,0.384697,0,0,0
1765854592.2458982,2025-12-16 03:09:52,train,0.435205,0,0.403482,0,0,0
1765854604.4584043,2025-12-16 03:10:04,train,0.428769,0,0.392806,0,0,0
1765854616.6676106,2025-12-16 03:10:16,train,0.435984,0,0.40013,0,0,0
1765854628.8850067,2025-12-16 03:10:28,train,0.426222,0,0.392572,0,0,0
1765854641.0880167,2025-12-16 03:10:41,train,0.447301,0,0.416926,0,0,0
1765854653.293686,2025-12-16 03:10:53,train,0.454556,0,0.40541,0,0,0
1765854665.461525,2025-12-16 03:11:05,train,0.436244,0,0.39799,0,0,0
1765854677.6429486,2025-12-16 03:11:17,train,0.446502,0,0.406378,0,0,0
1765854689.8756282,2025-12-16 03:11:29,train,0.439375,0,0.404204,0,0,0
1765854702.0836334,2025-12-16 03:11:42,train,0.441474,0,0.403242,0,0,0
1765854714.2897434,2025-12-16 03:11:54,train,0.43859,0,0.403963,0,0,0
1765854726.49558,2025-12-16 03:12:06,train,0.443849,0,0.407834,0,0,0
1765854738.6816163,2025-12-16 03:12:18,train,0.451317,0,0.429536,0,0,0
1765854750.867892,2025-12-16 03:12:30,train,0.451855,0,0.419418,0,0,0
1765854763.0553572,2025-12-16 03:12:43,train,0.442001,0,0.40662,0,0,0
1765854775.263393,2025-12-16 03:12:55,train,0.457818,0,0.419668,0,1,0
1765854787.476058,2025-12-16 03:13:07,train,0.479031,0,0.452125,0,0,0
1765854799.6605282,2025-12-16 03:13:19,train,0.453744,0,0.412478,0,0,0
1765854811.875967,2025-12-16 03:13:31,train,0.461654,0,0.43391,0,0,0
1765854824.0568752,2025-12-16 03:13:44,train,0.43859,0,0.407834,0,0,0
1765854836.2698572,2025-12-16 03:13:56,train,0.42546,0,0.405894,0,0,0
1765854848.4643228,2025-12-16 03:14:08,train,0.439113,0,0.417423,0,0,0
1765854860.6955428,2025-12-16 03:14:20,train,0.433135,0,0.413462,0,0,0
1765854872.9444468,2025-12-16 03:14:32,train,0.440161,0,0.414696,0,0,0
1765854885.1594388,2025-12-16 03:14:45,train,0.460829,0,0.446236,0,0,0
1765854897.398094,2025-12-16 03:14:57,train,0.448101,0,0.407348,0,0,0
1765854909.5965588,2025-12-16 03:15:09,train,0.437546,0,0.413955,0,0,0
1765854921.7928278,2025-12-16 03:15:21,train,0.433393,0,0.404928,0,0,0
1765854933.9995575,2025-12-16 03:15:33,train,0.436504,0,0.403963,0,0,0
1765854946.199627,2025-12-16 03:15:46,train,0.46028,0,0.420419,0,0,0
1765854958.4473386,2025-12-16 03:15:58,train,0.458091,0,0.441474,0,0,0
1765854970.6619465,2025-12-16 03:16:10,train,0.477321,0,0.441738,0,0,0
1765854982.8771377,2025-12-16 03:16:22,train,0.469422,0,0.440948,0,0,0
1765854995.0677452,2025-12-16 03:16:35,train,0.465244,0,0.423689,0,0,0
1765855007.2845478,2025-12-16 03:16:47,train,0.445438,0,0.409295,0,0,0
1765855019.499696,2025-12-16 03:16:59,train,0.468025,0,0.42673,0,0,0
1765855031.7124534,2025-12-16 03:17:11,train,0.450242,0,0.412232,0,0,0
1765855043.8911717,2025-12-16 03:17:23,train,0.465244,0,0.419918,0,0,0
1765855056.1168864,2025-12-16 03:17:36,train,0.444643,0,0.406378,0,1,0
1765855068.333385,2025-12-16 03:17:48,train,0.467468,0,0.432619,0,0,0
1765855080.5339122,2025-12-16 03:18:00,train,0.440161,0,0.398702,0,0,0
1765855092.7351327,2025-12-16 03:18:12,train,0.436764,0,0.401563,0,0,0
1765855104.9250455,2025-12-16 03:18:24,train,0.427239,0,0.385845,0,0,0
1765855117.1326616,2025-12-16 03:18:37,train,0.42673,0,0.384927,0,0,0
1765855129.3473933,2025-12-16 03:18:49,train,0.44597,0,0.388383,0,0,0
1765855141.5304458,2025-12-16 03:19:01,train,0.447034,0,0.390472,0,0,0
1765855153.7324347,2025-12-16 03:19:13,train,0.448368,0,0.387689,0,0,0
1765855165.8950107,2025-12-16 03:19:25,train,0.434687,0,0.38264,0,0,0
1765855178.1140172,2025-12-16 03:19:38,train,0.438067,0,0.393978,0,0,0
1765855190.3625984,2025-12-16 03:19:50,train,0.452934,0,0.413216,0,0,0
1765855202.5591185,2025-12-16 03:20:02,train,0.417175,0,0.367224,0,0,0
1765855214.7374232,2025-12-16 03:20:14,train,0.417672,0,0.36986,0,0,0
1765855226.947678,2025-12-16 03:20:26,train,0.454827,0,0.411496,0,0,0
1765855239.1561763,2025-12-16 03:20:39,train,0.425968,0,0.377656,0,0,0
1765855251.3521223,2025-12-16 03:20:51,train,0.414943,0,0.36526,0,0,0
1765855263.5152302,2025-12-16 03:21:03,train,0.415686,0,0.374072,0,0,0
1765855275.7212374,2025-12-16 03:21:15,train,0.419418,0,0.379913,0,0,0
1765855287.9295063,2025-12-16 03:21:27,train,0.418669,0,0.36854,0,0,0
1765855300.1315107,2025-12-16 03:21:40,train,0.416678,0,0.371185,0,0,0
1765855312.2811527,2025-12-16 03:21:52,train,0.437546,0,0.39799,0,0,0
1765855324.4635491,2025-12-16 03:22:04,train,0.424953,0,0.39187,0,0,0
1765855336.6664174,2025-12-16 03:22:16,train,0.404928,0,0.376532,0,0,0
1765855348.8552985,2025-12-16 03:22:28,train,0.452664,0,0.437806,0,0,0
1765855361.0699558,2025-12-16 03:22:41,train,0.422177,0,0.388152,0,0,0
1765855373.269327,2025-12-16 03:22:53,train,0.412478,0,0.374072,0,0,0
1765855385.4953306,2025-12-16 03:23:05,train,0.415191,0,0.374741,0,0,0
1765855397.693602,2025-12-16 03:23:17,train,0.413955,0,0.372514,0,0,0
1765855409.8961592,2025-12-16 03:23:29,train,0.422177,0,0.372737,0,0,0
1765855422.1065059,2025-12-16 03:23:42,train,0.42268,0,0.376308,0,0,0
1765855434.3336377,2025-12-16 03:23:54,train,0.398702,0,0.354748,0,0,0
1765855446.5760033,2025-12-16 03:24:06,train,0.399891,0,0.361794,0,0,0
1765855458.7703645,2025-12-16 03:24:18,train,0.407591,0,0.36201,0,0,0
1765855470.9573004,2025-12-16 03:24:30,train,0.415438,0,0.358788,0,0,0
1765855483.2064302,2025-12-16 03:24:43,train,0.416926,0,0.373181,0,0,0
1765855495.4008565,2025-12-16 03:24:55,train,0.413955,0,0.375412,0,0,0
1765855507.622117,2025-12-16 03:25:07,train,0.411986,0,0.365696,0,0,0
1765855519.834471,2025-12-16 03:25:19,train,0.413709,0,0.360288,0,0,0
1765855532.0415487,2025-12-16 03:25:32,train,0.451317,0,0.415934,0,0,0
1765855544.2492666,2025-12-16 03:25:44,train,0.408807,0,0.353904,0,0,0
1765855556.4462168,2025-12-16 03:25:56,train,0.406136,0,0.363956,0,0,0
1765855568.7074726,2025-12-16 03:26:08,train,0.415438,0,0.362874,0,0,0
1765855580.9560874,2025-12-16 03:26:20,train,0.42268,0,0.370522,0,0,0
1765855593.1684399,2025-12-16 03:26:33,train,0.418919,0,0.370964,0,0,0
1765855605.3804116,2025-12-16 03:26:45,train,0.413462,0,0.372514,0,0,0
1765855617.5686605,2025-12-16 03:26:57,train,0.417175,0,0.370964,0,0,0
1765855629.7661974,2025-12-16 03:27:09,train,0.411006,0,0.365696,0,0,0
1765855641.9597132,2025-12-16 03:27:21,train,0.412232,0,0.376981,0,0,0
1765855654.1671488,2025-12-16 03:27:34,train,0.422932,0,0.37946,0,0,0
1765855666.3744822,2025-12-16 03:27:46,train,0.420169,0,0.36986,0,0,0
1765855678.5371099,2025-12-16 03:27:58,train,0.421674,0,0.382412,0,0,0
1765855690.7674928,2025-12-16 03:28:10,train,0.421674,0,0.386536,0,0,0
1765855702.9265995,2025-12-16 03:28:22,train,0.467468,0,0.44332,0,0,0
1765855715.0988069,2025-12-16 03:28:35,train,0.430562,0,0.398464,0,0,0
1765855727.287251,2025-12-16 03:28:47,train,0.431589,0,0.386075,0,0,0
1765855739.5105612,2025-12-16 03:28:59,train,0.445704,0,0.434169,0,0,0
1765855751.703551,2025-12-16 03:29:11,train,0.415934,0,0.388846,0,0,0
1765855763.8912616,2025-12-16 03:29:23,train,0.413216,0,0.389774,0,0,0
1765855776.089903,2025-12-16 03:29:36,train,0.415438,0,0.392104,0,0,0
1765855788.2965493,2025-12-16 03:29:48,train,0.416926,0,0.386766,0,0,0
1765855800.487424,2025-12-16 03:30:00,train,0.399177,0,0.381047,0,0,0
1765855812.644271,2025-12-16 03:30:12,train,0.431846,0,0.438851,0,0,0
1765855824.8221738,2025-12-16 03:30:24,train,0.410516,0,0.374295,0,0,0
1765855837.0397382,2025-12-16 03:30:37,train,0.408077,0,0.375412,0,0,0
1765855849.2530253,2025-12-16 03:30:49,train,0.407834,0,0.374741,0,0,0
1765855861.4351418,2025-12-16 03:31:01,train,0.463308,0,0.438851,0,0,0
1765855873.6071482,2025-12-16 03:31:13,train,0.431075,0,0.392572,0,0,0
1765855885.784903,2025-12-16 03:31:25,train,0.429536,0,0.399177,0,0,0
1765855897.9748917,2025-12-16 03:31:37,train,0.434946,0,0.407348,0,0,0
1765855910.164949,2025-12-16 03:31:50,train,0.437285,0,0.414696,0,0,0
1765855922.3485944,2025-12-16 03:32:02,train,0.471384,0,0.456456,0,0,0
1765855934.54064,2025-12-16 03:32:14,train,0.424953,0,0.375188,0,0,0
1765855946.716728,2025-12-16 03:32:26,train,0.413462,0,0.387227,0,0,0
1765855958.897156,2025-12-16 03:32:38,train,0.412232,0,0.386305,0,0,0
1765855971.101422,2025-12-16 03:32:51,train,0.423184,0,0.385386,0,0,0
1765855983.3071194,2025-12-16 03:33:03,train,0.41842,0,0.381501,0,0,0
1765855995.5024397,2025-12-16 03:33:15,train,0.413955,0,0.376532,0,0,0
1765856007.7272775,2025-12-16 03:33:27,train,0.410027,0,0.376308,0,0,0
1765856019.931691,2025-12-16 03:33:39,train,0.414943,0,0.36986,0,0,0
1765856032.1312418,2025-12-16 03:33:52,train,0.403963,0,0.371185,0,0,0
1765856044.3259287,2025-12-16 03:34:04,train,0.404928,0,0.362657,0,0,0
1765856056.4950914,2025-12-16 03:34:16,train,0.413955,0,0.376756,0,0,0
1765856068.6834896,2025-12-16 03:34:28,train,0.401324,0,0.358788,0,0,0
1765856080.9160533,2025-12-16 03:34:40,train,0.398227,0,0.359644,0,0,0
1765856093.116569,2025-12-16 03:34:53,train,0.409295,0,0.356869,0,0,0
1765856105.33583,2025-12-16 03:35:05,train,0.409295,0,0.36374,0,0,0
1765856117.526794,2025-12-16 03:35:17,train,0.402761,0,0.349919,0,0,0
1765856129.7871292,2025-12-16 03:35:29,train,0.39799,0,0.348462,0,0,0
1765856141.9624565,2025-12-16 03:35:41,train,0.401803,0,0.36374,0,0,0
1765856154.1830435,2025-12-16 03:35:54,train,0.403242,0,0.355595,0,0,0
1765856166.3934398,2025-12-16 03:36:06,train,0.406378,0,0.350963,0,0,0
1765856178.6363916,2025-12-16 03:36:18,train,0.396097,0,0.346392,0,0,0
1765856190.842001,2025-12-16 03:36:30,train,0.394683,0,0.346598,0,0,0
1765856203.030167,2025-12-16 03:36:43,train,0.399891,0,0.361794,0,0,0
1765856215.276174,2025-12-16 03:36:55,train,0.40662,0,0.349919,0,0,0
1765856227.47912,2025-12-16 03:37:07,train,0.407834,0,0.36526,0,0,0
1765856239.6807756,2025-12-16 03:37:19,train,0.397042,0,0.356869,0,0,0
1765856251.896442,2025-12-16 03:37:31,train,0.402042,0,0.361578,0,0,0
1765856264.1376662,2025-12-16 03:37:44,train,0.401803,0,0.368979,0,0,0
1765856276.3244457,2025-12-16 03:37:56,train,0.402282,0,0.360073,0,0,0
1765856288.5127718,2025-12-16 03:38:08,train,0.410271,0,0.364608,0,0,0
1765856300.6948826,2025-12-16 03:38:20,train,0.404928,0,0.344744,0,0,0
1765856312.897921,2025-12-16 03:38:32,train,0.398702,0,0.35243,0,0,0
1765856325.103191,2025-12-16 03:38:45,train,0.395861,0,0.334823,0,0,0
1765856337.3087115,2025-12-16 03:38:57,train,0.402042,0,0.336824,0,0,0
1765856349.5014362,2025-12-16 03:39:09,train,0.407105,0,0.352851,0,0,0
1765856361.6900344,2025-12-16 03:39:21,train,0.410027,0,0.346598,0,0,0
1765856373.9036732,2025-12-16 03:39:33,train,0.398702,0,0.34495,0,0,0
1765856386.1114683,2025-12-16 03:39:46,train,0.402761,0,0.349294,0,0,0
1765856398.3199818,2025-12-16 03:39:58,train,0.406863,0,0.353061,0,0,0
1765856410.5298245,2025-12-16 03:40:10,train,0.399177,0,0.347012,0,0,0
1765856422.6983728,2025-12-16 03:40:22,train,0.406136,0,0.350754,0,0,0
1765856434.8977041,2025-12-16 03:40:34,train,0.404686,0,0.354326,0,0,0
1765856447.1088288,2025-12-16 03:40:47,train,0.414449,0,0.352011,0,0,0
1765856459.3278177,2025-12-16 03:40:59,train,0.416182,0,0.35943,0,0,0
1765856471.535309,2025-12-16 03:41:11,train,0.408077,0,0.354326,0,0,0
1765856483.7044377,2025-12-16 03:41:23,train,0.419168,0,0.362441,0,0,0
1765856495.904695,2025-12-16 03:41:35,train,0.42546,0,0.363523,0,0,0
1765856508.1549156,2025-12-16 03:41:48,train,0.412478,0,0.361363,0,0,0
1765856520.343557,2025-12-16 03:42:00,train,0.415686,0,0.357294,0,0,0
1765856532.5643084,2025-12-16 03:42:12,train,0.426476,0,0.357934,0,0,0
1765856544.7323148,2025-12-16 03:42:24,train,0.415686,0,0.354326,0,0,0
1765856556.9269452,2025-12-16 03:42:36,train,0.417423,0,0.356656,0,0,0
1765856569.1388328,2025-12-16 03:42:49,train,0.425207,0,0.362874,0,0,0
1765856581.3614697,2025-12-16 03:43:01,train,0.420169,0,0.375188,0,0,0
1765856593.5509925,2025-12-16 03:43:13,train,0.419418,0,0.36832,0,0,0
1765856605.733386,2025-12-16 03:43:25,train,0.424447,0,0.370301,0,0,0
1765856617.925022,2025-12-16 03:43:37,train,0.435464,0,0.372293,0,0,0
1765856630.1350505,2025-12-16 03:43:50,train,0.435205,0,0.381956,0,0,0
1765856642.3113084,2025-12-16 03:44:02,train,0.421925,0,0.37946,0,0,0
1765856654.4810414,2025-12-16 03:44:14,train,0.426222,0,0.38082,0,0,0
1765856666.6568134,2025-12-16 03:44:26,train,0.436504,0,0.388846,0,0,0
1765856678.8502648,2025-12-16 03:44:38,train,0.433393,0,0.379008,0,0,0
1765856691.0864303,2025-12-16 03:44:51,train,0.441474,0,0.405169,0,0,0
1765856703.2899063,2025-12-16 03:45:03,train,0.446502,0,0.401085,0,0,0
1765856715.4895217,2025-12-16 03:45:15,train,0.431332,0,0.384239,0,0,0
1765856727.6907427,2025-12-16 03:45:27,train,0.416678,0,0.379234,0,0,0
1765856739.9139938,2025-12-16 03:45:39,train,0.42546,0,0.392104,0,0,0
1765856752.1222837,2025-12-16 03:45:52,train,0.423942,0,0.385386,0,0,0
1765856764.330956,2025-12-16 03:46:04,train,0.429025,0,0.388383,0,0,0
1765856776.522013,2025-12-16 03:46:16,train,0.42067,0,0.388846,0,0,0
1765856788.758811,2025-12-16 03:46:28,train,0.411986,0,0.381956,0,0,0
1765856800.9310293,2025-12-16 03:46:40,train,0.4247,0,0.391637,0,0,0
1765856813.1289165,2025-12-16 03:46:53,train,0.428258,0,0.390704,0,0,0
1765856825.3340144,2025-12-16 03:47:05,train,0.429536,0,0.405169,0,0,0
1765856837.5493047,2025-12-16 03:47:17,train,0.431075,0,0.400607,0,0,0
1765856849.790747,2025-12-16 03:47:29,train,0.422932,0,0.404686,0,0,0
1765856861.9990742,2025-12-16 03:47:41,train,0.445173,0,0.409783,0,0,0
1765856874.2081811,2025-12-16 03:47:54,train,0.427748,0,0.406863,0,0,0
1765856886.4183173,2025-12-16 03:48:06,train,0.447567,0,0.425207,0,0,0
1765856898.6245885,2025-12-16 03:48:18,train,0.439375,0,0.402522,0,0,0
1765856910.8191242,2025-12-16 03:48:30,train,0.445173,0,0.390704,0,0,0
1765856923.0439153,2025-12-16 03:48:43,train,0.426476,0,0.384468,0,0,0
1765856935.3259566,2025-12-16 03:48:55,train,0.452934,0,0.401803,0,0,0
1765856947.5134397,2025-12-16 03:49:07,train,0.442001,0,0.407105,0,0,0
1765856959.7077377,2025-12-16 03:49:19,train,0.445704,0,0.410761,0,0,0
1765856971.9294996,2025-12-16 03:49:31,train,0.442792,0,0.397042,0,0,0
1765856984.1324964,2025-12-16 03:49:44,train,0.436244,0,0.392104,0,0,0
1765856996.3353004,2025-12-16 03:49:56,train,0.431846,0,0.392338,0,0,0
1765857008.5408103,2025-12-16 03:50:08,train,0.429281,0,0.396333,0,0,0
1765857020.7255952,2025-12-16 03:50:20,train,0.435464,0,0.392806,0,0,0
1765857032.928983,2025-12-16 03:50:32,train,0.43391,0,0.378106,0,0,0
1765857045.1234477,2025-12-16 03:50:45,train,0.456184,0,0.441211,0,0,0
1765857057.282299,2025-12-16 03:50:57,train,0.416678,0,0.380366,0,0,0
1765857069.4765072,2025-12-16 03:51:09,train,0.42546,0,0.388615,0,0,0
1765857081.7129433,2025-12-16 03:51:21,train,0.427239,0,0.397042,0,0,0
1765857093.9132485,2025-12-16 03:51:33,train,0.421172,0,0.394213,0,0,0
1765857106.1205359,2025-12-16 03:51:46,train,0.41643,0,0.38792,0,0,0
1765857118.3523014,2025-12-16 03:51:58,train,0.404686,0,0.408807,0,0,0
1765857130.5648792,2025-12-16 03:52:10,train,0.413709,0,0.383324,0,0,0
1765857142.765508,2025-12-16 03:52:22,train,0.408563,0,0.398702,0,0,0
1765857154.9557762,2025-12-16 03:52:34,train,0.417921,0,0.395154,0,0,0
1765857167.159174,2025-12-16 03:52:47,train,0.397515,0,0.381728,0,0,0
1765857179.3756,2025-12-16 03:52:59,train,0.405652,0,0.37008,0,1,0
1765857191.5873635,2025-12-16 03:53:11,train,0.410516,0,0.378331,0,1,0
1765857203.7801414,2025-12-16 03:53:23,train,0.412724,0,0.374295,0,1,0
1765857215.9909656,2025-12-16 03:53:35,train,0.40541,0,0.373849,0,1,0
1765857228.1962585,2025-12-16 03:53:48,train,0.409539,0,0.370301,0,1,0
1765857240.401156,2025-12-16 03:54:00,train,0.413462,0,0.377881,0,0,0
1765857252.6114,2025-12-16 03:54:12,train,0.406378,0,0.380366,0,0,0
1765857264.805721,2025-12-16 03:54:24,train,0.407105,0,0.370964,0,1,0
1765857277.0056877,2025-12-16 03:54:37,train,0.411251,0,0.378331,0,0,0
1765857289.214866,2025-12-16 03:54:49,train,0.408077,0,0.373849,0,0,0
1765857301.4294276,2025-12-16 03:55:01,train,0.425207,0,0.386536,0,0,0
1765857313.660274,2025-12-16 03:55:13,train,0.414449,0,0.362225,0,0,0
1765857325.832694,2025-12-16 03:55:25,train,0.425968,0,0.364825,0,0,0
1765857338.0429094,2025-12-16 03:55:38,train,0.406863,0,0.361363,0,0,0
1765857350.2563963,2025-12-16 03:55:50,train,0.413955,0,0.360932,0,0,0
1765857362.470647,2025-12-16 03:56:02,train,0.410271,0,0.375635,0,0,0
1765857374.6503592,2025-12-16 03:56:14,train,0.427748,0,0.381274,0,0,0
1765857386.8620648,2025-12-16 03:56:26,train,0.415191,0,0.375188,0,0,0
1765857399.127705,2025-12-16 03:56:39,train,0.409783,0,0.374295,0,0,0
1765857411.3312447,2025-12-16 03:56:51,train,0.402042,0,0.369419,0,0,0
1765857423.526414,2025-12-16 03:57:03,train,0.400846,0,0.364608,0,0,0
1765857435.7148457,2025-12-16 03:57:15,train,0.396805,0,0.370964,0,0,0
1765857447.9459765,2025-12-16 03:57:27,train,0.410761,0,0.37946,0,0,0
1765857460.1500764,2025-12-16 03:57:40,train,0.402522,0,0.379234,0,0,0
1765857472.3594012,2025-12-16 03:57:52,train,0.42067,0,0.383096,0,0,0
1765857484.554014,2025-12-16 03:58:04,train,0.39304,0,0.360288,0,0,0
1765857496.7642224,2025-12-16 03:58:16,train,0.412232,0,0.36374,0,0,0
1765857508.9555223,2025-12-16 03:58:28,train,0.415934,0,0.373849,0,0,0
1765857521.18688,2025-12-16 03:58:41,train,0.423184,0,0.376981,0,0,0
1765857533.4001677,2025-12-16 03:58:53,train,0.403723,0,0.363306,0,0,0
1765857545.5825572,2025-12-16 03:59:05,train,0.419418,0,0.36986,0,0,0
1765857557.793184,2025-12-16 03:59:17,train,0.424447,0,0.379913,0,0,0
1765857569.99991,2025-12-16 03:59:29,train,0.423437,0,0.376083,0,0,0
1765857582.2140863,2025-12-16 03:59:42,train,0.413709,0,0.360717,0,0,0
1765857594.4060535,2025-12-16 03:59:54,train,0.413709,0,0.367662,0,0,0
1765857606.5771685,2025-12-16 04:00:06,train,0.419168,0,0.375412,0,0,0
1765857618.7489614,2025-12-16 04:00:18,train,0.420419,0,0.37946,0,0,0
1765857630.9375625,2025-12-16 04:00:30,train,0.428769,0,0.374964,0,0,0
1765857643.1307602,2025-12-16 04:00:43,train,0.432877,0,0.373849,0,0,0
1765857655.2912169,2025-12-16 04:00:55,train,0.424447,0,0.38264,0,0,0
1765857667.5061858,2025-12-16 04:01:07,train,0.424194,0,0.388615,0,0,0
1765857679.6970336,2025-12-16 04:01:19,train,0.423942,0,0.406863,0,0,0
1765857691.875416,2025-12-16 04:01:31,train,0.430305,0,0.374741,0,0,0
1765857704.0563993,2025-12-16 04:01:44,train,0.418919,0,0.373626,0,0,0
1765857716.2391582,2025-12-16 04:01:56,train,0.418919,0,0.38082,0,0,0
1765857728.4373493,2025-12-16 04:02:08,train,0.423437,0,0.376981,0,0,0
1765857740.5774457,2025-12-16 04:02:20,train,0.416678,0,0.387227,0,0,0
1765857752.7575119,2025-12-16 04:02:32,train,0.417672,0,0.385615,0,0,0
1765857764.9667208,2025-12-16 04:02:44,train,0.396097,0,0.370743,0,0,0
1765857777.2487073,2025-12-16 04:02:57,train,0.398464,0,0.367443,0,0,0
1765857789.4537675,2025-12-16 04:03:09,train,0.408077,0,0.373181,0,0,0
1765857801.6241288,2025-12-16 04:03:21,train,0.41297,0,0.376083,0,0,0
1765857813.8405893,2025-12-16 04:03:33,train,0.417175,0,0.37946,0,0,0
1765857826.036038,2025-12-16 04:03:46,train,0.422428,0,0.388846,0,0,0
1765857838.2463648,2025-12-16 04:03:58,train,0.431075,0,0.389774,0,0,0
1765857850.451812,2025-12-16 04:04:10,train,0.42673,0,0.403482,0,0,0
1765857862.6354039,2025-12-16 04:04:22,train,0.438067,0,0.401324,0,0,0
1765857874.8424406,2025-12-16 04:04:34,train,0.445704,0,0.423437,0,0,0
1765857887.0717802,2025-12-16 04:04:47,train,0.44917,0,0.42268,0,0,0
1765857899.2937517,2025-12-16 04:04:59,train,0.440686,0,0.393743,0,0,0
1765857911.5259936,2025-12-16 04:05:11,train,0.437024,0,0.391637,0,0,0
1765857923.7517993,2025-12-16 04:05:23,train,0.421925,0,0.384468,0,0,0
1765857935.953737,2025-12-16 04:05:35,train,0.441211,0,0.410516,0,0,0
1765857948.198141,2025-12-16 04:05:48,train,0.438067,0,0.401803,0,0,0
1765857960.4251251,2025-12-16 04:06:00,train,0.436244,0,0.404928,0,0,0
1765857972.6534593,2025-12-16 04:06:12,train,0.43859,0,0.393743,0,0,0
1765857984.8363986,2025-12-16 04:06:24,train,0.419918,0,0.36309,0,0,0
1765857997.0118935,2025-12-16 04:06:37,train,0.414943,0,0.359002,0,0,0
1765858009.2776623,2025-12-16 04:06:49,train,0.415191,0,0.36201,0,0,0
1765858021.46725,2025-12-16 04:07:01,train,0.407105,0,0.376756,0,0,0
1765858033.6566792,2025-12-16 04:07:13,train,0.393509,0,0.360717,0,0,0
1765858045.8323345,2025-12-16 04:07:25,train,0.413216,0,0.373626,0,0,0
1765858058.0511646,2025-12-16 04:07:38,train,0.386075,0,0.354326,0,0,0
1765858070.2282717,2025-12-16 04:07:50,train,0.392338,0,0.354537,0,0,0
1765858082.4311602,2025-12-16 04:08:02,train,0.385156,0,0.345773,0,0,0
1765858094.6065662,2025-12-16 04:08:14,train,0.393743,0,0.358788,0,0,0
1765858106.819109,2025-12-16 04:08:26,train,0.378331,0,0.340254,0,0,0
1765858119.0112247,2025-12-16 04:08:39,train,0.393509,0,0.345361,0,0,0
1765858131.2222908,2025-12-16 04:08:51,train,0.395625,0,0.3429,0,0,0
1765858143.456811,2025-12-16 04:09:03,train,0.423689,0,0.407348,0,0,0
1765858155.6755178,2025-12-16 04:09:15,train,0.395861,0,0.359216,0,0,0
1765858167.8937483,2025-12-16 04:09:27,train,0.393509,0,0.347426,0,0,0
1765858180.110696,2025-12-16 04:09:40,train,0.39117,0,0.344334,0,0,0
1765858192.3184395,2025-12-16 04:09:52,train,0.392572,0,0.343514,0,0,0
1765858204.523218,2025-12-16 04:10:04,train,0.39799,0,0.355171,0,0,0
1765858216.740083,2025-12-16 04:10:16,train,0.392572,0,0.349502,0,0,0
1765858228.9366066,2025-12-16 04:10:28,train,0.382184,0,0.32364,0,0,0
1765858241.1329293,2025-12-16 04:10:41,train,0.397279,0,0.33904,0,0,0
1765858253.3229434,2025-12-16 04:10:53,train,0.401085,0,0.330462,0,0,0
1765858265.5086095,2025-12-16 04:11:05,train,0.401085,0,0.3429,0,0,0
1765858277.717462,2025-12-16 04:11:17,train,0.405169,0,0.335023,0,0,0
1765858289.9215186,2025-12-16 04:11:29,train,0.406863,0,0.365696,0,0,0
1765858302.1397786,2025-12-16 04:11:42,train,0.44332,0,0.398939,0,0,0
1765858314.3664231,2025-12-16 04:11:54,train,0.39304,0,0.324993,0,0,0
1765858326.5564256,2025-12-16 04:12:06,train,0.409295,0,0.348047,0,0,0
1765858338.7514014,2025-12-16 04:12:18,train,0.383096,0,0.322485,0,0,0
1765858351.0053103,2025-12-16 04:12:31,train,0.396569,0,0.331448,0,0,0
1765858363.2140229,2025-12-16 04:12:43,train,0.397515,0,0.329086,0,0,0
1765858375.4661994,2025-12-16 04:12:55,train,0.393274,0,0.340051,0,0,0
1765858387.6735466,2025-12-16 04:13:07,train,0.40832,0,0.354748,0,0,0
1765858399.8661792,2025-12-16 04:13:19,train,0.397752,0,0.340051,0,0,0
1765858412.0745835,2025-12-16 04:13:32,train,0.397515,0,0.3429,0,0,0
1765858424.27553,2025-12-16 04:13:44,train,0.388152,0,0.347426,0,0,0
1765858436.4665587,2025-12-16 04:13:56,train,0.401803,0,0.34867,0,0,0
1765858448.6608973,2025-12-16 04:14:08,train,0.394918,0,0.352851,0,0,0
1765858460.8769891,2025-12-16 04:14:20,train,0.403963,0,0.362657,0,0,0
1765858473.0954306,2025-12-16 04:14:33,train,0.399891,0,0.368101,0,0,0
1765858485.3268564,2025-12-16 04:14:45,train,0.397752,0,0.35496,0,0,0
1765858497.5271947,2025-12-16 04:14:57,train,0.40541,0,0.371185,0,0,0
1765858509.732977,2025-12-16 04:15:09,train,0.412478,0,0.367006,0,0,0
1765858521.93285,2025-12-16 04:15:21,train,0.404686,0,0.350754,0,0,0
1765858534.15514,2025-12-16 04:15:34,train,0.401563,0,0.35222,0,0,0
1765858546.346898,2025-12-16 04:15:46,train,0.396805,0,0.363956,0,0,0
1765858558.51515,2025-12-16 04:15:58,train,0.383553,0,0.35496,0,0,0
1765858570.718977,2025-12-16 04:16:10,train,0.386536,0,0.358574,0,0,0
1765858582.9057817,2025-12-16 04:16:22,train,0.385845,0,0.346598,0,0,0
1765858595.0816133,2025-12-16 04:16:35,train,0.402282,0,0.35772,0,0,0
1765858607.277215,2025-12-16 04:16:47,train,0.395625,0,0.35496,0,0,0
1765858619.5660274,2025-12-16 04:16:59,train,0.402522,0,0.359002,0,0,0
1765858631.7859402,2025-12-16 04:17:11,train,0.402282,0,0.361148,0,0,0
1765858643.975006,2025-12-16 04:17:23,train,0.393978,0,0.36635,0,0,0
1765858656.1498659,2025-12-16 04:17:36,train,0.395625,0,0.367006,0,0,0
1765858668.3575678,2025-12-16 04:17:48,train,0.393978,0,0.36201,0,0,0
1765858680.5693629,2025-12-16 04:18:00,train,0.405652,0,0.36854,0,0,0
1765858692.7747748,2025-12-16 04:18:12,train,0.408807,0,0.375859,0,0,0
1765858704.98829,2025-12-16 04:18:24,train,0.401085,0,0.381047,0,0,0
1765858717.1812682,2025-12-16 04:18:37,train,0.413216,0,0.399415,0,0,0
1765858729.3824914,2025-12-16 04:18:49,train,0.413462,0,0.38401,0,0,0
1765858741.5919442,2025-12-16 04:19:01,train,0.413709,0,0.395154,0,0,0
1765858753.797497,2025-12-16 04:19:13,train,0.414449,0,0.399891,0,0,0
1765858766.0043855,2025-12-16 04:19:26,train,0.420921,0,0.378106,0,0,0
1765858778.202505,2025-12-16 04:19:38,train,0.415686,0,0.369419,0,0,0
1765858790.4418118,2025-12-16 04:19:50,train,0.430562,0,0.382412,0,0,0
1765858802.643029,2025-12-16 04:20:02,train,0.417672,0,0.39117,0,0,0
1765858814.825838,2025-12-16 04:20:14,train,0.408563,0,0.372737,0,0,0
1765858827.0323822,2025-12-16 04:20:27,train,0.407834,0,0.374518,0,0,0
1765858839.3025403,2025-12-16 04:20:39,train,0.402522,0,0.369199,0,0,0
1765858851.4886198,2025-12-16 04:20:51,train,0.402761,0,0.36526,0,0,0
1765858863.6908774,2025-12-16 04:21:03,train,0.425968,0,0.376083,0,0,0
1765858875.898557,2025-12-16 04:21:15,train,0.424447,0,0.377656,0,0,0
1765858888.0966208,2025-12-16 04:21:28,train,0.430305,0,0.396333,0,0,0
1765858900.3079414,2025-12-16 04:21:40,train,0.436504,0,0.399177,0,0,0
1765858912.5267653,2025-12-16 04:21:52,train,0.451048,0,0.406136,0,0,0
1765858924.7474883,2025-12-16 04:22:04,train,0.435205,0,0.418919,0,0,0
1765858936.9552803,2025-12-16 04:22:16,train,0.447301,0,0.421674,0,0,0
1765858949.147542,2025-12-16 04:22:29,train,0.419168,0,0.371628,0,0,0
1765858961.3771017,2025-12-16 04:22:41,train,0.436764,0,0.381501,0,0,0
1765858973.586706,2025-12-16 04:22:53,train,0.417423,0,0.375859,0,0,0
1765858985.8214197,2025-12-16 04:23:05,train,0.411251,0,0.387227,0,0,0
1765858998.0166657,2025-12-16 04:23:18,train,0.428003,0,0.405169,0,0,0
1765859010.2065468,2025-12-16 04:23:30,train,0.42268,0,0.381501,0,0,0
1765859022.4099653,2025-12-16 04:23:42,train,0.412724,0,0.366568,0,0,0
1765859034.6027694,2025-12-16 04:23:54,train,0.398464,0,0.349086,0,0,0
1765859046.8019629,2025-12-16 04:24:06,train,0.39799,0,0.345979,0,0,0
1765859058.9923773,2025-12-16 04:24:18,train,0.404445,0,0.351382,0,0,0
1765859071.2037334,2025-12-16 04:24:31,train,0.414202,0,0.367224,0,0,0
1765859083.4135244,2025-12-16 04:24:43,train,0.410027,0,0.353693,0,0,0
1765859095.6029487,2025-12-16 04:24:55,train,0.408807,0,0.348878,0,0,0
1765859107.8291929,2025-12-16 04:25:07,train,0.397279,0,0.338232,0,0,0
1765859120.0138822,2025-12-16 04:25:20,train,0.392338,0,0.337226,0,0,0
1765859132.219245,2025-12-16 04:25:32,train,0.397752,0,0.344334,0,0,0
1765859144.4047866,2025-12-16 04:25:44,train,0.403963,0,0.357294,0,0,0
1765859156.5914767,2025-12-16 04:25:56,train,0.39799,0,0.346185,0,0,0
1765859168.803833,2025-12-16 04:26:08,train,0.398939,0,0.339646,0,0,0
1765859181.0058594,2025-12-16 04:26:21,train,0.402282,0,0.337226,0,0,0
1765859193.2232969,2025-12-16 04:26:33,train,0.396333,0,0.353271,0,0,0
1765859205.40755,2025-12-16 04:26:45,train,0.387689,0,0.351801,0,0,0
1765859217.6130748,2025-12-16 04:26:57,train,0.390239,0,0.341676,0,0,0
1765859229.8599854,2025-12-16 04:27:09,train,0.424953,0,0.378557,0,0,0
1765859242.0585847,2025-12-16 04:27:22,train,0.39799,0,0.34867,0,0,0
1765859254.288261,2025-12-16 04:27:34,train,0.390472,0,0.335222,0,0,0
1765859266.4703984,2025-12-16 04:27:46,train,0.394683,0,0.339646,0,0,0
1765859278.7121377,2025-12-16 04:27:58,train,0.39799,0,0.332437,0,0,0
1765859290.9145188,2025-12-16 04:28:10,train,0.402282,0,0.343105,0,0,0
1765859303.1140862,2025-12-16 04:28:23,train,0.397279,0,0.338232,0,0,0
1765859315.3355095,2025-12-16 04:28:35,train,0.390472,0,0.329872,0,0,0
1765859327.5423467,2025-12-16 04:28:47,train,0.39304,0,0.335422,0,0,0
1765859339.7612813,2025-12-16 04:28:59,train,0.398939,0,0.330068,0,0,0
1765859351.9693518,2025-12-16 04:29:11,train,0.379008,0,0.316205,0,0,0
1765859364.1669343,2025-12-16 04:29:24,train,0.387458,0,0.326157,0,0,0
1765859376.368055,2025-12-16 04:29:36,train,0.392338,0,0.334026,0,0,0
1765859388.5421553,2025-12-16 04:29:48,train,0.400607,0,0.34867,0,0,0
1765859400.729362,2025-12-16 04:30:00,train,0.395154,0,0.342288,0,0,0
1765859412.9146755,2025-12-16 04:30:12,train,0.395861,0,0.323448,0,0,0
1765859425.0954337,2025-12-16 04:30:25,train,0.395154,0,0.330068,0,0,0
1765859437.2544649,2025-12-16 04:30:37,train,0.393978,0,0.327326,0,0,0
1765859449.43348,2025-12-16 04:30:49,train,0.413462,0,0.346185,0,0,0
1765859461.608737,2025-12-16 04:31:01,train,0.391404,0,0.342492,0,0,0
1765859473.8009574,2025-12-16 04:31:13,train,0.397515,0,0.338232,0,0,0
1765859485.984315,2025-12-16 04:31:25,train,0.400607,0,0.342084,0,0,0
1765859498.1753252,2025-12-16 04:31:38,train,0.392806,0,0.349086,0,0,0
1765859510.3553617,2025-12-16 04:31:50,train,0.394683,0,0.360288,0,0,0
1765859522.545048,2025-12-16 04:32:02,train,0.390937,0,0.34495,0,0,0
1765859534.7300792,2025-12-16 04:32:14,train,0.411986,0,0.349711,0,0,0
1765859546.9185443,2025-12-16 04:32:26,train,0.38931,0,0.334424,0,0,0
1765859559.148433,2025-12-16 04:32:39,train,0.395389,0,0.35772,0,0,0
1765859571.3432195,2025-12-16 04:32:51,train,0.396333,0,0.342288,0,0,0
1765859583.5325146,2025-12-16 04:33:03,train,0.399653,0,0.355171,0,0,0
1765859595.6852157,2025-12-16 04:33:15,train,0.388615,0,0.343309,0,0,0
1765859607.9209626,2025-12-16 04:33:27,train,0.399177,0,0.349502,0,0,0
1765859620.128129,2025-12-16 04:33:40,train,0.40013,0,0.362441,0,0,0
1765859632.332293,2025-12-16 04:33:52,train,0.393509,0,0.357507,0,0,0
1765859644.5538301,2025-12-16 04:34:04,train,0.403963,0,0.372293,0,0,0
1765859656.7601488,2025-12-16 04:34:16,train,0.395154,0,0.357507,0,0,0
1765859668.9527693,2025-12-16 04:34:28,train,0.397515,0,0.363306,0,0,0
1765859681.158548,2025-12-16 04:34:41,train,0.411251,0,0.371185,0,0,0
1765859693.3597445,2025-12-16 04:34:53,train,0.42067,0,0.398939,0,0,0
1765859705.5532205,2025-12-16 04:35:05,train,0.42546,0,0.406136,0,0,0
1765859717.756936,2025-12-16 04:35:17,train,0.427748,0,0.394918,0,0,0
1765859729.966161,2025-12-16 04:35:29,train,0.417672,0,0.390937,0,0,0
1765859742.169809,2025-12-16 04:35:42,train,0.436244,0,0.401324,0,0,0
1765859754.3912203,2025-12-16 04:35:54,train,0.438328,0,0.386075,0,0,0
1765859766.6028984,2025-12-16 04:36:06,train,0.417175,0,0.382412,0,0,0
1765859778.792077,2025-12-16 04:36:18,train,0.417175,0,0.381501,0,0,0
1765859790.9970255,2025-12-16 04:36:30,train,0.417423,0,0.386075,0,1,0
1765859803.2484546,2025-12-16 04:36:43,train,0.428258,0,0.399177,0,0,0
1765859815.479876,2025-12-16 04:36:55,train,0.422428,0,0.381501,0,0,0
1765859827.7138445,2025-12-16 04:37:07,train,0.407834,0,0.367662,0,0,0
1765859839.980117,2025-12-16 04:37:19,train,0.414696,0,0.376083,0,0,0
1765859852.192796,2025-12-16 04:37:32,train,0.411986,0,0.375859,0,0,0
1765859864.3908179,2025-12-16 04:37:44,train,0.41643,0,0.360073,0,0,0
1765859876.5873573,2025-12-16 04:37:56,train,0.430305,0,0.378783,0,0,0
1765859888.7817576,2025-12-16 04:38:08,train,0.431332,0,0.372293,0,0,0
1765859900.9631062,2025-12-16 04:38:20,train,0.423942,0,0.36854,0,0,0
1765859913.2373548,2025-12-16 04:38:33,train,0.421423,0,0.374295,0,0,0
1765859925.4456348,2025-12-16 04:38:45,train,0.435205,0,0.386766,0,0,0
1765859937.6501474,2025-12-16 04:38:57,train,0.445704,0,0.409295,0,0,0
1765859949.8686206,2025-12-16 04:39:09,train,0.437806,0,0.415934,0,0,0
1765859962.0611808,2025-12-16 04:39:22,train,0.436504,0,0.396333,0,0,0
1765859974.2660897,2025-12-16 04:39:34,train,0.42067,0,0.377656,0,0,0
1765859986.4714117,2025-12-16 04:39:46,train,0.417921,0,0.387458,0,0,0
1765859998.6654463,2025-12-16 04:39:58,train,0.415438,0,0.387458,0,0,0
1765860010.865626,2025-12-16 04:40:10,train,0.436244,0,0.393274,0,0,0
1765860023.0442457,2025-12-16 04:40:23,train,0.429792,0,0.390239,0,0,0
1765860035.2247431,2025-12-16 04:40:35,train,0.406863,0,0.372514,0,0,0
1765860047.4289849,2025-12-16 04:40:47,train,0.40662,0,0.353061,0,1,0
1765860059.6119175,2025-12-16 04:40:59,train,0.404445,0,0.343719,0,0,0
1765860071.8074062,2025-12-16 04:41:11,train,0.41643,0,0.351382,0,0,0
1765860084.0040343,2025-12-16 04:41:24,train,0.434946,0,0.38082,0,0,0
1765860096.1969414,2025-12-16 04:41:36,train,0.412478,0,0.355171,0,1,0
1765860108.393775,2025-12-16 04:41:48,train,0.398939,0,0.353271,0,0,0
1765860120.6085608,2025-12-16 04:42:00,train,0.401324,0,0.351172,0,1,0
1765860132.8267405,2025-12-16 04:42:12,train,0.418919,0,0.381956,0,1,0
1765860145.031125,2025-12-16 04:42:25,train,0.395389,0,0.35243,0,1,0
1765860157.2394483,2025-12-16 04:42:37,train,0.402282,0,0.351591,0,1,0
1765860169.445314,2025-12-16 04:42:49,train,0.40832,0,0.359002,0,0,0
1765860181.6575737,2025-12-16 04:43:01,train,0.399415,0,0.343514,0,0,0
1765860193.8780105,2025-12-16 04:43:13,train,0.404204,0,0.345155,0,1,0
1765860206.0447435,2025-12-16 04:43:26,train,0.398227,0,0.340457,0,0,0
1765860218.247821,2025-12-16 04:43:38,train,0.398939,0,0.356869,0,1,0
1765860230.4493737,2025-12-16 04:43:50,train,0.394683,0,0.344539,0,1,0
1765860242.6550052,2025-12-16 04:44:02,train,0.390472,0,0.34188,0,0,0
1765860254.873169,2025-12-16 04:44:14,train,0.406863,0,0.343719,0,0,0
1765860267.0592694,2025-12-16 04:44:27,train,0.394918,0,0.333032,0,0,0
1765860279.2667832,2025-12-16 04:44:39,train,0.390937,0,0.352011,0,0,0
1765860291.436955,2025-12-16 04:44:51,train,0.402761,0,0.344129,0,0,0
1765860303.6342819,2025-12-16 04:45:03,train,0.406136,0,0.350754,0,0,0
1765860315.849937,2025-12-16 04:45:15,train,0.402522,0,0.337427,0,0,0
1765860328.0432284,2025-12-16 04:45:28,train,0.402042,0,0.338434,0,0,0
1765860340.251873,2025-12-16 04:45:40,train,0.394918,0,0.335023,0,0,0
1765860352.478851,2025-12-16 04:45:52,train,0.408077,0,0.342696,0,0,0
1765860364.702736,2025-12-16 04:46:04,train,0.395625,0,0.334623,0,0,0
1765860376.936873,2025-12-16 04:46:16,train,0.410516,0,0.336624,0,0,0
1765860389.144729,2025-12-16 04:46:29,train,0.398939,0,0.337427,0,0,0
1765860401.3556046,2025-12-16 04:46:41,train,0.404445,0,0.337427,0,0,0
1765860413.5216455,2025-12-16 04:46:53,train,0.403963,0,0.341269,0,0,0
1765860425.7273214,2025-12-16 04:47:05,train,0.414943,0,0.35943,0,0,0
1765860437.923054,2025-12-16 04:47:17,train,0.41817,0,0.362657,0,0,0
1765860450.17653,2025-12-16 04:47:30,train,0.408807,0,0.362441,0,0,0
1765860462.3829634,2025-12-16 04:47:42,train,0.411251,0,0.356231,0,0,0
1765860474.5628366,2025-12-16 04:47:54,train,0.415934,0,0.356019,0,0,0
1765860486.767945,2025-12-16 04:48:06,train,0.414943,0,0.349711,0,0,0
1765860498.9549632,2025-12-16 04:48:18,train,0.403002,0,0.357934,0,0,0
1765860511.1749086,2025-12-16 04:48:31,train,0.41643,0,0.352851,0,0,0
1765860523.3751926,2025-12-16 04:48:43,train,0.403963,0,0.349919,0,0,0
1765860535.5752287,2025-12-16 04:48:55,train,0.403242,0,0.349502,0,0,0
1765860547.76461,2025-12-16 04:49:07,train,0.403482,0,0.348047,0,0,0
1765860559.9819672,2025-12-16 04:49:19,train,0.409783,0,0.361578,0,0,0
1765860572.1679502,2025-12-16 04:49:32,train,0.415686,0,0.370522,0,0,0
1765860584.3739076,2025-12-16 04:49:44,train,0.429281,0,0.370522,0,0,0
1765860596.5497382,2025-12-16 04:49:56,train,0.421925,0,0.371185,0,0,0
1765860608.780972,2025-12-16 04:50:08,train,0.437806,0,0.381501,0,0,0
1765860621.0210161,2025-12-16 04:50:21,train,0.418919,0,0.376308,0,0,0
1765860633.2352626,2025-12-16 04:50:33,train,0.426222,0,0.374741,0,0,0
1765860645.4577556,2025-12-16 04:50:45,train,0.437285,0,0.388615,0,0,0
1765860657.616944,2025-12-16 04:50:57,train,0.418669,0,0.378783,0,0,0
1765860669.8300607,2025-12-16 04:51:09,train,0.433393,0,0.395625,0,0,0
1765860682.010586,2025-12-16 04:51:22,train,0.432104,0,0.390704,0,0,0
1765860694.214175,2025-12-16 04:51:34,train,0.41842,0,0.380139,0,0,0
1765860706.4067802,2025-12-16 04:51:46,train,0.428003,0,0.380366,0,0,0
1765860718.5991023,2025-12-16 04:51:58,train,0.452394,0,0.415191,0,0,0
1765860730.8047376,2025-12-16 04:52:10,train,0.43859,0,0.393978,0,0,0
1765860743.0092037,2025-12-16 04:52:23,train,0.442792,0,0.391404,0,0,0
1765860755.2505856,2025-12-16 04:52:35,train,0.438851,0,0.402522,0,0,0
1765860767.4605417,2025-12-16 04:52:47,train,0.442792,0,0.392104,0,0,0
1765860779.6733184,2025-12-16 04:52:59,train,0.465799,0,0.421172,0,0,0
1765860791.880078,2025-12-16 04:53:11,train,0.443584,0,0.415191,0,0,0
1765860804.0835598,2025-12-16 04:53:24,train,0.446768,0,0.392572,0,0,0
1765860816.3219748,2025-12-16 04:53:36,train,0.424953,0,0.394213,0,0,0
1765860828.5317962,2025-12-16 04:53:48,train,0.440948,0,0.388615,0,0,0
1765860840.7354755,2025-12-16 04:54:00,train,0.442264,0,0.395154,0,0,0
1765860852.9571435,2025-12-16 04:54:12,train,0.433652,0,0.39117,0,0,0
1765860865.1554048,2025-12-16 04:54:25,train,0.442001,0,0.388846,0,0,0
1765860877.3471262,2025-12-16 04:54:37,train,0.413462,0,0.390704,0,0,0
1765860889.5475523,2025-12-16 04:54:49,train,0.413709,0,0.401324,0,0,0
1765860901.749003,2025-12-16 04:55:01,train,0.434946,0,0.397515,0,0,0
1765860914.0076747,2025-12-16 04:55:14,train,0.454556,0,0.409783,0,0,0
1765860926.1952355,2025-12-16 04:55:26,train,0.455641,0,0.407105,0,0,0
1765860938.4012024,2025-12-16 04:55:38,train,0.446502,0,0.400368,0,0,0
1765860950.590158,2025-12-16 04:55:50,train,0.457546,0,0.412724,0,0,0
1765860962.795555,2025-12-16 04:56:02,train,0.450242,0,0.413709,0,0,0
1765860975.0037665,2025-12-16 04:56:15,train,0.457001,0,0.432877,0,0,0
1765860987.1664472,2025-12-16 04:56:27,train,0.453474,0,0.425714,0,0,0
1765860999.3514745,2025-12-16 04:56:39,train,0.437806,0,0.411006,0,0,0
1765861011.5585518,2025-12-16 04:56:51,train,0.424194,0,0.398464,0,0,0
1765861023.7845447,2025-12-16 04:57:03,train,0.444643,0,0.402042,0,1,0
1765861036.0027025,2025-12-16 04:57:16,train,0.444643,0,0.420921,0,0,0
1765861048.179823,2025-12-16 04:57:28,train,0.459458,0,0.445173,0,0,0
1765861060.4297297,2025-12-16 04:57:40,train,0.481894,0,0.47505,0,0,0
1765861072.6464503,2025-12-16 04:57:52,train,0.430562,0,0.392806,0,0,0
1765861084.8622963,2025-12-16 04:58:04,train,0.42673,0,0.391637,0,0,0
1765861097.054162,2025-12-16 04:58:17,train,0.448368,0,0.40541,0,0,0
1765861109.23042,2025-12-16 04:58:29,train,0.435205,0,0.393978,0,0,0
1765861121.4583683,2025-12-16 04:58:41,train,0.421423,0,0.387227,0,0,0
1765861133.6584535,2025-12-16 04:58:53,train,0.430305,0,0.390937,0,0,0
1765861145.8652089,2025-12-16 04:59:05,train,0.42546,0,0.380366,0,0,0
1765861158.0499356,2025-12-16 04:59:18,train,0.430562,0,0.392572,0,0,0
1765861170.243398,2025-12-16 04:59:30,train,0.395861,0,0.372514,0,0,0
1765861182.456205,2025-12-16 04:59:42,train,0.410271,0,0.373849,0,0,0
1765861194.6745656,2025-12-16 04:59:54,train,0.403002,0,0.36439,0,0,0
1765861206.8617437,2025-12-16 05:00:06,train,0.396097,0,0.355807,0,0,0
1765861219.0471103,2025-12-16 05:00:19,train,0.396805,0,0.370301,0,0,0
1765861231.2342522,2025-12-16 05:00:31,train,0.408563,0,0.39117,0,0,0
1765861243.4331748,2025-12-16 05:00:43,train,0.390239,0,0.359859,0,0,0
1765861255.6356628,2025-12-16 05:00:55,train,0.391404,0,0.356019,0,0,0
1765861267.8728907,2025-12-16 05:01:07,train,0.403002,0,0.367224,0,0,0
1765861280.0669343,2025-12-16 05:01:20,train,0.393274,0,0.354748,0,0,0
1765861292.2620428,2025-12-16 05:01:32,train,0.403002,0,0.353271,0,0,0
1765861304.4619055,2025-12-16 05:01:44,train,0.414202,0,0.385845,0,0,0
1765861316.6433613,2025-12-16 05:01:56,train,0.41297,0,0.365914,0,0,0
1765861328.822945,2025-12-16 05:02:08,train,0.39187,0,0.341066,0,0,0
1765861341.0312004,2025-12-16 05:02:21,train,0.399177,0,0.35496,0,0,0
1765861353.2928941,2025-12-16 05:02:33,train,0.397279,0,0.367006,0,0,0
1765861365.484978,2025-12-16 05:02:45,train,0.398702,0,0.339444,0,0,0
1765861377.6906347,2025-12-16 05:02:57,train,0.402522,0,0.337829,0,0,0
1765861389.930667,2025-12-16 05:03:09,train,0.391404,0,0.342288,0,0,0
1765861402.1787596,2025-12-16 05:03:22,train,0.38792,0,0.335622,0,0,0
1765861414.3879287,2025-12-16 05:03:34,train,0.392572,0,0.34784,0,0,0
1765861426.5993598,2025-12-16 05:03:46,train,0.408077,0,0.353271,0,0,0
1765861438.8005486,2025-12-16 05:03:58,train,0.407348,0,0.348255,0,0,0
1765861451.006921,2025-12-16 05:04:11,train,0.382184,0,0.337829,0,0,0
1765861463.1862218,2025-12-16 05:04:23,train,0.390239,0,0.343514,0,0,0
1765861475.3916445,2025-12-16 05:04:35,train,0.40013,0,0.348878,0,0,0
1765861487.582264,2025-12-16 05:04:47,train,0.389542,0,0.339849,0,0,0
1765861499.755529,2025-12-16 05:04:59,train,0.414449,0,0.360932,0,0,0
1765861511.9431736,2025-12-16 05:05:11,train,0.415191,0,0.36309,0,0,0
1765861524.1747844,2025-12-16 05:05:24,train,0.391637,0,0.340457,0,0,0
1765861536.376551,2025-12-16 05:05:36,train,0.383096,0,0.341269,0,0,0
1765861548.547357,2025-12-16 05:05:48,train,0.406863,0,0.343309,0,0,0
1765861560.7657485,2025-12-16 05:06:00,train,0.387458,0,0.343719,0,0,0
1765861572.9451888,2025-12-16 05:06:12,train,0.398227,0,0.344539,0,0,0
1765861585.1620865,2025-12-16 05:06:25,train,0.393978,0,0.340457,0,0,0
1765861597.3803651,2025-12-16 05:06:37,train,0.399177,0,0.348462,0,0,0
1765861609.5738444,2025-12-16 05:06:49,train,0.393274,0,0.345773,0,0,0
1765861621.7755573,2025-12-16 05:07:01,train,0.399415,0,0.36832,0,0,0
1765861633.975971,2025-12-16 05:07:13,train,0.402282,0,0.349502,0,0,0
1765861646.1662219,2025-12-16 05:07:26,train,0.423437,0,0.363306,0,0,0
1765861658.3508549,2025-12-16 05:07:38,train,0.403723,0,0.349086,0,0,0
1765861670.594982,2025-12-16 05:07:50,train,0.410761,0,0.350754,0,0,0
1765861682.805921,2025-12-16 05:08:02,train,0.411986,0,0.358361,0,0,0
1765861695.0088186,2025-12-16 05:08:15,train,0.41643,0,0.350545,0,0,0
1765861707.2474465,2025-12-16 05:08:27,train,0.423942,0,0.354537,0,0,0
1765861719.4477508,2025-12-16 05:08:39,train,0.416926,0,0.363523,0,0,0
1765861731.6476326,2025-12-16 05:08:51,train,0.421674,0,0.36439,0,0,0
1765861743.8538563,2025-12-16 05:09:03,train,0.440423,0,0.397515,0,0,0
1765861756.0456843,2025-12-16 05:09:16,train,0.427748,0,0.359216,0,0,0
1765861768.2635534,2025-12-16 05:09:28,train,0.448635,0,0.402282,0,0,0
1765861780.472327,2025-12-16 05:09:40,train,0.455641,0,0.405894,0,0,0
1765861792.7044995,2025-12-16 05:09:52,train,0.425968,0,0.36964,0,1,0
1765861804.8968902,2025-12-16 05:10:04,train,0.435724,0,0.381728,0,0,0
1765861817.1090076,2025-12-16 05:10:17,train,0.425714,0,0.372959,0,0,0
1765861829.3318524,2025-12-16 05:10:29,train,0.441474,0,0.410027,0,0,0
1765861841.518749,2025-12-16 05:10:41,train,0.412724,0,0.378106,0,0,0
1765861853.73362,2025-12-16 05:10:53,train,0.426984,0,0.403242,0,0,0
1765861865.9397767,2025-12-16 05:11:05,train,0.428769,0,0.405894,0,0,0
1765861878.1364772,2025-12-16 05:11:18,train,0.412724,0,0.373626,0,0,0
1765861890.3444052,2025-12-16 05:11:30,train,0.434687,0,0.377431,0,0,0
1765861902.5366263,2025-12-16 05:11:42,train,0.420169,0,0.382184,0,0,0
1765861914.76548,2025-12-16 05:11:54,train,0.431332,0,0.390007,0,0,0
1765861926.9478524,2025-12-16 05:12:06,train,0.429025,0,0.397279,0,0,0
1765861939.134748,2025-12-16 05:12:19,train,0.442528,0,0.383096,0,0,0
1765861951.3177183,2025-12-16 05:12:31,train,0.449706,0,0.410516,0,0,0
1765861963.5444999,2025-12-16 05:12:43,train,0.463032,0,0.42268,0,0,0
1765861975.7319455,2025-12-16 05:12:55,train,0.454827,0,0.39799,0,0,0
1765861987.9164612,2025-12-16 05:13:07,train,0.445438,0,0.386075,0,0,0
1765862000.0719078,2025-12-16 05:13:20,train,0.434428,0,0.390472,0,0,0
1765862012.2647908,2025-12-16 05:13:32,train,0.46469,0,0.415934,0,0,0
1765862024.4615004,2025-12-16 05:13:44,train,0.443849,0,0.409539,0,0,0
1765862036.675073,2025-12-16 05:13:56,train,0.447301,0,0.396333,0,0,0
1765862048.8423116,2025-12-16 05:14:08,train,0.438067,0,0.392806,0,0,0
1765862061.0562174,2025-12-16 05:14:21,train,0.430305,0,0.381501,0,0,0
1765862073.2895105,2025-12-16 05:14:33,train,0.443849,0,0.385156,0,0,0
1765862085.4871068,2025-12-16 05:14:45,train,0.446236,0,0.390472,0,0,0
1765862097.6976955,2025-12-16 05:14:57,train,0.448635,0,0.406863,0,0,0
1765862109.9102993,2025-12-16 05:15:09,train,0.429281,0,0.36635,0,0,0
1765862122.094284,2025-12-16 05:15:22,train,0.429281,0,0.370964,0,0,0
1765862134.300813,2025-12-16 05:15:34,train,0.42673,0,0.367224,0,0,0
1765862146.5077074,2025-12-16 05:15:46,train,0.433652,0,0.371406,0,0,0
1765862158.7088268,2025-12-16 05:15:58,train,0.4247,0,0.35222,0,0,0
1765862170.9199743,2025-12-16 05:16:10,train,0.4247,0,0.353904,0,0,0
1765862183.1137433,2025-12-16 05:16:23,train,0.425968,0,0.354326,0,0,0
1765862195.3724272,2025-12-16 05:16:35,train,0.431075,0,0.376756,0,0,0
1765862207.5790174,2025-12-16 05:16:47,train,0.415686,0,0.346185,0,0,0
1765862219.791404,2025-12-16 05:16:59,train,0.420169,0,0.351172,0,1,0
1765862232.0096536,2025-12-16 05:17:12,train,0.424194,0,0.361148,0,0,0
1765862244.1945405,2025-12-16 05:17:24,train,0.42673,0,0.36309,0,0,0
1765862256.4031792,2025-12-16 05:17:36,train,0.430818,0,0.376083,0,0,0
1765862268.5873895,2025-12-16 05:17:48,train,0.437546,0,0.388152,0,0,0
1765862280.8413053,2025-12-16 05:18:00,train,0.441738,0,0.395861,0,0,0
1765862293.0664005,2025-12-16 05:18:13,train,0.439375,0,0.390239,0,0,0
1765862305.2587347,2025-12-16 05:18:25,train,0.419668,0,0.371406,0,0,0
1765862317.483729,2025-12-16 05:18:37,train,0.419918,0,0.361363,0,0,0
1765862329.6637707,2025-12-16 05:18:49,train,0.402282,0,0.355595,0,0,0
1765862341.8798478,2025-12-16 05:19:01,train,0.394918,0,0.335422,0,0,0
1765862354.0889904,2025-12-16 05:19:14,train,0.390937,0,0.329282,0,0,0
1765862366.3056283,2025-12-16 05:19:26,train,0.395625,0,0.339849,0,0,0
1765862378.5361345,2025-12-16 05:19:38,train,0.423437,0,0.365914,0,0,0
1765862390.748187,2025-12-16 05:19:50,train,0.416182,0,0.365696,0,0,0
1765862402.9666862,2025-12-16 05:20:02,train,0.409295,0,0.355595,0,0,0
1765862415.1690977,2025-12-16 05:20:15,train,0.412478,0,0.344129,0,0,0
1765862427.3510466,2025-12-16 05:20:27,train,0.402042,0,0.348462,0,1,0
1765862439.5899923,2025-12-16 05:20:39,train,0.411741,0,0.355807,0,0,0
1765862451.8106487,2025-12-16 05:20:51,train,0.41297,0,0.38082,0,0,0
1765862464.0288503,2025-12-16 05:21:04,train,0.420419,0,0.371406,0,0,0
1765862476.2586155,2025-12-16 05:21:16,train,0.411496,0,0.375412,0,0,0
1765862488.4800081,2025-12-16 05:21:28,train,0.415686,0,0.347012,0,1,0
1765862500.668513,2025-12-16 05:21:40,train,0.410761,0,0.336824,0,0,0
1765862512.8854134,2025-12-16 05:21:52,train,0.420921,0,0.382868,0,0,0
1765862525.0890675,2025-12-16 05:22:05,train,0.409783,0,0.342492,0,0,0
1765862537.2672768,2025-12-16 05:22:17,train,0.42067,0,0.363523,0,0,0
1765862549.4518895,2025-12-16 05:22:29,train,0.407834,0,0.350963,0,0,0
1765862561.6508613,2025-12-16 05:22:41,train,0.399177,0,0.351382,0,1,0
1765862573.8442109,2025-12-16 05:22:53,train,0.423184,0,0.36374,0,0,0
1765862586.104178,2025-12-16 05:23:06,train,0.414696,0,0.356656,0,0,0
1765862598.3284512,2025-12-16 05:23:18,train,0.421925,0,0.398939,0,0,0
1765862610.5317287,2025-12-16 05:23:30,train,0.414943,0,0.35496,0,0,0
1765862622.7310143,2025-12-16 05:23:42,train,0.415686,0,0.354115,0,0,0
1765862634.9266841,2025-12-16 05:23:54,train,0.395625,0,0.343514,0,0,0
1765862647.1499226,2025-12-16 05:24:07,train,0.407105,0,0.346185,0,0,0
1765862659.3134682,2025-12-16 05:24:19,train,0.411986,0,0.346185,0,0,0
1765862671.5076723,2025-12-16 05:24:31,train,0.410271,0,0.360073,0,0,0
1765862683.722324,2025-12-16 05:24:43,train,0.415191,0,0.359859,0,1,0
1765862695.9105732,2025-12-16 05:24:55,train,0.427748,0,0.384239,0,0,0
1765862708.1171286,2025-12-16 05:25:08,train,0.417921,0,0.364825,0,0,0
1765862720.3515959,2025-12-16 05:25:20,train,0.430818,0,0.371628,0,0,0
1765862732.5116909,2025-12-16 05:25:32,train,0.421674,0,0.360503,0,0,0
1765862744.7221184,2025-12-16 05:25:44,train,0.417423,0,0.372959,0,0,0
1765862756.924048,2025-12-16 05:25:56,train,0.42673,0,0.371849,0,0,0
1765862769.1629355,2025-12-16 05:26:09,train,0.425714,0,0.372514,0,0,0
1765862781.322083,2025-12-16 05:26:21,train,0.423942,0,0.391404,0,0,0
1765862793.5252903,2025-12-16 05:26:33,train,0.423942,0,0.376756,0,0,0
1765862805.7154684,2025-12-16 05:26:45,train,0.444113,0,0.401085,0,0,0
1765862817.9459367,2025-12-16 05:26:57,train,0.444643,0,0.409051,0,0,0
1765862830.142581,2025-12-16 05:27:10,train,0.454015,0,0.42673,0,0,0
1765862842.3813531,2025-12-16 05:27:22,train,0.437285,0,0.392806,0,0,0
1765862854.5843546,2025-12-16 05:27:34,train,0.422177,0,0.382412,0,0,0
1765862866.7682204,2025-12-16 05:27:46,train,0.426222,0,0.381047,0,0,0
1765862878.9812927,2025-12-16 05:27:58,train,0.428003,0,0.387227,0,0,0
1765862891.2476609,2025-12-16 05:28:11,train,0.436764,0,0.398939,0,0,0
1765862903.4355388,2025-12-16 05:28:23,train,0.419668,0,0.379687,0,0,0
1765862915.6319158,2025-12-16 05:28:35,train,0.418919,0,0.372514,0,0,0
1765862927.8460476,2025-12-16 05:28:47,train,0.404928,0,0.357294,0,0,0
1765862940.0397449,2025-12-16 05:29:00,train,0.411741,0,0.360288,0,0,0
1765862952.2463741,2025-12-16 05:29:12,train,0.416182,0,0.370743,0,0,0
1765862964.4528708,2025-12-16 05:29:24,train,0.426984,0,0.38082,0,0,0
1765862976.6520307,2025-12-16 05:29:36,train,0.432619,0,0.383781,0,0,0
1765862988.8535244,2025-12-16 05:29:48,train,0.439899,0,0.401085,0,0,0
1765863001.0422504,2025-12-16 05:30:01,train,0.446236,0,0.394683,0,0,0
1765863013.2205877,2025-12-16 05:30:13,train,0.446768,0,0.411251,0,0,0
1765863025.4024026,2025-12-16 05:30:25,train,0.455369,0,0.421674,0,1,0
1765863037.574845,2025-12-16 05:30:37,train,0.457273,0,0.404445,0,1,0
1765863049.7322216,2025-12-16 05:30:49,train,0.434428,0,0.376308,0,0,0
1765863061.9176981,2025-12-16 05:31:01,train,0.425968,0,0.366787,0,0,0
1765863074.1029782,2025-12-16 05:31:14,train,0.434687,0,0.389542,0,0,0
1765863086.3013935,2025-12-16 05:31:26,train,0.458091,0,0.414449,0,1,0
1765863098.4901803,2025-12-16 05:31:38,train,0.441474,0,0.396333,0,1,0
1765863110.6644933,2025-12-16 05:31:50,train,0.436764,0,0.401563,0,0,0
1765863122.8354688,2025-12-16 05:32:02,train,0.411741,0,0.365696,0,0,0
1765863135.0485835,2025-12-16 05:32:15,train,0.416926,0,0.356656,0,0,0
1765863147.21969,2025-12-16 05:32:27,train,0.416182,0,0.374295,0,0,0
1765863159.4125192,2025-12-16 05:32:39,train,0.417175,0,0.360932,0,0,0
1765863171.6129713,2025-12-16 05:32:51,train,0.413216,0,0.359216,0,0,0
1765863183.819352,2025-12-16 05:33:03,train,0.430305,0,0.392806,0,0,0
1765863196.0150506,2025-12-16 05:33:16,train,0.435984,0,0.385386,0,0,0
1765863208.2076814,2025-12-16 05:33:28,train,0.412724,0,0.377656,0,0,0
1765863220.3787842,2025-12-16 05:33:40,train,0.415438,0,0.363523,0,0,0
1765863232.6158025,2025-12-16 05:33:52,train,0.394448,0,0.358361,0,1,0
1765863244.8205738,2025-12-16 05:34:04,train,0.400607,0,0.354537,0,0,0
1765863257.0293863,2025-12-16 05:34:17,train,0.39187,0,0.364825,0,0,0
1765863269.2360752,2025-12-16 05:34:29,train,0.394213,0,0.347426,0,1,0
1765863281.4436715,2025-12-16 05:34:41,train,0.391404,0,0.345155,0,1,0
1765863293.6712468,2025-12-16 05:34:53,train,0.383096,0,0.350128,0,0,0
1765863305.9075923,2025-12-16 05:35:05,train,0.384927,0,0.337226,0,1,0
1765863318.1070166,2025-12-16 05:35:18,train,0.383781,0,0.334424,0,0,0
1765863330.355528,2025-12-16 05:35:30,train,0.401085,0,0.347219,0,0,0
1765863342.559238,2025-12-16 05:35:42,train,0.393978,0,0.332437,0,1,0
1765863354.8021853,2025-12-16 05:35:54,train,0.409295,0,0.359644,0,0,0
1765863367.0082574,2025-12-16 05:36:07,train,0.401085,0,0.365914,0,0,0
1765863379.1944427,2025-12-16 05:36:19,train,0.396805,0,0.335023,0,0,0
1765863391.4270372,2025-12-16 05:36:31,train,0.396333,0,0.334623,0,1,0
1765863403.616334,2025-12-16 05:36:43,train,0.402042,0,0.343514,0,0,0
1765863415.8476257,2025-12-16 05:36:55,train,0.395625,0,0.340863,0,0,0
1765863428.061804,2025-12-16 05:37:08,train,0.399891,0,0.354748,0,0,0
1765863440.236021,2025-12-16 05:37:20,train,0.422932,0,0.371185,0,1,0
1765863452.4470131,2025-12-16 05:37:32,train,0.423689,0,0.378557,0,1,0
1765863464.6401343,2025-12-16 05:37:44,train,0.404686,0,0.36201,0,0,0
1765863476.8734407,2025-12-16 05:37:56,train,0.393978,0,0.346185,0,0,0
1765863489.0726564,2025-12-16 05:38:09,train,0.399177,0,0.360288,0,0,0
1765863501.3136134,2025-12-16 05:38:21,train,0.396569,0,0.342492,0,1,0
1765863513.5261405,2025-12-16 05:38:33,train,0.393978,0,0.336423,0,1,0
1765863525.7178512,2025-12-16 05:38:45,train,0.405652,0,0.358147,0,0,0
1765863537.9420352,2025-12-16 05:38:57,train,0.412478,0,0.355595,0,0,0
1765863550.1299605,2025-12-16 05:39:10,train,0.432619,0,0.377881,0,0,0
1765863562.313659,2025-12-16 05:39:22,train,0.419918,0,0.361363,0,1,0
1765863574.4995441,2025-12-16 05:39:34,train,0.410027,0,0.368979,0,0,0
1765863586.7024486,2025-12-16 05:39:46,train,0.402522,0,0.382868,0,0,0
1765863598.9025812,2025-12-16 05:39:58,train,0.445704,0,0.390937,0,0,0
1765863611.117267,2025-12-16 05:40:11,train,0.428003,0,0.370522,0,0,0
1765863623.2956152,2025-12-16 05:40:23,train,0.423942,0,0.374072,0,0,0
1765863635.4983432,2025-12-16 05:40:35,train,0.420169,0,0.36635,0,1,0
1765863647.7345831,2025-12-16 05:40:47,train,0.413709,0,0.368101,0,1,0
1765863659.944913,2025-12-16 05:40:59,train,0.423689,0,0.36635,0,0,0
1765863672.1740324,2025-12-16 05:41:12,train,0.423184,0,0.364173,0,0,0
1765863684.365317,2025-12-16 05:41:24,train,0.432361,0,0.381047,0,0,0
1765863696.5581076,2025-12-16 05:41:36,train,0.41842,0,0.359216,0,0,0
1765863708.7682912,2025-12-16 05:41:48,train,0.421925,0,0.364173,0,0,0
1765863720.9761257,2025-12-16 05:42:00,train,0.415686,0,0.363306,0,0,0
1765863733.1759367,2025-12-16 05:42:13,train,0.418919,0,0.366787,0,0,0
1765863745.398683,2025-12-16 05:42:25,train,0.422177,0,0.379008,0,0,0
1765863757.6512966,2025-12-16 05:42:37,train,0.422177,0,0.383096,0,0,0
1765863769.841394,2025-12-16 05:42:49,train,0.428514,0,0.405169,0,0,0
1765863782.0584044,2025-12-16 05:43:02,train,0.428514,0,0.399177,0,0,0
1765863794.2585258,2025-12-16 05:43:14,train,0.440686,0,0.394918,0,0,0
1765863806.4740007,2025-12-16 05:43:26,train,0.421172,0,0.396097,0,0,0
1765863818.6701097,2025-12-16 05:43:38,train,0.436504,0,0.398227,0,1,0
1765863830.8533127,2025-12-16 05:43:50,train,0.451586,0,0.418919,0,1,0
1765863843.0589576,2025-12-16 05:44:03,train,0.436504,0,0.402282,0,0,0
1765863855.2735987,2025-12-16 05:44:15,train,0.41643,0,0.378783,0,0,0
1765863867.4898312,2025-12-16 05:44:27,train,0.420921,0,0.380366,0,0,0
1765863879.7641132,2025-12-16 05:44:39,train,0.429536,0,0.391404,0,0,0
1765863891.9608927,2025-12-16 05:44:51,train,0.436764,0,0.390472,0,0,0
1765863904.2002234,2025-12-16 05:45:04,train,0.415686,0,0.383096,0,1,0
1765863916.4549778,2025-12-16 05:45:16,train,0.426476,0,0.390472,0,0,0
1765863928.6588378,2025-12-16 05:45:28,train,0.422428,0,0.369199,0,0,0
1765863940.8708537,2025-12-16 05:45:40,train,0.430049,0,0.383553,0,0,0
1765863953.0796068,2025-12-16 05:45:53,train,0.432104,0,0.36635,0,0,0
1765863965.2885678,2025-12-16 05:46:05,train,0.432877,0,0.371849,0,0,0
1765863977.5045068,2025-12-16 05:46:17,train,0.441474,0,0.38264,0,0,0
1765863989.7091486,2025-12-16 05:46:29,train,0.446502,0,0.388615,0,0,0
1765864001.930422,2025-12-16 05:46:41,train,0.446768,0,0.403723,0,0,0
1765864014.1508365,2025-12-16 05:46:54,train,0.451317,0,0.428769,0,0,0
1765864026.3668892,2025-12-16 05:47:06,train,0.444643,0,0.416182,0,0,0
1765864038.5930092,2025-12-16 05:47:18,train,0.42268,0,0.383553,0,0,0
1765864050.7900083,2025-12-16 05:47:30,train,0.432877,0,0.390937,0,0,0
1765864062.999136,2025-12-16 05:47:42,train,0.432104,0,0.386766,0,0,0
1765864075.2040977,2025-12-16 05:47:55,train,0.436764,0,0.405894,0,0,0
1765864087.3949661,2025-12-16 05:48:07,train,0.435984,0,0.396097,0,0,0
1765864099.5927978,2025-12-16 05:48:19,train,0.441211,0,0.390704,0,0,0
1765864111.8485746,2025-12-16 05:48:31,train,0.431332,0,0.393509,0,0,0
1765864124.0522332,2025-12-16 05:48:44,train,0.430818,0,0.382412,0,0,0
1765864136.2692037,2025-12-16 05:48:56,train,0.426222,0,0.390937,0,0,0
1765864148.457677,2025-12-16 05:49:08,train,0.420419,0,0.389078,0,0,0
1765864160.6337178,2025-12-16 05:49:20,train,0.430562,0,0.378783,0,0,0
1765864172.8666172,2025-12-16 05:49:32,train,0.435464,0,0.386305,0,0,0
1765864185.0734196,2025-12-16 05:49:45,train,0.431332,0,0.381501,0,0,0
1765864197.282023,2025-12-16 05:49:57,train,0.426984,0,0.386305,0,0,0
1765864209.4465318,2025-12-16 05:50:09,train,0.434428,0,0.386536,0,0,0
1765864221.6501544,2025-12-16 05:50:21,train,0.42546,0,0.37946,0,0,0
1765864233.8514628,2025-12-16 05:50:33,train,0.426984,0,0.369199,0,0,0
1765864246.0591962,2025-12-16 05:50:46,train,0.433393,0,0.380139,0,0,0
1765864258.2753513,2025-12-16 05:50:58,train,0.41842,0,0.375859,0,0,0
1765864270.4972103,2025-12-16 05:51:10,train,0.417423,0,0.374518,0,0,0
1765864282.6654646,2025-12-16 05:51:22,train,0.424447,0,0.386536,0,0,0
1765864294.8544948,2025-12-16 05:51:34,train,0.423437,0,0.374072,0,0,0
1765864307.1025376,2025-12-16 05:51:47,train,0.420921,0,0.385615,0,0,0
1765864319.3112829,2025-12-16 05:51:59,train,0.417921,0,0.38264,0,0,0
1765864331.5233405,2025-12-16 05:52:11,train,0.411006,0,0.381047,0,0,0
1765864343.7219596,2025-12-16 05:52:23,train,0.413462,0,0.374518,0,0,0
1765864355.9241579,2025-12-16 05:52:35,train,0.417672,0,0.372293,0,0,0
1765864368.1553361,2025-12-16 05:52:48,train,0.417423,0,0.389542,0,0,0
1765864380.3544688,2025-12-16 05:53:00,train,0.41643,0,0.372959,0,0,0
1765864392.5423973,2025-12-16 05:53:12,train,0.426476,0,0.396569,0,0,0
1765864404.7372773,2025-12-16 05:53:24,train,0.42268,0,0.384468,0,0,0
1765864416.9368582,2025-12-16 05:53:36,train,0.42067,0,0.375412,0,0,0
1765864429.1793664,2025-12-16 05:53:49,train,0.428769,0,0.373849,0,0,0
1765864441.3757558,2025-12-16 05:54:01,train,0.430049,0,0.373626,0,0,0
1765864453.5709987,2025-12-16 05:54:13,train,0.437024,0,0.394213,0,0,0
1765864465.7995403,2025-12-16 05:54:25,train,0.436244,0,0.386766,0,0,0
1765864478.0161602,2025-12-16 05:54:38,train,0.428003,0,0.370301,0,0,0
1765864490.2498927,2025-12-16 05:54:50,train,0.419418,0,0.36854,0,0,0
1765864502.4600458,2025-12-16 05:55:02,train,0.417423,0,0.366568,0,0,0
1765864514.6940987,2025-12-16 05:55:14,train,0.414696,0,0.367882,0,0,0
1765864526.9092765,2025-12-16 05:55:26,train,0.42268,0,0.370964,0,0,0
1765864539.126211,2025-12-16 05:55:39,train,0.436764,0,0.388383,0,0,0
1765864551.328683,2025-12-16 05:55:51,train,0.420419,0,0.369419,0,0,0
1765864563.546281,2025-12-16 05:56:03,train,0.418919,0,0.375188,0,0,0
1765864575.7773619,2025-12-16 05:56:15,train,0.435464,0,0.388615,0,0,0
1765864587.9915905,2025-12-16 05:56:27,train,0.456456,0,0.419918,0,0,0
1765864600.199008,2025-12-16 05:56:40,train,0.433652,0,0.392806,0,0,0
1765864612.4131043,2025-12-16 05:56:52,train,0.424953,0,0.381274,0,0,0
1765864624.60241,2025-12-16 05:57:04,train,0.433135,0,0.382184,0,0,0
1765864636.8033864,2025-12-16 05:57:16,train,0.425207,0,0.374295,0,0,0
1765864649.0129683,2025-12-16 05:57:29,train,0.427748,0,0.384927,0,0,0
1765864661.2385068,2025-12-16 05:57:41,train,0.447834,0,0.395154,0,0,0
1765864673.474551,2025-12-16 05:57:53,train,0.440948,0,0.393978,0,0,0
1765864685.6846073,2025-12-16 05:58:05,train,0.455369,0,0.412478,0,0,0
1765864697.8630056,2025-12-16 05:58:17,train,0.455641,0,0.415686,0,0,0
1765864710.067148,2025-12-16 05:58:30,train,0.466355,0,0.422177,0,0,0
1765864722.317174,2025-12-16 05:58:42,train,0.453204,0,0.419668,0,0,0
1765864734.5196595,2025-12-16 05:58:54,train,0.452394,0,0.411251,0,0,0
1765864746.7160332,2025-12-16 05:59:06,train,0.471665,0,0.44597,0,0,0
1765864758.917633,2025-12-16 05:59:18,train,0.458911,0,0.431589,0,0,0
1765864771.1103246,2025-12-16 05:59:31,train,0.474485,0,0.443584,0,0,0
1765864783.3127646,2025-12-16 05:59:43,train,0.466355,0,0.405169,0,0,0
1765864795.5029964,2025-12-16 05:59:55,train,0.473355,0,0.413955,0,0,0
1765864807.710197,2025-12-16 06:00:07,train,0.468863,0,0.415934,0,0,0
1765864819.8920925,2025-12-16 06:00:19,train,0.43859,0,0.388846,0,0,0
1765864832.056635,2025-12-16 06:00:32,train,0.430562,0,0.38792,0,0,0
1765864844.2426252,2025-12-16 06:00:44,train,0.440948,0,0.394683,0,0,0
1765864856.438032,2025-12-16 06:00:56,train,0.434946,0,0.385386,0,0,0
1765864868.6385136,2025-12-16 06:01:08,train,0.424447,0,0.396333,0,0,0
1765864880.823088,2025-12-16 06:01:20,train,0.432877,0,0.39304,0,0,0
1765864893.0142443,2025-12-16 06:01:33,train,0.430818,0,0.396097,0,0,0
1765864905.1590016,2025-12-16 06:01:45,train,0.432361,0,0.411496,0,0,0
1765864917.3625295,2025-12-16 06:01:57,train,0.444643,0,0.403002,0,0,0
1765864929.5756116,2025-12-16 06:02:09,train,0.43859,0,0.398702,0,1,0
1765864941.7563338,2025-12-16 06:02:21,train,0.44597,0,0.402282,0,0,0
1765864953.977429,2025-12-16 06:02:33,train,0.441211,0,0.400607,0,0,0
1765864966.2148702,2025-12-16 06:02:46,train,0.437546,0,0.399177,0,0,0
1765864978.4359882,2025-12-16 06:02:58,train,0.441738,0,0.414449,0,0,0
1765864990.6330304,2025-12-16 06:03:10,train,0.454015,0,0.427493,0,0,0
1765865002.8570259,2025-12-16 06:03:22,train,0.434169,0,0.401803,0,0,0
1765865015.0697322,2025-12-16 06:03:35,train,0.425968,0,0.392572,0,0,0
1765865027.2894309,2025-12-16 06:03:47,train,0.441211,0,0.398939,0,0,0
1765865039.4969175,2025-12-16 06:03:59,train,0.439375,0,0.40541,0,0,0
1765865051.7240825,2025-12-16 06:04:11,train,0.438067,0,0.414943,0,0,0
1765865063.9171474,2025-12-16 06:04:23,train,0.425714,0,0.38792,0,0,0
1765865076.1374104,2025-12-16 06:04:36,train,0.427493,0,0.381501,0,0,0
1765865088.3388567,2025-12-16 06:04:48,train,0.426222,0,0.376083,0,0,0
1765865100.5445266,2025-12-16 06:05:00,train,0.411006,0,0.381047,0,0,0
1765865112.75454,2025-12-16 06:05:12,train,0.410271,0,0.36309,0,0,0
1765865124.9412289,2025-12-16 06:05:24,train,0.422428,0,0.374964,0,0,0
1765865137.1491275,2025-12-16 06:05:37,train,0.415934,0,0.372514,0,0,0
1765865149.3642962,2025-12-16 06:05:49,train,0.411006,0,0.373626,0,0,0
1765865161.551473,2025-12-16 06:06:01,train,0.415686,0,0.354748,0,0,0
1765865173.7513525,2025-12-16 06:06:13,train,0.415934,0,0.356444,0,0,0
1765865185.958247,2025-12-16 06:06:25,train,0.413216,0,0.37008,0,0,0
1765865198.163325,2025-12-16 06:06:38,train,0.414449,0,0.356656,0,0,0
1765865210.3504164,2025-12-16 06:06:50,train,0.394448,0,0.351172,0,0,0
1765865222.527006,2025-12-16 06:07:02,train,0.398939,0,0.356019,0,0,0
1765865234.7730198,2025-12-16 06:07:14,train,0.404445,0,0.360288,0,0,0
1765865246.978149,2025-12-16 06:07:26,train,0.397279,0,0.355807,0,0,0
1765865259.2079432,2025-12-16 06:07:39,train,0.396333,0,0.368101,0,0,0
1765865271.3669684,2025-12-16 06:07:51,train,0.39117,0,0.35222,0,0,0
1765865283.561008,2025-12-16 06:08:03,train,0.387458,0,0.351172,0,0,0
1765865295.752394,2025-12-16 06:08:15,train,0.394213,0,0.346805,0,0,0
1765865307.9697075,2025-12-16 06:08:27,train,0.404445,0,0.36832,0,0,0
1765865320.1744328,2025-12-16 06:08:40,train,0.400607,0,0.358361,0,0,0
1765865332.4361384,2025-12-16 06:08:52,train,0.401324,0,0.348878,0,0,0
1765865344.5930843,2025-12-16 06:09:04,train,0.400368,0,0.341066,0,0,0
1765865356.827633,2025-12-16 06:09:16,train,0.407105,0,0.355595,0,0,0
1765865369.0113325,2025-12-16 06:09:29,train,0.412478,0,0.368101,0,0,0
1765865381.1938794,2025-12-16 06:09:41,train,0.429792,0,0.376308,0,0,0
1765865393.4010527,2025-12-16 06:09:53,train,0.426222,0,0.386536,0,0,0
1765865405.5919123,2025-12-16 06:10:05,train,0.439899,0,0.394918,0,0,0
1765865417.804896,2025-12-16 06:10:17,train,0.415934,0,0.383324,0,0,0
1765865430.0869772,2025-12-16 06:10:30,train,0.415191,0,0.364608,0,0,0
1765865442.2799823,2025-12-16 06:10:42,train,0.420419,0,0.365042,0,0,0
1765865454.5154095,2025-12-16 06:10:54,train,0.408077,0,0.371628,0,0,0
1765865466.7167761,2025-12-16 06:11:06,train,0.405169,0,0.359859,0,0,0
1765865478.9862802,2025-12-16 06:11:18,train,0.405169,0,0.357294,0,0,0
1765865491.203611,2025-12-16 06:11:31,train,0.390007,0,0.34784,0,0,0
1765865503.4029264,2025-12-16 06:11:43,train,0.404204,0,0.358574,0,0,0
1765865515.6049354,2025-12-16 06:11:55,train,0.394448,0,0.342084,0,0,0
1765865527.8202655,2025-12-16 06:12:07,train,0.400607,0,0.351172,0,0,0
1765865540.015015,2025-12-16 06:12:20,train,0.39799,0,0.362657,0,0,0
1765865552.220688,2025-12-16 06:12:32,train,0.39799,0,0.36526,0,0,0
1765865564.4268854,2025-12-16 06:12:44,train,0.390937,0,0.354326,0,0,0
1765865576.6531668,2025-12-16 06:12:56,train,0.39799,0,0.36309,0,0,0
1765865588.8611004,2025-12-16 06:13:08,train,0.399891,0,0.364173,0,0,0
1765865601.0588806,2025-12-16 06:13:21,train,0.41817,0,0.383096,0,0,0
1765865613.277295,2025-12-16 06:13:33,train,0.396805,0,0.367882,0,0,0
1765865625.4857495,2025-12-16 06:13:45,train,0.393509,0,0.374072,0,0,0
1765865637.6814923,2025-12-16 06:13:57,train,0.409539,0,0.373849,0,0,0
1765865649.8694148,2025-12-16 06:14:09,train,0.414943,0,0.380593,0,0,0
1765865662.0573823,2025-12-16 06:14:22,train,0.415438,0,0.385615,0,0,0
1765865674.2505617,2025-12-16 06:14:34,train,0.411496,0,0.371849,0,0,0
1765865686.448413,2025-12-16 06:14:46,train,0.409783,0,0.36832,0,0,0
1765865698.6391158,2025-12-16 06:14:58,train,0.416182,0,0.38082,0,0,0
1765865710.8451095,2025-12-16 06:15:10,train,0.413709,0,0.37946,0,0,0
1765865723.032168,2025-12-16 06:15:23,train,0.415686,0,0.372959,0,0,0
1765865735.2262971,2025-12-16 06:15:35,train,0.423184,0,0.386075,0,0,0
1765865747.4500537,2025-12-16 06:15:47,train,0.436504,0,0.396805,0,0,0
1765865759.6500463,2025-12-16 06:15:59,train,0.42268,0,0.392104,0,0,0
1765865771.8126786,2025-12-16 06:16:11,train,0.41817,0,0.395625,0,0,0
1765865784.001146,2025-12-16 06:16:24,train,0.426984,0,0.389078,0,0,0
1765865796.2066069,2025-12-16 06:16:36,train,0.4247,0,0.40541,0,0,0
1765865808.4264064,2025-12-16 06:16:48,train,0.434687,0,0.415934,0,0,0
1765865820.642273,2025-12-16 06:17:00,train,0.435205,0,0.405169,0,1,0
1765865832.8807929,2025-12-16 06:17:12,train,0.433652,0,0.397279,0,0,0
1765865845.0534613,2025-12-16 06:17:25,train,0.430562,0,0.395154,0,0,0
1765865857.2909777,2025-12-16 06:17:37,train,0.428258,0,0.402761,0,0,0
1765865869.5179217,2025-12-16 06:17:49,train,0.42546,0,0.392806,0,0,0
1765865881.714312,2025-12-16 06:18:01,train,0.431075,0,0.39799,0,0,0
1765865893.9173653,2025-12-16 06:18:13,train,0.422177,0,0.395389,0,0,0
1765865906.1070948,2025-12-16 06:18:26,train,0.41643,0,0.402761,0,1,0
1765865918.3099883,2025-12-16 06:18:38,train,0.421423,0,0.392104,0,1,0
1765865930.518614,2025-12-16 06:18:50,train,0.420921,0,0.398702,0,1,0
1765865942.782065,2025-12-16 06:19:02,train,0.429025,0,0.396097,0,1,0
1765865954.9787195,2025-12-16 06:19:14,train,0.432104,0,0.396333,0,1,0
1765865967.1683755,2025-12-16 06:19:27,train,0.442528,0,0.411251,0,1,0
1765865979.37478,2025-12-16 06:19:39,train,0.448101,0,0.417921,0,1,0
1765865991.569574,2025-12-16 06:19:51,train,0.465522,0,0.439113,0,1,0
1765866003.7773306,2025-12-16 06:20:03,train,0.461929,0,0.44917,0,0,0
1765866015.987495,2025-12-16 06:20:15,train,0.453474,0,0.399415,0,1,0
1765866028.2196383,2025-12-16 06:20:28,train,0.430562,0,0.403963,0,0,0
1765866040.423318,2025-12-16 06:20:40,train,0.437806,0,0.402042,0,0,0
1765866052.6251209,2025-12-16 06:20:52,train,0.448635,0,0.417175,0,0,0
1765866064.8525586,2025-12-16 06:21:04,train,0.453474,0,0.404445,0,0,0
1765866077.0914567,2025-12-16 06:21:17,train,0.442528,0,0.42673,0,0,0
1765866089.2969394,2025-12-16 06:21:29,train,0.431332,0,0.400607,0,1,0
1765866101.4916713,2025-12-16 06:21:41,train,0.435205,0,0.392572,0,1,0
1765866113.7692292,2025-12-16 06:21:53,train,0.421172,0,0.392806,0,1,0
1765866125.9718945,2025-12-16 06:22:05,train,0.443849,0,0.41842,0,1,0
1765866138.1665113,2025-12-16 06:22:18,train,0.454015,0,0.402761,0,0,0
1765866150.374132,2025-12-16 06:22:30,train,0.425968,0,0.384468,0,0,0
1765866162.5951872,2025-12-16 06:22:42,train,0.412232,0,0.367882,0,0,0
1765866174.8094265,2025-12-16 06:22:54,train,0.41643,0,0.366787,0,0,0
1765866187.012495,2025-12-16 06:23:07,train,0.400368,0,0.366787,0,0,0
1765866199.19445,2025-12-16 06:23:19,train,0.407105,0,0.359859,0,0,0
1765866211.3869593,2025-12-16 06:23:31,train,0.394683,0,0.361363,0,0,0
1765866223.5882974,2025-12-16 06:23:43,train,0.397752,0,0.350128,0,0,0
1765866235.793061,2025-12-16 06:23:55,train,0.400846,0,0.349086,0,0,0
1765866248.0093982,2025-12-16 06:24:08,train,0.409295,0,0.361363,0,0,0
1765866260.2043493,2025-12-16 06:24:20,train,0.404445,0,0.36439,0,0,0
1765866272.3939292,2025-12-16 06:24:32,train,0.405652,0,0.356231,0,0,0
1765866284.5865223,2025-12-16 06:24:44,train,0.395625,0,0.367882,0,0,0
1765866296.7806377,2025-12-16 06:24:56,train,0.399177,0,0.36986,0,0,0
1765866309.0045428,2025-12-16 06:25:09,train,0.407105,0,0.373626,0,0,0
1765866321.1567323,2025-12-16 06:25:21,train,0.40013,0,0.380366,0,0,0
1765866333.3304436,2025-12-16 06:25:33,train,0.398464,0,0.389078,0,0,0
1765866345.5529504,2025-12-16 06:25:45,train,0.397042,0,0.37946,0,0,0
1765866357.758634,2025-12-16 06:25:57,train,0.393509,0,0.362225,0,0,0
1765866369.978366,2025-12-16 06:26:09,train,0.397279,0,0.374072,0,0,0
1765866382.2013934,2025-12-16 06:26:22,train,0.403723,0,0.383324,0,0,0
1765866394.374792,2025-12-16 06:26:34,train,0.402042,0,0.370964,0,0,0
1765866406.5556488,2025-12-16 06:26:46,train,0.411006,0,0.380593,0,0,0
1765866418.7778432,2025-12-16 06:26:58,train,0.400607,0,0.380139,0,0,0
1765866431.0020077,2025-12-16 06:27:11,train,0.421674,0,0.379687,0,0,0
1765866443.2205398,2025-12-16 06:27:23,train,0.422177,0,0.402761,0,0,0
1765866455.4761176,2025-12-16 06:27:35,train,0.403723,0,0.374295,0,0,0
1765866467.699361,2025-12-16 06:27:47,train,0.416678,0,0.385386,0,0,0
1765866479.9098904,2025-12-16 06:27:59,train,0.423942,0,0.392104,0,0,0
1765866492.1226175,2025-12-16 06:28:12,train,0.42673,0,0.395625,0,0,0
1765866504.3119743,2025-12-16 06:28:24,train,0.426476,0,0.394213,0,0,0
1765866516.510337,2025-12-16 06:28:36,train,0.425714,0,0.394213,0,0,0
1765866528.7564282,2025-12-16 06:28:48,train,0.428769,0,0.396097,0,0,0
1765866540.9567902,2025-12-16 06:29:00,train,0.436244,0,0.402042,0,0,0
1765866553.226746,2025-12-16 06:29:13,train,0.439637,0,0.410516,0,0,0
1765866565.38849,2025-12-16 06:29:25,train,0.441474,0,0.415191,0,0,0
1765866577.559286,2025-12-16 06:29:37,train,0.447301,0,0.429281,0,0,0
1765866589.7665002,2025-12-16 06:29:49,train,0.437285,0,0.413709,0,0,0
1765866601.966438,2025-12-16 06:30:01,train,0.429536,0,0.416678,0,0,0
1765866614.15056,2025-12-16 06:30:14,train,0.426984,0,0.404686,0,0,0
1765866626.329524,2025-12-16 06:30:26,train,0.428258,0,0.404204,0,0,0
1765866638.5116725,2025-12-16 06:30:38,train,0.423184,0,0.420419,0,0,0
1765866650.6963758,2025-12-16 06:30:50,train,0.420419,0,0.399891,0,0,0
1765866662.8803627,2025-12-16 06:31:02,train,0.420921,0,0.397042,0,0,0
1765866675.0623627,2025-12-16 06:31:15,train,0.41842,0,0.388152,0,0,0
1765866687.2478123,2025-12-16 06:31:27,train,0.412724,0,0.381501,0,0,0
1765866699.4536507,2025-12-16 06:31:39,train,0.417672,0,0.39117,0,0,0
1765866711.649296,2025-12-16 06:31:51,train,0.424194,0,0.390937,0,0,0
1765866723.835914,2025-12-16 06:32:03,train,0.429792,0,0.383781,0,0,0
1765866736.0473797,2025-12-16 06:32:16,train,0.42673,0,0.394213,0,0,0
1765866748.2426906,2025-12-16 06:32:28,train,0.439899,0,0.387227,0,0,0
1765866760.46096,2025-12-16 06:32:40,train,0.453744,0,0.411006,0,0,0
1765866772.6292834,2025-12-16 06:32:52,train,0.437285,0,0.40541,0,0,0
1765866784.8212864,2025-12-16 06:33:04,train,0.444908,0,0.417175,0,0,0
1765866796.9977412,2025-12-16 06:33:16,train,0.444643,0,0.434687,0,0,0
1765866809.1856623,2025-12-16 06:33:29,train,0.445704,0,0.422177,0,0,0
1765866821.4087343,2025-12-16 06:33:41,train,0.442528,0,0.395861,0,0,0
1765866833.6251333,2025-12-16 06:33:53,train,0.421423,0,0.396097,0,0,0
1765866845.8676937,2025-12-16 06:34:05,train,0.426222,0,0.39304,0,0,0
1765866858.0718038,2025-12-16 06:34:18,train,0.430049,0,0.403723,0,0,0
1765866870.2754648,2025-12-16 06:34:30,train,0.435984,0,0.404928,0,0,0
1765866882.481526,2025-12-16 06:34:42,train,0.438328,0,0.416926,0,0,0
1765866894.7037897,2025-12-16 06:34:54,train,0.4247,0,0.399415,0,0,0
1765866906.949366,2025-12-16 06:35:06,train,0.416182,0,0.377656,0,0,0
1765866919.1492355,2025-12-16 06:35:19,train,0.419668,0,0.373849,0,0,0
1765866931.3727138,2025-12-16 06:35:31,train,0.419168,0,0.36876,0,0,0
1765866943.5699136,2025-12-16 06:35:43,train,0.413709,0,0.369419,0,0,0
1765866955.7998495,2025-12-16 06:35:55,train,0.399653,0,0.36635,0,0,0
1765866967.997925,2025-12-16 06:36:07,train,0.402042,0,0.373181,0,0,0
1765866980.1985164,2025-12-16 06:36:20,train,0.398939,0,0.365478,0,0,0
1765866992.3883724,2025-12-16 06:36:32,train,0.407105,0,0.375635,0,0,0
1765867004.5928295,2025-12-16 06:36:44,train,0.406136,0,0.378557,0,0,0
1765867016.7976909,2025-12-16 06:36:56,train,0.407105,0,0.365478,0,0,0
1765867029.0520005,2025-12-16 06:37:09,train,0.403242,0,0.357081,0,0,0
1765867041.2432256,2025-12-16 06:37:21,train,0.403002,0,0.373849,0,0,0
1765867053.4514468,2025-12-16 06:37:33,train,0.403723,0,0.361148,0,0,0
1765867065.639209,2025-12-16 06:37:45,train,0.402282,0,0.35943,0,0,0
1765867077.8505092,2025-12-16 06:37:57,train,0.408077,0,0.376981,0,0,0
1765867090.0510252,2025-12-16 06:38:10,train,0.41842,0,0.379008,0,0,0
1765867102.259645,2025-12-16 06:38:22,train,0.411251,0,0.375859,0,0,0
1765867114.4635634,2025-12-16 06:38:34,train,0.410271,0,0.381047,0,0,0
1765867126.6869235,2025-12-16 06:38:46,train,0.409539,0,0.37946,0,0,0
1765867138.8999412,2025-12-16 06:38:58,train,0.410027,0,0.373849,0,0,0
1765867151.110275,2025-12-16 06:39:11,train,0.404204,0,0.374741,0,0,0
1765867163.3522842,2025-12-16 06:39:23,train,0.409539,0,0.381274,0,0,0
1765867175.5963154,2025-12-16 06:39:35,train,0.414202,0,0.38401,0,0,0
1765867187.8010967,2025-12-16 06:39:47,train,0.406378,0,0.381956,0,0,0
1765867199.9880621,2025-12-16 06:39:59,train,0.410027,0,0.375635,0,0,0
1765867212.235295,2025-12-16 06:40:12,train,0.414696,0,0.394213,0,0,0
1765867224.4190152,2025-12-16 06:40:24,train,0.415934,0,0.407591,0,0,0
1765867236.6198359,2025-12-16 06:40:36,train,0.424447,0,0.394448,0,0,0
1765867248.830156,2025-12-16 06:40:48,train,0.422428,0,0.386305,0,0,0
1765867261.0403411,2025-12-16 06:41:01,train,0.43859,0,0.405169,0,0,0
1765867273.2647772,2025-12-16 06:41:13,train,0.437806,0,0.406863,0,0,0
1765867285.4379268,2025-12-16 06:41:25,train,0.447034,0,0.415686,0,0,0
1765867297.6442127,2025-12-16 06:41:37,train,0.446768,0,0.416678,0,0,0
1765867309.8502705,2025-12-16 06:41:49,train,0.43859,0,0.405652,0,0,0
1765867322.0242944,2025-12-16 06:42:02,train,0.440686,0,0.40662,0,0,0
1765867334.196563,2025-12-16 06:42:14,train,0.430049,0,0.419418,0,0,0
1765867346.3682084,2025-12-16 06:42:26,train,0.439375,0,0.41297,0,0,0
1765867358.5692995,2025-12-16 06:42:38,train,0.452934,0,0.421172,0,0,0
1765867370.7875695,2025-12-16 06:42:50,train,0.46028,0,0.426222,0,0,0
1765867383.0075498,2025-12-16 06:43:03,train,0.454827,0,0.42546,0,0,0
1765867395.1902833,2025-12-16 06:43:15,train,0.432619,0,0.409783,0,0,0
1765867407.3840349,2025-12-16 06:43:27,train,0.432104,0,0.413462,0,0,0
1765867419.6095185,2025-12-16 06:43:39,train,0.433135,0,0.40662,0,0,0
1765867431.8238544,2025-12-16 06:43:51,train,0.442792,0,0.420419,0,0,0
1765867444.048132,2025-12-16 06:44:04,train,0.436504,0,0.42546,0,0,0
1765867456.2785096,2025-12-16 06:44:16,train,0.429536,0,0.400607,0,0,0
1765867468.4829059,2025-12-16 06:44:28,train,0.431075,0,0.403723,0,0,0
1765867480.6903093,2025-12-16 06:44:40,train,0.428769,0,0.40662,0,0,0
1765867492.8677635,2025-12-16 06:44:52,train,0.428769,0,0.390704,0,0,0
1765867505.0758226,2025-12-16 06:45:05,train,0.430562,0,0.402522,0,0,0
1765867517.2452214,2025-12-16 06:45:17,train,0.439113,0,0.393743,0,0,0
1765867529.4464374,2025-12-16 06:45:29,train,0.440161,0,0.397279,0,0,0
1765867541.6438239,2025-12-16 06:45:41,train,0.440686,0,0.39799,0,0,0
1765867553.84758,2025-12-16 06:45:53,train,0.443584,0,0.400846,0,0,0
1765867566.0617042,2025-12-16 06:46:06,train,0.451586,0,0.407348,0,0,0
1765867578.245534,2025-12-16 06:46:18,train,0.448101,0,0.417175,0,0,0
1765867590.4627786,2025-12-16 06:46:30,train,0.453744,0,0.433652,0,0,0
1765867602.6646662,2025-12-16 06:46:42,train,0.453474,0,0.403242,0,0,0
1765867614.88839,2025-12-16 06:46:54,train,0.445438,0,0.414202,0,0,0
1765867627.1026063,2025-12-16 06:47:07,train,0.448368,0,0.421925,0,0,0
1765867639.2982197,2025-12-16 06:47:19,train,0.446502,0,0.413709,0,0,0
1765867651.500211,2025-12-16 06:47:31,train,0.463032,0,0.41817,0,0,0
1765867663.6932125,2025-12-16 06:47:43,train,0.458638,0,0.434946,0,0,0
1765867675.901504,2025-12-16 06:47:55,train,0.453744,0,0.422932,0,0,0
1765867688.1048992,2025-12-16 06:48:08,train,0.443056,0,0.409295,0,0,0
1765867700.2826772,2025-12-16 06:48:20,train,0.445173,0,0.401324,0,0,0
1765867712.5011883,2025-12-16 06:48:32,train,0.444378,0,0.394683,0,0,0
1765867724.6887274,2025-12-16 06:48:44,train,0.439637,0,0.402761,0,0,0
1765867736.904365,2025-12-16 06:48:56,train,0.444908,0,0.394683,0,0,0
1765867749.1172035,2025-12-16 06:49:09,train,0.427239,0,0.387227,0,0,0
1765867761.2921543,2025-12-16 06:49:21,train,0.425714,0,0.395389,0,0,0
1765867773.527523,2025-12-16 06:49:33,train,0.438328,0,0.38792,0,0,0
1765867785.726438,2025-12-16 06:49:45,train,0.429792,0,0.387689,0,0,0
1765867797.9379375,2025-12-16 06:49:57,train,0.440948,0,0.394683,0,0,0
1765867810.1647232,2025-12-16 06:50:10,train,0.442792,0,0.399177,0,0,0
1765867822.3575685,2025-12-16 06:50:22,train,0.446768,0,0.394213,0,0,0
1765867834.5577314,2025-12-16 06:50:34,train,0.439113,0,0.40832,0,0,0
1765867846.7497149,2025-12-16 06:50:46,train,0.438851,0,0.404204,0,0,0
1765867858.9585037,2025-12-16 06:50:58,train,0.438851,0,0.405169,0,0,0
1765867871.1921384,2025-12-16 06:51:11,train,0.439375,0,0.407105,0,0,0
1765867883.4128141,2025-12-16 06:51:23,train,0.442528,0,0.410761,0,0,0
1765867895.58407,2025-12-16 06:51:35,train,0.444908,0,0.427748,0,0,0
1765867907.7780592,2025-12-16 06:51:47,train,0.447567,0,0.417423,0,0,0
1765867919.9959674,2025-12-16 06:51:59,train,0.44332,0,0.403242,0,0,0
1765867932.1986227,2025-12-16 06:52:12,train,0.445438,0,0.41643,0,0,0
1765867944.40355,2025-12-16 06:52:24,train,0.449438,0,0.416678,0,0,0
1765867956.629601,2025-12-16 06:52:36,train,0.455641,0,0.414696,0,0,0
1765867968.8516393,2025-12-16 06:52:48,train,0.452394,0,0.415438,0,0,0
1765867981.0582714,2025-12-16 06:53:01,train,0.442264,0,0.409783,0,0,0
1765867993.2465348,2025-12-16 06:53:13,train,0.448101,0,0.396097,0,0,0
1765868005.4852362,2025-12-16 06:53:25,train,0.451048,0,0.405652,0,0,0
1765868017.6922011,2025-12-16 06:53:37,train,0.443584,0,0.401324,0,0,0
1765868029.9426267,2025-12-16 06:53:49,train,0.450511,0,0.404204,0,0,0
1765868042.1433723,2025-12-16 06:54:02,train,0.460555,0,0.437546,0,0,0
1765868054.3439772,2025-12-16 06:54:14,train,0.455098,0,0.406378,0,0,0
1765868066.5468106,2025-12-16 06:54:26,train,0.441738,0,0.407834,0,0,0
1765868078.745399,2025-12-16 06:54:38,train,0.457001,0,0.419168,0,0,0
1765868090.9591484,2025-12-16 06:54:50,train,0.461929,0,0.424447,0,0,0
1765868103.177365,2025-12-16 06:55:03,train,0.463032,0,0.417175,0,0,0
1765868115.3767335,2025-12-16 06:55:15,train,0.457818,0,0.421925,0,0,0
1765868127.5708134,2025-12-16 06:55:27,train,0.459732,0,0.42067,0,0,0
1765868139.7899632,2025-12-16 06:55:39,train,0.468025,0,0.438328,0,0,0
1765868151.9957426,2025-12-16 06:55:51,train,0.465522,0,0.427748,0,0,0
1765868164.2016559,2025-12-16 06:56:04,train,0.46386,0,0.429536,0,0,0
1765868176.4021063,2025-12-16 06:56:16,train,0.472228,0,0.448903,0,0,0
1765868188.5981994,2025-12-16 06:56:28,train,0.46469,0,0.43391,0,0,0
1765868200.8372078,2025-12-16 06:56:40,train,0.454015,0,0.418669,0,0,0
1765868213.0341456,2025-12-16 06:56:53,train,0.451048,0,0.420169,0,0,0
1765868225.2345576,2025-12-16 06:57:05,train,0.458091,0,0.430305,0,0,0
1765868237.4325776,2025-12-16 06:57:17,train,0.454015,0,0.427239,0,0,0
1765868249.6177084,2025-12-16 06:57:29,train,0.448368,0,0.429281,0,0,0
1765868261.8508568,2025-12-16 06:57:41,train,0.441211,0,0.425207,0,0,0
1765868274.0100296,2025-12-16 06:57:54,train,0.454827,0,0.428514,0,0,0
1765868286.2101111,2025-12-16 06:58:06,train,0.467747,0,0.425968,0,0,0
1765868298.3919334,2025-12-16 06:58:18,train,0.456728,0,0.436504,0,0,0
1765868310.5991833,2025-12-16 06:58:30,train,0.46469,0,0.434169,0,0,0
1765868322.7668104,2025-12-16 06:58:42,train,0.46386,0,0.430049,0,0,0
1765868334.9498985,2025-12-16 06:58:54,train,0.453744,0,0.42268,0,0,0
1765868347.1690383,2025-12-16 06:59:07,train,0.458091,0,0.42673,0,0,0
1765868359.3553941,2025-12-16 06:59:19,train,0.461104,0,0.440948,0,0,0
1765868371.593352,2025-12-16 06:59:31,train,0.47789,0,0.439637,0,0,0
1765868383.8532453,2025-12-16 06:59:43,train,0.48132,0,0.446502,0,0,0
1765868396.0225856,2025-12-16 06:59:56,train,0.471384,0,0.458911,0,0,0
1765868408.2249851,2025-12-16 07:00:08,train,0.484197,0,0.465244,0,0,0
1765868420.4026945,2025-12-16 07:00:20,train,0.471104,0,0.430818,0,0,0
1765868432.5716019,2025-12-16 07:00:32,train,0.468025,0,0.424953,0,0,0
1765868444.811433,2025-12-16 07:00:44,train,0.461379,0,0.429025,0,0,0
1765868457.0219567,2025-12-16 07:00:57,train,0.473073,0,0.445173,0,0,0
1765868469.2423217,2025-12-16 07:01:09,train,0.468304,0,0.442264,0,0,0
1765868481.4379745,2025-12-16 07:01:21,train,0.471947,0,0.436504,0,0,0
1765868493.639548,2025-12-16 07:01:33,train,0.450779,0,0.42268,0,0,0
1765868505.8239386,2025-12-16 07:01:45,train,0.442264,0,0.411496,0,0,0
1765868518.0268047,2025-12-16 07:01:58,train,0.455098,0,0.406136,0,0,0
1765868530.2294786,2025-12-16 07:02:10,train,0.453744,0,0.410516,0,0,0
1765868542.4307601,2025-12-16 07:02:22,train,0.44597,0,0.408563,0,0,0
1765868554.6239712,2025-12-16 07:02:34,train,0.433135,0,0.40541,0,0,0
1765868566.8284771,2025-12-16 07:02:46,train,0.440948,0,0.397752,0,0,0
1765868579.0319796,2025-12-16 07:02:59,train,0.432361,0,0.394918,0,0,0
1765868591.2336729,2025-12-16 07:03:11,train,0.431075,0,0.382184,0,0,0
1765868603.41459,2025-12-16 07:03:23,train,0.428514,0,0.392104,0,0,0
1765868615.639914,2025-12-16 07:03:35,train,0.435724,0,0.391637,0,0,0
1765868627.9095855,2025-12-16 07:03:47,train,0.438328,0,0.39304,0,0,0
1765868640.1506484,2025-12-16 07:04:00,train,0.421423,0,0.382184,0,0,0
1765868652.3518307,2025-12-16 07:04:12,train,0.444113,0,0.402522,0,0,0
1765868664.5622115,2025-12-16 07:04:24,train,0.450511,0,0.402522,0,0,0
1765868676.75957,2025-12-16 07:04:36,train,0.440686,0,0.397752,0,0,0
1765868688.9641588,2025-12-16 07:04:48,train,0.441211,0,0.41643,0,0,0
1765868701.16118,2025-12-16 07:05:01,train,0.423942,0,0.388615,0,0,0
1765868713.3686488,2025-12-16 07:05:13,train,0.42546,0,0.390704,0,0,0
1765868725.5681872,2025-12-16 07:05:25,train,0.430818,0,0.400607,0,0,0
1765868737.767371,2025-12-16 07:05:37,train,0.438851,0,0.410761,0,0,0
1765868749.993278,2025-12-16 07:05:49,train,0.445704,0,0.407834,0,0,0
1765868762.1855912,2025-12-16 07:06:02,train,0.44597,0,0.404204,0,0,0
1765868774.3768182,2025-12-16 07:06:14,train,0.440948,0,0.402042,0,0,0
1765868786.5750568,2025-12-16 07:06:26,train,0.445704,0,0.395861,0,0,0
1765868798.7791078,2025-12-16 07:06:38,train,0.438851,0,0.395154,0,0,0
1765868810.98229,2025-12-16 07:06:50,train,0.432361,0,0.393743,0,0,0
1765868823.1407313,2025-12-16 07:07:03,train,0.442528,0,0.412232,0,0,0
1765868835.3112907,2025-12-16 07:07:15,train,0.439637,0,0.399177,0,0,0
1765868847.5341923,2025-12-16 07:07:27,train,0.439899,0,0.399653,0,1,0
1765868859.753796,2025-12-16 07:07:39,train,0.442528,0,0.40541,0,0,0
1765868871.9593804,2025-12-16 07:07:51,train,0.453474,0,0.411006,0,1,0
1765868884.183044,2025-12-16 07:08:04,train,0.460006,0,0.425714,0,0,0
1765868896.3332922,2025-12-16 07:08:16,train,0.464413,0,0.42673,0,0,0
1765868908.5169694,2025-12-16 07:08:28,train,0.452394,0,0.411496,0,0,0
1765868920.7207947,2025-12-16 07:08:40,train,0.456728,0,0.417175,0,1,0
1765868932.9307222,2025-12-16 07:08:52,train,0.474202,0,0.456456,0,0,0
1765868945.1475453,2025-12-16 07:09:05,train,0.465244,0,0.431846,0,0,0
1765868957.3262146,2025-12-16 07:09:17,train,0.454285,0,0.427239,0,0,0
1765868969.5278895,2025-12-16 07:09:29,train,0.459185,0,0.437024,0,0,0
1765868981.7120838,2025-12-16 07:09:41,train,0.470262,0,0.438851,0,0,0
1765868993.988784,2025-12-16 07:09:53,train,0.455913,0,0.416678,0,0,0
1765869006.2577658,2025-12-16 07:10:06,train,0.448101,0,0.417423,0,0,0
1765869018.47374,2025-12-16 07:10:18,train,0.44597,0,0.422428,0,0,0
1765869030.682643,2025-12-16 07:10:30,train,0.458638,0,0.43859,0,0,0
1765869042.8978148,2025-12-16 07:10:42,train,0.453204,0,0.430562,0,0,0
1765869055.0934958,2025-12-16 07:10:55,train,0.449974,0,0.437546,0,1,0
1765869067.2834055,2025-12-16 07:11:07,train,0.462756,0,0.451855,0,0,0
1765869079.4578974,2025-12-16 07:11:19,train,0.444643,0,0.421674,0,0,0
1765869091.6542559,2025-12-16 07:11:31,train,0.44917,0,0.418669,0,0,0
1765869103.8733258,2025-12-16 07:11:43,train,0.455369,0,0.432619,0,0,0
1765869116.093055,2025-12-16 07:11:56,train,0.444908,0,0.419418,0,0,0
1765869128.3097723,2025-12-16 07:12:08,train,0.458091,0,0.41297,0,0,0
1765869140.516657,2025-12-16 07:12:20,train,0.463308,0,0.421172,0,0,0
1765869152.7228398,2025-12-16 07:12:32,train,0.462205,0,0.436244,0,0,0
1765869164.9852917,2025-12-16 07:12:44,train,0.468304,0,0.438851,0,0,0
1765869177.1945968,2025-12-16 07:12:57,train,0.466911,0,0.433652,0,0,0
1765869189.4070277,2025-12-16 07:13:09,train,0.473073,0,0.451048,0,0,0
1765869201.633464,2025-12-16 07:13:21,train,0.475617,0,0.453474,0,0,0
1765869213.8625507,2025-12-16 07:13:33,train,0.452934,0,0.425714,0,0,0
1765869226.0698133,2025-12-16 07:13:46,train,0.452394,0,0.422932,0,0,0
1765869238.286596,2025-12-16 07:13:58,train,0.453204,0,0.433135,0,0,0
1765869250.4935162,2025-12-16 07:14:10,train,0.464967,0,0.439113,0,0,0
1765869262.6822126,2025-12-16 07:14:22,train,0.456456,0,0.434687,0,0,0
1765869274.8712494,2025-12-16 07:14:34,train,0.449706,0,0.435464,0,0,0
1765869287.0858934,2025-12-16 07:14:47,train,0.451048,0,0.423437,0,0,0
1765869299.3251417,2025-12-16 07:14:59,train,0.440423,0,0.420419,0,0,0
1765869311.5292315,2025-12-16 07:15:11,train,0.440161,0,0.408077,0,0,0
1765869323.7162313,2025-12-16 07:15:23,train,0.443056,0,0.414202,0,0,0
1765869335.883,2025-12-16 07:15:35,train,0.442792,0,0.409783,0,0,0
1765869348.1003118,2025-12-16 07:15:48,train,0.441474,0,0.420921,0,0,0
1765869360.3097887,2025-12-16 07:16:00,train,0.448368,0,0.423437,0,0,0
1765869372.5008323,2025-12-16 07:16:12,train,0.436764,0,0.403723,0,0,0
1765869384.698442,2025-12-16 07:16:24,train,0.437285,0,0.420419,0,0,0
1765869396.8944685,2025-12-16 07:16:36,train,0.432104,0,0.421423,0,0,0
1765869409.0992799,2025-12-16 07:16:49,train,0.434687,0,0.409783,0,0,0
1765869421.3017755,2025-12-16 07:17:01,train,0.434687,0,0.407834,0,0,0
1765869433.5357084,2025-12-16 07:17:13,test,0.435464,0,0.414943,0,0,0
1765869445.7128134,2025-12-16 07:17:25,test,0.44332,0,0.441474,0,0,0
1765869457.9145625,2025-12-16 07:17:37,test,0.429281,0,0.418669,0,0,0
1765869470.1036294,2025-12-16 07:17:50,test,0.435464,0,0.41817,0,0,0
1765869482.303904,2025-12-16 07:18:02,test,0.429281,0,0.431332,0,0,0
1765869494.5062954,2025-12-16 07:18:14,test,0.432104,0,0.414202,0,0,0
1765869506.6777172,2025-12-16 07:18:26,test,0.443584,0,0.430562,0,0,0
1765869518.8754153,2025-12-16 07:18:38,test,0.445438,0,0.431332,0,0,0
1765869531.0721507,2025-12-16 07:18:51,test,0.440948,0,0.422932,0,0,0
1765869543.2835243,2025-12-16 07:19:03,test,0.442792,0,0.433135,0,0,0
1765869555.484835,2025-12-16 07:19:15,test,0.441738,0,0.419418,0,0,0
1765869567.6952844,2025-12-16 07:19:27,test,0.452934,0,0.42673,0,0,0
1765869579.9022155,2025-12-16 07:19:39,test,0.439899,0,0.422177,0,0,0
1765869592.1042264,2025-12-16 07:19:52,test,0.470542,0,0.448101,0,0,0
1765869604.3694026,2025-12-16 07:20:04,test,0.454827,0,0.432104,0,0,0
1765869616.5644228,2025-12-16 07:20:16,test,0.457001,0,0.446236,0,0,0
1765869628.7623444,2025-12-16 07:20:28,test,0.456456,0,0.435205,0,0,0
1765869640.9932735,2025-12-16 07:20:40,test,0.455913,0,0.444643,0,0,0
1765869653.1985364,2025-12-16 07:20:53,test,0.457001,0,0.445704,0,1,0
1765869665.4041984,2025-12-16 07:21:05,test,0.452934,0,0.437285,0,1,0
1765869677.629762,2025-12-16 07:21:17,test,0.469702,0,0.448903,0,1,0
1765869689.8406873,2025-12-16 07:21:29,test,0.46028,0,0.448368,0,1,0
1765869702.0996213,2025-12-16 07:21:42,test,0.467189,0,0.452394,0,0,0
1765869714.3082612,2025-12-16 07:21:54,test,0.468304,0,0.448635,0,1,0
1765869726.4963448,2025-12-16 07:22:06,test,0.480174,0,0.455369,0,0,0
1765869738.7155423,2025-12-16 07:22:18,test,0.476184,0,0.455641,0,1,0
1765869750.909698,2025-12-16 07:22:30,test,0.468304,0,0.447301,0,0,0
1765869763.1170807,2025-12-16 07:22:43,test,0.474767,0,0.465244,0,1,0
1765869775.324971,2025-12-16 07:22:55,test,0.46469,0,0.441474,0,1,0
1765869787.5171463,2025-12-16 07:23:07,test,0.462205,0,0.439113,0,0,0
1765869799.7322345,2025-12-16 07:23:19,test,0.458091,0,0.428258,0,0,0
1765869811.9409852,2025-12-16 07:23:31,test,0.467189,0,0.444643,0,1,0
1765869824.1885235,2025-12-16 07:23:44,test,0.473073,0,0.450779,0,1,0
1765869836.394259,2025-12-16 07:23:56,test,0.465244,0,0.440686,0,1,0
1765869848.5753434,2025-12-16 07:24:08,test,0.474767,0,0.446236,0,0,0
1765869860.7524538,2025-12-16 07:24:20,test,0.474485,0,0.427748,0,1,0
1765869872.9535246,2025-12-16 07:24:32,test,0.469982,0,0.431589,0,1,0
1765869885.1501446,2025-12-16 07:24:45,test,0.463032,0,0.429536,0,0,0
1765869897.350101,2025-12-16 07:24:57,test,0.479031,0,0.440423,0,1,0
1765869909.5488214,2025-12-16 07:25:09,test,0.465522,0,0.446768,0,0,0
1765869921.7817187,2025-12-16 07:25:21,test,0.469702,0,0.447567,0,0,0
1765869933.9512997,2025-12-16 07:25:33,test,0.481894,0,0.453204,0,0,0
1765869946.1405647,2025-12-16 07:25:46,test,0.487091,0,0.453474,0,1,0
1765869958.404061,2025-12-16 07:25:58,test,0.484485,0,0.463032,0,1,0
1765869970.594736,2025-12-16 07:26:10,test,0.483044,0,0.468304,0,0,0
1765869982.8329568,2025-12-16 07:26:22,test,0.478175,0,0.458638,0,0,0
1765869995.0272489,2025-12-16 07:26:35,test,0.487962,0,0.443056,0,1,0
1765870007.2067845,2025-12-16 07:26:47,test,0.472509,0,0.442001,0,0,0
1765870019.408754,2025-12-16 07:26:59,test,0.477321,0,0.46386,0,0,0
1765870031.6137934,2025-12-16 07:27:11,test,0.472509,0,0.453474,0,1,0
1765870043.8066354,2025-12-16 07:27:23,test,0.472228,0,0.445438,0,0,0
1765870056.0371845,2025-12-16 07:27:36,test,0.473919,0,0.433652,0,1,0
1765870068.283062,2025-12-16 07:27:48,test,0.472509,0,0.436764,0,1,0
1765870080.4981923,2025-12-16 07:28:00,test,0.47789,0,0.434946,0,1,0
1765870092.6931021,2025-12-16 07:28:12,test,0.477036,0,0.439375,0,1,0
1765870104.8779058,2025-12-16 07:28:24,test,0.47505,0,0.434169,0,1,0
1765870117.0590677,2025-12-16 07:28:37,test,0.474485,0,0.428769,0,1,0
1765870129.2704809,2025-12-16 07:28:49,test,0.480174,0,0.442528,0,1,0
1765870141.4877694,2025-12-16 07:29:01,test,0.476752,0,0.437285,0,0,0
1765870153.6916976,2025-12-16 07:29:13,test,0.481894,0,0.441474,0,0,0
1765870165.8603787,2025-12-16 07:29:25,test,0.467747,0,0.434169,0,0,0
1765870178.0575392,2025-12-16 07:29:38,test,0.469142,0,0.432361,0,1,0
1765870190.2752762,2025-12-16 07:29:50,test,0.458911,0,0.427239,0,1,0
1765870202.4661164,2025-12-16 07:30:02,test,0.468863,0,0.422932,0,0,0
1765870214.697662,2025-12-16 07:30:14,test,0.46386,0,0.434169,0,1,0
1765870226.887936,2025-12-16 07:30:26,test,0.471104,0,0.434169,0,1,0
1765870239.065809,2025-12-16 07:30:39,test,0.461929,0,0.428258,0,0,0
1765870251.2468407,2025-12-16 07:30:51,test,0.466077,0,0.433393,0,1,0
1765870263.4372976,2025-12-16 07:31:03,test,0.473355,0,0.430305,0,1,0
1765870275.6905153,2025-12-16 07:31:15,test,0.467468,0,0.439899,0,1,0
1765870287.904045,2025-12-16 07:31:27,test,0.469142,0,0.440686,0,0,0
1765870300.0916471,2025-12-16 07:31:40,test,0.475901,0,0.439899,0,1,0
1765870312.2784898,2025-12-16 07:31:52,test,0.477036,0,0.433652,0,0,0
1765870324.4805937,2025-12-16 07:32:04,test,0.47789,0,0.435984,0,0,0
1765870336.6652877,2025-12-16 07:32:16,test,0.477321,0,0.43859,0,1,0
1765870348.845924,2025-12-16 07:32:28,test,0.479316,0,0.445438,0,0,0
1765870361.0574372,2025-12-16 07:32:41,test,0.487381,0,0.442264,0,1,0
1765870373.268032,2025-12-16 07:32:53,test,0.487091,0,0.442792,0,1,0
1765870385.458977,2025-12-16 07:33:05,test,0.492931,0,0.456456,0,1,0
1765870397.6477606,2025-12-16 07:33:17,test,0.474767,0,0.449706,0,0,0
1765870409.868303,2025-12-16 07:33:29,test,0.491465,0,0.454556,0,0,0
1765870422.0736167,2025-12-16 07:33:42,test,0.490879,0,0.459458,0,1,0
1765870434.3094978,2025-12-16 07:33:54,test,0.478745,0,0.456728,0,0,0
1765870446.5557673,2025-12-16 07:34:06,test,0.492344,0,0.463032,0,1,0
1765870458.794393,2025-12-16 07:34:18,test,0.490879,0,0.46469,0,1,0
1765870471.0012934,2025-12-16 07:34:31,test,0.496765,0,0.46248,0,0,0
1765870483.222127,2025-12-16 07:34:43,test,0.488544,0,0.46028,0,1,0
1765870495.4233692,2025-12-16 07:34:55,test,0.501823,0,0.48046,0,0,0
1765870507.635741,2025-12-16 07:35:07,test,0.497654,0,0.469702,0,1,0
1765870519.8119547,2025-12-16 07:35:19,test,0.494992,0,0.476184,0,0,0
1765870532.0210843,2025-12-16 07:35:32,test,0.492344,0,0.481033,0,0,0
1765870544.228173,2025-12-16 07:35:44,test,0.503321,0,0.487091,0,1,0
1765870556.4237108,2025-12-16 07:35:56,test,0.488836,0,0.470542,0,1,0
1765870568.6020536,2025-12-16 07:36:08,test,0.476752,0,0.471104,0,0,0
1765870580.7902577,2025-12-16 07:36:20,test,0.491172,0,0.468025,0,0,0
1765870592.9954329,2025-12-16 07:36:32,test,0.490002,0,0.469702,0,0,0
1765870605.2041326,2025-12-16 07:36:45,test,0.489419,0,0.471665,0,0,0
1765870617.4081984,2025-12-16 07:36:57,test,0.486801,0,0.463308,0,0,0
1765870629.5939565,2025-12-16 07:37:09,test,0.490294,0,0.471665,0,0,0
1765870641.7721303,2025-12-16 07:37:21,test,0.482756,0,0.450779,0,0,0
1765870653.9743543,2025-12-16 07:37:33,test,0.487091,0,0.457273,0,0,0
1765870666.2062125,2025-12-16 07:37:46,test,0.48362,0,0.452934,0,1,0
1765870678.4273689,2025-12-16 07:37:58,test,0.486801,0,0.450242,0,1,0
1765870690.6240032,2025-12-16 07:38:10,test,0.490587,0,0.458364,0,1,0
1765870702.8163633,2025-12-16 07:38:22,test,0.482756,0,0.451317,0,0,0
1765870715.0426273,2025-12-16 07:38:35,test,0.489127,0,0.461104,0,0,0
1765870727.2354002,2025-12-16 07:38:47,test,0.488253,0,0.468584,0,0,0
1765870739.4381812,2025-12-16 07:38:59,test,0.496469,0,0.487672,0,0,0
1765870751.6314254,2025-12-16 07:39:11,test,0.493225,0,0.487962,0,0,0
1765870763.82473,2025-12-16 07:39:23,test,0.506028,0,0.490002,0,0,0
1765870775.9836917,2025-12-16 07:39:35,test,0.506028,0,0.500927,0,0,0
1765870788.193311,2025-12-16 07:39:48,test,0.487672,0,0.473637,0,1,0
1765870800.431589,2025-12-16 07:40:00,test,0.498842,0,0.466911,0,1,0
1765870812.6398926,2025-12-16 07:40:12,test,0.492051,0,0.472228,0,0,0
1765870824.8620946,2025-12-16 07:40:24,test,0.496469,0,0.463032,0,1,0
1765870837.0585072,2025-12-16 07:40:37,test,0.500032,0,0.469982,0,1,0
1765870849.266614,2025-12-16 07:40:49,test,0.499734,0,0.468304,0,0,0
1765870861.4733179,2025-12-16 07:41:01,test,0.485931,0,0.462205,0,0,0
1765870873.676293,2025-12-16 07:41:13,test,0.480746,0,0.452934,0,1,0
1765870885.8555024,2025-12-16 07:41:25,test,0.475334,0,0.454015,0,0,0
1765870898.07016,2025-12-16 07:41:38,test,0.474202,0,0.452934,0,0,0
1765870910.2721465,2025-12-16 07:41:50,test,0.483908,0,0.44597,0,0,0
1765870922.480753,2025-12-16 07:42:02,test,0.469982,0,0.441211,0,1,0
1765870934.6629155,2025-12-16 07:42:14,test,0.470542,0,0.431332,0,1,0
1765870946.885718,2025-12-16 07:42:26,test,0.476752,0,0.434428,0,0,0
1765870959.0965436,2025-12-16 07:42:39,test,0.47846,0,0.442528,0,1,0
1765870971.3247228,2025-12-16 07:42:51,test,0.464137,0,0.429792,0,0,0
1765870983.528253,2025-12-16 07:43:03,test,0.473355,0,0.434687,0,1,0
1765870995.7264953,2025-12-16 07:43:15,test,0.463032,0,0.437285,0,0,0
1765871007.93537,2025-12-16 07:43:27,test,0.479316,0,0.444113,0,1,0
1765871020.14832,2025-12-16 07:43:40,test,0.478175,0,0.446236,0,0,0
1765871032.355648,2025-12-16 07:43:52,test,0.474202,0,0.441738,0,0,0
1765871044.5568683,2025-12-16 07:44:04,test,0.476184,0,0.441738,0,0,0
1765871056.7520654,2025-12-16 07:44:16,test,0.479316,0,0.438851,0,1,0
1765871068.9346616,2025-12-16 07:44:28,test,0.483044,0,0.451586,0,0,0
1765871081.1407006,2025-12-16 07:44:41,test,0.472791,0,0.454285,0,1,0
1765871093.34305,2025-12-16 07:44:53,test,0.482181,0,0.44917,0,1,0
1765871105.5346816,2025-12-16 07:45:05,test,0.479316,0,0.452934,0,0,0
1765871117.726181,2025-12-16 07:45:17,test,0.482756,0,0.456728,0,1,0
1765871129.924529,2025-12-16 07:45:29,test,0.491172,0,0.459458,0,0,0
1765871142.1358047,2025-12-16 07:45:42,test,0.485352,0,0.451586,0,0,0
1765871154.338606,2025-12-16 07:45:54,test,0.492344,0,0.458911,0,1,0
1765871166.527856,2025-12-16 07:46:06,test,0.487381,0,0.454285,0,0,0
1765871178.7195225,2025-12-16 07:46:18,test,0.495287,0,0.466355,0,0,0
1765871190.9594383,2025-12-16 07:46:30,test,0.485642,0,0.458091,0,1,0
1765871203.1631806,2025-12-16 07:46:43,test,0.489419,0,0.462756,0,0,0
1765871215.3940537,2025-12-16 07:46:55,test,0.483044,0,0.472509,0,0,0
1765871227.592083,2025-12-16 07:47:07,test,0.490002,0,0.473919,0,1,0
1765871239.8143163,2025-12-16 07:47:19,test,0.491172,0,0.47505,0,0,0
1765871252.0168028,2025-12-16 07:47:32,test,0.497357,0,0.484485,0,1,0
1765871264.227983,2025-12-16 07:47:44,test,0.487381,0,0.472228,0,0,0
1765871276.421053,2025-12-16 07:47:56,test,0.505425,0,0.485642,0,0,0
1765871288.6117013,2025-12-16 07:48:08,test,0.494108,0,0.494992,0,1,0
1765871300.785455,2025-12-16 07:48:20,test,0.49795,0,0.482468,0,0,0
1765871313.0136724,2025-12-16 07:48:33,test,0.503621,0,0.483908,0,0,0
1765871325.2184892,2025-12-16 07:48:45,test,0.498544,0,0.48971,0,0,0
1765871337.4099455,2025-12-16 07:48:57,test,0.504823,0,0.487091,0,1,0
1765871349.606194,2025-12-16 07:49:09,test,0.498842,0,0.499734,0,1,0
1765871361.7991617,2025-12-16 07:49:21,test,0.504221,0,0.489127,0,0,0
1765871374.012658,2025-12-16 07:49:34,test,0.490002,0,0.47789,0,0,0
1765871386.2300167,2025-12-16 07:49:46,test,0.500927,0,0.473355,0,1,0
1765871398.4244983,2025-12-16 07:49:58,test,0.506631,0,0.473073,0,0,0
1765871410.61517,2025-12-16 07:50:10,test,0.498544,0,0.486801,0,0,0
1765871422.794317,2025-12-16 07:50:22,test,0.494402,0,0.478175,0,0,0
1765871435.0566947,2025-12-16 07:50:35,test,0.498544,0,0.467189,0,0,0
1765871447.288252,2025-12-16 07:50:47,test,0.494108,0,0.465244,0,0,0
1765871459.492241,2025-12-16 07:50:59,test,0.501823,0,0.471947,0,1,0
1765871471.6902428,2025-12-16 07:51:11,test,0.494402,0,0.476468,0,1,0
1765871483.8737583,2025-12-16 07:51:23,test,0.502721,0,0.467747,0,0,0
1765871496.066131,2025-12-16 07:51:36,test,0.506028,0,0.471384,0,1,0
1765871508.2709675,2025-12-16 07:51:48,test,0.501225,0,0.483908,0,0,0
1765871520.4638255,2025-12-16 07:52:00,test,0.501524,0,0.484485,0,1,0
1765871532.6614738,2025-12-16 07:52:12,test,0.506933,0,0.490587,0,1,0
1765871544.8848042,2025-12-16 07:52:24,test,0.50784,0,0.498544,0,1,0
1765871557.0948434,2025-12-16 07:52:37,test,0.504221,0,0.494697,0,1,0
1765871569.3018084,2025-12-16 07:52:49,test,0.502721,0,0.474202,0,1,0
1765871581.5070841,2025-12-16 07:53:01,test,0.508446,0,0.476752,0,1,0
1765871593.7240713,2025-12-16 07:53:13,test,0.496173,0,0.47505,0,1,0
1765871605.9302027,2025-12-16 07:53:25,test,0.509356,0,0.476468,0,0,0
1765871618.1405401,2025-12-16 07:53:38,test,0.50784,0,0.472228,0,1,0
1765871630.3470538,2025-12-16 07:53:50,test,0.501823,0,0.469982,0,0,0
1765871642.5801651,2025-12-16 07:54:02,test,0.496469,0,0.461104,0,0,0
1765871654.831427,2025-12-16 07:54:14,test,0.491172,0,0.458364,0,1,0
1765871667.0225482,2025-12-16 07:54:27,test,0.485063,0,0.453204,0,1,0
1765871679.229857,2025-12-16 07:54:39,test,0.481607,0,0.455369,0,0,0
1765871691.4409213,2025-12-16 07:54:51,test,0.487091,0,0.457546,0,0,0
1765871703.6327388,2025-12-16 07:55:03,test,0.477036,0,0.448368,0,0,0
1765871715.8160715,2025-12-16 07:55:15,test,0.47789,0,0.451048,0,1,0
1765871727.9855971,2025-12-16 07:55:27,test,0.473637,0,0.451317,0,1,0
1765871740.2250113,2025-12-16 07:55:40,test,0.468025,0,0.441474,0,0,0
1765871752.4845836,2025-12-16 07:55:52,test,0.485063,0,0.445704,0,0,0
1765871764.6950574,2025-12-16 07:56:04,test,0.46248,0,0.441211,0,1,0
1765871776.889427,2025-12-16 07:56:16,test,0.475617,0,0.439899,0,1,0
1765871789.0749156,2025-12-16 07:56:29,test,0.479316,0,0.448368,0,1,0
1765871801.2966797,2025-12-16 07:56:41,test,0.480746,0,0.450511,0,1,0
1765871813.4896624,2025-12-16 07:56:53,test,0.466911,0,0.449438,0,1,0
1765871825.6881356,2025-12-16 07:57:05,test,0.467747,0,0.446768,0,1,0
1765871837.8634775,2025-12-16 07:57:17,test,0.468025,0,0.450779,0,1,0
1765871850.0690317,2025-12-16 07:57:30,test,0.473919,0,0.448101,0,1,0
1765871862.2708888,2025-12-16 07:57:42,test,0.467747,0,0.437806,0,1,0
1765871874.4931777,2025-12-16 07:57:54,test,0.460555,0,0.454556,0,1,0
1765871886.6550124,2025-12-16 07:58:06,test,0.466355,0,0.447834,0,1,0
1765871898.8532763,2025-12-16 07:58:18,test,0.462205,0,0.446236,0,1,0
1765871911.0649803,2025-12-16 07:58:31,test,0.466077,0,0.447834,0,1,0
1765871923.2795403,2025-12-16 07:58:43,test,0.461379,0,0.449974,0,1,0
1765871935.4771802,2025-12-16 07:58:55,test,0.454015,0,0.451048,0,1,0
1765871947.69733,2025-12-16 07:59:07,test,0.467189,0,0.443849,0,1,0
1765871959.8551028,2025-12-16 07:59:19,test,0.467747,0,0.439899,0,1,0
1765871972.0592735,2025-12-16 07:59:32,test,0.484197,0,0.443056,0,1,0
1765871984.2655728,2025-12-16 07:59:44,test,0.479602,0,0.443584,0,0,0
1765871996.4955747,2025-12-16 07:59:56,test,0.469702,0,0.435724,0,0,0
1765872008.6659575,2025-12-16 08:00:08,test,0.479888,0,0.451048,0,0,0
1765872020.8547628,2025-12-16 08:00:20,test,0.490879,0,0.453744,0,1,0
1765872033.0332756,2025-12-16 08:00:33,test,0.48971,0,0.464967,0,0,0
1765872045.2668538,2025-12-16 08:00:45,test,0.481607,0,0.456184,0,0,0
1765872057.4734595,2025-12-16 08:00:57,test,0.485063,0,0.451048,0,0,0
1765872069.6690607,2025-12-16 08:01:09,test,0.475334,0,0.451586,0,0,0
1765872081.8494897,2025-12-16 08:01:21,test,0.475617,0,0.455913,0,0,0
1765872094.0396774,2025-12-16 08:01:34,test,0.48132,0,0.463308,0,1,0
1765872106.2064476,2025-12-16 08:01:46,test,0.485642,0,0.478175,0,1,0
1765872118.3836422,2025-12-16 08:01:58,test,0.48132,0,0.461104,0,0,0
1765872130.5478826,2025-12-16 08:02:10,test,0.458364,0,0.44917,0,0,0
1765872142.742469,2025-12-16 08:02:22,test,0.469422,0,0.456456,0,0,0
1765872154.9416716,2025-12-16 08:02:34,test,0.482181,0,0.468584,0,0,0
1765872167.1498375,2025-12-16 08:02:47,test,0.464413,0,0.466633,0,0,0
1765872179.3499417,2025-12-16 08:02:59,test,0.465522,0,0.461379,0,0,0
1765872191.5587032,2025-12-16 08:03:11,test,0.46028,0,0.457273,0,0,0
1765872203.7933176,2025-12-16 08:03:23,test,0.466911,0,0.462756,0,0,0
1765872216.0232913,2025-12-16 08:03:36,test,0.46469,0,0.448635,0,1,0
1765872228.2045078,2025-12-16 08:03:48,test,0.477321,0,0.458638,0,0,0
1765872240.4090147,2025-12-16 08:04:00,test,0.466911,0,0.451048,0,1,0
1765872252.6253724,2025-12-16 08:04:12,test,0.475901,0,0.455641,0,0,0
1765872264.8051455,2025-12-16 08:04:24,test,0.472509,0,0.450779,0,1,0
1765872277.0230272,2025-12-16 08:04:37,test,0.476184,0,0.455641,0,0,0
1765872289.2237196,2025-12-16 08:04:49,test,0.490587,0,0.473637,0,0,0
1765872301.4341986,2025-12-16 08:05:01,test,0.491172,0,0.472791,0,0,0
1765872313.639904,2025-12-16 08:05:13,test,0.482756,0,0.468863,0,0,0
1765872325.848654,2025-12-16 08:05:25,test,0.497654,0,0.499139,0,1,0
1765872338.0479784,2025-12-16 08:05:38,test,0.506933,0,0.494992,0,1,0
1765872350.2749043,2025-12-16 08:05:50,test,0.480746,0,0.465522,0,1,0
1765872362.4782965,2025-12-16 08:06:02,test,0.469982,0,0.461379,0,1,0
1765872374.685442,2025-12-16 08:06:14,test,0.48132,0,0.473355,0,0,0
1765872386.8865464,2025-12-16 08:06:26,test,0.491758,0,0.468304,0,1,0
1765872399.054645,2025-12-16 08:06:39,test,0.483332,0,0.476184,0,0,0
1765872411.2552154,2025-12-16 08:06:51,test,0.48046,0,0.468584,0,0,0
1765872423.4553373,2025-12-16 08:07:03,test,0.461929,0,0.459458,0,0,0
1765872435.6491625,2025-12-16 08:07:15,test,0.471104,0,0.451048,0,0,0
1765872447.9016168,2025-12-16 08:07:27,test,0.471665,0,0.452125,0,0,0
1765872460.1295629,2025-12-16 08:07:40,test,0.470262,0,0.471384,0,0,0
1765872472.3570473,2025-12-16 08:07:52,test,0.471665,0,0.461654,0,1,0
1765872484.5895214,2025-12-16 08:08:04,test,0.460555,0,0.452934,0,0,0
1765872496.78495,2025-12-16 08:08:16,test,0.451317,0,0.441211,0,0,0
1765872508.982442,2025-12-16 08:08:28,test,0.445438,0,0.439113,0,0,0
1765872521.2065454,2025-12-16 08:08:41,test,0.466077,0,0.452394,0,1,0
1765872533.3958013,2025-12-16 08:08:53,test,0.460555,0,0.448635,0,1,0
1765872545.5910003,2025-12-16 08:09:05,test,0.458911,0,0.448368,0,0,0
1765872557.7910242,2025-12-16 08:09:17,test,0.465244,0,0.436764,0,0,0
1765872570.0142486,2025-12-16 08:09:30,test,0.457273,0,0.437285,0,0,0
1765872582.2119749,2025-12-16 08:09:42,test,0.453474,0,0.442264,0,0,0
1765872594.438638,2025-12-16 08:09:54,test,0.458364,0,0.44597,0,0,0
1765872606.6160617,2025-12-16 08:10:06,test,0.463584,0,0.453474,0,0,0
1765872618.820935,2025-12-16 08:10:18,test,0.474202,0,0.456184,0,0,0
1765872631.0441723,2025-12-16 08:10:31,test,0.477036,0,0.453204,0,0,0
1765872643.2519844,2025-12-16 08:10:43,test,0.477605,0,0.455913,0,0,0
1765872655.5145147,2025-12-16 08:10:55,test,0.486221,0,0.465244,0,1,0
1765872667.7176628,2025-12-16 08:11:07,test,0.473073,0,0.445704,0,1,0
1765872679.9162219,2025-12-16 08:11:19,test,0.477321,0,0.44917,0,1,0
1765872692.1235683,2025-12-16 08:11:32,test,0.487091,0,0.464967,0,0,0
1765872704.3337376,2025-12-16 08:11:44,test,0.489127,0,0.459458,0,0,0
1765872716.582175,2025-12-16 08:11:56,test,0.490294,0,0.461104,0,0,0
1765872728.7783818,2025-12-16 08:12:08,test,0.48971,0,0.46248,0,1,0
1765872740.9670453,2025-12-16 08:12:20,test,0.48971,0,0.463584,0,1,0
1765872753.1863532,2025-12-16 08:12:33,test,0.489127,0,0.466077,0,0,0
1765872765.4044747,2025-12-16 08:12:45,test,0.47846,0,0.456728,0,1,0
1765872777.5851533,2025-12-16 08:12:57,test,0.490002,0,0.47789,0,1,0
1765872789.7929878,2025-12-16 08:13:09,test,0.481033,0,0.458911,0,0,0
1765872801.9583895,2025-12-16 08:13:21,test,0.480746,0,0.470262,0,1,0
1765872814.1642685,2025-12-16 08:13:34,test,0.479031,0,0.474485,0,0,0
1765872826.3523657,2025-12-16 08:13:46,test,0.494108,0,0.473073,0,0,0
1765872838.5548654,2025-12-16 08:13:58,test,0.501524,0,0.478745,0,0,0
1765872850.7555141,2025-12-16 08:14:10,test,0.487962,0,0.483044,0,0,0
1765872862.9161522,2025-12-16 08:14:22,test,0.495287,0,0.471947,0,1,0
1765872875.1389089,2025-12-16 08:14:35,test,0.490002,0,0.473355,0,1,0
1765872887.3310852,2025-12-16 08:14:47,test,0.49795,0,0.472228,0,1,0
1765872899.49598,2025-12-16 08:14:59,test,0.504522,0,0.481894,0,1,0
1765872911.6889112,2025-12-16 08:15:11,test,0.502422,0,0.479888,0,1,0
1765872923.8846834,2025-12-16 08:15:23,test,0.488253,0,0.478745,0,1,0
1765872936.1037135,2025-12-16 08:15:36,test,0.48362,0,0.467189,0,1,0
1765872948.3365777,2025-12-16 08:15:48,test,0.487091,0,0.477605,0,1,0
1765872960.5567782,2025-12-16 08:16:00,test,0.508446,0,0.484774,0,1,0
1765872972.761014,2025-12-16 08:16:12,test,0.496469,0,0.474767,0,1,0
1765872984.959086,2025-12-16 08:16:24,test,0.491172,0,0.463584,0,0,0
1765872997.180776,2025-12-16 08:16:37,test,0.48971,0,0.461379,0,0,0
1765873009.409204,2025-12-16 08:16:49,test,0.490002,0,0.46248,0,0,0
1765873021.5981796,2025-12-16 08:17:01,test,0.492344,0,0.463308,0,1,0
1765873033.8466609,2025-12-16 08:17:13,test,0.499734,0,0.466911,0,0,0
1765873046.0510728,2025-12-16 08:17:26,test,0.491758,0,0.456728,0,1,0
1765873058.2616577,2025-12-16 08:17:38,test,0.495287,0,0.458091,0,0,0
1765873070.4509656,2025-12-16 08:17:50,test,0.490002,0,0.459458,0,0,0
1765873082.6627798,2025-12-16 08:18:02,test,0.498247,0,0.470262,0,0,0
1765873094.866142,2025-12-16 08:18:14,test,0.50784,0,0.473919,0,0,0
1765873107.0541153,2025-12-16 08:18:27,test,0.505124,0,0.487381,0,0,0
1765873119.2623177,2025-12-16 08:18:39,test,0.499139,0,0.496765,0,1,0
1765873131.4741564,2025-12-16 08:18:51,test,0.498544,0,0.496469,0,0,0
1765873143.6865342,2025-12-16 08:19:03,test,0.498247,0,0.471947,0,0,0
1765873155.904106,2025-12-16 08:19:15,test,0.492051,0,0.481894,0,1,0
1765873168.1398265,2025-12-16 08:19:28,test,0.473073,0,0.477321,0,1,0
1765873180.351864,2025-12-16 08:19:40,test,0.488836,0,0.479888,0,0,0
1765873192.5692344,2025-12-16 08:19:52,test,0.482756,0,0.474767,0,1,0
1765873204.7859483,2025-12-16 08:20:04,test,0.485642,0,0.469142,0,1,0
1765873217.0020366,2025-12-16 08:20:17,test,0.470823,0,0.47505,0,1,0
1765873229.2096665,2025-12-16 08:20:29,test,0.47789,0,0.469142,0,0,0
1765873241.4101882,2025-12-16 08:20:41,test,0.482181,0,0.471665,0,0,0
1765873253.6105373,2025-12-16 08:20:53,test,0.475901,0,0.46469,0,1,0
1765873265.8716173,2025-12-16 08:21:05,test,0.48132,0,0.458638,0,1,0
1765873278.1071162,2025-12-16 08:21:18,test,0.475901,0,0.458638,0,1,0
1765873290.3190506,2025-12-16 08:21:30,test,0.477605,0,0.466911,0,0,0
1765873302.5114381,2025-12-16 08:21:42,test,0.466911,0,0.458911,0,0,0
1765873314.7127273,2025-12-16 08:21:54,test,0.464967,0,0.471384,0,0,0
1765873326.951151,2025-12-16 08:22:06,test,0.474767,0,0.471947,0,1,0
1765873339.1268203,2025-12-16 08:22:19,test,0.477321,0,0.462756,0,0,0
1765873351.3255925,2025-12-16 08:22:31,test,0.479031,0,0.459458,0,0,0
1765873363.5079472,2025-12-16 08:22:43,test,0.490002,0,0.471104,0,1,0
1765873375.6811712,2025-12-16 08:22:55,test,0.494402,0,0.471384,0,1,0
1765873387.8778157,2025-12-16 08:23:07,test,0.488253,0,0.466355,0,0,0
1765873400.0580218,2025-12-16 08:23:20,test,0.497357,0,0.48362,0,0,0
1765873412.2535558,2025-12-16 08:23:32,test,0.487962,0,0.464137,0,1,0
1765873424.4494126,2025-12-16 08:23:44,test,0.492931,0,0.471384,0,0,0
1765873436.6444864,2025-12-16 08:23:56,test,0.504823,0,0.473355,0,0,0
1765873448.8339334,2025-12-16 08:24:08,test,0.509052,0,0.473919,0,0,0
1765873461.0186665,2025-12-16 08:24:21,test,0.508749,0,0.483044,0,0,0
1765873473.2238863,2025-12-16 08:24:33,test,0.503021,0,0.479031,0,0,0
1765873485.4145637,2025-12-16 08:24:45,test,0.500927,0,0.475617,0,1,0
1765873497.6048577,2025-12-16 08:24:57,test,0.495582,0,0.48132,0,0,0
1765873509.8129086,2025-12-16 08:25:09,test,0.490294,0,0.466911,0,0,0
1765873522.0170653,2025-12-16 08:25:22,test,0.498842,0,0.487672,0,0,0
1765873534.2237744,2025-12-16 08:25:34,test,0.487381,0,0.492344,0,0,0
1765873546.4353652,2025-12-16 08:25:46,test,0.496765,0,0.482468,0,1,0
1765873558.6261334,2025-12-16 08:25:58,test,0.503921,0,0.484774,0,1,0
1765873570.8302145,2025-12-16 08:26:10,test,0.506028,0,0.480174,0,0,0
1765873583.006635,2025-12-16 08:26:23,test,0.502122,0,0.47505,0,0,0
1765873595.2158492,2025-12-16 08:26:35,test,0.509659,0,0.487672,0,0,0
1765873607.4131918,2025-12-16 08:26:47,test,0.513317,0,0.485931,0,1,0
1765873619.6165688,2025-12-16 08:26:59,test,0.508749,0,0.485931,0,0,0
1765873631.8202198,2025-12-16 08:27:11,test,0.517618,1,0.487962,0,0,0
1765873644.049637,2025-12-16 08:27:24,test,0.509052,0,0.484485,0,1,0
1765873656.265724,2025-12-16 08:27:36,test,0.508143,0,0.48362,0,0,0
1765873668.4838622,2025-12-16 08:27:48,test,0.522577,1,0.489419,0,1,0
1765873680.6901853,2025-12-16 08:28:00,test,0.515463,0,0.496469,0,0,0
1765873692.9010663,2025-12-16 08:28:12,test,0.500032,0,0.487672,0,1,0
1765873705.0823781,2025-12-16 08:28:25,test,0.500032,0,0.466633,0,0,0
1765873717.2899132,2025-12-16 08:28:37,test,0.499734,0,0.477605,0,0,0
1765873729.4691277,2025-12-16 08:28:49,test,0.496469,0,0.469982,0,1,0
1765873741.6729884,2025-12-16 08:29:01,test,0.50784,0,0.468584,0,1,0
1765873753.8736475,2025-12-16 08:29:13,test,0.501823,0,0.461929,0,0,0
1765873766.0369911,2025-12-16 08:29:26,test,0.499734,0,0.460829,0,0,0
1765873778.2378938,2025-12-16 08:29:38,test,0.481894,0,0.468304,0,0,0
1765873790.426232,2025-12-16 08:29:50,test,0.486801,0,0.476468,0,0,0
1765873802.6045575,2025-12-16 08:30:02,test,0.492931,0,0.480174,0,0,0
1765873814.7867475,2025-12-16 08:30:14,test,0.494697,0,0.495287,0,0,0
1765873826.9790444,2025-12-16 08:30:26,test,0.498842,0,0.493813,0,0,0
1765873839.147772,2025-12-16 08:30:39,test,0.508143,0,0.496765,0,1,0
1765873851.3308342,2025-12-16 08:30:51,test,0.508446,0,0.497357,0,0,0
1765873863.5160456,2025-12-16 08:31:03,test,0.515463,0,0.509052,0,0,0
1765873875.7578375,2025-12-16 08:31:15,test,0.520401,1,0.495878,0,0,0
1765873887.9821725,2025-12-16 08:31:27,test,0.509356,0,0.48362,0,0,0
1765873900.156496,2025-12-16 08:31:40,test,0.508143,0,0.484197,0,0,0
1765873912.332368,2025-12-16 08:31:52,test,0.499734,0,0.494402,0,0,0
1765873924.496719,2025-12-16 08:32:04,test,0.496765,0,0.490294,0,1,0
1765873936.725068,2025-12-16 08:32:16,test,0.499734,0,0.481033,0,0,0
1765873948.9243543,2025-12-16 08:32:28,test,0.480746,0,0.47846,0,1,0
1765873961.138463,2025-12-16 08:32:41,test,0.476468,0,0.477321,0,0,0
1765873973.3532095,2025-12-16 08:32:53,test,0.488836,0,0.476752,0,1,0
1765873985.5417223,2025-12-16 08:33:05,test,0.49795,0,0.48362,0,1,0
1765873997.7566025,2025-12-16 08:33:17,test,0.48971,0,0.474485,0,1,0
1765874009.9788814,2025-12-16 08:33:29,test,0.481033,0,0.461929,0,0,0
1765874022.1892722,2025-12-16 08:33:42,test,0.488544,0,0.475901,0,1,0
1765874034.393879,2025-12-16 08:33:54,test,0.488836,0,0.472509,0,0,0
1765874046.5942013,2025-12-16 08:34:06,test,0.495878,0,0.475334,0,0,0
1765874058.8016322,2025-12-16 08:34:18,test,0.498842,0,0.476752,0,0,0
1765874071.0148256,2025-12-16 08:34:31,test,0.494992,0,0.471384,0,1,0
1765874083.2206988,2025-12-16 08:34:43,test,0.490587,0,0.473355,0,0,0
1765874095.4264202,2025-12-16 08:34:55,test,0.487381,0,0.466077,0,0,0
1765874107.6279411,2025-12-16 08:35:07,test,0.494402,0,0.477036,0,1,0
1765874119.8446605,2025-12-16 08:35:19,test,0.499139,0,0.471665,0,0,0
1765874132.0527906,2025-12-16 08:35:32,test,0.50033,0,0.46386,0,1,0
1765874144.2621372,2025-12-16 08:35:44,test,0.493519,0,0.469142,0,1,0
1765874156.4637077,2025-12-16 08:35:56,test,0.516385,1,0.482756,0,1,0
1765874168.6381536,2025-12-16 08:36:08,test,0.507235,0,0.482756,0,1,0
1765874180.8257117,2025-12-16 08:36:20,test,0.501524,0,0.479031,0,0,0
1765874193.0307875,2025-12-16 08:36:33,test,0.498247,0,0.482468,0,1,0
1765874205.2397237,2025-12-16 08:36:45,test,0.510267,0,0.486801,0,0,0
1765874217.429785,2025-12-16 08:36:57,test,0.507235,0,0.482756,0,0,0
1765874229.6098723,2025-12-16 08:37:09,test,0.509052,0,0.496469,0,1,0
1765874241.8267846,2025-12-16 08:37:21,test,0.51179,0,0.491465,0,0,0
1765874254.051622,2025-12-16 08:37:34,test,0.513317,0,0.496765,0,1,0
1765874266.2717726,2025-12-16 08:37:46,test,0.515156,0,0.496469,0,0,0
1765874278.4720783,2025-12-16 08:37:58,test,0.523512,1,0.499139,0,1,0
1765874290.6690893,2025-12-16 08:38:10,test,0.525074,1,0.510571,0,0,0
1765874302.8206956,2025-12-16 08:38:22,test,0.520712,1,0.503021,0,1,0
1765874315.0212162,2025-12-16 08:38:35,test,0.522577,1,0.506631,0,1,0
1765874327.2083533,2025-12-16 08:38:47,test,0.519472,1,0.496469,0,0,0
1765874339.4347458,2025-12-16 08:38:59,test,0.507235,0,0.484485,0,0,0
1765874351.613774,2025-12-16 08:39:11,test,0.530105,1,0.490002,0,1,0
1765874363.804786,2025-12-16 08:39:23,test,0.519162,1,0.495287,0,0,0
1765874376.0093138,2025-12-16 08:39:36,test,0.527584,1,0.501823,0,0,0
1765874388.2167857,2025-12-16 08:39:48,test,0.522266,1,0.506329,0,0,0
1765874400.4159992,2025-12-16 08:40:00,test,0.522888,1,0.497061,0,0,0
1765874412.6457248,2025-12-16 08:40:12,test,0.514542,0,0.485642,0,1,0
1765874424.827457,2025-12-16 08:40:24,test,0.520091,1,0.493225,0,1,0
1765874437.03456,2025-12-16 08:40:37,test,0.520712,1,0.491172,0,0,0
1765874449.2254465,2025-12-16 08:40:49,test,0.521022,1,0.490294,0,1,0
1765874461.4264505,2025-12-16 08:41:01,test,0.524136,1,0.488253,0,0,0
1765874473.6221187,2025-12-16 08:41:13,test,0.524449,1,0.48971,0,1,0
1765874485.8463032,2025-12-16 08:41:25,test,0.527898,1,0.498247,0,0,0
1765874498.0535288,2025-12-16 08:41:38,test,0.529158,1,0.508749,0,0,0
1765874510.230626,2025-12-16 08:41:50,test,0.53137,1,0.51179,0,1,0
1765874522.4361906,2025-12-16 08:42:02,test,0.525074,1,0.506631,0,0,0
1765874534.643607,2025-12-16 08:42:14,test,0.529473,1,0.50033,0,0,0
1765874546.829202,2025-12-16 08:42:26,test,0.526014,1,0.50784,0,0,0
1765874559.030911,2025-12-16 08:42:39,test,0.530737,1,0.522888,0,0,0
1765874571.2345462,2025-12-16 08:42:51,test,0.534228,1,0.526955,0,0,0
1765874583.4455004,2025-12-16 08:43:03,test,0.528213,1,0.504522,0,1,0
1765874595.6554353,2025-12-16 08:43:15,test,0.537421,1,0.511485,0,1,0
1765874607.84291,2025-12-16 08:43:27,test,0.532638,1,0.516385,0,0,0
1765874620.0273287,2025-12-16 08:43:40,test,0.535822,1,0.5124,0,0,0
1765874632.249842,2025-12-16 08:43:52,test,0.538703,1,0.508749,0,1,0
1765874644.4562516,2025-12-16 08:44:04,test,0.540633,1,0.514236,0,1,0
1765874656.665712,2025-12-16 08:44:16,test,0.53137,1,0.519162,0,1,0
1765874668.854591,2025-12-16 08:44:28,test,0.532004,1,0.519782,0,0,0
1765874681.0436747,2025-12-16 08:44:41,test,0.536141,1,0.517926,0,1,0
1765874693.2441487,2025-12-16 08:44:53,test,0.521333,1,0.496469,0,1,0
1765874705.4486022,2025-12-16 08:45:05,test,0.524449,1,0.497654,0,1,0
1765874717.643907,2025-12-16 08:45:17,test,0.532956,1,0.496469,0,1,0
1765874729.804982,2025-12-16 08:45:29,test,0.536781,1,0.506933,0,1,0
1765874742.0065742,2025-12-16 08:45:42,test,0.536141,1,0.505124,0,1,0
1765874754.2277224,2025-12-16 08:45:54,test,0.532956,1,0.504522,0,1,0
1765874766.424678,2025-12-16 08:46:06,test,0.532956,1,0.508749,0,1,0
1765874778.595616,2025-12-16 08:46:18,test,0.532321,1,0.502122,0,1,0
1765874790.8189561,2025-12-16 08:46:30,test,0.534228,1,0.506933,0,1,0
1765874803.0125322,2025-12-16 08:46:43,test,0.538383,1,0.519782,0,1,0
1765874815.269494,2025-12-16 08:46:55,test,0.527898,1,0.51179,0,1,0
1765874827.4694118,2025-12-16 08:47:07,test,0.537101,1,0.509052,0,1,0
1765874839.649645,2025-12-16 08:47:19,test,0.537421,1,0.51577,0,1,0
1765874851.8601813,2025-12-16 08:47:31,test,0.530737,1,0.518235,0,1,0
1765874864.04321,2025-12-16 08:47:44,test,0.537421,1,0.507235,0,1,0
1765874876.2420206,2025-12-16 08:47:56,test,0.537101,1,0.515156,0,1,0
1765874888.469371,2025-12-16 08:48:08,test,0.537741,1,0.5232,0,1,0
1765874900.669926,2025-12-16 08:48:20,test,0.535503,1,0.513011,0,1,0
1765874912.9107301,2025-12-16 08:48:32,test,0.542246,1,0.526014,0,1,0
1765874925.1576743,2025-12-16 08:48:45,test,0.545813,1,0.521022,0,1,0
1765874937.3696167,2025-12-16 08:48:57,test,0.546789,1,0.535822,0,0,0
1765874949.5700977,2025-12-16 08:49:09,test,0.547442,1,0.5257,0,0,0
1765874961.7503972,2025-12-16 08:49:21,test,0.552357,1,0.530105,0,1,0
1765874973.9592652,2025-12-16 08:49:33,test,0.555659,1,0.541923,0,0,0
1765874986.1680896,2025-12-16 08:49:46,test,0.55898,1,0.541923,0,0,0
1765874998.3842123,2025-12-16 08:49:58,test,0.55599,1,0.554997,0,0,0
1765875010.580527,2025-12-16 08:50:10,test,0.561986,1,0.547768,0,1,0
1765875022.7553258,2025-12-16 08:50:22,test,0.556653,1,0.540633,0,0,0
1765875034.9638014,2025-12-16 08:50:34,test,0.557982,1,0.538062,0,1,0
1765875047.1643314,2025-12-16 08:50:47,test,0.557317,1,0.542893,0,0,0
1765875059.3553162,2025-12-16 08:50:59,test,0.558314,1,0.537421,0,0,0
1765875071.542752,2025-12-16 08:51:11,test,0.555659,1,0.532321,0,0,0
1765875083.7001827,2025-12-16 08:51:23,test,0.550058,1,0.526955,0,1,0
1765875095.9785562,2025-12-16 08:51:35,test,0.547442,1,0.53137,0,1,0
1765875108.1952453,2025-12-16 08:51:48,test,0.547768,1,0.528213,0,1,0
1765875120.3726606,2025-12-16 08:52:00,test,0.546789,1,0.523824,0,0,0
1765875132.5929935,2025-12-16 08:52:12,test,0.552028,1,0.533591,0,0,0
1765875144.7536726,2025-12-16 08:52:24,test,0.549075,1,0.5257,0,1,0
1765875156.9299858,2025-12-16 08:52:36,test,0.549403,1,0.526955,0,1,0
1765875169.12684,2025-12-16 08:52:49,test,0.542246,1,0.524761,0,1,0
1765875181.3083375,2025-12-16 08:53:01,test,0.550058,1,0.527898,0,0,0
1765875193.518352,2025-12-16 08:53:13,test,0.543541,1,0.533273,0,0,0
1765875205.7112143,2025-12-16 08:53:25,test,0.552686,1,0.544838,0,0,0
1765875217.927152,2025-12-16 08:53:37,test,0.552028,1,0.544513,0,0,0
1765875230.1228778,2025-12-16 08:53:50,test,0.554997,1,0.545488,0,1,0
1765875242.2879038,2025-12-16 08:54:02,test,0.551699,1,0.550058,0,0,0
1765875254.494553,2025-12-16 08:54:14,test,0.550714,1,0.543217,0,0,0
1765875266.6966424,2025-12-16 08:54:26,test,0.553346,1,0.527898,0,1,0
1765875278.906424,2025-12-16 08:54:38,test,0.555328,1,0.529789,0,0,0
1765875291.1239243,2025-12-16 08:54:51,test,0.549403,1,0.528843,0,0,0
1765875303.3438199,2025-12-16 08:55:03,test,0.551042,1,0.533273,0,1,0
1765875315.606689,2025-12-16 08:55:15,test,0.544838,1,0.533273,0,1,0
1765875327.817673,2025-12-16 08:55:27,test,0.551371,1,0.529473,0,0,0
1765875340.022644,2025-12-16 08:55:40,test,0.546789,1,0.523824,0,0,0
1765875352.2765214,2025-12-16 08:55:52,test,0.542246,1,0.524761,0,0,0
1765875364.482111,2025-12-16 08:56:04,test,0.547768,1,0.526327,0,0,0
1765875376.671803,2025-12-16 08:56:16,test,0.539667,1,0.513929,0,1,0
1765875388.8758194,2025-12-16 08:56:28,test,0.546464,1,0.526641,0,1,0
1765875401.0974464,2025-12-16 08:56:41,test,0.533273,1,0.516385,0,1,0
1765875413.3075862,2025-12-16 08:56:53,test,0.542893,1,0.518853,0,0,0
1765875425.4990067,2025-12-16 08:57:05,test,0.537421,1,0.512095,0,0,0
1765875437.7193806,2025-12-16 08:57:17,test,0.532956,1,0.51118,0,0,0
1765875449.9259927,2025-12-16 08:57:29,test,0.535822,1,0.511485,0,0,0
1765875462.131376,2025-12-16 08:57:42,test,0.548421,1,0.524136,0,1,0
1765875474.3491526,2025-12-16 08:57:54,test,0.530421,1,0.513623,0,1,0
1765875486.5468712,2025-12-16 08:58:06,test,0.530421,1,0.5124,0,0,0
1765875498.7355044,2025-12-16 08:58:18,test,0.529158,1,0.508749,0,0,0
1765875510.9382567,2025-12-16 08:58:30,test,0.526955,1,0.51577,0,0,0
1765875523.1334407,2025-12-16 08:58:43,test,0.530421,1,0.504221,0,0,0
1765875535.344373,2025-12-16 08:58:55,test,0.540311,1,0.503621,0,0,0
1765875547.516547,2025-12-16 08:59:07,test,0.533273,1,0.504522,0,1,0
1765875559.699687,2025-12-16 08:59:19,test,0.539025,1,0.503021,0,0,0
1765875571.9112306,2025-12-16 08:59:31,test,0.537741,1,0.494402,0,1,0
1765875584.1215322,2025-12-16 08:59:44,test,0.545813,1,0.509963,0,1,0
1765875596.329693,2025-12-16 08:59:56,test,0.546789,1,0.501823,0,1,0
1765875608.5255415,2025-12-16 09:00:08,test,0.533273,1,0.498544,0,0,0
1765875620.7104487,2025-12-16 09:00:20,test,0.537101,1,0.504221,0,1,0
1765875632.89327,2025-12-16 09:00:32,test,0.541923,1,0.511485,0,0,0
1765875645.0834084,2025-12-16 09:00:45,test,0.555659,1,0.520401,0,1,0
1765875657.2848709,2025-12-16 09:00:57,test,0.55599,1,0.518235,0,1,0
1765875669.466036,2025-12-16 09:01:09,test,0.545163,1,0.503621,0,0,0
1765875681.6475978,2025-12-16 09:01:21,test,0.547442,1,0.508749,0,1,0
1765875693.8542387,2025-12-16 09:01:33,test,0.550058,1,0.507235,0,0,0
1765875706.0893805,2025-12-16 09:01:46,test,0.551699,1,0.514542,0,0,0
1765875718.274745,2025-12-16 09:01:58,test,0.550058,1,0.520712,0,1,0
1765875730.4763334,2025-12-16 09:02:10,test,0.539667,1,0.514849,0,0,0
1765875742.6718657,2025-12-16 09:02:22,test,0.543865,1,0.513929,0,1,0
1765875754.8906927,2025-12-16 09:02:34,test,0.545813,1,0.521022,0,1,0
1765875767.097282,2025-12-16 09:02:47,test,0.541601,1,0.521643,0,1,0
1765875779.3192947,2025-12-16 09:02:59,test,0.547768,1,0.530737,0,0,0
1765875791.5129719,2025-12-16 09:03:11,test,0.533591,1,0.530421,0,0,0
1765875803.703154,2025-12-16 09:03:23,test,0.566695,1,0.574516,0,0,0
1765875815.9114404,2025-12-16 09:03:35,test,0.599703,1,0.577261,0,1,0
1765875828.122298,2025-12-16 09:03:48,test,0.597919,1,0.583487,0,1,0
1765875840.3296027,2025-12-16 09:04:00,test,0.612708,1,0.590483,0,1,0
1765875852.531097,2025-12-16 09:04:12,test,0.60581,1,0.587324,0,1,0
1765875864.7093766,2025-12-16 09:04:24,test,0.615637,1,0.583139,0,1,0
1765875876.9254994,2025-12-16 09:04:36,test,0.61125,1,0.583487,0,1,0
1765875889.109654,2025-12-16 09:04:49,test,0.619316,1,0.585926,0,1,0
1765875901.308966,2025-12-16 09:05:01,test,0.616004,1,0.587674,0,1,0
1765875913.5186803,2025-12-16 09:05:13,test,0.608342,1,0.587674,0,1,0
1765875925.7305372,2025-12-16 09:05:25,test,0.609794,1,0.594012,0,1,0
1765875937.9297366,2025-12-16 09:05:37,test,0.612343,1,0.58978,0,1,0
1765875950.123554,2025-12-16 09:05:50,test,0.606532,1,0.59543,0,1,0
1765875962.3579164,2025-12-16 09:06:02,test,0.612708,1,0.598276,0,1,0
1765875974.5571938,2025-12-16 09:06:14,test,0.611614,1,0.60221,0,1,0
1765875986.7576523,2025-12-16 09:06:26,test,0.604007,1,0.593658,0,1,0
1765875998.9733691,2025-12-16 09:06:38,test,0.609794,1,0.593305,0,1,0
1765876011.1664631,2025-12-16 09:06:51,test,0.609068,1,0.592598,0,1,0
1765876023.3678987,2025-12-16 09:07:03,test,0.61125,1,0.592598,0,1,0
1765876035.5745442,2025-12-16 09:07:15,test,0.614171,1,0.597207,0,1,0
1765876047.7676907,2025-12-16 09:07:27,test,0.620425,1,0.59614,0,1,0
1765876059.965258,2025-12-16 09:07:39,test,0.611979,1,0.603648,0,1,0
1765876072.1530554,2025-12-16 09:07:52,test,0.614537,1,0.604728,0,1,0
1765876084.4166636,2025-12-16 09:08:04,test,0.610885,1,0.605449,0,1,0
1765876096.6122546,2025-12-16 09:08:16,test,0.611614,1,0.606171,0,1,0
1765876108.7973256,2025-12-16 09:08:28,test,0.61125,1,0.607618,0,1,0
1765876121.014195,2025-12-16 09:08:41,test,0.609431,1,0.608705,0,1,0
1765876133.2163663,2025-12-16 09:08:53,test,0.614171,1,0.606532,0,1,0
1765876145.4239078,2025-12-16 09:09:05,test,0.620055,1,0.616004,0,1,0
1765876157.6456945,2025-12-16 09:09:17,test,0.626742,1,0.633124,0,1,0
1765876169.8444674,2025-12-16 09:09:29,test,0.646468,1,0.631616,0,1,0
1765876182.0578322,2025-12-16 09:09:42,test,0.656954,1,0.644929,1,0,0
1765876194.2748497,2025-12-16 09:09:54,test,0.665228,1,0.651496,1,0,0
1765876206.4897935,2025-12-16 09:10:06,test,0.666815,1,0.65072,1,0,0
1765876218.6867497,2025-12-16 09:10:18,test,0.672001,1,0.661275,1,0,0
1765876230.9014127,2025-12-16 09:10:30,test,0.660881,1,0.66404,1,0,0
1765876243.0790167,2025-12-16 09:10:43,test,0.671201,1,0.669603,1,0,0
1765876255.319524,2025-12-16 09:10:55,test,0.670401,1,0.671601,1,0,0
1765876267.5152059,2025-12-16 09:11:07,test,0.667611,1,0.673605,1,0,0
1765876279.715513,2025-12-16 09:11:19,test,0.670401,1,0.673605,1,0,0
1765876291.92832,2025-12-16 09:11:31,test,0.669204,1,0.672803,1,0,0
1765876304.1412492,2025-12-16 09:11:44,test,0.666815,1,0.670801,1,0,0
1765876316.4765666,2025-12-16 09:11:56,test,0.66404,1,0.678844,1,0,0
1765876328.6820455,2025-12-16 09:12:08,test,0.667611,1,0.678036,1,0,0
1765876340.886845,2025-12-16 09:12:20,test,0.666021,1,0.684124,1,0,0
1765876353.08609,2025-12-16 09:12:33,test,0.670002,1,0.68087,1,0,0
1765876365.2894316,2025-12-16 09:12:45,test,0.670801,1,0.681682,1,0,0
1765876377.5086486,2025-12-16 09:12:57,test,0.670002,1,0.678036,1,0,0
1765876389.7039785,2025-12-16 09:13:09,test,0.673204,1,0.676421,1,0,0
1765876401.9227748,2025-12-16 09:13:21,test,0.673605,1,0.678036,1,0,0
1765876414.119032,2025-12-16 09:13:34,test,0.672803,1,0.678036,1,0,0
1765876426.3237336,2025-12-16 09:13:46,test,0.666815,1,0.676824,1,0,0
1765876438.5243526,2025-12-16 09:13:58,test,0.663249,1,0.675615,1,0,0
1765876450.7580347,2025-12-16 09:14:10,test,0.664435,1,0.677228,1,0,0
1765876462.959043,2025-12-16 09:14:22,test,0.664435,1,0.674811,1,0,0
1765876475.1560194,2025-12-16 09:14:35,test,0.664435,1,0.677228,1,0,0
1765876487.3625183,2025-12-16 09:14:47,test,0.664831,1,0.676421,1,0,0
1765876499.5696886,2025-12-16 09:14:59,test,0.660094,1,0.675615,1,0,0
1765876511.7886496,2025-12-16 09:15:11,test,0.659308,1,0.67844,1,0,0
1765876524.018951,2025-12-16 09:15:24,test,0.660094,1,0.676018,1,0,0
1765876536.2185419,2025-12-16 09:15:36,test,0.657738,1,0.675213,1,0,0
1765876548.4190006,2025-12-16 09:15:48,test,0.65539,1,0.673204,1,0,0
1765876560.6630616,2025-12-16 09:16:00,test,0.65422,1,0.676018,1,0,0
1765876572.8927495,2025-12-16 09:16:12,test,0.649945,1,0.67844,1,0,0
1765876585.14177,2025-12-16 09:16:25,test,0.651885,1,0.678844,1,0,0
1765876597.346424,2025-12-16 09:16:37,test,0.65383,1,0.67844,1,0,0
1765876609.5692196,2025-12-16 09:16:49,test,0.651496,1,0.679249,1,0,0
1765876621.7811406,2025-12-16 09:17:01,test,0.65383,1,0.682088,1,0,0
1765876633.9703565,2025-12-16 09:17:13,test,0.65461,1,0.681276,1,0,0
1765876646.1852114,2025-12-16 09:17:26,test,0.659701,1,0.682902,1,0,0
1765876658.3878186,2025-12-16 09:17:38,test,0.658915,1,0.682495,1,0,0
1765876670.5742028,2025-12-16 09:17:50,test,0.658915,1,0.682495,1,0,0
1765876682.7871447,2025-12-16 09:18:02,test,0.656172,1,0.680464,1,0,1
1765876694.9740074,2025-12-16 09:18:14,test,0.65461,1,0.674811,1,0,1
1765876707.1783078,2025-12-16 09:18:27,test,0.657738,1,0.672803,1,0,0
1765876719.3919063,2025-12-16 09:18:39,test,0.65539,1,0.675615,1,0,1
1765876731.5811834,2025-12-16 09:18:51,test,0.657738,1,0.676018,1,0,0
1765876743.786799,2025-12-16 09:19:03,test,0.656563,1,0.671201,1,0,1
1765876755.9905357,2025-12-16 09:19:15,test,0.651496,1,0.671201,1,0,1
1765876768.1652508,2025-12-16 09:19:28,test,0.65383,1,0.670401,1,0,0
1765876780.3715732,2025-12-16 09:19:40,test,0.65344,1,0.669603,1,0,0
1765876792.5589023,2025-12-16 09:19:52,test,0.652273,1,0.669204,1,0,0
1765876804.7601216,2025-12-16 09:20:04,test,0.643394,1,0.668407,1,0,0
1765876816.9612617,2025-12-16 09:20:16,test,0.638428,1,0.668009,1,0,0
1765876829.1830826,2025-12-16 09:20:29,test,0.638428,1,0.664831,1,0,0
1765876841.3430889,2025-12-16 09:20:41,test,0.637288,1,0.651108,1,0,0
1765876853.5427566,2025-12-16 09:20:53,test,0.638048,1,0.65072,1,0,0
1765876865.736129,2025-12-16 09:21:05,test,0.641479,1,0.663249,1,0,0
1765876877.9583309,2025-12-16 09:21:17,test,0.641479,1,0.662458,1,0,0
1765876890.1622305,2025-12-16 09:21:30,test,0.636908,1,0.646468,1,0,0
1765876902.3782551,2025-12-16 09:21:42,test,0.640333,1,0.647239,1,0,0
1765876914.5720673,2025-12-16 09:21:54,test,0.638048,1,0.649171,1,0,1
1765876926.8245065,2025-12-16 09:22:06,test,0.639571,1,0.649558,1,0,1
1765876939.025141,2025-12-16 09:22:19,test,0.640715,1,0.651108,1,0,0
1765876951.253917,2025-12-16 09:22:31,test,0.647239,1,0.663249,1,0,0
1765876963.4853606,2025-12-16 09:22:43,test,0.648784,1,0.662458,1,0,0
1765876975.6887815,2025-12-16 09:22:55,test,0.644929,1,0.652273,1,0,1
1765876987.933436,2025-12-16 09:23:07,test,0.646083,1,0.65539,1,0,0
1765877000.1119707,2025-12-16 09:23:20,test,0.646854,1,0.659701,1,0,0
1765877012.3026474,2025-12-16 09:23:32,test,0.647239,1,0.656954,1,0,1
1765877024.5003922,2025-12-16 09:23:44,test,0.649945,1,0.656563,1,0,0
1765877036.7044826,2025-12-16 09:23:56,test,0.648397,1,0.656563,1,0,1
1765877048.9085631,2025-12-16 09:24:08,test,0.648784,1,0.656954,1,0,0
1765877061.1016877,2025-12-16 09:24:21,test,0.649945,1,0.657738,1,0,1
1765877073.311381,2025-12-16 09:24:33,test,0.656954,1,0.673204,1,0,0
1765877085.5193133,2025-12-16 09:24:45,test,0.652662,1,0.661669,1,0,0
1765877097.7103539,2025-12-16 09:24:57,test,0.658522,1,0.677228,1,0,0
1765877109.9144077,2025-12-16 09:25:09,test,0.652662,1,0.662458,1,0,0
1765877122.139669,2025-12-16 09:25:22,test,0.649945,1,0.662853,1,0,0
1765877134.345102,2025-12-16 09:25:34,test,0.646468,1,0.673204,1,0,1
1765877146.5814698,2025-12-16 09:25:46,test,0.644161,1,0.664831,1,0,1
1765877158.7822762,2025-12-16 09:25:58,test,0.644929,1,0.664831,1,0,0
1765877171.0417452,2025-12-16 09:26:11,test,0.644545,1,0.664435,1,0,0
1765877183.2379575,2025-12-16 09:26:23,test,0.641097,1,0.665228,1,0,0
1765877195.458095,2025-12-16 09:26:35,test,0.641862,1,0.671201,1,0,0
1765877207.6845639,2025-12-16 09:26:47,test,0.638809,1,0.661275,1,0,1
1765877219.8877823,2025-12-16 09:26:59,test,0.641479,1,0.671201,1,0,0
1765877232.1308053,2025-12-16 09:27:12,test,0.641862,1,0.669603,1,0,1
1765877244.333841,2025-12-16 09:27:24,test,0.636908,1,0.660487,1,0,0
1765877256.5161057,2025-12-16 09:27:36,test,0.641862,1,0.676421,1,0,0
1765877268.6823933,2025-12-16 09:27:48,test,0.637288,1,0.668009,1,0,1
1765877280.9306679,2025-12-16 09:28:00,test,0.640333,1,0.667213,1,0,1
1765877293.149625,2025-12-16 09:28:13,test,0.645314,1,0.680464,1,0,0
1765877305.3437107,2025-12-16 09:28:25,test,0.63919,1,0.668805,1,0,1
1765877317.5430949,2025-12-16 09:28:37,test,0.639952,1,0.676018,1,0,0
1765877329.7885458,2025-12-16 09:28:49,test,0.644929,1,0.68494,1,0,1
1765877341.99425,2025-12-16 09:29:01,test,0.649945,1,0.684532,1,0,1
1765877354.2502315,2025-12-16 09:29:14,test,0.644161,1,0.678036,1,0,0
1765877366.4301357,2025-12-16 09:29:26,test,0.644161,1,0.671601,1,0,0
1765877378.6122942,2025-12-16 09:29:38,test,0.640715,1,0.668805,1,0,1
1765877390.7788029,2025-12-16 09:29:50,test,0.642244,1,0.665624,1,0,0
1765877402.9637573,2025-12-16 09:30:02,test,0.642244,1,0.666815,1,0,1
1765877415.1844585,2025-12-16 09:30:15,test,0.647239,1,0.682495,1,0,0
1765877427.3859694,2025-12-16 09:30:27,test,0.642244,1,0.667611,1,0,1
1765877439.5671804,2025-12-16 09:30:39,test,0.641862,1,0.661669,1,0,1
1765877451.778517,2025-12-16 09:30:51,test,0.642244,1,0.673204,1,0,1
1765877463.965934,2025-12-16 09:31:03,test,0.637668,1,0.659701,1,0,1
1765877476.1518495,2025-12-16 09:31:16,test,0.642627,1,0.672402,1,0,0
1765877488.3706663,2025-12-16 09:31:28,test,0.635771,1,0.656172,1,0,1
1765877500.5696652,2025-12-16 09:31:40,test,0.635771,1,0.65461,1,0,0
1765877512.7898767,2025-12-16 09:31:52,test,0.633501,1,0.65383,1,0,0
1765877524.9953892,2025-12-16 09:32:04,test,0.634635,1,0.65344,1,0,0
1765877537.2533643,2025-12-16 09:32:17,test,0.635771,1,0.651885,1,0,1
1765877549.4614387,2025-12-16 09:32:29,test,0.635771,1,0.651496,1,0,0
1765877561.705518,2025-12-16 09:32:41,test,0.635392,1,0.649558,1,0,0
1765877573.9308922,2025-12-16 09:32:53,test,0.640715,1,0.662853,1,0,1
1765877586.1330175,2025-12-16 09:33:06,test,0.633501,1,0.646083,1,0,1
1765877598.4025726,2025-12-16 09:33:18,test,0.637288,1,0.662458,1,0,1
1765877610.619394,2025-12-16 09:33:30,test,0.630488,1,0.649171,1,0,0
1765877622.8392365,2025-12-16 09:33:42,test,0.630113,1,0.647625,1,0,0
1765877635.0435956,2025-12-16 09:33:55,test,0.634257,1,0.66404,1,0,1
1765877647.2700071,2025-12-16 09:34:07,test,0.641097,1,0.661669,1,0,0
1765877659.4417098,2025-12-16 09:34:19,test,0.636908,1,0.649945,1,0,0
1765877671.6630373,2025-12-16 09:34:31,test,0.642627,1,0.662853,1,0,0
1765877683.8707905,2025-12-16 09:34:43,test,0.641097,1,0.653051,1,0,0
1765877696.0835059,2025-12-16 09:34:56,test,0.646854,1,0.666418,1,0,1
1765877708.2886114,2025-12-16 09:35:08,test,0.646854,1,0.669603,1,0,1
1765877720.4544208,2025-12-16 09:35:20,test,0.644545,1,0.656954,1,0,0
1765877732.6607697,2025-12-16 09:35:32,test,0.648011,1,0.670002,1,0,0
1765877744.8715067,2025-12-16 09:35:44,test,0.648011,1,0.670801,1,0,1
1765877757.0788777,2025-12-16 09:35:57,test,0.646468,1,0.660881,1,0,0
1765877769.2916045,2025-12-16 09:36:09,test,0.65072,1,0.673605,1,0,0
1765877781.5223966,2025-12-16 09:36:21,test,0.649945,1,0.674811,1,0,0
1765877793.7241416,2025-12-16 09:36:33,test,0.651885,1,0.679654,1,0,0
1765877805.9275718,2025-12-16 09:36:45,test,0.646083,1,0.662064,1,0,0
1765877818.164594,2025-12-16 09:36:58,test,0.647625,1,0.674409,1,0,0
1765877830.3753397,2025-12-16 09:37:10,test,0.643394,1,0.675213,1,0,0
1765877842.5764382,2025-12-16 09:37:22,test,0.641862,1,0.666021,1,0,0
1765877854.7838342,2025-12-16 09:37:34,test,0.642627,1,0.666815,1,0,0
1765877866.9917095,2025-12-16 09:37:46,test,0.643777,1,0.675615,1,0,0
1765877879.1968963,2025-12-16 09:37:59,test,0.640715,1,0.67844,1,0,0
1765877891.400191,2025-12-16 09:38:11,test,0.639952,1,0.673204,1,0,0
1765877903.5776904,2025-12-16 09:38:23,test,0.637668,1,0.663644,1,0,0
1765877915.7791893,2025-12-16 09:38:35,test,0.639952,1,0.672001,1,0,0
1765877928.0055518,2025-12-16 09:38:48,test,0.639952,1,0.672001,1,0,0
1765877940.1747234,2025-12-16 09:39:00,test,0.633879,1,0.659701,1,0,0
1765877952.3742466,2025-12-16 09:39:12,test,0.638428,1,0.676421,1,0,0
1765877964.5906136,2025-12-16 09:39:24,test,0.643394,1,0.680464,1,0,0
1765877976.8155322,2025-12-16 09:39:36,test,0.64301,1,0.679654,1,0,0
1765877989.043287,2025-12-16 09:39:49,test,0.644545,1,0.680059,1,0,0
1765878001.270234,2025-12-16 09:40:01,test,0.644161,1,0.682902,1,0,0
1765878013.4559622,2025-12-16 09:40:13,test,0.644161,1,0.686165,1,0,1
1765878025.6813154,2025-12-16 09:40:25,test,0.640333,1,0.677632,1,0,0
1765878037.8860672,2025-12-16 09:40:37,test,0.64301,1,0.685757,1,0,0
1765878050.1077778,2025-12-16 09:40:50,test,0.641479,1,0.686984,1,0,0
1765878062.3362765,2025-12-16 09:41:02,test,0.638048,1,0.676421,1,0,0
1765878074.5031066,2025-12-16 09:41:14,test,0.635013,1,0.668407,1,0,1
1765878086.7077227,2025-12-16 09:41:26,test,0.642244,1,0.676421,1,0,1
1765878098.9150846,2025-12-16 09:41:38,test,0.642244,1,0.68087,1,0,1
1765878111.162487,2025-12-16 09:41:51,test,0.641097,1,0.683716,1,0,0
1765878123.3607106,2025-12-16 09:42:03,test,0.646468,1,0.681682,1,0,1
1765878135.5877624,2025-12-16 09:42:15,test,0.641862,1,0.674409,1,0,1
1765878147.8527908,2025-12-16 09:42:27,test,0.639952,1,0.673204,1,0,0
1765878160.0742972,2025-12-16 09:42:40,test,0.636908,1,0.658522,1,0,1
1765878172.2870686,2025-12-16 09:42:52,test,0.640333,1,0.671201,1,0,0
1765878184.499291,2025-12-16 09:43:04,test,0.640333,1,0.671201,1,0,1
1765878196.7244275,2025-12-16 09:43:16,test,0.637288,1,0.670801,1,0,1
1765878208.9421902,2025-12-16 09:43:28,test,0.635392,1,0.670401,1,0,0
1765878221.1588905,2025-12-16 09:43:41,test,0.635392,1,0.670401,1,0,0
1765878233.3745456,2025-12-16 09:43:53,test,0.631993,1,0.65461,1,0,0
1765878245.581414,2025-12-16 09:44:05,test,0.63615,1,0.670002,1,0,1
1765878257.782433,2025-12-16 09:44:17,test,0.635392,1,0.666021,1,0,0
1765878269.975283,2025-12-16 09:44:29,test,0.634635,1,0.665624,1,0,0
1765878282.183197,2025-12-16 09:44:42,test,0.634257,1,0.663644,1,0,0
1765878294.3995562,2025-12-16 09:44:54,test,0.633879,1,0.66404,1,0,0
1765878306.617862,2025-12-16 09:45:06,test,0.636529,1,0.664831,1,0,1
1765878318.829191,2025-12-16 09:45:18,test,0.635392,1,0.66404,1,0,1
1765878331.0614154,2025-12-16 09:45:31,test,0.632747,1,0.651496,1,0,0
1765878343.2647042,2025-12-16 09:45:43,test,0.631993,1,0.652662,1,0,1
1765878355.4937394,2025-12-16 09:45:55,test,0.636908,1,0.665228,1,0,0
1765878367.6895955,2025-12-16 09:46:07,test,0.638428,1,0.666021,1,0,0
1765878379.8888266,2025-12-16 09:46:19,test,0.638428,1,0.666815,1,0,0
1765878392.1281817,2025-12-16 09:46:32,test,0.639571,1,0.668407,1,0,0
1765878404.3170667,2025-12-16 09:46:44,test,0.639952,1,0.668805,1,0,1
1765878416.5095117,2025-12-16 09:46:56,test,0.640333,1,0.672402,1,0,1
1765878428.7114642,2025-12-16 09:47:08,test,0.641479,1,0.670401,1,0,0
1765878440.9088166,2025-12-16 09:47:20,test,0.643777,1,0.671201,1,0,1
1765878453.1083608,2025-12-16 09:47:33,test,0.643777,1,0.674409,1,0,1
1765878465.315883,2025-12-16 09:47:45,test,0.647625,1,0.676421,1,0,1
1765878477.5067146,2025-12-16 09:47:57,test,0.646854,1,0.678036,1,0,0
1765878489.7014086,2025-12-16 09:48:09,test,0.648784,1,0.679249,1,0,0
1765878501.9033084,2025-12-16 09:48:21,test,0.646083,1,0.674409,1,0,1
1765878514.1281435,2025-12-16 09:48:34,test,0.646468,1,0.677632,1,0,1
1765878526.3284278,2025-12-16 09:48:46,test,0.638809,1,0.677632,1,0,1
1765878538.528365,2025-12-16 09:48:58,test,0.637668,1,0.667611,1,0,0
1765878550.7430797,2025-12-16 09:49:10,test,0.639952,1,0.676018,1,0,1
1765878562.940406,2025-12-16 09:49:22,test,0.640333,1,0.676421,1,0,0
1765878575.146743,2025-12-16 09:49:35,test,0.640333,1,0.677228,1,0,0
1765878587.377406,2025-12-16 09:49:47,test,0.638048,1,0.674811,1,0,0
1765878599.5929503,2025-12-16 09:49:59,test,0.638048,1,0.673204,1,0,1
1765878611.8399389,2025-12-16 09:50:11,test,0.637288,1,0.675213,1,0,0
1765878624.0220177,2025-12-16 09:50:24,test,0.638809,1,0.672803,1,0,0
1765878636.2233074,2025-12-16 09:50:36,test,0.640715,1,0.674409,1,0,1
1765878648.4172816,2025-12-16 09:50:48,test,0.638809,1,0.678036,1,0,0
1765878660.6135573,2025-12-16 09:51:00,test,0.639571,1,0.680464,1,0,0
1765878672.8360207,2025-12-16 09:51:12,test,0.644929,1,0.683309,1,0,0
1765878685.0083575,2025-12-16 09:51:25,test,0.64301,1,0.682902,1,0,0
1765878697.212642,2025-12-16 09:51:37,test,0.642627,1,0.68494,1,0,1
1765878709.405665,2025-12-16 09:51:49,test,0.642627,1,0.688213,1,0,1
1765878721.594322,2025-12-16 09:52:01,test,0.640715,1,0.687393,1,0,0
1765878733.7831113,2025-12-16 09:52:13,test,0.64301,1,0.686574,1,0,0
1765878745.9964871,2025-12-16 09:52:25,test,0.643777,1,0.686984,1,0,1
1765878758.2681868,2025-12-16 09:52:38,test,0.642627,1,0.685757,1,0,0
1765878770.4721322,2025-12-16 09:52:50,test,0.639952,1,0.683716,1,0,0
1765878782.6662426,2025-12-16 09:53:02,test,0.635392,1,0.662853,1,0,0
1765878794.881427,2025-12-16 09:53:14,test,0.643394,1,0.677632,1,0,0
1765878807.0814798,2025-12-16 09:53:27,test,0.643394,1,0.681682,1,0,1
1765878819.2936244,2025-12-16 09:53:39,test,0.640333,1,0.669603,1,0,0
1765878831.5034611,2025-12-16 09:53:51,test,0.641097,1,0.674811,1,0,0
1765878843.7162836,2025-12-16 09:54:03,test,0.639952,1,0.673605,1,0,1
1765878855.941938,2025-12-16 09:54:15,test,0.635392,1,0.658522,1,0,1
1765878868.1372092,2025-12-16 09:54:28,test,0.640715,1,0.672402,1,0,0
1765878880.342581,2025-12-16 09:54:40,test,0.640715,1,0.672001,1,0,1
1765878892.5469923,2025-12-16 09:54:52,test,0.637668,1,0.65813,1,0,1
1765878904.752092,2025-12-16 09:55:04,test,0.638428,1,0.671601,1,0,0
1765878916.9381666,2025-12-16 09:55:16,test,0.636908,1,0.670002,1,0,0
1765878929.1644032,2025-12-16 09:55:29,test,0.638048,1,0.668805,1,0,0
1765878941.3881848,2025-12-16 09:55:41,test,0.63615,1,0.667611,1,0,1
1765878953.590962,2025-12-16 09:55:53,test,0.635392,1,0.668407,1,0,0
1765878965.784833,2025-12-16 09:56:05,test,0.632747,1,0.666021,1,0,1
1765878977.9848669,2025-12-16 09:56:17,test,0.631616,1,0.666418,1,0,0
1765878990.1903574,2025-12-16 09:56:30,test,0.629737,1,0.651496,1,0,1
1765879002.4044955,2025-12-16 09:56:42,test,0.634257,1,0.668009,1,0,0
1765879014.5892882,2025-12-16 09:56:54,test,0.635392,1,0.665228,1,0,1
1765879026.7999053,2025-12-16 09:57:06,test,0.634635,1,0.667213,1,0,0
1765879038.9949198,2025-12-16 09:57:18,test,0.635771,1,0.668009,1,0,0
1765879051.1811109,2025-12-16 09:57:31,test,0.638048,1,0.666815,1,0,0
1765879063.3754056,2025-12-16 09:57:43,test,0.637668,1,0.666815,1,0,1
1765879075.622972,2025-12-16 09:57:55,test,0.636529,1,0.668009,1,0,0
1765879087.835313,2025-12-16 09:58:07,test,0.640715,1,0.668805,1,0,0
1765879100.0197191,2025-12-16 09:58:20,test,0.640715,1,0.670401,1,0,1
1765879112.231925,2025-12-16 09:58:32,test,0.641862,1,0.670801,1,0,0
1765879124.4261847,2025-12-16 09:58:44,test,0.645314,1,0.671601,1,0,0
1765879136.6356943,2025-12-16 09:58:56,test,0.646854,1,0.672803,1,0,1
1765879148.8604057,2025-12-16 09:59:08,test,0.648397,1,0.675213,1,0,0
1765879161.057408,2025-12-16 09:59:21,test,0.652273,1,0.676018,1,0,0
1765879173.2854981,2025-12-16 09:59:33,test,0.653051,1,0.679249,1,0,0
1765879185.4550133,2025-12-16 09:59:45,test,0.653051,1,0.681682,1,0,0
1765879197.6534474,2025-12-16 09:59:57,test,0.651496,1,0.666815,1,0,0
1765879209.8181908,2025-12-16 10:00:09,test,0.646468,1,0.675615,1,0,1
1765879221.974185,2025-12-16 10:00:21,test,0.640333,1,0.679249,1,0,0
1765879234.15595,2025-12-16 10:00:34,test,0.641097,1,0.676018,1,0,0
1765879246.3701987,2025-12-16 10:00:46,test,0.642627,1,0.678844,1,0,0
1765879258.5644817,2025-12-16 10:00:58,test,0.641097,1,0.676018,1,0,1
1765879270.740515,2025-12-16 10:01:10,test,0.641479,1,0.678844,1,0,0
1765879282.945158,2025-12-16 10:01:22,test,0.637668,1,0.674007,1,0,0
1765879295.1770227,2025-12-16 10:01:35,test,0.63615,1,0.675213,1,0,1
1765879307.38525,2025-12-16 10:01:47,test,0.635392,1,0.675213,1,0,1
1765879319.585138,2025-12-16 10:01:59,test,0.632747,1,0.674409,1,0,0
1765879331.8156466,2025-12-16 10:02:11,test,0.638809,1,0.675213,1,0,1
1765879344.04991,2025-12-16 10:02:24,test,0.633501,1,0.679249,1,0,1
1765879356.2715,2025-12-16 10:02:36,test,0.631616,1,0.680464,1,0,1
1765879368.5197866,2025-12-16 10:02:48,test,0.634257,1,0.684532,1,0,1
1765879380.7601807,2025-12-16 10:03:00,test,0.635771,1,0.684532,1,0,0
1765879392.9824004,2025-12-16 10:03:12,test,0.635771,1,0.685757,1,0,0
1765879405.171446,2025-12-16 10:03:25,test,0.638048,1,0.689444,1,0,1
1765879417.3777404,2025-12-16 10:03:37,test,0.638809,1,0.690267,1,0,1
1765879429.5758922,2025-12-16 10:03:49,test,0.640715,1,0.688213,1,0,1
1765879441.7812295,2025-12-16 10:04:01,test,0.644161,1,0.690267,1,0,1
1765879453.9740777,2025-12-16 10:04:13,test,0.64301,1,0.688623,1,0,0
1765879466.1916864,2025-12-16 10:04:26,test,0.641862,1,0.687803,1,0,0
1765879478.384789,2025-12-16 10:04:38,test,0.636908,1,0.669204,1,0,1
1765879490.6162825,2025-12-16 10:04:50,test,0.642244,1,0.689034,1,0,1
1765879502.780886,2025-12-16 10:05:02,test,0.642244,1,0.689855,1,0,0
1765879515.0007627,2025-12-16 10:05:15,test,0.65422,1,0.682088,1,0,1
1765879527.2407207,2025-12-16 10:05:27,test,0.635771,1,0.686574,1,0,0
1765879539.45313,2025-12-16 10:05:39,test,0.634635,1,0.679249,1,0,1
1765879551.6379166,2025-12-16 10:05:51,test,0.63615,1,0.678036,1,0,0
1765879563.8319523,2025-12-16 10:06:03,test,0.633879,1,0.678036,1,0,0
1765879576.049874,2025-12-16 10:06:16,test,0.633879,1,0.676824,1,0,1
1765879588.2662587,2025-12-16 10:06:28,test,0.634635,1,0.677228,1,0,0
1765879600.4548137,2025-12-16 10:06:40,test,0.635392,1,0.676421,1,0,0
1765879612.6833198,2025-12-16 10:06:52,test,0.625623,1,0.674811,1,0,0
1765879624.8507323,2025-12-16 10:07:04,test,0.623761,1,0.675213,1,0,1
1765879637.0519893,2025-12-16 10:07:17,test,0.620425,1,0.65422,1,0,0
1765879649.2505064,2025-12-16 10:07:29,test,0.625623,1,0.673605,1,0,0
1765879661.4393106,2025-12-16 10:07:41,test,0.625623,1,0.668407,1,0,0
1765879673.6271234,2025-12-16 10:07:53,test,0.623761,1,0.667611,1,0,1
1765879685.8333395,2025-12-16 10:08:05,test,0.621905,1,0.667213,1,0,0
1765879698.0244706,2025-12-16 10:08:18,test,0.621535,1,0.666418,1,0,1
1765879710.2345755,2025-12-16 10:08:30,test,0.620794,1,0.666815,1,0,1
1765879722.4376292,2025-12-16 10:08:42,test,0.621164,1,0.667213,1,0,1
1765879734.6398034,2025-12-16 10:08:54,test,0.62339,1,0.666418,1,0,0
1765879746.8573406,2025-12-16 10:09:06,test,0.62525,1,0.666021,1,0,0
1765879759.0492861,2025-12-16 10:09:19,test,0.62525,1,0.666418,1,0,0
1765879771.2442172,2025-12-16 10:09:31,test,0.628987,1,0.665624,1,0,1
1765879783.456905,2025-12-16 10:09:43,test,0.627864,1,0.666815,1,0,1
1765879795.662266,2025-12-16 10:09:55,test,0.634635,1,0.668009,1,0,1
1765879807.8665044,2025-12-16 10:10:07,test,0.635013,1,0.669603,1,0,0
1765879820.0453548,2025-12-16 10:10:20,test,0.635771,1,0.672402,1,0,1
1765879832.265057,2025-12-16 10:10:32,test,0.63615,1,0.670002,1,0,1
1765879844.4569218,2025-12-16 10:10:44,test,0.641097,1,0.671601,1,0,0
1765879856.6488838,2025-12-16 10:10:56,test,0.639952,1,0.670401,1,0,0
1765879868.8573213,2025-12-16 10:11:08,test,0.643777,1,0.674409,1,0,0
1765879881.0645225,2025-12-16 10:11:21,test,0.64301,1,0.672803,1,0,0
1765879893.274126,2025-12-16 10:11:33,test,0.644161,1,0.676018,1,0,0
1765879905.4777675,2025-12-16 10:11:45,test,0.644545,1,0.676824,1,0,0
1765879917.7008474,2025-12-16 10:11:57,test,0.638809,1,0.672803,1,0,1
1765879929.901268,2025-12-16 10:12:09,test,0.631616,1,0.674007,1,0,1
1765879942.0925632,2025-12-16 10:12:22,test,0.632747,1,0.674409,1,0,0
1765879954.3511143,2025-12-16 10:12:34,test,0.633124,1,0.676018,1,0,1
1765879966.534745,2025-12-16 10:12:46,test,0.632747,1,0.674409,1,0,1
1765879978.7923644,2025-12-16 10:12:58,test,0.627116,1,0.672001,1,0,0
1765879991.010117,2025-12-16 10:13:11,test,0.626369,1,0.673605,1,0,0
1765880003.2008238,2025-12-16 10:13:23,test,0.624133,1,0.675213,1,0,0
1765880015.3854666,2025-12-16 10:13:35,test,0.629362,1,0.671601,1,0,1
1765880027.5857499,2025-12-16 10:13:47,test,0.628987,1,0.674409,1,0,1
1765880039.7958221,2025-12-16 10:13:59,test,0.627116,1,0.672402,1,0,1
1765880051.973601,2025-12-16 10:14:11,test,0.624877,1,0.680059,1,0,1
1765880064.2198768,2025-12-16 10:14:24,test,0.627116,1,0.682902,1,0,0
1765880076.4248655,2025-12-16 10:14:36,test,0.627864,1,0.682495,1,0,0
1765880088.6088953,2025-12-16 10:14:48,test,0.62749,1,0.683309,1,0,0
1765880100.8878112,2025-12-16 10:15:00,test,0.62749,1,0.685348,1,0,1
1765880113.0569918,2025-12-16 10:15:13,test,0.628987,1,0.686984,1,0,0
1765880125.261938,2025-12-16 10:15:25,test,0.629362,1,0.688623,1,0,1
1765880137.466644,2025-12-16 10:15:37,test,0.635771,1,0.686574,1,0,1
1765880149.6670213,2025-12-16 10:15:49,test,0.633879,1,0.685348,1,0,0
1765880161.8783379,2025-12-16 10:16:01,test,0.630864,1,0.684124,1,0,0
1765880174.1134331,2025-12-16 10:16:14,test,0.628987,1,0.676421,1,0,1
1765880186.3271112,2025-12-16 10:16:26,test,0.632747,1,0.677228,1,0,1
1765880198.5314236,2025-12-16 10:16:38,test,0.630864,1,0.683716,1,0,1
1765880210.7352965,2025-12-16 10:16:50,test,0.63124,1,0.682495,1,0,1
1765880222.953761,2025-12-16 10:17:02,test,0.630488,1,0.681682,1,0,0
1765880235.1659648,2025-12-16 10:17:15,test,0.626742,1,0.674811,1,0,0
1765880247.387573,2025-12-16 10:17:27,test,0.62525,1,0.676018,1,0,1
1765880259.5956287,2025-12-16 10:17:39,test,0.624133,1,0.674007,1,0,0
1765880271.791301,2025-12-16 10:17:51,test,0.623018,1,0.672803,1,0,0
1765880284.001354,2025-12-16 10:18:04,test,0.621535,1,0.672803,1,0,1
1765880296.2295032,2025-12-16 10:18:16,test,0.621905,1,0.671601,1,0,0
1765880308.434272,2025-12-16 10:18:28,test,0.614903,1,0.671201,1,0,0
1765880320.6239092,2025-12-16 10:18:40,test,0.614537,1,0.671601,1,0,0
1765880332.8372455,2025-12-16 10:18:52,test,0.616004,1,0.669603,1,0,1
1765880345.0590923,2025-12-16 10:19:05,test,0.616371,1,0.668805,1,0,0
1765880357.2567647,2025-12-16 10:19:17,test,0.616738,1,0.667611,1,0,0
1765880369.4552925,2025-12-16 10:19:29,test,0.616738,1,0.666418,1,0,1
1765880381.6651452,2025-12-16 10:19:41,test,0.616738,1,0.665228,1,0,0
1765880393.8792021,2025-12-16 10:19:53,test,0.61527,1,0.66404,1,0,0
1765880406.0868094,2025-12-16 10:20:06,test,0.616738,1,0.66404,1,0,0
1765880418.2727115,2025-12-16 10:20:18,test,0.61527,1,0.665624,1,0,0
1765880430.5116212,2025-12-16 10:20:30,test,0.616738,1,0.664831,1,0,0
1765880442.727867,2025-12-16 10:20:42,test,0.61821,1,0.663249,1,0,0
1765880454.9316106,2025-12-16 10:20:54,test,0.618947,1,0.664435,1,0,0
1765880467.135371,2025-12-16 10:21:07,test,0.618579,1,0.665228,1,0,0
1765880479.3408399,2025-12-16 10:21:19,test,0.619686,1,0.663644,1,0,1
1765880491.542492,2025-12-16 10:21:31,test,0.624133,1,0.66404,1,0,0
1765880503.7406101,2025-12-16 10:21:43,test,0.62339,1,0.666418,1,0,1
1765880515.9671907,2025-12-16 10:21:55,test,0.629362,1,0.664435,1,0,0
1765880528.1849537,2025-12-16 10:22:08,test,0.627864,1,0.672402,1,0,0
1765880540.3761714,2025-12-16 10:22:20,test,0.628238,1,0.666815,1,0,1
1765880552.560086,2025-12-16 10:22:32,test,0.628612,1,0.667213,1,0,0
1765880564.7489104,2025-12-16 10:22:44,test,0.63237,1,0.667611,1,0,0
1765880577.0011744,2025-12-16 10:22:57,test,0.633124,1,0.669204,1,0,0
1765880589.291995,2025-12-16 10:23:09,test,0.637288,1,0.671201,1,0,0
1765880601.4887977,2025-12-16 10:23:21,test,0.636529,1,0.670401,1,0,0
1765880613.6724517,2025-12-16 10:23:33,test,0.639571,1,0.677632,1,0,1
1765880625.863439,2025-12-16 10:23:45,test,0.639952,1,0.674007,1,0,0
1765880638.0691602,2025-12-16 10:23:58,test,0.631993,1,0.669603,1,0,1
1765880650.2758713,2025-12-16 10:24:10,test,0.626742,1,0.674811,1,0,0
1765880662.486686,2025-12-16 10:24:22,test,0.626742,1,0.673605,1,0,0
1765880674.691838,2025-12-16 10:24:34,test,0.625996,1,0.673204,1,0,0
1765880686.9047425,2025-12-16 10:24:46,test,0.627864,1,0.673204,1,0,0
1765880699.1334403,2025-12-16 10:24:59,test,0.626742,1,0.670801,1,0,1
1765880711.3355844,2025-12-16 10:25:11,test,0.620425,1,0.671201,1,0,0
1765880723.5093794,2025-12-16 10:25:23,test,0.621535,1,0.670002,1,0,0
1765880735.6976402,2025-12-16 10:25:35,test,0.623018,1,0.668407,1,0,1
1765880747.8999906,2025-12-16 10:25:47,test,0.620794,1,0.672402,1,0,0
1765880760.0952737,2025-12-16 10:26:00,test,0.628238,1,0.675615,1,0,1
1765880772.3053107,2025-12-16 10:26:12,test,0.623761,1,0.679249,1,0,0
1765880784.5268016,2025-12-16 10:26:24,test,0.622647,1,0.682088,1,0,1
1765880796.696507,2025-12-16 10:26:36,test,0.629362,1,0.682902,1,0,0
1765880808.9085925,2025-12-16 10:26:48,test,0.628238,1,0.684124,1,0,1
1765880821.140205,2025-12-16 10:27:01,test,0.629737,1,0.686165,1,0,1
1765880833.316225,2025-12-16 10:27:13,test,0.626369,1,0.690267,1,0,0
1765880845.5089488,2025-12-16 10:27:25,test,0.630488,1,0.690678,1,0,0
1765880857.7174606,2025-12-16 10:27:37,test,0.63124,1,0.689444,1,0,1
1765880869.9137666,2025-12-16 10:27:49,test,0.634635,1,0.690678,1,0,1
1765880882.1225257,2025-12-16 10:28:02,test,0.635771,1,0.689855,1,0,0
1765880894.3162131,2025-12-16 10:28:14,test,0.636908,1,0.684532,1,0,0
1765880906.5307233,2025-12-16 10:28:26,test,0.629737,1,0.668805,1,0,1
1765880918.7293115,2025-12-16 10:28:38,test,0.636908,1,0.683716,1,0,0
1765880930.9393692,2025-12-16 10:28:50,test,0.638048,1,0.686984,1,0,0
1765880943.145531,2025-12-16 10:29:03,test,0.635771,1,0.672001,1,0,0
1765880955.3635592,2025-12-16 10:29:15,test,0.636529,1,0.682088,1,0,1
1765880967.5580044,2025-12-16 10:29:27,test,0.628987,1,0.659701,1,0,1
1765880979.7822707,2025-12-16 10:29:39,test,0.626742,1,0.674007,1,0,0
1765880991.9885988,2025-12-16 10:29:51,test,0.625996,1,0.672402,1,0,0
1765881004.1839564,2025-12-16 10:30:04,test,0.623018,1,0.671201,1,0,0
1765881016.3726115,2025-12-16 10:30:16,test,0.625623,1,0.672001,1,0,1
1765881028.5512648,2025-12-16 10:30:28,test,0.626369,1,0.670801,1,0,0
1765881040.73599,2025-12-16 10:30:40,test,0.622647,1,0.670002,1,0,0
1765881052.9222898,2025-12-16 10:30:52,test,0.622276,1,0.670401,1,0,0
1765881065.1270278,2025-12-16 10:31:05,test,0.621535,1,0.667213,1,0,1
1765881077.324558,2025-12-16 10:31:17,test,0.621535,1,0.667213,1,0,0
1765881089.5279772,2025-12-16 10:31:29,test,0.619686,1,0.665624,1,0,0
1765881101.7059119,2025-12-16 10:31:41,test,0.617106,1,0.66404,1,0,1
1765881113.9171576,2025-12-16 10:31:53,test,0.61821,1,0.663249,1,0,0
1765881126.134386,2025-12-16 10:32:06,test,0.616738,1,0.662064,1,0,1
1765881138.3240876,2025-12-16 10:32:18,test,0.609794,1,0.64301,1,0,1
1765881150.5418127,2025-12-16 10:32:30,test,0.61527,1,0.662853,1,0,0
1765881162.7255335,2025-12-16 10:32:42,test,0.616371,1,0.662458,1,0,0
1765881174.9317887,2025-12-16 10:32:54,test,0.618579,1,0.661275,1,0,0
1765881187.134714,2025-12-16 10:33:07,test,0.623018,1,0.657738,1,0,1
1765881199.3855226,2025-12-16 10:33:19,test,0.623018,1,0.656954,1,0,0
1765881211.600241,2025-12-16 10:33:31,test,0.624133,1,0.660881,1,0,0
1765881223.8510604,2025-12-16 10:33:43,test,0.627116,1,0.662064,1,0,0
1765881236.0460718,2025-12-16 10:33:56,test,0.630113,1,0.662458,1,0,1
1765881248.2503927,2025-12-16 10:34:08,test,0.63124,1,0.644161,1,0,0
1765881260.4344132,2025-12-16 10:34:20,test,0.635013,1,0.662853,1,0,1
1765881272.6564746,2025-12-16 10:34:32,test,0.633501,1,0.664831,1,0,1
1765881284.9364936,2025-12-16 10:34:44,test,0.634635,1,0.666418,1,0,1
1765881297.093166,2025-12-16 10:34:57,test,0.634635,1,0.669603,1,0,0
1765881309.3045104,2025-12-16 10:35:09,test,0.633501,1,0.670401,1,0,1
1765881321.49986,2025-12-16 10:35:21,test,0.636908,1,0.670401,1,0,0
1765881333.7085,2025-12-16 10:35:33,test,0.634257,1,0.669603,1,0,1
1765881345.943432,2025-12-16 10:35:45,test,0.638428,1,0.672803,1,0,1
1765881358.1644332,2025-12-16 10:35:58,test,0.63615,1,0.670002,1,0,0
1765881370.3795037,2025-12-16 10:36:10,test,0.631616,1,0.668407,1,0,0
1765881382.5901964,2025-12-16 10:36:22,test,0.628238,1,0.668805,1,0,1
1765881394.7902029,2025-12-16 10:36:34,test,0.62749,1,0.657346,1,0,1
1765881406.9920142,2025-12-16 10:36:46,test,0.630864,1,0.669603,1,0,0
1765881419.223052,2025-12-16 10:36:59,test,0.628612,1,0.671201,1,0,1
1765881431.4394,2025-12-16 10:37:11,test,0.625996,1,0.670801,1,0,1
1765881443.6539845,2025-12-16 10:37:23,test,0.625996,1,0.665228,1,0,0
1765881455.869878,2025-12-16 10:37:35,test,0.62749,1,0.660094,1,0,0
1765881468.063461,2025-12-16 10:37:48,test,0.628238,1,0.667213,1,0,0
1765881480.2708428,2025-12-16 10:38:00,test,0.627864,1,0.666815,1,0,0
1765881492.4791987,2025-12-16 10:38:12,test,0.625623,1,0.671601,1,0,0
1765881504.7047343,2025-12-16 10:38:24,test,0.621905,1,0.674007,1,0,1
1765881516.907266,2025-12-16 10:38:36,test,0.626369,1,0.676018,1,0,1
1765881529.1107697,2025-12-16 10:38:49,test,0.62525,1,0.675615,1,0,0
1765881541.3419008,2025-12-16 10:39:01,test,0.62525,1,0.681276,1,0,0
1765881553.530677,2025-12-16 10:39:13,test,0.624505,1,0.684124,1,0,1
1765881565.7261293,2025-12-16 10:39:25,test,0.627116,1,0.685348,1,0,1
1765881577.9512222,2025-12-16 10:39:37,test,0.626369,1,0.684124,1,0,0
1765881590.162889,2025-12-16 10:39:50,test,0.626369,1,0.685348,1,0,0
1765881602.380792,2025-12-16 10:40:02,test,0.627116,1,0.683716,1,0,0
1765881614.579962,2025-12-16 10:40:14,test,0.629737,1,0.679654,1,0,0
1765881626.7914972,2025-12-16 10:40:26,test,0.629737,1,0.673605,1,0,0
1765881639.000576,2025-12-16 10:40:39,test,0.623761,1,0.662853,1,0,1
1765881651.2126648,2025-12-16 10:40:51,test,0.630864,1,0.680059,1,0,0
1765881663.4206734,2025-12-16 10:41:03,test,0.630488,1,0.679249,1,0,1
1765881675.6057594,2025-12-16 10:41:15,test,0.629362,1,0.677228,1,0,0
1765881687.8111863,2025-12-16 10:41:27,test,0.623018,1,0.671201,1,0,0
1765881700.0036416,2025-12-16 10:41:40,test,0.617842,1,0.666815,1,0,1
1765881712.2047544,2025-12-16 10:41:52,test,0.616738,1,0.667213,1,0,0
1765881724.3752651,2025-12-16 10:42:04,test,0.620794,1,0.666021,1,0,1
1765881736.589529,2025-12-16 10:42:16,test,0.620055,1,0.665624,1,0,0
1765881748.798504,2025-12-16 10:42:28,test,0.621535,1,0.664831,1,0,1
1765881761.007686,2025-12-16 10:42:41,test,0.618579,1,0.66404,1,0,1
1765881773.2504587,2025-12-16 10:42:53,test,0.61821,1,0.662458,1,0,0
1765881785.4220688,2025-12-16 10:43:05,test,0.617842,1,0.661275,1,0,0
1765881797.5989609,2025-12-16 10:43:17,test,0.617106,1,0.661275,1,0,0
1765881809.843555,2025-12-16 10:43:29,test,0.617106,1,0.660094,1,0,1
1765881822.0618346,2025-12-16 10:43:42,test,0.616004,1,0.657738,1,0,0
1765881834.314133,2025-12-16 10:43:54,test,0.617106,1,0.65539,1,0,1
1765881846.464794,2025-12-16 10:44:06,test,0.615637,1,0.656172,1,0,1
1765881858.6268792,2025-12-16 10:44:18,test,0.61527,1,0.657738,1,0,0
1765881870.8461454,2025-12-16 10:44:30,test,0.616371,1,0.656563,1,0,0
1765881883.074111,2025-12-16 10:44:43,test,0.617474,1,0.65344,1,0,0
1765881895.2851648,2025-12-16 10:44:55,test,0.620425,1,0.65461,1,0,1
1765881907.520315,2025-12-16 10:45:07,test,0.621905,1,0.658522,1,0,1
1765881919.7310414,2025-12-16 10:45:19,test,0.616371,1,0.640715,1,0,0
1765881931.951536,2025-12-16 10:45:31,test,0.62525,1,0.655781,1,0,0
1765881944.1733181,2025-12-16 10:45:44,test,0.625623,1,0.660487,1,0,0
1765881956.387642,2025-12-16 10:45:56,test,0.626369,1,0.658522,1,0,1
1765881968.589173,2025-12-16 10:46:08,test,0.626742,1,0.660487,1,0,1
1765881980.754122,2025-12-16 10:46:20,test,0.627116,1,0.666418,1,0,0
1765881992.961299,2025-12-16 10:46:32,test,0.628612,1,0.663644,1,0,1
1765882005.1964912,2025-12-16 10:46:45,test,0.630864,1,0.664831,1,0,0
1765882017.3891573,2025-12-16 10:46:57,test,0.629362,1,0.667611,1,0,0
1765882029.5728858,2025-12-16 10:47:09,test,0.630864,1,0.669603,1,0,1
1765882041.815866,2025-12-16 10:47:21,test,0.631993,1,0.669204,1,0,1
1765882054.0404072,2025-12-16 10:47:34,test,0.634635,1,0.670002,1,0,0
1765882066.2414594,2025-12-16 10:47:46,test,0.633501,1,0.661669,1,0,0
1765882078.412867,2025-12-16 10:47:58,test,0.629362,1,0.672803,1,0,1
1765882090.633246,2025-12-16 10:48:10,test,0.626742,1,0.670002,1,0,1
1765882102.812203,2025-12-16 10:48:22,test,0.626742,1,0.668805,1,0,0
1765882115.0112352,2025-12-16 10:48:35,test,0.626742,1,0.668805,1,0,1
1765882127.2148201,2025-12-16 10:48:47,test,0.626742,1,0.669603,1,0,0
1765882139.4106107,2025-12-16 10:48:59,test,0.623018,1,0.670401,1,0,1
1765882151.6308942,2025-12-16 10:49:11,test,0.62525,1,0.668407,1,0,0
1765882163.8066385,2025-12-16 10:49:23,test,0.626742,1,0.66404,1,0,1
1765882176.0147378,2025-12-16 10:49:36,test,0.628238,1,0.661275,1,0,0
1765882188.219302,2025-12-16 10:49:48,test,0.631616,1,0.664831,1,0,0
1765882200.4200802,2025-12-16 10:50:00,test,0.625996,1,0.65072,1,0,0
1765882212.6085138,2025-12-16 10:50:12,test,0.629362,1,0.670401,1,0,1
1765882224.8142729,2025-12-16 10:50:24,test,0.628987,1,0.671601,1,0,1
1765882237.0272498,2025-12-16 10:50:37,test,0.631993,1,0.673204,1,0,0
1765882249.2512836,2025-12-16 10:50:49,test,0.63124,1,0.674007,1,0,0
1765882261.4433713,2025-12-16 10:51:01,test,0.631993,1,0.67844,1,0,1
1765882273.6049142,2025-12-16 10:51:13,test,0.631616,1,0.681276,1,0,0
1765882285.794277,2025-12-16 10:51:25,test,0.633501,1,0.682495,1,0,0
1765882297.993867,2025-12-16 10:51:37,test,0.634257,1,0.682495,1,0,1
1765882310.2026134,2025-12-16 10:51:50,test,0.630488,1,0.671601,1,0,0
1765882322.432278,2025-12-16 10:52:02,test,0.636908,1,0.674811,1,0,0
1765882334.6483188,2025-12-16 10:52:14,test,0.635392,1,0.667213,1,0,0
1765882346.8159711,2025-12-16 10:52:26,test,0.633124,1,0.657738,1,0,0
1765882358.995618,2025-12-16 10:52:38,test,0.638809,1,0.676018,1,0,0
1765882371.210426,2025-12-16 10:52:51,test,0.638809,1,0.676018,1,0,0
1765882383.4253953,2025-12-16 10:53:03,test,0.638809,1,0.673204,1,0,0
1765882395.6527214,2025-12-16 10:53:15,test,0.634635,1,0.668407,1,0,0
1765882407.8809075,2025-12-16 10:53:27,test,0.631993,1,0.664435,1,0,1
1765882420.14395,2025-12-16 10:53:40,test,0.62749,1,0.663644,1,0,1
1765882432.3492715,2025-12-16 10:53:52,test,0.627864,1,0.662458,1,0,1
1765882444.5410366,2025-12-16 10:54:04,test,0.624133,1,0.647625,1,0,0
1765882456.7365794,2025-12-16 10:54:16,test,0.624505,1,0.646468,1,0,0
1765882468.945841,2025-12-16 10:54:28,test,0.624877,1,0.661669,1,0,0
1765882481.1517563,2025-12-16 10:54:41,test,0.624133,1,0.657346,1,0,0
1765882493.3572292,2025-12-16 10:54:53,test,0.624505,1,0.657346,1,0,0
1765882505.5641565,2025-12-16 10:55:05,test,0.622276,1,0.65461,1,0,1
1765882517.7462413,2025-12-16 10:55:17,test,0.620425,1,0.656172,1,0,1
1765882529.9696052,2025-12-16 10:55:29,test,0.620055,1,0.655,1,0,0
1765882542.1760468,2025-12-16 10:55:42,test,0.619686,1,0.656172,1,0,0
1765882554.4273255,2025-12-16 10:55:54,test,0.623018,1,0.655,1,0,0
1765882566.6375778,2025-12-16 10:56:06,test,0.619316,1,0.655781,1,0,1
1765882578.8283894,2025-12-16 10:56:18,test,0.621535,1,0.65383,1,0,0
1765882591.0348122,2025-12-16 10:56:31,test,0.621535,1,0.65461,1,0,0
1765882603.2397754,2025-12-16 10:56:43,test,0.621535,1,0.657346,1,0,0
1765882615.447103,2025-12-16 10:56:55,test,0.622276,1,0.656172,1,0,0
1765882627.6478376,2025-12-16 10:57:07,test,0.621535,1,0.655781,1,0,0
1765882639.8372223,2025-12-16 10:57:19,test,0.621535,1,0.656563,1,0,1
1765882652.048498,2025-12-16 10:57:32,test,0.620055,1,0.659308,1,0,0
1765882664.2721546,2025-12-16 10:57:44,test,0.62339,1,0.655781,1,0,0
1765882676.5347614,2025-12-16 10:57:56,test,0.623761,1,0.662458,1,0,0
1765882688.759941,2025-12-16 10:58:08,test,0.624505,1,0.662458,1,0,1
1765882700.9781818,2025-12-16 10:58:20,test,0.62525,1,0.649945,1,0,0
1765882713.1866345,2025-12-16 10:58:33,test,0.627864,1,0.666021,1,0,0
1765882725.3873763,2025-12-16 10:58:45,test,0.629362,1,0.668407,1,0,1
1765882737.5886152,2025-12-16 10:58:57,test,0.633501,1,0.669204,1,0,0
1765882749.7919106,2025-12-16 10:59:09,test,0.637288,1,0.672803,1,0,0
1765882761.9675863,2025-12-16 10:59:21,test,0.637288,1,0.671601,1,0,1
1765882774.2030385,2025-12-16 10:59:34,test,0.63124,1,0.669204,1,0,1
1765882786.3829782,2025-12-16 10:59:46,test,0.626742,1,0.668009,1,0,1
1765882798.587969,2025-12-16 10:59:58,test,0.626369,1,0.656954,1,0,1
1765882810.7831435,2025-12-16 11:00:10,test,0.627864,1,0.667213,1,0,1
1765882822.9606314,2025-12-16 11:00:22,test,0.62749,1,0.657346,1,0,1
1765882835.124049,2025-12-16 11:00:35,test,0.627864,1,0.666815,1,0,1
1765882847.3133569,2025-12-16 11:00:47,test,0.623761,1,0.65422,1,0,0
1765882859.4994032,2025-12-16 11:00:59,test,0.623761,1,0.666815,1,0,0
1765882871.682041,2025-12-16 11:01:11,test,0.623761,1,0.661669,1,0,1
1765882883.8893359,2025-12-16 11:01:23,test,0.624133,1,0.66404,1,0,1
1765882896.122803,2025-12-16 11:01:36,test,0.621905,1,0.664831,1,0,1
1765882908.2982242,2025-12-16 11:01:48,test,0.61821,1,0.671201,1,0,0
1765882920.504298,2025-12-16 11:02:00,test,0.622276,1,0.673605,1,0,0
1765882932.7213705,2025-12-16 11:02:12,test,0.629362,1,0.668805,1,0,0
1765882944.937321,2025-12-16 11:02:24,test,0.625996,1,0.65539,1,0,0
1765882957.1655662,2025-12-16 11:02:37,test,0.638809,1,0.66404,1,0,0
1765882969.3839712,2025-12-16 11:02:49,test,0.640715,1,0.665624,1,0,0
1765882981.5942912,2025-12-16 11:03:01,test,0.642244,1,0.666815,1,0,0
1765882993.7832184,2025-12-16 11:03:13,test,0.647239,1,0.665624,1,0,0
1765883006.0185547,2025-12-16 11:03:26,test,0.648397,1,0.670801,1,0,0
1765883018.2396195,2025-12-16 11:03:38,test,0.65072,1,0.672001,1,0,0
1765883030.484014,2025-12-16 11:03:50,test,0.629737,1,0.645698,1,0,0
1765883042.6841366,2025-12-16 11:04:02,test,0.645314,1,0.657738,1,0,0
1765891218.9859118,2025-12-16 13:20:18,test,0.598276,1,0.570422,0,0,0
1765891258.7863193,2025-12-16 13:20:58,test,0.597207,1,0.571102,0,0,1
1765891270.9837904,2025-12-16 13:21:10,test,0.599346,1,0.576917,0,0,0
1765891283.1969347,2025-12-16 13:21:23,test,0.602929,1,0.582098,0,0,1
1765891295.4027903,2025-12-16 13:21:35,test,0.607256,1,0.587324,0,0,0
1765891307.597765,2025-12-16 13:21:47,test,0.610158,1,0.592598,0,0,0
1765891319.780135,2025-12-16 13:21:59,test,0.612708,1,0.604007,0,0,0
1765891331.9678557,2025-12-16 13:22:11,test,0.628238,1,0.623761,0,0,0
1765891344.1883092,2025-12-16 13:22:24,test,0.597919,1,0.559313,0,0,0
1765891356.4032001,2025-12-16 13:22:36,test,0.600061,1,0.554997,0,0,1
1765891368.6281848,2025-12-16 13:22:48,test,0.628238,1,0.606894,0,0,0
1765891380.8521714,2025-12-16 13:23:00,test,0.606171,1,0.561986,0,0,1
1765891393.035767,2025-12-16 13:23:13,test,0.605449,1,0.561986,0,0,0
1765891405.239581,2025-12-16 13:23:25,test,0.591187,1,0.549403,0,0,0
1765891417.4498968,2025-12-16 13:23:37,test,0.588025,1,0.543217,0,0,0
1765891429.6503067,2025-12-16 13:23:49,test,0.585577,1,0.539989,0,0,1
1765891441.9053848,2025-12-16 13:24:01,test,0.587674,1,0.539346,0,0,0
1765891454.077974,2025-12-16 13:24:14,test,0.583835,1,0.539346,0,0,0
1765891466.284383,2025-12-16 13:24:26,test,0.583139,1,0.538062,0,0,1
1765891478.4964695,2025-12-16 13:24:38,test,0.61821,1,0.59614,0,0,0
1765891490.699487,2025-12-16 13:24:50,test,0.584531,1,0.534546,0,0,0
1765891502.9260793,2025-12-16 13:25:02,test,0.583139,1,0.531053,0,0,1
1765891515.133493,2025-12-16 13:25:15,test,0.58002,1,0.532004,0,0,0
1765891527.3327184,2025-12-16 13:25:27,test,0.580366,1,0.535503,0,0,0
1765891539.5220156,2025-12-16 13:25:39,test,0.575544,1,0.53137,0,0,0
1765891551.75994,2025-12-16 13:25:51,test,0.57795,1,0.535503,0,0,0
1765891563.9595647,2025-12-16 13:26:03,test,0.575201,1,0.533273,0,0,0
1765891576.1924765,2025-12-16 13:26:16,test,0.575201,1,0.532321,0,0,0
1765891588.4081082,2025-12-16 13:26:28,test,0.575201,1,0.535503,0,0,1
1765891600.6303778,2025-12-16 13:26:40,test,0.57623,1,0.541278,0,0,1
1765891612.841255,2025-12-16 13:26:52,test,0.572806,1,0.543541,0,0,1
1765891625.0505629,2025-12-16 13:27:05,test,0.575887,1,0.540311,0,0,0
1765891637.2637923,2025-12-16 13:27:17,test,0.575887,1,0.539989,0,0,1
1765891649.4701304,2025-12-16 13:27:29,test,0.57795,1,0.537421,0,0,1
1765891661.673509,2025-12-16 13:27:41,test,0.57795,1,0.539989,0,0,1
1765891673.8639483,2025-12-16 13:27:53,test,0.580712,1,0.538062,0,0,0
1765891686.0788548,2025-12-16 13:28:06,test,0.584183,1,0.540311,0,0,0
1765891698.2874177,2025-12-16 13:28:18,test,0.590131,1,0.54257,0,0,1
1765891710.502067,2025-12-16 13:28:30,test,0.588726,1,0.540633,0,0,1
1765891722.7296338,2025-12-16 13:28:42,test,0.586625,1,0.542246,0,0,0
1765891734.920399,2025-12-16 13:28:54,test,0.590483,1,0.553675,0,0,0
1765891747.125696,2025-12-16 13:29:07,test,0.587324,1,0.557649,0,0,0
1765891759.317151,2025-12-16 13:29:19,test,0.592598,1,0.557649,0,0,1
1765891771.5196667,2025-12-16 13:29:31,test,0.594366,1,0.559647,0,0,0
1765891783.737494,2025-12-16 13:29:43,test,0.591187,1,0.560982,0,0,0
1765891795.9561791,2025-12-16 13:29:55,test,0.58978,1,0.557317,0,0,0
1765891808.2135189,2025-12-16 13:30:08,test,0.59543,1,0.564335,0,0,0
1765891820.4102583,2025-12-16 13:30:20,test,0.598632,1,0.568047,0,0,1
1765891832.594933,2025-12-16 13:30:32,test,0.628238,1,0.621905,0,0,0
1765891844.8203459,2025-12-16 13:30:44,test,0.597919,1,0.56602,0,0,0
1765891857.0313404,2025-12-16 13:30:57,test,0.588375,1,0.564335,0,0,0
1765891869.3600326,2025-12-16 13:31:09,test,0.59154,1,0.564672,0,0,0
1765891881.5641294,2025-12-16 13:31:21,test,0.61821,1,0.601493,0,0,0
1765891893.76221,2025-12-16 13:31:33,test,0.596496,1,0.56602,0,0,1
1765891905.9690444,2025-12-16 13:31:45,test,0.592245,1,0.566695,0,0,0
1765891918.195418,2025-12-16 13:31:58,test,0.585228,1,0.564335,0,0,0
1765891930.3837037,2025-12-16 13:32:10,test,0.59154,1,0.558314,0,0,0
1765891942.567729,2025-12-16 13:32:22,test,0.616371,1,0.597919,0,0,1
1765891954.773104,2025-12-16 13:32:34,test,0.585228,1,0.557317,0,0,0
1765891966.9873376,2025-12-16 13:32:46,test,0.585228,1,0.556321,0,0,0
1765891979.2000659,2025-12-16 13:32:59,test,0.584183,1,0.554666,0,0,0
1765891991.4071474,2025-12-16 13:33:11,test,0.590483,1,0.560314,0,0,0
1765892003.558559,2025-12-16 13:33:23,test,0.59614,1,0.56602,0,0,0
1765892015.712726,2025-12-16 13:33:35,test,0.594012,1,0.572465,0,0,0
1765892027.924286,2025-12-16 13:33:47,test,0.598276,1,0.575887,0,0,0
1765892040.12227,2025-12-16 13:34:00,test,0.60798,1,0.587674,0,0,0
1765892052.3263173,2025-12-16 13:34:12,test,0.610158,1,0.592951,0,0,1
1765892064.5340164,2025-12-16 13:34:24,test,0.610158,1,0.594721,0,0,0
1765892076.7701523,2025-12-16 13:34:36,test,0.630113,1,0.628612,0,0,0
1765892088.9729037,2025-12-16 13:34:48,test,0.600419,1,0.577261,0,0,0
1765892101.169152,2025-12-16 13:35:01,test,0.591187,1,0.554006,0,0,0
1765892113.3599398,2025-12-16 13:35:13,test,0.596496,1,0.554006,0,0,0
1765892125.5775483,2025-12-16 13:35:25,test,0.601493,1,0.556653,0,0,0
1765892137.7851417,2025-12-16 13:35:37,test,0.630113,1,0.603288,0,0,1
1765892149.9969356,2025-12-16 13:35:49,test,0.592598,1,0.554666,0,0,0
1765892162.2070587,2025-12-16 13:36:02,test,0.587674,1,0.542893,0,0,0
1765892174.4361646,2025-12-16 13:36:14,test,0.583487,1,0.534865,0,0,0
1765892186.6762578,2025-12-16 13:36:26,test,0.579329,1,0.532321,0,0,0
1765892198.8904846,2025-12-16 13:36:38,test,0.582445,1,0.532004,0,0,1
1765892211.1080384,2025-12-16 13:36:51,test,0.581058,1,0.533273,0,0,0
1765892223.3190346,2025-12-16 13:37:03,test,0.57623,1,0.528213,0,0,0
1765892235.5047262,2025-12-16 13:37:15,test,0.577605,1,0.53137,0,0,0
1765892247.747113,2025-12-16 13:37:27,test,0.578294,1,0.521954,0,0,0
1765892259.9542303,2025-12-16 13:37:39,test,0.579329,1,0.526641,0,0,0
1765892272.1583178,2025-12-16 13:37:52,test,0.610158,1,0.573148,0,0,0
1765892284.3425617,2025-12-16 13:38:04,test,0.576917,1,0.528213,0,0,0
1765892296.5450776,2025-12-16 13:38:16,test,0.574516,1,0.526327,0,0,0
1765892308.738808,2025-12-16 13:38:28,test,0.575201,1,0.5232,0,0,0
1765892320.9437556,2025-12-16 13:38:40,test,0.571102,1,0.519472,0,0,0
1765892333.1753583,2025-12-16 13:38:53,test,0.569403,1,0.518235,0,0,0
1765892345.3725398,2025-12-16 13:39:05,test,0.571442,1,0.524136,0,0,1
1765892357.561487,2025-12-16 13:39:17,test,0.569742,1,0.527584,0,0,1
1765892369.7715864,2025-12-16 13:39:29,test,0.570422,1,0.528213,0,0,0
1765892381.9766324,2025-12-16 13:39:41,test,0.572465,1,0.528528,0,0,0
1765892394.1756623,2025-12-16 13:39:54,test,0.573148,1,0.530737,0,0,0
1765892406.3804688,2025-12-16 13:40:06,test,0.573489,1,0.527584,0,0,0
1765892418.5634928,2025-12-16 13:40:18,test,0.572124,1,0.526014,0,0,1
1765892430.734126,2025-12-16 13:40:30,test,0.577605,1,0.529158,0,0,0
1765892442.9101515,2025-12-16 13:40:42,test,0.573831,1,0.528213,0,0,0
1765892455.1061099,2025-12-16 13:40:55,test,0.580712,1,0.532321,0,0,1
1765892467.313557,2025-12-16 13:41:07,test,0.577261,1,0.534228,0,0,1
1765892479.5567493,2025-12-16 13:41:19,test,0.58002,1,0.531053,0,0,0
1765892491.7899883,2025-12-16 13:41:31,test,0.582445,1,0.536141,0,0,0
1765892503.9909382,2025-12-16 13:41:43,test,0.582445,1,0.543217,0,0,0
1765892516.1928005,2025-12-16 13:41:56,test,0.583487,1,0.549075,0,0,0
1765892528.4072394,2025-12-16 13:42:08,test,0.579674,1,0.547442,0,0,0
1765892540.623999,2025-12-16 13:42:20,test,0.580366,1,0.551371,0,0,1
1765892552.844054,2025-12-16 13:42:32,test,0.57623,1,0.544838,0,0,0
1765892565.0261416,2025-12-16 13:42:45,test,0.579329,1,0.552357,0,0,0
1765892577.2288878,2025-12-16 13:42:57,test,0.580366,1,0.551699,0,0,0
1765892589.4392478,2025-12-16 13:43:09,test,0.624505,1,0.602569,0,0,0
1765892601.6568503,2025-12-16 13:43:21,test,0.592598,1,0.562656,0,0,0
1765892613.8627863,2025-12-16 13:43:33,test,0.592598,1,0.56602,0,0,1
1765892626.11705,2025-12-16 13:43:46,test,0.588375,1,0.587324,0,0,0
1765892638.354719,2025-12-16 13:43:58,test,0.578984,1,0.557317,0,0,1
1765892650.5413604,2025-12-16 13:44:10,test,0.579674,1,0.55599,0,0,0
1765892662.7216911,2025-12-16 13:44:22,test,0.584183,1,0.560314,0,0,0
1765892674.9241018,2025-12-16 13:44:34,test,0.585228,1,0.561651,0,0,0
1765892687.1404345,2025-12-16 13:44:47,test,0.587674,1,0.560314,0,0,0
1765892699.352635,2025-12-16 13:44:59,test,0.594012,1,0.569742,0,0,1
1765892711.5649426,2025-12-16 13:45:11,test,0.588375,1,0.563999,0,0,0
1765892723.760944,2025-12-16 13:45:23,test,0.583835,1,0.557982,0,0,1
1765892735.9658506,2025-12-16 13:45:35,test,0.586275,1,0.548421,0,0,0
1765892748.1726005,2025-12-16 13:45:48,test,0.585577,1,0.543541,0,0,0
1765892760.400289,2025-12-16 13:46:00,test,0.612343,1,0.595785,0,0,1
1765892772.599223,2025-12-16 13:46:12,test,0.586625,1,0.554006,0,0,0
1765892784.8382201,2025-12-16 13:46:24,test,0.591187,1,0.557649,0,0,1
1765892797.0490124,2025-12-16 13:46:37,test,0.619686,1,0.602569,0,0,0
1765892809.260039,2025-12-16 13:46:49,test,0.592951,1,0.561317,0,0,0
1765892821.4553854,2025-12-16 13:47:01,test,0.59543,1,0.563663,0,0,0
1765892833.657634,2025-12-16 13:47:13,test,0.607618,1,0.582098,0,0,0
1765892845.8615704,2025-12-16 13:47:25,test,0.610885,1,0.585926,0,0,0
1765892858.0653582,2025-12-16 13:47:38,test,0.633124,1,0.620425,0,0,1
1765892870.2700584,2025-12-16 13:47:50,test,0.614903,1,0.602929,0,0,0
1765892882.4703507,2025-12-16 13:48:02,test,0.598632,1,0.572124,0,0,0
1765892894.8900113,2025-12-16 13:48:14,test,0.594012,1,0.556321,0,0,0
1765892907.1230798,2025-12-16 13:48:27,test,0.596851,1,0.557982,0,0,1
1765892919.3219972,2025-12-16 13:48:39,test,0.601852,1,0.562992,0,0,1
1765892931.566086,2025-12-16 13:48:51,test,0.601493,1,0.563663,0,0,0
1765892943.7901492,2025-12-16 13:49:03,test,0.600777,1,0.563327,0,0,1
1765892955.988984,2025-12-16 13:49:15,test,0.593305,1,0.552028,0,0,0
1765892968.1922774,2025-12-16 13:49:28,test,0.586974,1,0.544513,0,0,0
1765892980.3952456,2025-12-16 13:49:40,test,0.587324,1,0.536461,0,0,0
1765892992.5844004,2025-12-16 13:49:52,test,0.583835,1,0.538383,0,0,0
1765893004.7887816,2025-12-16 13:50:04,test,0.586275,1,0.535503,0,0,0
1765893016.9751565,2025-12-16 13:50:16,test,0.581404,1,0.532956,0,0,1
1765893029.1905441,2025-12-16 13:50:29,test,0.618579,1,0.585577,0,0,0
1765893041.4073098,2025-12-16 13:50:41,test,0.583835,1,0.532004,0,0,0
1765893053.5902703,2025-12-16 13:50:53,test,0.583139,1,0.534546,0,0,0
1765893065.800752,2025-12-16 13:51:05,test,0.579329,1,0.536141,0,0,0
1765893078.007849,2025-12-16 13:51:18,test,0.579674,1,0.535184,0,0,0
1765893090.2670772,2025-12-16 13:51:30,test,0.579674,1,0.536781,0,0,0
1765893102.477973,2025-12-16 13:51:42,test,0.576574,1,0.534546,0,0,1
1765893114.6999552,2025-12-16 13:51:54,test,0.570762,1,0.530737,0,0,0
1765893126.8996465,2025-12-16 13:52:06,test,0.568047,1,0.531687,0,0,0
1765893139.0914688,2025-12-16 13:52:19,test,0.572465,1,0.539346,0,0,1
1765893151.2804632,2025-12-16 13:52:31,test,0.60581,1,0.583835,0,0,0
1765893163.4872184,2025-12-16 13:52:43,test,0.575887,1,0.537101,0,0,0
1765893175.6870668,2025-12-16 13:52:55,test,0.570762,1,0.532638,0,0,0
1765893187.8941183,2025-12-16 13:53:07,test,0.567709,1,0.534546,0,0,0
1765893200.0950596,2025-12-16 13:53:20,test,0.573831,1,0.535503,0,0,0
1765893212.3069782,2025-12-16 13:53:32,test,0.569064,1,0.537101,0,0,0
1765893224.4843795,2025-12-16 13:53:44,test,0.566695,1,0.529789,0,0,0
1765893236.6533287,2025-12-16 13:53:56,test,0.571783,1,0.532956,0,0,0
1765893248.8591354,2025-12-16 13:54:08,test,0.570422,1,0.536141,0,0,0
1765893261.0788608,2025-12-16 13:54:21,test,0.570422,1,0.535184,0,0,0
1765893273.28275,2025-12-16 13:54:33,train,0.570762,1,0.543541,0,0,0
1765893285.4971232,2025-12-16 13:54:45,train,0.571442,1,0.554006,0,0,0
1765893297.7370377,2025-12-16 13:54:57,train,0.573489,1,0.546138,0,0,0
1765893309.940917,2025-12-16 13:55:09,train,0.564672,1,0.551699,0,0,0
1765893322.1449177,2025-12-16 13:55:22,train,0.568386,1,0.550714,0,0,1
1765893334.3701334,2025-12-16 13:55:34,train,0.604728,1,0.598632,0,0,0
1765893346.5911827,2025-12-16 13:55:46,train,0.578639,1,0.562321,0,0,0
1765893358.7882376,2025-12-16 13:55:58,train,0.584183,1,0.565345,0,0,0
1765893370.9955907,2025-12-16 13:56:10,train,0.581751,1,0.574173,0,0,0
1765893383.2033496,2025-12-16 13:56:23,train,0.588375,1,0.576574,0,0,0
1765893395.3936405,2025-12-16 13:56:35,train,0.571783,1,0.566357,0,0,0
1765893407.5984266,2025-12-16 13:56:47,train,0.579329,1,0.562321,0,0,1
1765893419.806444,2025-12-16 13:56:59,train,0.578984,1,0.558314,0,0,1
1765893431.9984956,2025-12-16 13:57:11,train,0.586974,1,0.564335,0,0,0
1765893444.2083328,2025-12-16 13:57:24,train,0.582792,1,0.570762,0,0,0
1765893456.4039085,2025-12-16 13:57:36,train,0.58002,1,0.565682,0,0,0
1765893468.6159844,2025-12-16 13:57:48,train,0.577261,1,0.563999,0,0,1
1765893480.8203776,2025-12-16 13:58:00,train,0.573489,1,0.551371,0,0,0
1765893493.018027,2025-12-16 13:58:13,train,0.576574,1,0.556321,0,0,1
1765893505.222343,2025-12-16 13:58:25,train,0.573148,1,0.554336,0,0,0
1765893517.4292777,2025-12-16 13:58:37,train,0.609068,1,0.599703,0,0,0
1765893529.6464252,2025-12-16 13:58:49,train,0.585926,1,0.566357,0,0,0
1765893541.8687105,2025-12-16 13:59:01,train,0.585228,1,0.561317,0,0,0
1765893554.061293,2025-12-16 13:59:14,train,0.587324,1,0.567709,0,0,1
1765893566.270043,2025-12-16 13:59:26,train,0.582792,1,0.568725,0,0,1
1765893578.460762,2025-12-16 13:59:38,train,0.604728,1,0.579674,0,0,0
1765893590.65113,2025-12-16 13:59:50,train,0.60581,1,0.585926,0,0,0
1765893602.8313823,2025-12-16 14:00:02,train,0.607618,1,0.597207,0,0,0
1765893615.0116372,2025-12-16 14:00:15,train,0.584879,1,0.568047,0,0,0
1765893627.2000837,2025-12-16 14:00:27,train,0.579674,1,0.550714,0,0,0
1765893639.376821,2025-12-16 14:00:39,train,0.610158,1,0.59614,0,0,1
1765893651.6009185,2025-12-16 14:00:51,train,0.583139,1,0.563999,0,0,1
1765893663.7768605,2025-12-16 14:01:03,train,0.583487,1,0.56602,0,0,0
1765893675.982128,2025-12-16 14:01:15,train,0.614903,1,0.603648,0,0,0
1765893688.2008424,2025-12-16 14:01:28,train,0.575887,1,0.553016,0,0,0
1765893700.4654853,2025-12-16 14:01:40,train,0.567032,1,0.544189,0,0,0
1765893712.6915753,2025-12-16 14:01:52,train,0.608342,1,0.587324,0,0,0
1765893724.8848855,2025-12-16 14:02:04,train,0.563663,1,0.543217,0,0,0
1765893737.0786817,2025-12-16 14:02:17,train,0.606171,1,0.590835,0,0,0
1765893749.3073041,2025-12-16 14:02:29,train,0.560648,1,0.542246,0,0,0
1765893761.5136783,2025-12-16 14:02:41,train,0.553675,1,0.533273,0,0,0
1765893773.7238154,2025-12-16 14:02:53,train,0.561986,1,0.537101,0,0,0
1765893785.9491715,2025-12-16 14:03:05,train,0.554336,1,0.530737,0,0,1
1765893798.125457,2025-12-16 14:03:18,train,0.604368,1,0.57795,0,0,0
1765893810.333989,2025-12-16 14:03:30,train,0.562321,1,0.532956,0,0,0
1765893822.5429535,2025-12-16 14:03:42,train,0.554006,1,0.536461,0,0,0
1765893834.7427852,2025-12-16 14:03:54,train,0.54973,1,0.526327,0,0,0
1765893846.9518201,2025-12-16 14:04:06,train,0.541278,1,0.521643,0,0,0
1765893859.1432822,2025-12-16 14:04:19,train,0.546789,1,0.522577,0,0,0
1765893871.3556395,2025-12-16 14:04:31,train,0.590835,1,0.570082,0,0,0
1765893883.5712647,2025-12-16 14:04:43,train,0.541278,1,0.517001,0,0,0
1765893895.789435,2025-12-16 14:04:55,train,0.539025,1,0.518853,0,0,0
1765893908.0020306,2025-12-16 14:05:08,train,0.544189,1,0.523512,0,0,0
1765893920.195418,2025-12-16 14:05:20,train,0.542893,1,0.514236,0,0,0
1765893932.4088295,2025-12-16 14:05:32,train,0.585926,1,0.565682,0,0,0
1765893944.6225486,2025-12-16 14:05:44,train,0.550386,1,0.517926,0,0,0
1765893956.833547,2025-12-16 14:05:56,train,0.545488,1,0.509963,0,0,0
1765893969.0183504,2025-12-16 14:06:09,train,0.547115,1,0.509052,0,0,0
1765893981.226453,2025-12-16 14:06:21,train,0.544189,1,0.512706,0,0,0
1765893993.429801,2025-12-16 14:06:33,train,0.548748,1,0.515463,0,0,0
1765894005.6191971,2025-12-16 14:06:45,train,0.547115,1,0.519472,0,0,0
1765894017.8270628,2025-12-16 14:06:57,train,0.551371,1,0.523824,0,0,0
1765894030.041422,2025-12-16 14:07:10,train,0.554666,1,0.524761,0,0,0
1765894042.251989,2025-12-16 14:07:22,train,0.552357,1,0.527584,0,0,0
1765894054.429705,2025-12-16 14:07:34,train,0.595075,1,0.57795,0,0,0
1765894066.641856,2025-12-16 14:07:46,train,0.566695,1,0.54257,0,0,0
1765894078.8684402,2025-12-16 14:07:58,train,0.56602,1,0.543541,0,0,0
1765894091.0714388,2025-12-16 14:08:11,train,0.598632,1,0.584879,0,0,0
1765894103.3004928,2025-12-16 14:08:23,train,0.602569,1,0.589077,0,0,0
1765894115.4830866,2025-12-16 14:08:35,train,0.574516,1,0.571102,0,0,0
1765894127.6890092,2025-12-16 14:08:47,train,0.600777,1,0.582445,0,0,0
1765894139.934002,2025-12-16 14:08:59,train,0.572465,1,0.560314,0,0,0
1765894152.1261172,2025-12-16 14:09:12,train,0.607618,1,0.586275,0,0,0
1765894164.31684,2025-12-16 14:09:24,train,0.574516,1,0.552357,0,0,0
1765894176.5013149,2025-12-16 14:09:36,train,0.573489,1,0.551371,0,0,0
1765894188.7348526,2025-12-16 14:09:48,train,0.568386,1,0.555659,0,0,0
1765894200.9457462,2025-12-16 14:10:00,train,0.596496,1,0.584879,0,0,0
1765894213.1270707,2025-12-16 14:10:13,train,0.566695,1,0.543217,0,0,0
1765894225.282264,2025-12-16 14:10:25,train,0.566695,1,0.535184,0,0,0
1765894237.450437,2025-12-16 14:10:37,train,0.562321,1,0.542893,0,0,0
1765894249.728747,2025-12-16 14:10:49,train,0.558314,1,0.537421,0,0,0
1765894261.9291494,2025-12-16 14:11:01,train,0.564672,1,0.545488,0,0,0
1765894274.147604,2025-12-16 14:11:14,train,0.570422,1,0.548748,0,0,0
1765894286.3438337,2025-12-16 14:11:26,train,0.572465,1,0.542246,0,0,0
1765894298.5303013,2025-12-16 14:11:38,train,0.545163,1,0.538383,0,0,0
1765894310.7995036,2025-12-16 14:11:50,train,0.599703,1,0.595075,0,0,0
1765894322.9936793,2025-12-16 14:12:02,train,0.601493,1,0.596496,0,0,0
1765894335.141476,2025-12-16 14:12:15,train,0.561986,1,0.54973,0,0,0
1765894347.3366647,2025-12-16 14:12:27,train,0.574173,1,0.573489,0,0,0
1765894359.6304798,2025-12-16 14:12:39,train,0.577261,1,0.575887,0,0,0
1765894371.8396146,2025-12-16 14:12:51,train,0.560314,1,0.530737,0,0,0
1765894384.0485559,2025-12-16 14:13:04,train,0.560982,1,0.521333,0,0,0
1765894396.2394075,2025-12-16 14:13:16,train,0.560314,1,0.514849,0,0,0
1765894408.4573557,2025-12-16 14:13:28,train,0.570082,1,0.521333,0,0,0
1765894420.6524827,2025-12-16 14:13:40,train,0.569064,1,0.510876,0,0,0
1765894432.8762825,2025-12-16 14:13:52,train,0.563663,1,0.513317,0,0,0
1765894445.0830283,2025-12-16 14:14:05,train,0.552686,1,0.506028,0,0,0
1765894457.2805026,2025-12-16 14:14:17,train,0.541601,1,0.498247,0,0,0
1765894469.48227,2025-12-16 14:14:29,train,0.541923,1,0.496469,0,0,0
1765894481.691745,2025-12-16 14:14:41,train,0.529473,1,0.485642,0,0,0
1765894493.8802097,2025-12-16 14:14:53,train,0.535184,1,0.494697,0,0,0
1765894506.1013563,2025-12-16 14:15:06,train,0.521954,1,0.480174,0,0,0
1765894518.2831683,2025-12-16 14:15:18,train,0.524761,1,0.485931,0,0,0
1765894530.4889753,2025-12-16 14:15:30,train,0.526327,1,0.480746,0,0,0
1765894542.688139,2025-12-16 14:15:42,train,0.519472,1,0.475901,0,0,0
1765894554.8822792,2025-12-16 14:15:54,train,0.514849,0,0.472791,0,0,0
1765894567.1052291,2025-12-16 14:16:07,train,0.51118,0,0.484197,0,0,0
1765894579.2472408,2025-12-16 14:16:19,train,0.520091,1,0.493225,0,0,0
1765894591.449597,2025-12-16 14:16:31,train,0.513929,0,0.481607,0,0,0
1765894603.661488,2025-12-16 14:16:43,train,0.517618,1,0.487091,0,0,0
1765894615.8635094,2025-12-16 14:16:55,train,0.513623,0,0.475334,0,0,0
1765894628.0716257,2025-12-16 14:17:08,train,0.514236,0,0.484485,0,0,0
1765894640.264863,2025-12-16 14:17:20,train,0.510571,0,0.476752,0,0,0
1765894652.4494233,2025-12-16 14:17:32,train,0.508446,0,0.475901,0,0,0
1765894664.6524146,2025-12-16 14:17:44,train,0.5232,1,0.479602,0,0,0
1765894676.8655412,2025-12-16 14:17:56,train,0.507538,0,0.468304,0,0,0
1765894689.0709531,2025-12-16 14:18:09,train,0.518853,1,0.475334,0,0,0
1765894701.2575018,2025-12-16 14:18:21,train,0.513929,0,0.472228,0,0,0
1765894713.4475853,2025-12-16 14:18:33,train,0.51179,0,0.471665,0,0,0
1765894725.6372452,2025-12-16 14:18:45,train,0.515156,0,0.473919,0,0,0
1765894737.7928417,2025-12-16 14:18:57,train,0.516078,0,0.473073,0,0,0
1765894750.019191,2025-12-16 14:19:10,train,0.513623,0,0.476752,0,0,0
1765894762.2228048,2025-12-16 14:19:22,train,0.515156,0,0.471947,0,0,0
1765894774.4380789,2025-12-16 14:19:34,train,0.512095,0,0.474485,0,0,0
1765894786.612198,2025-12-16 14:19:46,train,0.518544,1,0.480174,0,0,0
1765894798.8299778,2025-12-16 14:19:58,train,0.578984,1,0.554666,0,0,0
1765894811.0570796,2025-12-16 14:20:11,train,0.579329,1,0.55599,0,0,0
1765894823.2642753,2025-12-16 14:20:23,train,0.521022,1,0.485352,0,0,0
1765894835.490801,2025-12-16 14:20:35,train,0.517926,1,0.479602,0,0,0
1765894847.7011235,2025-12-16 14:20:47,train,0.526955,1,0.490294,0,0,0
1765894859.913249,2025-12-16 14:20:59,train,0.528528,1,0.494697,0,0,0
1765894872.1256723,2025-12-16 14:21:12,train,0.534228,1,0.492051,0,0,0
1765894884.3229456,2025-12-16 14:21:24,train,0.550058,1,0.526327,0,0,0
1765894896.5511122,2025-12-16 14:21:36,train,0.532004,1,0.483044,0,0,0
1765894908.7662838,2025-12-16 14:21:48,train,0.586275,1,0.546789,0,0,0
1765894921.0343976,2025-12-16 14:22:01,train,0.58002,1,0.551699,0,0,0
1765894933.241719,2025-12-16 14:22:13,train,0.544838,1,0.501225,0,0,0
1765894945.4415748,2025-12-16 14:22:25,train,0.543217,1,0.509963,0,0,0
1765894957.6401668,2025-12-16 14:22:37,train,0.576917,1,0.554006,0,0,0
1765894969.8716166,2025-12-16 14:22:49,train,0.526641,1,0.488544,0,0,0
1765894982.077568,2025-12-16 14:23:02,train,0.527269,1,0.497654,0,0,0
1765894994.2941315,2025-12-16 14:23:14,train,0.517926,1,0.485063,0,0,0
1765895006.500062,2025-12-16 14:23:26,train,0.525074,1,0.484774,0,0,0
1765895018.721751,2025-12-16 14:23:38,train,0.518235,1,0.496173,0,0,0
1765895030.9032447,2025-12-16 14:23:50,train,0.527584,1,0.487962,0,0,0
1765895043.101874,2025-12-16 14:24:03,train,0.535184,1,0.485352,0,0,0
1765895055.3049493,2025-12-16 14:24:15,train,0.521022,1,0.496469,0,0,0
1765895067.5147724,2025-12-16 14:24:27,train,0.576917,1,0.560982,0,0,0
1765895079.7256556,2025-12-16 14:24:39,train,0.581058,1,0.570082,0,0,0
1765895091.9255805,2025-12-16 14:24:51,train,0.536141,1,0.513011,0,0,0
1765895104.1332586,2025-12-16 14:25:04,train,0.540311,1,0.520401,0,0,0
1765895116.3115997,2025-12-16 14:25:16,train,0.548748,1,0.546789,0,0,0
1765895128.5302825,2025-12-16 14:25:28,train,0.538703,1,0.51118,0,0,0
1765895140.731451,2025-12-16 14:25:40,train,0.524761,1,0.477036,0,0,0
1765895152.9526422,2025-12-16 14:25:52,train,0.524761,1,0.475334,0,0,0
1765895165.152411,2025-12-16 14:26:05,train,0.533591,1,0.484485,0,0,0
1765895177.343822,2025-12-16 14:26:17,train,0.535822,1,0.498247,0,0,0
1765895189.5506146,2025-12-16 14:26:29,train,0.532004,1,0.491758,0,0,0
1765895201.7743082,2025-12-16 14:26:41,train,0.515156,0,0.476752,0,0,0
1765895213.9471352,2025-12-16 14:26:53,train,0.510876,0,0.459185,0,0,0
1765895226.1547148,2025-12-16 14:27:06,train,0.511485,0,0.465244,0,0,0
1765895238.3489423,2025-12-16 14:27:18,train,0.505425,0,0.460006,0,0,0
1765895250.5501912,2025-12-16 14:27:30,train,0.571442,1,0.540955,0,0,0
1765895262.7442226,2025-12-16 14:27:42,train,0.500628,0,0.462205,0,0,0
1765895274.9737341,2025-12-16 14:27:54,train,0.497061,0,0.455098,0,0,0
1765895287.1657662,2025-12-16 14:28:07,train,0.503321,0,0.454556,0,0,0
1765895299.370214,2025-12-16 14:28:19,train,0.49795,0,0.458364,0,0,0
1765895311.5847552,2025-12-16 14:28:31,train,0.500628,0,0.461929,0,0,0
1765895323.8105655,2025-12-16 14:28:43,train,0.496469,0,0.454285,0,0,0
1765895336.0420532,2025-12-16 14:28:56,train,0.500032,0,0.465522,0,0,0
1765895348.2349987,2025-12-16 14:29:08,train,0.487962,0,0.44917,0,0,0
1765895360.4957361,2025-12-16 14:29:20,train,0.488253,0,0.458364,0,0,0
1765895372.701944,2025-12-16 14:29:32,train,0.491758,0,0.457273,0,0,0
1765895384.9066622,2025-12-16 14:29:44,train,0.485931,0,0.453204,0,0,0
1765895397.0947626,2025-12-16 14:29:57,train,0.487672,0,0.448903,0,0,0
1765895409.276931,2025-12-16 14:30:09,train,0.48971,0,0.458638,0,0,0
1765895421.4588318,2025-12-16 14:30:21,train,0.484774,0,0.448903,0,0,0
1765895433.6520586,2025-12-16 14:30:33,train,0.488544,0,0.447301,0,0,0
1765895445.8553338,2025-12-16 14:30:45,train,0.497654,0,0.46386,0,0,0
1765895458.0407538,2025-12-16 14:30:58,train,0.482468,0,0.446236,0,0,0
1765895470.2802975,2025-12-16 14:31:10,train,0.486221,0,0.447301,0,0,0
1765895482.485826,2025-12-16 14:31:22,train,0.488544,0,0.447034,0,0,0
1765895494.689379,2025-12-16 14:31:34,train,0.493225,0,0.460555,0,0,0
1765895506.9095387,2025-12-16 14:31:46,train,0.562992,1,0.540311,0,0,0
1765895519.127787,2025-12-16 14:31:59,train,0.493225,0,0.461654,0,0,0
1765895531.3911057,2025-12-16 14:32:11,train,0.496469,0,0.462756,0,0,0
1765895543.5945506,2025-12-16 14:32:23,train,0.500927,0,0.461654,0,0,0
1765895555.8079221,2025-12-16 14:32:35,train,0.500032,0,0.462756,0,0,0
1765895568.0181737,2025-12-16 14:32:48,train,0.500927,0,0.462756,0,0,0
1765895580.2220073,2025-12-16 14:33:00,train,0.505124,0,0.467468,0,0,0
1765895592.4277923,2025-12-16 14:33:12,train,0.513317,0,0.468025,0,0,0
1765895604.6290383,2025-12-16 14:33:24,train,0.517001,1,0.474485,0,0,0
1765895616.8371542,2025-12-16 14:33:36,train,0.522577,1,0.473073,0,0,0
1765895629.0355117,2025-12-16 14:33:49,train,0.525074,1,0.494697,0,0,0
1765895641.2507548,2025-12-16 14:34:01,train,0.538062,1,0.497061,0,0,0
1765895653.445354,2025-12-16 14:34:13,train,0.519162,1,0.470262,0,0,0
1765895665.6383219,2025-12-16 14:34:25,train,0.515463,0,0.481033,0,0,0
1765895677.8434749,2025-12-16 14:34:37,train,0.5232,1,0.48132,0,0,0
1765895690.0524695,2025-12-16 14:34:50,train,0.529789,1,0.492344,0,0,0
1765895702.2657151,2025-12-16 14:35:02,train,0.521643,1,0.487672,0,0,0
1765895714.4521995,2025-12-16 14:35:14,train,0.514236,0,0.479888,0,0,0
1765895726.6341565,2025-12-16 14:35:26,train,0.509659,0,0.475617,0,0,0
1765895738.8316636,2025-12-16 14:35:38,train,0.510571,0,0.480174,0,0,0
1765895751.0368571,2025-12-16 14:35:51,train,0.507538,0,0.471665,0,0,0
1765895763.2725024,2025-12-16 14:36:03,train,0.502721,0,0.470542,0,0,0
1765895775.458854,2025-12-16 14:36:15,train,0.506933,0,0.475901,0,0,0
1765895787.6220489,2025-12-16 14:36:27,train,0.515156,0,0.463584,0,0,0
1765895799.8073394,2025-12-16 14:36:39,train,0.5124,0,0.463308,0,0,0
1765895812.0180342,2025-12-16 14:36:52,train,0.517309,1,0.490879,0,0,0
1765895824.2208242,2025-12-16 14:37:04,train,0.522266,1,0.487091,0,0,0
1765895836.4241529,2025-12-16 14:37:16,train,0.585228,1,0.563663,0,0,0
1765895848.6349127,2025-12-16 14:37:28,train,0.540955,1,0.514849,0,0,0
1765895860.853088,2025-12-16 14:37:40,train,0.59543,1,0.584531,0,0,0
1765895873.0626843,2025-12-16 14:37:53,train,0.536141,1,0.510571,0,0,0
1765895885.2665012,2025-12-16 14:38:05,train,0.511485,0,0.476468,0,0,0
1765895897.4553354,2025-12-16 14:38:17,train,0.563663,1,0.537421,0,0,0
1765895909.6498933,2025-12-16 14:38:29,train,0.514542,0,0.479888,0,0,0
1765895921.865038,2025-12-16 14:38:41,train,0.520401,1,0.480174,0,0,0
1765895934.0752132,2025-12-16 14:38:54,train,0.508446,0,0.474767,0,0,0
1765895946.3022325,2025-12-16 14:39:06,train,0.508446,0,0.467189,0,0,0
1765895958.5011537,2025-12-16 14:39:18,train,0.494402,0,0.457001,0,0,0
1765895970.693806,2025-12-16 14:39:30,train,0.492638,0,0.454015,0,0,0
1765895982.9016676,2025-12-16 14:39:42,train,0.494402,0,0.458911,0,0,0
1765895995.1473954,2025-12-16 14:39:55,train,0.505425,0,0.444113,0,0,0
1765896007.3493392,2025-12-16 14:40:07,train,0.558647,1,0.523512,0,0,0
1765896019.554019,2025-12-16 14:40:19,train,0.484485,0,0.442264,0,0,0
1765896031.7519672,2025-12-16 14:40:31,train,0.557649,1,0.523824,0,0,0
1765896043.9599843,2025-12-16 14:40:43,train,0.485931,0,0.438328,0,0,0
1765896056.15557,2025-12-16 14:40:56,train,0.489127,0,0.444643,0,0,0
1765896068.3961277,2025-12-16 14:41:08,train,0.489419,0,0.445173,0,0,0
1765896080.5958323,2025-12-16 14:41:20,train,0.481607,0,0.441738,0,0,0
1765896092.817612,2025-12-16 14:41:32,train,0.486221,0,0.440161,0,0,0
1765896105.0151424,2025-12-16 14:41:45,train,0.483908,0,0.436244,0,0,0
1765896117.2246861,2025-12-16 14:41:57,train,0.485642,0,0.437024,0,0,0
1765896129.4271104,2025-12-16 14:42:09,train,0.485352,0,0.44332,0,0,0
1765896141.6737993,2025-12-16 14:42:21,train,0.487381,0,0.449974,0,0,0
1765896153.8796031,2025-12-16 14:42:33,train,0.487381,0,0.439899,0,0,0
1765896166.067376,2025-12-16 14:42:46,train,0.488253,0,0.436244,0,0,0
1765896178.2816718,2025-12-16 14:42:58,train,0.481894,0,0.43859,0,0,0
1765896190.474043,2025-12-16 14:43:10,train,0.47846,0,0.439375,0,0,0
1765896202.6843264,2025-12-16 14:43:22,train,0.547768,1,0.517926,0,0,0
1765896214.8521223,2025-12-16 14:43:34,train,0.548094,1,0.514236,0,0,0
1765896227.04132,2025-12-16 14:43:47,train,0.548421,1,0.518544,0,0,0
1765896239.2480187,2025-12-16 14:43:59,train,0.490294,0,0.442792,0,0,0
1765896251.4455297,2025-12-16 14:44:11,train,0.493813,0,0.443056,0,0,0
1765896263.6530316,2025-12-16 14:44:23,train,0.500628,0,0.452394,0,0,0
1765896275.8895388,2025-12-16 14:44:35,train,0.494697,0,0.451317,0,0,0
1765896288.0841002,2025-12-16 14:44:48,train,0.498247,0,0.453744,0,0,0
1765896300.3032255,2025-12-16 14:45:00,train,0.55998,1,0.533909,0,0,0
1765896312.4980447,2025-12-16 14:45:12,train,0.5124,0,0.459458,0,0,0
1765896324.7118056,2025-12-16 14:45:24,train,0.531053,1,0.465799,0,0,0
1765896336.9384418,2025-12-16 14:45:36,train,0.527584,1,0.474485,0,0,0
1765896349.1205275,2025-12-16 14:45:49,train,0.539025,1,0.48046,0,0,0
1765896361.2998383,2025-12-16 14:46:01,train,0.536781,1,0.48132,0,0,0
1765896373.4963872,2025-12-16 14:46:13,train,0.539346,1,0.491465,0,0,0
1765896385.7276585,2025-12-16 14:46:25,train,0.532638,1,0.473637,0,0,0
1765896397.9369016,2025-12-16 14:46:37,train,0.524449,1,0.485063,0,0,0
1765896410.1480348,2025-12-16 14:46:50,train,0.522888,1,0.477036,0,0,0
1765896422.3650672,2025-12-16 14:47:02,train,0.524449,1,0.478175,0,0,0
1765896434.5630045,2025-12-16 14:47:14,train,0.517309,1,0.488544,0,0,0
1765896446.7660024,2025-12-16 14:47:26,train,0.560982,1,0.542893,0,0,0
1765896458.990363,2025-12-16 14:47:38,train,0.559313,1,0.541278,0,0,0
1765896471.1937995,2025-12-16 14:47:51,train,0.512095,0,0.479602,0,0,0
1765896483.4342692,2025-12-16 14:48:03,train,0.509356,0,0.473355,0,0,0
1765896495.6408749,2025-12-16 14:48:15,train,0.51118,0,0.471384,0,0,0
1765896507.8534212,2025-12-16 14:48:27,train,0.507538,0,0.467189,0,0,0
1765896520.064345,2025-12-16 14:48:40,train,0.51179,0,0.468025,0,0,0
1765896532.318357,2025-12-16 14:48:52,train,0.514849,0,0.466355,0,0,0
1765896544.5303366,2025-12-16 14:49:04,train,0.522888,1,0.466355,0,0,0
1765896556.7314014,2025-12-16 14:49:16,train,0.514542,0,0.468863,0,0,0
1765896568.9414275,2025-12-16 14:49:28,train,0.522266,1,0.48362,0,0,0
1765896581.196755,2025-12-16 14:49:41,train,0.530421,1,0.490587,0,0,0
1765896593.430227,2025-12-16 14:49:53,train,0.539346,1,0.503621,0,0,0
1765896605.6237483,2025-12-16 14:50:05,train,0.550058,1,0.521333,0,0,0
1765896617.8291128,2025-12-16 14:50:17,train,0.529789,1,0.489127,0,0,0
1765896630.0394588,2025-12-16 14:50:30,train,0.500927,0,0.467189,0,0,0
1765896642.278593,2025-12-16 14:50:42,train,0.509659,0,0.47505,0,0,0
1765896654.4814966,2025-12-16 14:50:54,train,0.515463,0,0.481033,0,0,0
1765896666.6597712,2025-12-16 14:51:06,train,0.530737,1,0.493813,0,0,0
1765896678.8571446,2025-12-16 14:51:18,train,0.522888,1,0.485063,0,0,0
1765896691.060919,2025-12-16 14:51:31,train,0.502422,0,0.468863,0,0,0
1765896703.2711937,2025-12-16 14:51:43,train,0.568047,1,0.539346,0,0,0
1765896715.4728842,2025-12-16 14:51:55,train,0.498544,0,0.452125,0,0,0
1765896727.666687,2025-12-16 14:52:07,train,0.495287,0,0.449974,0,0,0
1765896739.868869,2025-12-16 14:52:19,train,0.497357,0,0.450779,0,0,0
1765896752.1279926,2025-12-16 14:52:32,train,0.493225,0,0.450511,0,0,0
1765896764.3613212,2025-12-16 14:52:44,train,0.485063,0,0.447301,0,0,0
1765896776.5477502,2025-12-16 14:52:56,train,0.492931,0,0.457818,0,0,0
1765896788.7610936,2025-12-16 14:53:08,train,0.492931,0,0.44917,0,0,0
1765896800.945959,2025-12-16 14:53:20,train,0.487962,0,0.442264,0,0,0
1765896813.1567638,2025-12-16 14:53:33,train,0.490294,0,0.438328,0,0,0
1765896825.3554716,2025-12-16 14:53:45,train,0.48971,0,0.435984,0,0,0
1765896837.5707967,2025-12-16 14:53:57,train,0.556985,1,0.513929,0,0,0
1765896849.7950628,2025-12-16 14:54:09,train,0.488836,0,0.440686,0,0,0
1765896862.0120895,2025-12-16 14:54:22,train,0.556321,1,0.515463,0,0,0
1765896874.2057056,2025-12-16 14:54:34,train,0.493225,0,0.440948,0,0,0
1765896886.4079592,2025-12-16 14:54:46,train,0.485642,0,0.441211,0,0,0
1765896898.5937624,2025-12-16 14:54:58,train,0.480174,0,0.440948,0,0,0
1765896910.7905493,2025-12-16 14:55:10,train,0.479888,0,0.444113,0,0,0
1765896923.006837,2025-12-16 14:55:23,train,0.482181,0,0.444378,0,0,0
1765896935.2052245,2025-12-16 14:55:35,train,0.479316,0,0.440161,0,0,0
1765896947.4195023,2025-12-16 14:55:47,train,0.551699,1,0.518544,0,0,0
1765896959.5598307,2025-12-16 14:55:59,train,0.48132,0,0.444113,0,0,0
1765896971.7793756,2025-12-16 14:56:11,train,0.48971,0,0.445704,0,0,0
1765896983.9994564,2025-12-16 14:56:23,train,0.477321,0,0.440948,0,0,0
1765896996.212317,2025-12-16 14:56:36,train,0.479031,0,0.441211,0,0,0
1765897008.405841,2025-12-16 14:56:48,train,0.477321,0,0.437285,0,0,0
1765897020.6035972,2025-12-16 14:57:00,train,0.483332,0,0.440686,0,0,0
1765897032.825596,2025-12-16 14:57:12,train,0.484197,0,0.44332,0,0,0
1765897045.119981,2025-12-16 14:57:25,train,0.482468,0,0.438851,0,0,0
1765897057.3255014,2025-12-16 14:57:37,train,0.553675,1,0.526955,0,0,0
1765897069.5354745,2025-12-16 14:57:49,train,0.486511,0,0.445704,0,0,0
1765897081.746134,2025-12-16 14:58:01,train,0.485063,0,0.444378,0,0,0
1765897093.947073,2025-12-16 14:58:13,train,0.494992,0,0.451317,0,0,0
1765897106.149951,2025-12-16 14:58:26,train,0.505726,0,0.450242,0,0,0
1765897118.3599753,2025-12-16 14:58:38,train,0.512095,0,0.454015,0,0,0
1765897130.5728407,2025-12-16 14:58:50,train,0.513317,0,0.462205,0,0,0
1765897142.7724226,2025-12-16 14:59:02,train,0.513317,0,0.461104,0,0,0
1765897154.9625688,2025-12-16 14:59:14,train,0.521643,1,0.471665,0,0,0
1765897167.1693966,2025-12-16 14:59:27,train,0.570762,1,0.536461,0,0,0
1765897179.3892639,2025-12-16 14:59:39,train,0.509963,0,0.474485,0,0,0
1765897191.6051786,2025-12-16 14:59:51,train,0.518544,1,0.481607,0,0,0
1765897203.782569,2025-12-16 15:00:03,train,0.584531,1,0.552686,0,0,0
1765897215.98342,2025-12-16 15:00:15,train,0.514542,0,0.47789,0,0,0
1765897228.1752615,2025-12-16 15:00:28,train,0.532956,1,0.499139,0,0,0
1765897240.3791502,2025-12-16 15:00:40,train,0.569742,1,0.545488,0,0,0
1765897252.620329,2025-12-16 15:00:52,train,0.506329,0,0.473355,0,0,0
1765897264.8462489,2025-12-16 15:01:04,train,0.521022,1,0.477321,0,0,0
1765897277.0834086,2025-12-16 15:01:17,train,0.509356,0,0.470542,0,0,0
1765897289.2934995,2025-12-16 15:01:29,train,0.510571,0,0.483044,0,0,0
1765897301.4943447,2025-12-16 15:01:41,train,0.498544,0,0.477605,0,0,0
1765897313.712482,2025-12-16 15:01:53,train,0.526955,1,0.498247,0,0,0
1765897325.9273224,2025-12-16 15:02:05,train,0.585926,1,0.557982,0,0,0
1765897338.1513827,2025-12-16 15:02:18,train,0.526327,1,0.493519,0,0,0
1765897350.371194,2025-12-16 15:02:30,train,0.530737,1,0.50784,0,0,0
1765897362.65551,2025-12-16 15:02:42,train,0.545813,1,0.51179,0,0,0
1765897374.8809216,2025-12-16 15:02:54,train,0.551042,1,0.521022,0,0,0
1765897387.0733335,2025-12-16 15:03:07,train,0.562992,1,0.529158,0,0,0
1765897399.2704692,2025-12-16 15:03:19,train,0.551699,1,0.516693,0,0,0
1765897411.4754725,2025-12-16 15:03:31,train,0.517618,1,0.489419,0,0,0
1765897423.6824145,2025-12-16 15:03:43,train,0.515463,0,0.476468,0,0,0
1765897435.9224691,2025-12-16 15:03:55,train,0.524761,1,0.499734,0,0,0
1765897448.158299,2025-12-16 15:04:08,train,0.534546,1,0.506933,0,0,0
1765897460.3325253,2025-12-16 15:04:20,train,0.525074,1,0.501524,0,0,0
1765897472.5480237,2025-12-16 15:04:32,train,0.512706,0,0.479031,0,0,0
1765897484.7338839,2025-12-16 15:04:44,train,0.511485,0,0.470262,0,0,0
1765897496.9295642,2025-12-16 15:04:56,train,0.572806,1,0.546138,0,0,0
1765897509.1286972,2025-12-16 15:05:09,train,0.509659,0,0.46248,0,0,0
1765897521.3618731,2025-12-16 15:05:21,train,0.509356,0,0.463584,0,0,0
1765897533.5534475,2025-12-16 15:05:33,train,0.567709,1,0.537421,0,0,0
1765897545.7679117,2025-12-16 15:05:45,train,0.508143,0,0.458911,0,0,0
1765897557.956306,2025-12-16 15:05:57,train,0.512095,0,0.467189,0,0,0
1765897570.1619742,2025-12-16 15:06:10,train,0.573148,1,0.526014,0,0,0
1765897582.3813972,2025-12-16 15:06:22,train,0.514849,0,0.462205,0,0,0
1765897594.5736578,2025-12-16 15:06:34,train,0.507235,0,0.460006,0,0,0
1765897606.8249645,2025-12-16 15:06:46,train,0.516385,1,0.458911,0,0,0
1765897618.9939017,2025-12-16 15:06:58,train,0.563663,1,0.5257,0,0,0
1765897631.195547,2025-12-16 15:07:11,train,0.501823,0,0.455098,0,0,0
1765897643.412229,2025-12-16 15:07:23,train,0.51118,0,0.455641,0,0,0
1765897655.6060588,2025-12-16 15:07:35,train,0.505726,0,0.463308,0,0,0
1765897667.8473048,2025-12-16 15:07:47,train,0.497654,0,0.46028,0,0,0
1765897680.0631077,2025-12-16 15:08:00,train,0.498544,0,0.456456,0,0,0
1765897692.2630646,2025-12-16 15:08:12,train,0.564672,1,0.541923,0,0,0
1765897704.4639423,2025-12-16 15:08:24,train,0.50784,0,0.459458,0,0,0
1765897716.652709,2025-12-16 15:08:36,train,0.503321,0,0.468863,0,0,0
1765897728.8731735,2025-12-16 15:08:48,train,0.574173,1,0.542246,0,0,0
1765897741.0803363,2025-12-16 15:09:01,train,0.505425,0,0.468584,0,0,0
1765897753.268025,2025-12-16 15:09:13,train,0.565009,1,0.546464,0,0,0
1765897765.4593432,2025-12-16 15:09:25,train,0.507235,0,0.468304,0,0,0
1765897777.6594281,2025-12-16 15:09:37,train,0.505425,0,0.471947,0,0,0
1765897789.8902009,2025-12-16 15:09:49,train,0.516693,1,0.48132,0,0,0
1765897802.0912423,2025-12-16 15:10:02,train,0.514849,0,0.47505,0,0,0
1765897814.312831,2025-12-16 15:10:14,train,0.518235,1,0.491758,0,0,0
1765897826.5016987,2025-12-16 15:10:26,train,0.527898,1,0.498544,0,0,0
1765897838.7038374,2025-12-16 15:10:38,train,0.540633,1,0.504522,0,0,0
1765897850.9356928,2025-12-16 15:10:50,train,0.578984,1,0.557317,0,0,0
1765897863.1375508,2025-12-16 15:11:03,train,0.543217,1,0.500032,0,0,0
1765897875.3810382,2025-12-16 15:11:15,train,0.532638,1,0.499436,0,0,0
1765897887.572963,2025-12-16 15:11:27,train,0.585577,1,0.55898,0,0,0
1765897899.7802124,2025-12-16 15:11:39,train,0.601852,1,0.575544,0,0,0
1765897911.9837215,2025-12-16 15:11:51,train,0.564335,1,0.522888,0,0,0
1765897924.206578,2025-12-16 15:12:04,train,0.551371,1,0.51118,0,0,0
1765897936.4142642,2025-12-16 15:12:16,train,0.543217,1,0.513011,0,0,0
1765897948.6169734,2025-12-16 15:12:28,train,0.554006,1,0.522577,0,0,0
1765897960.8243892,2025-12-16 15:12:40,train,0.549403,1,0.514236,0,0,0
1765897973.1059062,2025-12-16 15:12:53,train,0.543865,1,0.517001,0,0,0
1765897985.3343728,2025-12-16 15:13:05,train,0.542246,1,0.516078,0,0,0
1765897997.5104263,2025-12-16 15:13:17,train,0.538383,1,0.514236,0,0,0
1765898009.720872,2025-12-16 15:13:29,train,0.571783,1,0.561651,0,0,0
1765898021.9107282,2025-12-16 15:13:41,train,0.535822,1,0.490294,0,0,0
1765898034.1321204,2025-12-16 15:13:54,train,0.533591,1,0.487962,0,0,0
1765898046.3217502,2025-12-16 15:14:06,train,0.535822,1,0.491172,0,0,0
1765898058.5286767,2025-12-16 15:14:18,train,0.535184,1,0.494402,0,0,0
1765898070.7288566,2025-12-16 15:14:30,train,0.541923,1,0.494697,0,0,0
1765898082.93985,2025-12-16 15:14:42,train,0.544189,1,0.496469,0,0,0
1765898095.1349928,2025-12-16 15:14:55,train,0.545163,1,0.506933,0,0,0
1765898107.333176,2025-12-16 15:15:07,train,0.554997,1,0.51179,0,0,0
1765898119.518421,2025-12-16 15:15:19,train,0.558314,1,0.516078,0,0,0
1765898131.7525418,2025-12-16 15:15:31,train,0.563327,1,0.534865,0,0,0
1765898143.9664342,2025-12-16 15:15:43,train,0.549403,1,0.506631,0,0,0
1765898156.1866791,2025-12-16 15:15:56,train,0.527269,1,0.48971,0,0,0
1765898168.4162757,2025-12-16 15:16:08,train,0.535184,1,0.498544,0,0,0
1765898180.6053174,2025-12-16 15:16:20,train,0.538383,1,0.496765,0,0,0
1765898192.8035903,2025-12-16 15:16:32,train,0.547768,1,0.508446,0,0,0
1765898205.01292,2025-12-16 15:16:45,train,0.552357,1,0.508749,0,0,0
1765898217.217648,2025-12-16 15:16:57,train,0.534228,1,0.504823,0,0,0
1765898229.4271398,2025-12-16 15:17:09,train,0.528213,1,0.491758,0,0,0
1765898241.5880425,2025-12-16 15:17:21,train,0.517001,1,0.483332,0,0,0
1765898253.8179564,2025-12-16 15:17:33,train,0.522266,1,0.484774,0,0,0
1765898266.0217228,2025-12-16 15:17:46,train,0.523512,1,0.475334,0,0,0
1765898278.2280407,2025-12-16 15:17:58,train,0.517309,1,0.477036,0,0,0
1765898290.4622688,2025-12-16 15:18:10,train,0.513929,0,0.474767,0,0,0
1765898302.6624165,2025-12-16 15:18:22,train,0.520401,1,0.469982,0,0,0
1765898314.8882701,2025-12-16 15:18:34,train,0.516385,1,0.467468,0,0,0
1765898327.0961287,2025-12-16 15:18:47,train,0.508446,0,0.463032,0,0,0
1765898339.3034089,2025-12-16 15:18:59,train,0.5124,0,0.46028,0,0,0
1765898351.5069108,2025-12-16 15:19:11,train,0.503921,0,0.461104,0,0,0
1765898363.7024589,2025-12-16 15:19:23,train,0.501524,0,0.458364,0,0,0
1765898375.9189398,2025-12-16 15:19:35,train,0.495878,0,0.445704,0,0,0
1765898388.1424372,2025-12-16 15:19:48,train,0.500628,0,0.464967,0,0,0
1765898400.3601985,2025-12-16 15:20:00,train,0.497357,0,0.44917,0,0,0
1765898412.6374784,2025-12-16 15:20:12,train,0.499436,0,0.448903,0,0,0
1765898424.8366652,2025-12-16 15:20:24,train,0.494992,0,0.447567,0,0,0
1765898437.0438612,2025-12-16 15:20:37,train,0.502122,0,0.451317,0,0,0
1765898449.242569,2025-12-16 15:20:49,train,0.502721,0,0.450779,0,0,0
1765898461.4531536,2025-12-16 15:21:01,train,0.509356,0,0.450511,0,0,0
1765898473.6426437,2025-12-16 15:21:13,train,0.506329,0,0.449438,0,0,0
1765898485.8751063,2025-12-16 15:21:25,train,0.502422,0,0.453204,0,0,0
1765898498.1095803,2025-12-16 15:21:38,train,0.508143,0,0.450779,0,0,0
1765898510.3164809,2025-12-16 15:21:50,train,0.509963,0,0.454556,0,0,0
1765898522.5044503,2025-12-16 15:22:02,train,0.508446,0,0.445704,0,0,0
1765898534.6844108,2025-12-16 15:22:14,train,0.510571,0,0.447567,0,0,0
1765898546.8906295,2025-12-16 15:22:26,train,0.516078,0,0.452125,0,0,0
1765898559.0758455,2025-12-16 15:22:39,train,0.517001,1,0.450511,0,0,0
1765898571.2864408,2025-12-16 15:22:51,train,0.521022,1,0.458911,0,0,0
1765898583.5192268,2025-12-16 15:23:03,train,0.519472,1,0.456456,0,0,0
1765898595.7150688,2025-12-16 15:23:15,train,0.523512,1,0.455369,0,0,0
1765898607.9126654,2025-12-16 15:23:27,train,0.530421,1,0.468863,0,0,0
1765898620.115987,2025-12-16 15:23:40,train,0.539989,1,0.478175,0,0,0
1765898632.32021,2025-12-16 15:23:52,train,0.537101,1,0.485642,0,0,0
1765898644.5092313,2025-12-16 15:24:04,train,0.540311,1,0.490002,0,0,0
1765898656.6983445,2025-12-16 15:24:16,train,0.548748,1,0.487091,0,0,0
1765898668.8764505,2025-12-16 15:24:28,train,0.554336,1,0.503921,0,0,0
1765898681.0730977,2025-12-16 15:24:41,train,0.550386,1,0.492638,0,0,0
1765898693.2796266,2025-12-16 15:24:53,train,0.534865,1,0.469702,0,0,0
1765898705.4812717,2025-12-16 15:25:05,train,0.581751,1,0.555328,0,0,0
1765898717.6777012,2025-12-16 15:25:17,train,0.532956,1,0.484485,0,0,0
1765898729.887586,2025-12-16 15:25:29,train,0.539346,1,0.483044,0,0,0
1765898742.0906472,2025-12-16 15:25:42,train,0.531053,1,0.481894,0,0,0
1765898754.30606,2025-12-16 15:25:54,train,0.519472,1,0.479602,0,0,0
1765898766.4968762,2025-12-16 15:26:06,train,0.518235,1,0.475617,0,0,0
1765898778.673586,2025-12-16 15:26:18,train,0.514849,0,0.480746,0,0,0
1765898790.8956494,2025-12-16 15:26:30,train,0.511485,0,0.479602,0,0,0
1765898803.097814,2025-12-16 15:26:43,train,0.517618,1,0.48132,0,0,0
1765898815.3043113,2025-12-16 15:26:55,train,0.512706,0,0.469982,0,0,0
1765898827.5074987,2025-12-16 15:27:07,train,0.510571,0,0.477036,0,0,0
1765898839.710469,2025-12-16 15:27:19,train,0.5232,1,0.47846,0,0,0
1765898851.9167438,2025-12-16 15:27:31,train,0.526014,1,0.481607,0,0,0
1765898864.107941,2025-12-16 15:27:44,train,0.527898,1,0.484197,0,0,0
1765898876.3651402,2025-12-16 15:27:56,train,0.542246,1,0.497061,0,0,0
1765898888.5899494,2025-12-16 15:28:08,train,0.548094,1,0.507235,0,0,0
1765898900.7919965,2025-12-16 15:28:20,train,0.555328,1,0.508143,0,0,0
1765898913.0066974,2025-12-16 15:28:33,train,0.562321,1,0.516385,0,0,0
1765898925.1971705,2025-12-16 15:28:45,train,0.541601,1,0.492931,0,0,0
1765898937.3989367,2025-12-16 15:28:57,train,0.526641,1,0.488544,0,0,0
1765898949.608131,2025-12-16 15:29:09,train,0.526014,1,0.482181,0,0,0
1765898961.8105633,2025-12-16 15:29:21,train,0.532321,1,0.491758,0,0,0
1765898974.0252004,2025-12-16 15:29:34,train,0.539346,1,0.496469,0,0,0
1765898986.2374103,2025-12-16 15:29:46,train,0.584879,1,0.559647,0,0,0
1765898998.4335446,2025-12-16 15:29:58,train,0.510267,0,0.468584,0,0,0
1765899010.6188657,2025-12-16 15:30:10,train,0.521333,1,0.472791,0,0,0
1765899022.8093102,2025-12-16 15:30:22,train,0.507235,0,0.464137,0,0,0
1765899034.9951503,2025-12-16 15:30:34,train,0.506329,0,0.461379,0,0,0
1765899047.1744442,2025-12-16 15:30:47,train,0.502122,0,0.460555,0,0,0
1765899059.3695738,2025-12-16 15:30:59,train,0.520712,1,0.468584,0,0,0
1765899071.5717602,2025-12-16 15:31:11,train,0.506933,0,0.452664,0,0,0
1765899083.7766364,2025-12-16 15:31:23,train,0.506028,0,0.454556,0,0,0
1765899095.9724262,2025-12-16 15:31:35,train,0.500628,0,0.447034,0,0,0
1765899108.1775599,2025-12-16 15:31:48,train,0.552028,1,0.530105,0,0,0
1765899120.3708575,2025-12-16 15:32:00,train,0.497654,0,0.442001,0,0,0
1765899132.5803032,2025-12-16 15:32:12,train,0.504221,0,0.449438,0,0,0
1765899144.7970345,2025-12-16 15:32:24,train,0.498247,0,0.447301,0,0,0
1765899157.0152783,2025-12-16 15:32:37,train,0.494697,0,0.442528,0,0,0
1765899169.229052,2025-12-16 15:32:49,train,0.500927,0,0.441211,0,0,0
1765899181.4194527,2025-12-16 15:33:01,train,0.493813,0,0.437285,0,0,0
1765899193.67212,2025-12-16 15:33:13,train,0.501823,0,0.444113,0,0,0
1765899205.8973832,2025-12-16 15:33:25,train,0.504522,0,0.443056,0,0,0
1765899218.0993865,2025-12-16 15:33:38,train,0.496765,0,0.43391,0,0,0
1765899230.2920506,2025-12-16 15:33:50,train,0.502422,0,0.439899,0,0,0
1765899242.4732118,2025-12-16 15:34:02,train,0.498247,0,0.435205,0,0,0
1765899254.6826527,2025-12-16 15:34:14,train,0.500032,0,0.430049,0,0,0
1765899266.9019325,2025-12-16 15:34:26,train,0.498544,0,0.434428,0,0,0
1765899279.1003723,2025-12-16 15:34:39,train,0.508143,0,0.435984,0,0,0
1765899291.3305373,2025-12-16 15:34:51,train,0.494992,0,0.435984,0,0,0
1765899303.5248804,2025-12-16 15:35:03,train,0.501524,0,0.440423,0,0,0
1765899315.7175705,2025-12-16 15:35:15,train,0.506631,0,0.438067,0,0,0
1765899327.9288127,2025-12-16 15:35:27,train,0.506028,0,0.446768,0,0,0
1765899340.1378658,2025-12-16 15:35:40,train,0.500927,0,0.435464,0,0,0
1765899352.3467143,2025-12-16 15:35:52,train,0.510876,0,0.445704,0,0,0
1765899364.5411193,2025-12-16 15:36:04,train,0.510267,0,0.443849,0,0,0
1765899376.7346416,2025-12-16 15:36:16,train,0.513011,0,0.454015,0,0,0
1765899388.9376602,2025-12-16 15:36:28,train,0.520401,1,0.460555,0,0,0
1765899401.1358483,2025-12-16 15:36:41,train,0.51577,0,0.456728,0,0,0
1765899413.3328516,2025-12-16 15:36:53,train,0.521954,1,0.466355,0,0,0
1765899425.5686643,2025-12-16 15:37:05,train,0.542893,1,0.493519,0,0,0
1765899437.797315,2025-12-16 15:37:17,train,0.522577,1,0.451317,0,0,0
1765899449.998762,2025-12-16 15:37:29,train,0.520091,1,0.46386,0,0,0
1765899462.2024505,2025-12-16 15:37:42,train,0.521954,1,0.480174,0,0,0
1765899474.401997,2025-12-16 15:37:54,train,0.520091,1,0.483044,0,0,0
1765899486.5751767,2025-12-16 15:38:06,train,0.522266,1,0.479602,0,0,0
1765899498.7299323,2025-12-16 15:38:18,train,0.5257,1,0.484774,0,0,0
1765899510.9517522,2025-12-16 15:38:30,train,0.528843,1,0.487091,0,0,0
1765899523.16508,2025-12-16 15:38:43,train,0.51577,0,0.470262,0,0,0
1765899535.3713005,2025-12-16 15:38:55,train,0.516078,0,0.479888,0,0,0
1765899547.5440571,2025-12-16 15:39:07,train,0.51118,0,0.476752,0,0,0
1765899559.7217038,2025-12-16 15:39:19,train,0.504823,0,0.478175,0,0,0
1765899571.9390562,2025-12-16 15:39:31,train,0.502721,0,0.471947,0,0,0
1765899584.1456196,2025-12-16 15:39:44,train,0.513011,0,0.486221,0,0,0
1765899596.363827,2025-12-16 15:39:56,train,0.580712,1,0.557649,0,0,0
1765899608.5456448,2025-12-16 15:40:08,train,0.533909,1,0.488544,0,0,0
1765899620.7414067,2025-12-16 15:40:20,train,0.545813,1,0.495582,0,0,0
1765899632.9462605,2025-12-16 15:40:32,train,0.540311,1,0.495582,0,0,0
1765899645.1416018,2025-12-16 15:40:45,train,0.545163,1,0.502422,0,0,0
1765899657.355118,2025-12-16 15:40:57,train,0.556985,1,0.51118,0,0,0
1765899669.5639405,2025-12-16 15:41:09,train,0.56737,1,0.527898,0,0,0
1765899681.7939997,2025-12-16 15:41:21,train,0.591187,1,0.571783,0,0,0
1765899694.0050378,2025-12-16 15:41:34,train,0.520091,1,0.487672,0,0,0
1765899706.2232451,2025-12-16 15:41:46,train,0.530105,1,0.491465,0,0,0
1765899718.4437714,2025-12-16 15:41:58,train,0.54257,1,0.506028,0,0,0
1765899730.635662,2025-12-16 15:42:10,train,0.540311,1,0.506933,0,0,0
1765899742.836106,2025-12-16 15:42:22,train,0.540955,1,0.503921,0,0,0
1765899755.0396726,2025-12-16 15:42:35,train,0.522888,1,0.481894,0,0,0
1765899767.2382858,2025-12-16 15:42:47,train,0.513317,0,0.467189,0,0,0
1765899779.4514697,2025-12-16 15:42:59,train,0.514849,0,0.466633,0,0,0
1765899791.6575582,2025-12-16 15:43:11,train,0.510876,0,0.461654,0,0,0
1765899803.8873026,2025-12-16 15:43:23,train,0.517309,1,0.470262,0,0,0
1765899816.0906894,2025-12-16 15:43:36,train,0.508749,0,0.467747,0,0,0
1765899828.3151774,2025-12-16 15:43:48,train,0.500628,0,0.46386,0,0,0
1765899840.5189998,2025-12-16 15:44:00,train,0.507235,0,0.464137,0,0,0
1765899852.7164428,2025-12-16 15:44:12,train,0.507235,0,0.459732,0,0,0
1765899864.9308207,2025-12-16 15:44:24,train,0.566695,1,0.548094,0,0,0
1765899877.1507466,2025-12-16 15:44:37,train,0.498842,0,0.454285,0,0,0
1765899889.3660772,2025-12-16 15:44:49,train,0.498544,0,0.453744,0,0,0
1765899901.5573592,2025-12-16 15:45:01,train,0.509052,0,0.453474,0,0,0
1765899913.765026,2025-12-16 15:45:13,train,0.498247,0,0.456456,0,0,0
1765899925.986741,2025-12-16 15:45:25,train,0.513929,0,0.456184,0,0,0
1765899938.2095385,2025-12-16 15:45:38,train,0.50033,0,0.449706,0,0,0
1765899950.4094872,2025-12-16 15:45:50,train,0.498842,0,0.443849,0,0,0
1765899962.6084833,2025-12-16 15:46:02,train,0.499734,0,0.440948,0,0,0
1765899974.8357577,2025-12-16 15:46:14,train,0.502122,0,0.445173,0,0,0
1765899987.0391526,2025-12-16 15:46:27,train,0.502122,0,0.441474,0,0,0
1765899999.2238202,2025-12-16 15:46:39,train,0.499436,0,0.441474,0,0,0
1765900011.4279122,2025-12-16 15:46:51,train,0.498247,0,0.440161,0,0,0
1765900023.631063,2025-12-16 15:47:03,train,0.500032,0,0.446502,0,0,0
1765900035.8239996,2025-12-16 15:47:15,train,0.496469,0,0.443584,0,0,0
1765900048.0191073,2025-12-16 15:47:28,train,0.504522,0,0.44917,0,0,0
1765900060.2293317,2025-12-16 15:47:40,train,0.500032,0,0.440686,0,0,0
1765900072.4343734,2025-12-16 15:47:52,train,0.562321,1,0.542893,0,0,0
1765900084.6388962,2025-12-16 15:48:04,train,0.498842,0,0.438067,0,0,0
1765900096.8215704,2025-12-16 15:48:16,train,0.500628,0,0.436764,0,0,0
1765900109.0126998,2025-12-16 15:48:29,train,0.504823,0,0.445704,0,0,0
1765900121.2834482,2025-12-16 15:48:41,train,0.505124,0,0.441211,0,0,0
1765900133.474922,2025-12-16 15:48:53,train,0.505124,0,0.440423,0,0,0
1765900145.684897,2025-12-16 15:49:05,train,0.513011,0,0.447834,0,0,0
1765900157.8873565,2025-12-16 15:49:17,train,0.511485,0,0.454827,0,0,0
1765900170.0847661,2025-12-16 15:49:30,train,0.513623,0,0.453744,0,0,0
1765900182.2865884,2025-12-16 15:49:42,train,0.519162,1,0.459732,0,0,0
1765900194.4880564,2025-12-16 15:49:54,train,0.528213,1,0.472228,0,0,0
1765900206.6991572,2025-12-16 15:50:06,train,0.530421,1,0.475617,0,0,0
1765900218.8922284,2025-12-16 15:50:18,train,0.532638,1,0.474767,0,0,0
1765900231.1284354,2025-12-16 15:50:31,train,0.537741,1,0.482756,0,0,0
1765900243.3494532,2025-12-16 15:50:43,train,0.524136,1,0.472228,0,0,0
1765900255.5487607,2025-12-16 15:50:55,train,0.529158,1,0.48362,0,0,0
1765900267.7544103,2025-12-16 15:51:07,train,0.526955,1,0.503921,0,0,0
1765900279.9431274,2025-12-16 15:51:19,train,0.526955,1,0.498842,0,0,0
1765900292.132399,2025-12-16 15:51:32,train,0.583487,1,0.566695,0,0,0
1765900304.3428214,2025-12-16 15:51:44,train,0.536141,1,0.496765,0,0,0
1765900316.537087,2025-12-16 15:51:56,train,0.526955,1,0.487672,0,0,0
1765900328.7506795,2025-12-16 15:52:08,train,0.523512,1,0.480174,0,0,0
1765900340.9591172,2025-12-16 15:52:20,train,0.537101,1,0.492344,0,0,0
1765900353.1613948,2025-12-16 15:52:33,train,0.517309,1,0.487381,0,0,0
1765900365.362515,2025-12-16 15:52:45,train,0.517618,1,0.499139,0,0,0
1765900377.5595715,2025-12-16 15:52:57,train,0.538703,1,0.502721,0,0,0
1765900389.764937,2025-12-16 15:53:09,train,0.543541,1,0.515463,0,0,0
1765900401.984255,2025-12-16 15:53:21,train,0.540955,1,0.496173,0,0,0
1765900414.2702606,2025-12-16 15:53:34,train,0.548421,1,0.514236,0,0,0
1765900426.464619,2025-12-16 15:53:46,train,0.558314,1,0.518853,0,0,0
1765900438.6794775,2025-12-16 15:53:58,train,0.566357,1,0.520712,0,0,0
1765900450.8717015,2025-12-16 15:54:10,train,0.581058,1,0.535822,0,0,0
1765900463.079087,2025-12-16 15:54:23,train,0.578984,1,0.552357,0,0,0
1765900475.3053656,2025-12-16 15:54:35,train,0.575201,1,0.539346,0,0,0
1765900487.499175,2025-12-16 15:54:47,train,0.538703,1,0.5124,0,0,0
1765900499.6961563,2025-12-16 15:54:59,train,0.543865,1,0.506329,0,0,0
1765900511.9099965,2025-12-16 15:55:11,train,0.559647,1,0.526955,0,0,0
1765900524.1099348,2025-12-16 15:55:24,train,0.560314,1,0.516078,0,0,0
1765900536.3357835,2025-12-16 15:55:36,train,0.561986,1,0.519162,0,0,0
1765900548.5324533,2025-12-16 15:55:48,train,0.553346,1,0.51577,0,0,0
1765900560.7293515,2025-12-16 15:56:00,train,0.535184,1,0.492638,0,0,0
1765900572.9249713,2025-12-16 15:56:12,train,0.541601,1,0.493813,0,0,0
1765900585.1464274,2025-12-16 15:56:25,train,0.540311,1,0.493519,0,0,0
1765900597.3633094,2025-12-16 15:56:37,train,0.535822,1,0.48971,0,0,0
1765900609.5437322,2025-12-16 15:56:49,train,0.528213,1,0.495878,0,0,0
1765900621.7446008,2025-12-16 15:57:01,train,0.534228,1,0.493225,0,0,0
1765900633.947449,2025-12-16 15:57:13,train,0.53137,1,0.484197,0,0,0
1765900646.157137,2025-12-16 15:57:26,train,0.532004,1,0.478175,0,0,0
1765900658.377012,2025-12-16 15:57:38,train,0.520091,1,0.48132,0,0,0
1765900670.548086,2025-12-16 15:57:50,train,0.524136,1,0.476468,0,0,0
1765900682.7399874,2025-12-16 15:58:02,train,0.579674,1,0.555328,0,0,0
1765900694.9549491,2025-12-16 15:58:14,train,0.530105,1,0.490002,0,0,0
1765900707.184071,2025-12-16 15:58:27,train,0.533591,1,0.485063,0,0,0
1765900719.4024034,2025-12-16 15:58:39,train,0.526327,1,0.490587,0,0,0
1765900731.5661962,2025-12-16 15:58:51,train,0.524761,1,0.482181,0,0,0
1765900743.7243829,2025-12-16 15:59:03,train,0.524136,1,0.484774,0,0,0
1765900755.9655583,2025-12-16 15:59:15,train,0.515156,0,0.478175,0,0,0
1765900768.1751904,2025-12-16 15:59:28,train,0.515463,0,0.478175,0,0,0
1765900780.3779442,2025-12-16 15:59:40,train,0.526327,1,0.476184,0,0,0
1765900792.5905666,2025-12-16 15:59:52,train,0.524136,1,0.47846,0,0,0
1765900804.7842495,2025-12-16 16:00:04,train,0.525387,1,0.477036,0,0,0
1765900816.9615068,2025-12-16 16:00:16,train,0.519472,1,0.477321,0,0,0
1765900829.1451702,2025-12-16 16:00:29,train,0.520712,1,0.475901,0,0,0
1765900841.3332415,2025-12-16 16:00:41,train,0.530737,1,0.486221,0,0,0
1765900853.5268064,2025-12-16 16:00:53,train,0.524136,1,0.481894,0,0,0
1765900865.731645,2025-12-16 16:01:05,train,0.521954,1,0.486511,0,0,0
1765900877.9278817,2025-12-16 16:01:17,train,0.540311,1,0.509052,0,0,0
1765900890.1408358,2025-12-16 16:01:30,train,0.545488,1,0.490002,0,0,0
1765900902.3609886,2025-12-16 16:01:42,train,0.546464,1,0.505726,0,0,0
1765900914.526611,2025-12-16 16:01:54,train,0.544513,1,0.505124,0,0,0
1765900926.7317617,2025-12-16 16:02:06,train,0.551371,1,0.492051,0,0,0
1765900938.9270995,2025-12-16 16:02:18,train,0.547442,1,0.501524,0,0,0
1765900951.128751,2025-12-16 16:02:31,train,0.562321,1,0.51577,0,0,0
1765900963.3560605,2025-12-16 16:02:43,train,0.55898,1,0.520712,0,0,0
1765900975.5568888,2025-12-16 16:02:55,train,0.556985,1,0.526014,0,0,0
1765900987.7526267,2025-12-16 16:03:07,train,0.554336,1,0.514236,0,0,0
1765900999.9181604,2025-12-16 16:03:19,train,0.564335,1,0.534865,0,0,0
1765901012.180558,2025-12-16 16:03:32,train,0.563999,1,0.532956,0,0,0
