iteration,timestamp,time_iso,sample_name,fault_class,agent,skill_id,skill_name,severity,rcf_score,detected,correct
1,1765814664.6674626,2025-12-15 16:04:24,SHIP500-B00-T00000,F06,crew,SK-DIAG-F06,发电机综合故障诊断,0.5455,0.455913,False,1
1,1765814664.6674626,2025-12-15 16:04:24,SHIP500-B00-T00000,F11,crew,SK-DIAG-F11,通讯与传感器故障诊断,0.5455,0.455913,False,1
1,1765814664.6674626,2025-12-15 16:04:24,SHIP500-B00-T00000,*,crew,SK-ACT-CREW-OPS,机舱巡查与就地处置技能,0.5455,0.455913,False,1
1,1765814676.9318302,2025-12-15 16:04:36,SHIP500-B00-T00001,F06,maintenance,SK-DIAG-F06,发电机综合故障诊断,0.4545,0.454556,False,0
1,1765814689.2116537,2025-12-15 16:04:49,SHIP500-B00-T00002,F06,crew,SK-DIAG-F06,发电机综合故障诊断,0.5455,0.457001,False,1
1,1765814689.2116537,2025-12-15 16:04:49,SHIP500-B00-T00002,F11,crew,SK-DIAG-F11,通讯与传感器故障诊断,0.5455,0.457001,False,1
1,1765814689.2116537,2025-12-15 16:04:49,SHIP500-B00-T00002,*,crew,SK-ACT-CREW-OPS,机舱巡查与就地处置技能,0.5455,0.457001,False,1
1,1765814701.4614964,2025-12-15 16:05:01,SHIP500-B00-T00003,F06,maintenance,SK-DIAG-F06,发电机综合故障诊断,0.4545,0.455369,False,0
1,1765814713.6704717,2025-12-15 16:05:13,SHIP500-B00-T00004,F06,crew,SK-DIAG-F06,发电机综合故障诊断,0.5455,0.463584,False,1
1,1765814713.6704717,2025-12-15 16:05:13,SHIP500-B00-T00004,F11,crew,SK-DIAG-F11,通讯与传感器故障诊断,0.5455,0.463584,False,1
1,1765814713.6704717,2025-12-15 16:05:13,SHIP500-B00-T00004,*,crew,SK-ACT-CREW-OPS,机舱巡查与就地处置技能,0.5455,0.463584,False,1
1,1765814725.8787827,2025-12-15 16:05:25,SHIP500-B00-T00005,F06,crew,SK-DIAG-F06,发电机综合故障诊断,0.5455,0.464967,False,1
1,1765814725.8787827,2025-12-15 16:05:25,SHIP500-B00-T00005,F11,crew,SK-DIAG-F11,通讯与传感器故障诊断,0.5455,0.464967,False,1
1,1765814725.8787827,2025-12-15 16:05:25,SHIP500-B00-T00005,*,crew,SK-ACT-CREW-OPS,机舱巡查与就地处置技能,0.5455,0.464967,False,1
1,1765814738.0639966,2025-12-15 16:05:38,SHIP500-B00-T00006,F06,maintenance,SK-DIAG-F06,发电机综合故障诊断,0.4545,0.471665,False,0
1,1765814750.260464,2025-12-15 16:05:50,SHIP500-B00-T00007,F06,maintenance,SK-DIAG-F06,发电机综合故障诊断,0.4545,0.482468,False,0
1,1765814762.4481466,2025-12-15 16:06:02,SHIP500-B00-T00008,F06,maintenance,SK-DIAG-F06,发电机综合故障诊断,0.4545,0.46386,False,0
1,1765814774.6141813,2025-12-15 16:06:14,SHIP500-B00-T00009,F06,crew,SK-DIAG-F06,发电机综合故障诊断,0.5455,0.464967,False,1
1,1765814774.6141813,2025-12-15 16:06:14,SHIP500-B00-T00009,F11,crew,SK-DIAG-F11,通讯与传感器故障诊断,0.5455,0.464967,False,1
1,1765814774.6141813,2025-12-15 16:06:14,SHIP500-B00-T00009,*,crew,SK-ACT-CREW-OPS,机舱巡查与就地处置技能,0.5455,0.464967,False,1
1,1765814786.8256238,2025-12-15 16:06:26,SHIP500-B00-T00010,F06,crew,SK-DIAG-F06,发电机综合故障诊断,0.5455,0.467468,False,1
1,1765814786.8256238,2025-12-15 16:06:26,SHIP500-B00-T00010,F11,crew,SK-DIAG-F11,通讯与传感器故障诊断,0.5455,0.467468,False,1
1,1765814786.8256238,2025-12-15 16:06:26,SHIP500-B00-T00010,*,crew,SK-ACT-CREW-OPS,机舱巡查与就地处置技能,0.5455,0.467468,False,1
1,1765814799.067355,2025-12-15 16:06:39,SHIP500-B00-T00011,F06,maintenance,SK-DIAG-F06,发电机综合故障诊断,0.4545,0.474202,False,0
1,1765814811.249821,2025-12-15 16:06:51,SHIP500-B00-T00012,F06,maintenance,SK-DIAG-F06,发电机综合故障诊断,0.4545,0.469702,False,0
1,1765814823.436515,2025-12-15 16:07:03,SHIP500-B00-T00013,F06,maintenance,SK-DIAG-F06,发电机综合故障诊断,0.4545,0.461104,False,0
1,1765814835.610237,2025-12-15 16:07:15,SHIP500-B00-T00014,F06,crew,SK-DIAG-F06,发电机综合故障诊断,0.5455,0.44917,False,1
1,1765814835.610237,2025-12-15 16:07:15,SHIP500-B00-T00014,F11,crew,SK-DIAG-F11,通讯与传感器故障诊断,0.5455,0.44917,False,1
1,1765814835.610237,2025-12-15 16:07:15,SHIP500-B00-T00014,*,crew,SK-ACT-CREW-OPS,机舱巡查与就地处置技能,0.5455,0.44917,False,1
1,1765814847.8176098,2025-12-15 16:07:27,SHIP500-B00-T00015,F06,maintenance,SK-DIAG-F06,发电机综合故障诊断,0.4545,0.447834,False,0
1,1765814860.032745,2025-12-15 16:07:40,SHIP500-B00-T00016,F06,crew,SK-DIAG-F06,发电机综合故障诊断,0.5455,0.445704,False,1
1,1765814860.032745,2025-12-15 16:07:40,SHIP500-B00-T00016,F11,crew,SK-DIAG-F11,通讯与传感器故障诊断,0.5455,0.445704,False,1
1,1765814860.032745,2025-12-15 16:07:40,SHIP500-B00-T00016,*,crew,SK-ACT-CREW-OPS,机舱巡查与就地处置技能,0.5455,0.445704,False,1
1,1765814872.2410038,2025-12-15 16:07:52,SHIP500-B00-T00017,F06,maintenance,SK-DIAG-F06,发电机综合故障诊断,0.4545,0.454556,False,0
1,1765814884.3965917,2025-12-15 16:08:04,SHIP500-B00-T00018,F06,maintenance,SK-DIAG-F06,发电机综合故障诊断,0.4545,0.453204,False,0
1,1765814896.567138,2025-12-15 16:08:16,SHIP500-B00-T00019,F06,maintenance,SK-DIAG-F06,发电机综合故障诊断,0.4545,0.450511,False,0
1,1765814908.7910955,2025-12-15 16:08:28,SHIP500-B00-T00020,F06,maintenance,SK-DIAG-F06,发电机综合故障诊断,0.4545,0.445173,False,0
1,1765814920.9699333,2025-12-15 16:08:40,SHIP500-B00-T00021,F06,maintenance,SK-DIAG-F06,发电机综合故障诊断,0.4545,0.451317,False,0
1,1765814933.195624,2025-12-15 16:08:53,SHIP500-B00-T00022,F06,maintenance,SK-DIAG-F06,发电机综合故障诊断,0.4545,0.444908,False,0
1,1765814945.398774,2025-12-15 16:09:05,SHIP500-B00-T00023,F06,crew,SK-DIAG-F06,发电机综合故障诊断,0.5455,0.453474,False,1
1,1765814945.398774,2025-12-15 16:09:05,SHIP500-B00-T00023,F11,crew,SK-DIAG-F11,通讯与传感器故障诊断,0.5455,0.453474,False,1
1,1765814945.398774,2025-12-15 16:09:05,SHIP500-B00-T00023,*,crew,SK-ACT-CREW-OPS,机舱巡查与就地处置技能,0.5455,0.453474,False,1
1,1765814957.5848875,2025-12-15 16:09:17,SHIP500-B00-T00024,F06,maintenance,SK-DIAG-F06,发电机综合故障诊断,0.4545,0.46469,False,0
1,1765814969.7946844,2025-12-15 16:09:29,SHIP500-B00-T00025,F06,crew,SK-DIAG-F06,发电机综合故障诊断,0.5455,0.470262,False,1
1,1765814969.7946844,2025-12-15 16:09:29,SHIP500-B00-T00025,F11,crew,SK-DIAG-F11,通讯与传感器故障诊断,0.5455,0.470262,False,1
1,1765814969.7946844,2025-12-15 16:09:29,SHIP500-B00-T00025,*,crew,SK-ACT-CREW-OPS,机舱巡查与就地处置技能,0.5455,0.470262,False,1
1,1765814981.9802337,2025-12-15 16:09:41,SHIP500-B00-T00026,F06,maintenance,SK-DIAG-F06,发电机综合故障诊断,0.4545,0.475334,False,0
1,1765814994.1867418,2025-12-15 16:09:54,SHIP500-B00-T00027,F06,maintenance,SK-DIAG-F06,发电机综合故障诊断,0.4545,0.484197,False,0
1,1765815006.4307437,2025-12-15 16:10:06,SHIP500-B00-T00028,F06,maintenance,SK-DIAG-F06,发电机综合故障诊断,0.4545,0.453474,False,0
1,1765815018.6098638,2025-12-15 16:10:18,SHIP500-B00-T00029,F06,maintenance,SK-DIAG-F06,发电机综合故障诊断,0.4545,0.457273,False,0
1,1765815030.8140547,2025-12-15 16:10:30,SHIP500-B00-T00030,F06,crew,SK-DIAG-F06,发电机综合故障诊断,0.5455,0.447567,False,1
1,1765815030.8140547,2025-12-15 16:10:30,SHIP500-B00-T00030,F11,crew,SK-DIAG-F11,通讯与传感器故障诊断,0.5455,0.447567,False,1
1,1765815030.8140547,2025-12-15 16:10:30,SHIP500-B00-T00030,*,crew,SK-ACT-CREW-OPS,机舱巡查与就地处置技能,0.5455,0.447567,False,1
1,1765815043.023641,2025-12-15 16:10:43,SHIP500-B00-T00031,F06,crew,SK-DIAG-F06,发电机综合故障诊断,0.5455,0.461379,False,1
1,1765815043.023641,2025-12-15 16:10:43,SHIP500-B00-T00031,F11,crew,SK-DIAG-F11,通讯与传感器故障诊断,0.5455,0.461379,False,1
1,1765815043.023641,2025-12-15 16:10:43,SHIP500-B00-T00031,*,crew,SK-ACT-CREW-OPS,机舱巡查与就地处置技能,0.5455,0.461379,False,1
1,1765815055.231195,2025-12-15 16:10:55,SHIP500-B00-T00032,F06,crew,SK-DIAG-F06,发电机综合故障诊断,0.5455,0.474485,False,1
1,1765815055.231195,2025-12-15 16:10:55,SHIP500-B00-T00032,F11,crew,SK-DIAG-F11,通讯与传感器故障诊断,0.5455,0.474485,False,1
1,1765815055.231195,2025-12-15 16:10:55,SHIP500-B00-T00032,*,crew,SK-ACT-CREW-OPS,机舱巡查与就地处置技能,0.5455,0.474485,False,1
1,1765815067.4286995,2025-12-15 16:11:07,SHIP500-B00-T00033,F06,crew,SK-DIAG-F06,发电机综合故障诊断,0.5455,0.440423,False,1
1,1765815067.4286995,2025-12-15 16:11:07,SHIP500-B00-T00033,F11,crew,SK-DIAG-F11,通讯与传感器故障诊断,0.5455,0.440423,False,1
1,1765815067.4286995,2025-12-15 16:11:07,SHIP500-B00-T00033,*,crew,SK-ACT-CREW-OPS,机舱巡查与就地处置技能,0.5455,0.440423,False,1
1,1765815079.618633,2025-12-15 16:11:19,SHIP500-B00-T00034,F06,maintenance,SK-DIAG-F06,发电机综合故障诊断,0.4545,0.43859,False,0
1,1765815091.779157,2025-12-15 16:11:31,SHIP500-B00-T00035,F06,maintenance,SK-DIAG-F06,发电机综合故障诊断,0.4545,0.421925,False,0
1,1765815104.0328188,2025-12-15 16:11:44,SHIP500-B00-T00036,F06,crew,SK-DIAG-F06,发电机综合故障诊断,0.5455,0.426476,False,1
1,1765815104.0328188,2025-12-15 16:11:44,SHIP500-B00-T00036,F11,crew,SK-DIAG-F11,通讯与传感器故障诊断,0.5455,0.426476,False,1
1,1765815104.0328188,2025-12-15 16:11:44,SHIP500-B00-T00036,*,crew,SK-ACT-CREW-OPS,机舱巡查与就地处置技能,0.5455,0.426476,False,1
1,1765815116.2369251,2025-12-15 16:11:56,SHIP500-B00-T00037,F06,maintenance,SK-DIAG-F06,发电机综合故障诊断,0.4545,0.429536,False,0
1,1765815128.4500794,2025-12-15 16:12:08,SHIP500-B00-T00038,F06,crew,SK-DIAG-F06,发电机综合故障诊断,0.5455,0.424953,False,1
1,1765815128.4500794,2025-12-15 16:12:08,SHIP500-B00-T00038,F11,crew,SK-DIAG-F11,通讯与传感器故障诊断,0.5455,0.424953,False,1
1,1765815128.4500794,2025-12-15 16:12:08,SHIP500-B00-T00038,*,crew,SK-ACT-CREW-OPS,机舱巡查与就地处置技能,0.5455,0.424953,False,1
1,1765815140.6769688,2025-12-15 16:12:20,SHIP500-B00-T00039,F06,maintenance,SK-DIAG-F06,发电机综合故障诊断,0.4545,0.426984,False,0
1,1765815152.870689,2025-12-15 16:12:32,SHIP500-B00-T00040,F06,crew,SK-DIAG-F06,发电机综合故障诊断,0.5455,0.417423,False,1
1,1765815152.870689,2025-12-15 16:12:32,SHIP500-B00-T00040,F11,crew,SK-DIAG-F11,通讯与传感器故障诊断,0.5455,0.417423,False,1
1,1765815152.870689,2025-12-15 16:12:32,SHIP500-B00-T00040,*,crew,SK-ACT-CREW-OPS,机舱巡查与就地处置技能,0.5455,0.417423,False,1
1,1765815165.086023,2025-12-15 16:12:45,SHIP500-B00-T00041,F06,maintenance,SK-DIAG-F06,发电机综合故障诊断,0.4545,0.412724,False,0
1,1765815177.283877,2025-12-15 16:12:57,SHIP500-B00-T00042,F06,maintenance,SK-DIAG-F06,发电机综合故障诊断,0.4545,0.409783,False,0
1,1765815189.4871106,2025-12-15 16:13:09,SHIP500-B00-T00043,F06,crew,SK-DIAG-F06,发电机综合故障诊断,0.5455,0.414449,False,1
1,1765815189.4871106,2025-12-15 16:13:09,SHIP500-B00-T00043,F11,crew,SK-DIAG-F11,通讯与传感器故障诊断,0.5455,0.414449,False,1
1,1765815189.4871106,2025-12-15 16:13:09,SHIP500-B00-T00043,*,crew,SK-ACT-CREW-OPS,机舱巡查与就地处置技能,0.5455,0.414449,False,1
1,1765815201.684195,2025-12-15 16:13:21,SHIP500-B00-T00044,F06,crew,SK-DIAG-F06,发电机综合故障诊断,0.5455,0.417423,False,1
1,1765815201.684195,2025-12-15 16:13:21,SHIP500-B00-T00044,F11,crew,SK-DIAG-F11,通讯与传感器故障诊断,0.5455,0.417423,False,1
1,1765815201.684195,2025-12-15 16:13:21,SHIP500-B00-T00044,*,crew,SK-ACT-CREW-OPS,机舱巡查与就地处置技能,0.5455,0.417423,False,1
1,1765815213.873436,2025-12-15 16:13:33,SHIP500-B00-T00045,F06,crew,SK-DIAG-F06,发电机综合故障诊断,0.5455,0.413216,False,1
1,1765815213.873436,2025-12-15 16:13:33,SHIP500-B00-T00045,F11,crew,SK-DIAG-F11,通讯与传感器故障诊断,0.5455,0.413216,False,1
1,1765815213.873436,2025-12-15 16:13:33,SHIP500-B00-T00045,*,crew,SK-ACT-CREW-OPS,机舱巡查与就地处置技能,0.5455,0.413216,False,1
1,1765815226.069084,2025-12-15 16:13:46,SHIP500-B00-T00046,F06,crew,SK-DIAG-F06,发电机综合故障诊断,0.5455,0.406863,False,1
1,1765815226.069084,2025-12-15 16:13:46,SHIP500-B00-T00046,F11,crew,SK-DIAG-F11,通讯与传感器故障诊断,0.5455,0.406863,False,1
1,1765815226.069084,2025-12-15 16:13:46,SHIP500-B00-T00046,*,crew,SK-ACT-CREW-OPS,机舱巡查与就地处置技能,0.5455,0.406863,False,1
1,1765815238.272433,2025-12-15 16:13:58,SHIP500-B00-T00047,F06,maintenance,SK-DIAG-F06,发电机综合故障诊断,0.4545,0.406378,False,0
1,1765815250.482101,2025-12-15 16:14:10,SHIP500-B00-T00048,F06,crew,SK-DIAG-F06,发电机综合故障诊断,0.5455,0.405894,False,1
1,1765815250.482101,2025-12-15 16:14:10,SHIP500-B00-T00048,F11,crew,SK-DIAG-F11,通讯与传感器故障诊断,0.5455,0.405894,False,1
1,1765815250.482101,2025-12-15 16:14:10,SHIP500-B00-T00048,*,crew,SK-ACT-CREW-OPS,机舱巡查与就地处置技能,0.5455,0.405894,False,1
1,1765815262.677696,2025-12-15 16:14:22,SHIP500-B00-T00049,F06,maintenance,SK-DIAG-F06,发电机综合故障诊断,0.4545,0.399653,False,0
1,1765815274.8533645,2025-12-15 16:14:34,SHIP500-B00-T00050,F06,maintenance,SK-DIAG-F06,发电机综合故障诊断,0.4545,0.404445,False,0
1,1765815287.1137848,2025-12-15 16:14:47,SHIP500-B00-T00051,F06,maintenance,SK-DIAG-F06,发电机综合故障诊断,0.4545,0.395861,False,0
1,1765815299.3172812,2025-12-15 16:14:59,SHIP500-B00-T00052,F06,crew,SK-DIAG-F06,发电机综合故障诊断,0.5455,0.393978,False,1
1,1765815299.3172812,2025-12-15 16:14:59,SHIP500-B00-T00052,F11,crew,SK-DIAG-F11,通讯与传感器故障诊断,0.5455,0.393978,False,1
1,1765815299.3172812,2025-12-15 16:14:59,SHIP500-B00-T00052,*,crew,SK-ACT-CREW-OPS,机舱巡查与就地处置技能,0.5455,0.393978,False,1
1,1765815311.5108411,2025-12-15 16:15:11,SHIP500-B00-T00053,F06,maintenance,SK-DIAG-F06,发电机综合故障诊断,0.4545,0.397042,False,0
1,1765815323.6917984,2025-12-15 16:15:23,SHIP500-B00-T00054,F06,maintenance,SK-DIAG-F06,发电机综合故障诊断,0.4545,0.399415,False,0
1,1765815335.9102752,2025-12-15 16:15:35,SHIP500-B00-T00055,F06,crew,SK-DIAG-F06,发电机综合故障诊断,0.5455,0.406378,False,1
1,1765815335.9102752,2025-12-15 16:15:35,SHIP500-B00-T00055,F11,crew,SK-DIAG-F11,通讯与传感器故障诊断,0.5455,0.406378,False,1
1,1765815335.9102752,2025-12-15 16:15:35,SHIP500-B00-T00055,*,crew,SK-ACT-CREW-OPS,机舱巡查与就地处置技能,0.5455,0.406378,False,1
1,1765815348.122564,2025-12-15 16:15:48,SHIP500-B00-T00056,F06,maintenance,SK-DIAG-F06,发电机综合故障诊断,0.4545,0.402522,False,0
1,1765815360.3237524,2025-12-15 16:16:00,SHIP500-B00-T00057,F06,maintenance,SK-DIAG-F06,发电机综合故障诊断,0.4545,0.403482,False,0
1,1765815372.527818,2025-12-15 16:16:12,SHIP500-B00-T00058,F06,maintenance,SK-DIAG-F06,发电机综合故障诊断,0.4545,0.41643,False,0
1,1765815384.7148552,2025-12-15 16:16:24,SHIP500-B00-T00059,F06,maintenance,SK-DIAG-F06,发电机综合故障诊断,0.4545,0.410516,False,0
1,1765815396.9338837,2025-12-15 16:16:36,SHIP500-B00-T00060,F06,maintenance,SK-DIAG-F06,发电机综合故障诊断,0.4545,0.415934,False,0
1,1765815409.126479,2025-12-15 16:16:49,SHIP500-B00-T00061,F06,maintenance,SK-DIAG-F06,发电机综合故障诊断,0.4545,0.411496,False,0
1,1765815421.3335476,2025-12-15 16:17:01,SHIP500-B00-T00062,F06,crew,SK-DIAG-F06,发电机综合故障诊断,0.5455,0.414202,False,1
1,1765815421.3335476,2025-12-15 16:17:01,SHIP500-B00-T00062,F11,crew,SK-DIAG-F11,通讯与传感器故障诊断,0.5455,0.414202,False,1
1,1765815421.3335476,2025-12-15 16:17:01,SHIP500-B00-T00062,*,crew,SK-ACT-CREW-OPS,机舱巡查与就地处置技能,0.5455,0.414202,False,1
1,1765815433.5488594,2025-12-15 16:17:13,SHIP500-B00-T00063,F06,maintenance,SK-DIAG-F06,发电机综合故障诊断,0.4545,0.429536,False,0
1,1765815445.773719,2025-12-15 16:17:25,SHIP500-B00-T00064,F06,crew,SK-DIAG-F06,发电机综合故障诊断,0.5455,0.420419,False,1
1,1765815445.773719,2025-12-15 16:17:25,SHIP500-B00-T00064,F11,crew,SK-DIAG-F11,通讯与传感器故障诊断,0.5455,0.420419,False,1
1,1765815445.773719,2025-12-15 16:17:25,SHIP500-B00-T00064,*,crew,SK-ACT-CREW-OPS,机舱巡查与就地处置技能,0.5455,0.420419,False,1
1,1765815457.9771547,2025-12-15 16:17:37,SHIP500-B00-T00065,F06,maintenance,SK-DIAG-F06,发电机综合故障诊断,0.4545,0.416926,False,0
1,1765815470.181821,2025-12-15 16:17:50,SHIP500-B00-T00066,F06,maintenance,SK-DIAG-F06,发电机综合故障诊断,0.4545,0.421925,False,0
1,1765815482.400705,2025-12-15 16:18:02,SHIP500-B00-T00067,F06,crew,SK-DIAG-F06,发电机综合故障诊断,0.5455,0.422932,False,1
1,1765815482.400705,2025-12-15 16:18:02,SHIP500-B00-T00067,F11,crew,SK-DIAG-F11,通讯与传感器故障诊断,0.5455,0.422932,False,1
1,1765815482.400705,2025-12-15 16:18:02,SHIP500-B00-T00067,*,crew,SK-ACT-CREW-OPS,机舱巡查与就地处置技能,0.5455,0.422932,False,1
1,1765815494.60301,2025-12-15 16:18:14,SHIP500-B00-T00068,F06,crew,SK-DIAG-F06,发电机综合故障诊断,0.5455,0.423184,False,1
1,1765815494.60301,2025-12-15 16:18:14,SHIP500-B00-T00068,F11,crew,SK-DIAG-F11,通讯与传感器故障诊断,0.5455,0.423184,False,1
1,1765815494.60301,2025-12-15 16:18:14,SHIP500-B00-T00068,*,crew,SK-ACT-CREW-OPS,机舱巡查与就地处置技能,0.5455,0.423184,False,1
1,1765815506.8224964,2025-12-15 16:18:26,SHIP500-B00-T00069,F06,maintenance,SK-DIAG-F06,发电机综合故障诊断,0.4545,0.425207,False,0
1,1765815519.0276744,2025-12-15 16:18:39,SHIP500-B00-T00070,F06,maintenance,SK-DIAG-F06,发电机综合故障诊断,0.4545,0.424953,False,0
1,1765815531.2639945,2025-12-15 16:18:51,SHIP500-B00-T00071,F06,maintenance,SK-DIAG-F06,发电机综合故障诊断,0.4545,0.430562,False,0
1,1765815543.4745786,2025-12-15 16:19:03,SHIP500-B00-T00072,F06,maintenance,SK-DIAG-F06,发电机综合故障诊断,0.4545,0.430305,False,0
1,1765815555.6707923,2025-12-15 16:19:15,SHIP500-B00-T00073,F06,crew,SK-DIAG-F06,发电机综合故障诊断,0.5455,0.433135,False,1
1,1765815555.6707923,2025-12-15 16:19:15,SHIP500-B00-T00073,F11,crew,SK-DIAG-F11,通讯与传感器故障诊断,0.5455,0.433135,False,1
1,1765815555.6707923,2025-12-15 16:19:15,SHIP500-B00-T00073,*,crew,SK-ACT-CREW-OPS,机舱巡查与就地处置技能,0.5455,0.433135,False,1
1,1765815567.8928945,2025-12-15 16:19:27,SHIP500-B00-T00074,F06,maintenance,SK-DIAG-F06,发电机综合故障诊断,0.4545,0.437546,False,0
1,1765815580.0983405,2025-12-15 16:19:40,SHIP500-B00-T00075,F06,crew,SK-DIAG-F06,发电机综合故障诊断,0.5455,0.442001,False,1
1,1765815580.0983405,2025-12-15 16:19:40,SHIP500-B00-T00075,F11,crew,SK-DIAG-F11,通讯与传感器故障诊断,0.5455,0.442001,False,1
1,1765815580.0983405,2025-12-15 16:19:40,SHIP500-B00-T00075,*,crew,SK-ACT-CREW-OPS,机舱巡查与就地处置技能,0.5455,0.442001,False,1
1,1765815592.2900088,2025-12-15 16:19:52,SHIP500-B00-T00076,F06,maintenance,SK-DIAG-F06,发电机综合故障诊断,0.4545,0.443056,False,0
1,1765815604.5066512,2025-12-15 16:20:04,SHIP500-B00-T00077,F06,maintenance,SK-DIAG-F06,发电机综合故障诊断,0.4545,0.468584,False,0
1,1765815616.70966,2025-12-15 16:20:16,SHIP500-B00-T00078,F06,maintenance,SK-DIAG-F06,发电机综合故障诊断,0.4545,0.439899,False,0
1,1765815628.9149268,2025-12-15 16:20:28,SHIP500-B00-T00079,F06,maintenance,SK-DIAG-F06,发电机综合故障诊断,0.4545,0.431332,False,0
1,1765815641.1225257,2025-12-15 16:20:41,SHIP500-B00-T00080,F06,crew,SK-DIAG-F06,发电机综合故障诊断,0.5455,0.439375,False,1
1,1765815641.1225257,2025-12-15 16:20:41,SHIP500-B00-T00080,F11,crew,SK-DIAG-F11,通讯与传感器故障诊断,0.5455,0.439375,False,1
1,1765815641.1225257,2025-12-15 16:20:41,SHIP500-B00-T00080,*,crew,SK-ACT-CREW-OPS,机舱巡查与就地处置技能,0.5455,0.439375,False,1
1,1765815653.3281643,2025-12-15 16:20:53,SHIP500-B00-T00081,F06,maintenance,SK-DIAG-F06,发电机综合故障诊断,0.4545,0.439899,False,0
1,1765815665.5580332,2025-12-15 16:21:05,SHIP500-B00-T00082,F06,crew,SK-DIAG-F06,发电机综合故障诊断,0.5455,0.445173,False,1
1,1765815665.5580332,2025-12-15 16:21:05,SHIP500-B00-T00082,F11,crew,SK-DIAG-F11,通讯与传感器故障诊断,0.5455,0.445173,False,1
1,1765815665.5580332,2025-12-15 16:21:05,SHIP500-B00-T00082,*,crew,SK-ACT-CREW-OPS,机舱巡查与就地处置技能,0.5455,0.445173,False,1
1,1765815677.7554846,2025-12-15 16:21:17,SHIP500-B00-T00083,F06,crew,SK-DIAG-F06,发电机综合故障诊断,0.5455,0.431589,False,1
1,1765815677.7554846,2025-12-15 16:21:17,SHIP500-B00-T00083,F11,crew,SK-DIAG-F11,通讯与传感器故障诊断,0.5455,0.431589,False,1
1,1765815677.7554846,2025-12-15 16:21:17,SHIP500-B00-T00083,*,crew,SK-ACT-CREW-OPS,机舱巡查与就地处置技能,0.5455,0.431589,False,1
1,1765815689.958026,2025-12-15 16:21:29,SHIP500-B00-T00084,F06,maintenance,SK-DIAG-F06,发电机综合故障诊断,0.4545,0.419918,False,0
1,1765815702.1632955,2025-12-15 16:21:42,SHIP500-B00-T00085,F06,crew,SK-DIAG-F06,发电机综合故障诊断,0.5455,0.418919,False,1
1,1765815702.1632955,2025-12-15 16:21:42,SHIP500-B00-T00085,F11,crew,SK-DIAG-F11,通讯与传感器故障诊断,0.5455,0.418919,False,1
1,1765815702.1632955,2025-12-15 16:21:42,SHIP500-B00-T00085,*,crew,SK-ACT-CREW-OPS,机舱巡查与就地处置技能,0.5455,0.418919,False,1
1,1765815714.363002,2025-12-15 16:21:54,SHIP500-B00-T00086,F06,crew,SK-DIAG-F06,发电机综合故障诊断,0.5455,0.413709,False,1
1,1765815714.363002,2025-12-15 16:21:54,SHIP500-B00-T00086,F11,crew,SK-DIAG-F11,通讯与传感器故障诊断,0.5455,0.413709,False,1
1,1765815714.363002,2025-12-15 16:21:54,SHIP500-B00-T00086,*,crew,SK-ACT-CREW-OPS,机舱巡查与就地处置技能,0.5455,0.413709,False,1
1,1765815726.571201,2025-12-15 16:22:06,SHIP500-B00-T00087,F06,crew,SK-DIAG-F06,发电机综合故障诊断,0.5455,0.410516,False,1
1,1765815726.571201,2025-12-15 16:22:06,SHIP500-B00-T00087,F11,crew,SK-DIAG-F11,通讯与传感器故障诊断,0.5455,0.410516,False,1
1,1765815726.571201,2025-12-15 16:22:06,SHIP500-B00-T00087,*,crew,SK-ACT-CREW-OPS,机舱巡查与就地处置技能,0.5455,0.410516,False,1
1,1765815738.75959,2025-12-15 16:22:18,SHIP500-B00-T00088,F06,crew,SK-DIAG-F06,发电机综合故障诊断,0.5455,0.408077,False,1
1,1765815738.75959,2025-12-15 16:22:18,SHIP500-B00-T00088,F11,crew,SK-DIAG-F11,通讯与传感器故障诊断,0.5455,0.408077,False,1
1,1765815738.75959,2025-12-15 16:22:18,SHIP500-B00-T00088,*,crew,SK-ACT-CREW-OPS,机舱巡查与就地处置技能,0.5455,0.408077,False,1
1,1765815750.95373,2025-12-15 16:22:30,SHIP500-B00-T00089,F06,crew,SK-DIAG-F06,发电机综合故障诊断,0.5455,0.41643,False,1
1,1765815750.95373,2025-12-15 16:22:30,SHIP500-B00-T00089,F11,crew,SK-DIAG-F11,通讯与传感器故障诊断,0.5455,0.41643,False,1
1,1765815750.95373,2025-12-15 16:22:30,SHIP500-B00-T00089,*,crew,SK-ACT-CREW-OPS,机舱巡查与就地处置技能,0.5455,0.41643,False,1
1,1765815763.1407452,2025-12-15 16:22:43,SHIP500-B00-T00090,F06,maintenance,SK-DIAG-F06,发电机综合故障诊断,0.4545,0.42067,False,0
1,1765815775.346357,2025-12-15 16:22:55,SHIP500-B00-T00091,F06,maintenance,SK-DIAG-F06,发电机综合故障诊断,0.4545,0.429792,False,0
1,1765815787.556669,2025-12-15 16:23:07,SHIP500-B00-T00092,F06,maintenance,SK-DIAG-F06,发电机综合故障诊断,0.4545,0.428769,False,0
1,1765815799.7749932,2025-12-15 16:23:19,SHIP500-B00-T00093,F06,maintenance,SK-DIAG-F06,发电机综合故障诊断,0.4545,0.431846,False,0
1,1765815811.978627,2025-12-15 16:23:31,SHIP500-B00-T00094,F06,crew,SK-DIAG-F06,发电机综合故障诊断,0.5455,0.447567,False,1
1,1765815811.978627,2025-12-15 16:23:31,SHIP500-B00-T00094,F11,crew,SK-DIAG-F11,通讯与传感器故障诊断,0.5455,0.447567,False,1
1,1765815811.978627,2025-12-15 16:23:31,SHIP500-B00-T00094,*,crew,SK-ACT-CREW-OPS,机舱巡查与就地处置技能,0.5455,0.447567,False,1
1,1765815824.1559126,2025-12-15 16:23:44,SHIP500-B00-T00095,F06,maintenance,SK-DIAG-F06,发电机综合故障诊断,0.4545,0.455913,False,0
1,1765815836.3682482,2025-12-15 16:23:56,SHIP500-B00-T00096,F06,maintenance,SK-DIAG-F06,发电机综合故障诊断,0.4545,0.457818,False,0
1,1765815848.5819232,2025-12-15 16:24:08,SHIP500-B00-T00097,F06,maintenance,SK-DIAG-F06,发电机综合故障诊断,0.4545,0.461379,False,0
1,1765815860.823639,2025-12-15 16:24:20,SHIP500-B00-T00098,F06,crew,SK-DIAG-F06,发电机综合故障诊断,0.5455,0.43859,False,1
1,1765815860.823639,2025-12-15 16:24:20,SHIP500-B00-T00098,F11,crew,SK-DIAG-F11,通讯与传感器故障诊断,0.5455,0.43859,False,1
1,1765815860.823639,2025-12-15 16:24:20,SHIP500-B00-T00098,*,crew,SK-ACT-CREW-OPS,机舱巡查与就地处置技能,0.5455,0.43859,False,1
1,1765815873.0148854,2025-12-15 16:24:33,SHIP500-B00-T00099,F06,maintenance,SK-DIAG-F06,发电机综合故障诊断,0.4545,0.439637,False,0
1,1765815885.180823,2025-12-15 16:24:45,SHIP500-B00-T00100,F06,maintenance,SK-DIAG-F06,发电机综合故障诊断,0.4545,0.440161,False,0
1,1765815897.445819,2025-12-15 16:24:57,SHIP500-B00-T00101,F06,maintenance,SK-DIAG-F06,发电机综合故障诊断,0.4545,0.43859,False,0
1,1765815909.6601768,2025-12-15 16:25:09,SHIP500-B00-T00102,F06,maintenance,SK-DIAG-F06,发电机综合故障诊断,0.4545,0.439375,False,0
1,1765815921.912781,2025-12-15 16:25:21,SHIP500-B00-T00103,F06,crew,SK-DIAG-F06,发电机综合故障诊断,0.5455,0.435205,False,1
1,1765815921.912781,2025-12-15 16:25:21,SHIP500-B00-T00103,F11,crew,SK-DIAG-F11,通讯与传感器故障诊断,0.5455,0.435205,False,1
1,1765815921.912781,2025-12-15 16:25:21,SHIP500-B00-T00103,*,crew,SK-ACT-CREW-OPS,机舱巡查与就地处置技能,0.5455,0.435205,False,1
1,1765815934.1487248,2025-12-15 16:25:34,SHIP500-B00-T00104,F06,crew,SK-DIAG-F06,发电机综合故障诊断,0.5455,0.428258,False,1
1,1765815934.1487248,2025-12-15 16:25:34,SHIP500-B00-T00104,F11,crew,SK-DIAG-F11,通讯与传感器故障诊断,0.5455,0.428258,False,1
1,1765815934.1487248,2025-12-15 16:25:34,SHIP500-B00-T00104,*,crew,SK-ACT-CREW-OPS,机舱巡查与就地处置技能,0.5455,0.428258,False,1
1,1765815946.3560083,2025-12-15 16:25:46,SHIP500-B00-T00105,F06,maintenance,SK-DIAG-F06,发电机综合故障诊断,0.4545,0.423437,False,0
1,1765815958.543145,2025-12-15 16:25:58,SHIP500-B00-T00106,F06,crew,SK-DIAG-F06,发电机综合故障诊断,0.5455,0.417921,False,1
1,1765815958.543145,2025-12-15 16:25:58,SHIP500-B00-T00106,F11,crew,SK-DIAG-F11,通讯与传感器故障诊断,0.5455,0.417921,False,1
1,1765815958.543145,2025-12-15 16:25:58,SHIP500-B00-T00106,*,crew,SK-ACT-CREW-OPS,机舱巡查与就地处置技能,0.5455,0.417921,False,1
1,1765815970.745807,2025-12-15 16:26:10,SHIP500-B00-T00107,F06,maintenance,SK-DIAG-F06,发电机综合故障诊断,0.4545,0.418919,False,0
1,1765815982.9537218,2025-12-15 16:26:22,SHIP500-B00-T00108,F06,crew,SK-DIAG-F06,发电机综合故障诊断,0.5455,0.412724,False,1
1,1765815982.9537218,2025-12-15 16:26:22,SHIP500-B00-T00108,F11,crew,SK-DIAG-F11,通讯与传感器故障诊断,0.5455,0.412724,False,1
1,1765815982.9537218,2025-12-15 16:26:22,SHIP500-B00-T00108,*,crew,SK-ACT-CREW-OPS,机舱巡查与就地处置技能,0.5455,0.412724,False,1
1,1765815995.1598806,2025-12-15 16:26:35,SHIP500-B00-T00109,F06,maintenance,SK-DIAG-F06,发电机综合故障诊断,0.4545,0.413462,False,0
1,1765816007.3549566,2025-12-15 16:26:47,SHIP500-B00-T00110,F06,maintenance,SK-DIAG-F06,发电机综合故障诊断,0.4545,0.413462,False,0
1,1765816019.5592444,2025-12-15 16:26:59,SHIP500-B00-T00111,F06,crew,SK-DIAG-F06,发电机综合故障诊断,0.5455,0.414449,False,1
1,1765816019.5592444,2025-12-15 16:26:59,SHIP500-B00-T00111,F11,crew,SK-DIAG-F11,通讯与传感器故障诊断,0.5455,0.414449,False,1
1,1765816019.5592444,2025-12-15 16:26:59,SHIP500-B00-T00111,*,crew,SK-ACT-CREW-OPS,机舱巡查与就地处置技能,0.5455,0.414449,False,1
1,1765816031.7649896,2025-12-15 16:27:11,SHIP500-B00-T00112,F06,maintenance,SK-DIAG-F06,发电机综合故障诊断,0.4545,0.409295,False,0
1,1765816043.9506316,2025-12-15 16:27:23,SHIP500-B00-T00113,F06,crew,SK-DIAG-F06,发电机综合故障诊断,0.5455,0.415438,False,1
1,1765816043.9506316,2025-12-15 16:27:23,SHIP500-B00-T00113,F11,crew,SK-DIAG-F11,通讯与传感器故障诊断,0.5455,0.415438,False,1
1,1765816043.9506316,2025-12-15 16:27:23,SHIP500-B00-T00113,*,crew,SK-ACT-CREW-OPS,机舱巡查与就地处置技能,0.5455,0.415438,False,1
1,1765816056.1250994,2025-12-15 16:27:36,SHIP500-B00-T00114,F06,crew,SK-DIAG-F06,发电机综合故障诊断,0.5455,0.414202,False,1
1,1765816056.1250994,2025-12-15 16:27:36,SHIP500-B00-T00114,F11,crew,SK-DIAG-F11,通讯与传感器故障诊断,0.5455,0.414202,False,1
1,1765816056.1250994,2025-12-15 16:27:36,SHIP500-B00-T00114,*,crew,SK-ACT-CREW-OPS,机舱巡查与就地处置技能,0.5455,0.414202,False,1
1,1765816068.3421366,2025-12-15 16:27:48,SHIP500-B00-T00115,F06,maintenance,SK-DIAG-F06,发电机综合故障诊断,0.4545,0.406863,False,0
1,1765816080.555236,2025-12-15 16:28:00,SHIP500-B00-T00116,F06,maintenance,SK-DIAG-F06,发电机综合故障诊断,0.4545,0.398464,False,0
1,1765816092.7446527,2025-12-15 16:28:12,SHIP500-B00-T00117,F06,maintenance,SK-DIAG-F06,发电机综合故障诊断,0.4545,0.397279,False,0
1,1765816104.953643,2025-12-15 16:28:24,SHIP500-B00-T00118,F06,maintenance,SK-DIAG-F06,发电机综合故障诊断,0.4545,0.396333,False,0
1,1765816117.1626236,2025-12-15 16:28:37,SHIP500-B00-T00119,F06,maintenance,SK-DIAG-F06,发电机综合故障诊断,0.4545,0.398227,False,0
1,1765816129.345234,2025-12-15 16:28:49,SHIP500-B00-T00120,F06,crew,SK-DIAG-F06,发电机综合故障诊断,0.5455,0.402042,False,1
1,1765816129.345234,2025-12-15 16:28:49,SHIP500-B00-T00120,F11,crew,SK-DIAG-F11,通讯与传感器故障诊断,0.5455,0.402042,False,1
1,1765816129.345234,2025-12-15 16:28:49,SHIP500-B00-T00120,*,crew,SK-ACT-CREW-OPS,机舱巡查与就地处置技能,0.5455,0.402042,False,1
1,1765816141.5592463,2025-12-15 16:29:01,SHIP500-B00-T00121,F06,crew,SK-DIAG-F06,发电机综合故障诊断,0.5455,0.39799,False,1
1,1765816141.5592463,2025-12-15 16:29:01,SHIP500-B00-T00121,F11,crew,SK-DIAG-F11,通讯与传感器故障诊断,0.5455,0.39799,False,1
1,1765816141.5592463,2025-12-15 16:29:01,SHIP500-B00-T00121,*,crew,SK-ACT-CREW-OPS,机舱巡查与就地处置技能,0.5455,0.39799,False,1
1,1765816153.77407,2025-12-15 16:29:13,SHIP500-B00-T00122,F06,maintenance,SK-DIAG-F06,发电机综合故障诊断,0.4545,0.394683,False,0
1,1765816165.9788475,2025-12-15 16:29:25,SHIP500-B00-T00123,F06,maintenance,SK-DIAG-F06,发电机综合故障诊断,0.4545,0.404686,False,0
1,1765816178.179603,2025-12-15 16:29:38,SHIP500-B00-T00124,F06,crew,SK-DIAG-F06,发电机综合故障诊断,0.5455,0.400368,False,1
1,1765816178.179603,2025-12-15 16:29:38,SHIP500-B00-T00124,F11,crew,SK-DIAG-F11,通讯与传感器故障诊断,0.5455,0.400368,False,1
1,1765816178.179603,2025-12-15 16:29:38,SHIP500-B00-T00124,*,crew,SK-ACT-CREW-OPS,机舱巡查与就地处置技能,0.5455,0.400368,False,1
1,1765816190.3874717,2025-12-15 16:29:50,SHIP500-B00-T00125,F06,crew,SK-DIAG-F06,发电机综合故障诊断,0.5455,0.402761,False,1
1,1765816190.3874717,2025-12-15 16:29:50,SHIP500-B00-T00125,F11,crew,SK-DIAG-F11,通讯与传感器故障诊断,0.5455,0.402761,False,1
1,1765816190.3874717,2025-12-15 16:29:50,SHIP500-B00-T00125,*,crew,SK-ACT-CREW-OPS,机舱巡查与就地处置技能,0.5455,0.402761,False,1
1,1765816202.5419748,2025-12-15 16:30:02,SHIP500-B00-T00126,F06,maintenance,SK-DIAG-F06,发电机综合故障诊断,0.4545,0.411496,False,0
1,1765816214.7229755,2025-12-15 16:30:14,SHIP500-B00-T00127,F06,crew,SK-DIAG-F06,发电机综合故障诊断,0.5455,0.403963,False,1
1,1765816214.7229755,2025-12-15 16:30:14,SHIP500-B00-T00127,F11,crew,SK-DIAG-F11,通讯与传感器故障诊断,0.5455,0.403963,False,1
1,1765816214.7229755,2025-12-15 16:30:14,SHIP500-B00-T00127,*,crew,SK-ACT-CREW-OPS,机舱巡查与就地处置技能,0.5455,0.403963,False,1
1,1765816226.9030857,2025-12-15 16:30:26,SHIP500-B00-T00128,F06,crew,SK-DIAG-F06,发电机综合故障诊断,0.5455,0.408077,False,1
1,1765816226.9030857,2025-12-15 16:30:26,SHIP500-B00-T00128,F11,crew,SK-DIAG-F11,通讯与传感器故障诊断,0.5455,0.408077,False,1
1,1765816226.9030857,2025-12-15 16:30:26,SHIP500-B00-T00128,*,crew,SK-ACT-CREW-OPS,机舱巡查与就地处置技能,0.5455,0.408077,False,1
1,1765816239.1522431,2025-12-15 16:30:39,SHIP500-B00-T00129,F06,crew,SK-DIAG-F06,发电机综合故障诊断,0.5455,0.407348,False,1
1,1765816239.1522431,2025-12-15 16:30:39,SHIP500-B00-T00129,F11,crew,SK-DIAG-F11,通讯与传感器故障诊断,0.5455,0.407348,False,1
1,1765816239.1522431,2025-12-15 16:30:39,SHIP500-B00-T00129,*,crew,SK-ACT-CREW-OPS,机舱巡查与就地处置技能,0.5455,0.407348,False,1
1,1765816251.362497,2025-12-15 16:30:51,SHIP500-B00-T00130,F06,crew,SK-DIAG-F06,发电机综合故障诊断,0.5455,0.404928,False,1
1,1765816251.362497,2025-12-15 16:30:51,SHIP500-B00-T00130,F11,crew,SK-DIAG-F11,通讯与传感器故障诊断,0.5455,0.404928,False,1
1,1765816251.362497,2025-12-15 16:30:51,SHIP500-B00-T00130,*,crew,SK-ACT-CREW-OPS,机舱巡查与就地处置技能,0.5455,0.404928,False,1
1,1765816263.5576603,2025-12-15 16:31:03,SHIP500-B00-T00131,F06,crew,SK-DIAG-F06,发电机综合故障诊断,0.5455,0.399415,False,1
1,1765816263.5576603,2025-12-15 16:31:03,SHIP500-B00-T00131,F11,crew,SK-DIAG-F11,通讯与传感器故障诊断,0.5455,0.399415,False,1
1,1765816263.5576603,2025-12-15 16:31:03,SHIP500-B00-T00131,*,crew,SK-ACT-CREW-OPS,机舱巡查与就地处置技能,0.5455,0.399415,False,1
1,1765816275.746929,2025-12-15 16:31:15,SHIP500-B00-T00132,F06,crew,SK-DIAG-F06,发电机综合故障诊断,0.5455,0.41297,False,1
1,1765816275.746929,2025-12-15 16:31:15,SHIP500-B00-T00132,F11,crew,SK-DIAG-F11,通讯与传感器故障诊断,0.5455,0.41297,False,1
1,1765816275.746929,2025-12-15 16:31:15,SHIP500-B00-T00132,*,crew,SK-ACT-CREW-OPS,机舱巡查与就地处置技能,0.5455,0.41297,False,1
1,1765816287.9447773,2025-12-15 16:31:27,SHIP500-B00-T00133,F06,crew,SK-DIAG-F06,发电机综合故障诊断,0.5455,0.407348,False,1
1,1765816287.9447773,2025-12-15 16:31:27,SHIP500-B00-T00133,F11,crew,SK-DIAG-F11,通讯与传感器故障诊断,0.5455,0.407348,False,1
1,1765816287.9447773,2025-12-15 16:31:27,SHIP500-B00-T00133,*,crew,SK-ACT-CREW-OPS,机舱巡查与就地处置技能,0.5455,0.407348,False,1
1,1765816300.1651154,2025-12-15 16:31:40,SHIP500-B00-T00134,F06,crew,SK-DIAG-F06,发电机综合故障诊断,0.5455,0.40541,False,1
1,1765816300.1651154,2025-12-15 16:31:40,SHIP500-B00-T00134,F11,crew,SK-DIAG-F11,通讯与传感器故障诊断,0.5455,0.40541,False,1
1,1765816300.1651154,2025-12-15 16:31:40,SHIP500-B00-T00134,*,crew,SK-ACT-CREW-OPS,机舱巡查与就地处置技能,0.5455,0.40541,False,1
1,1765816312.4029667,2025-12-15 16:31:52,SHIP500-B00-T00135,F06,maintenance,SK-DIAG-F06,发电机综合故障诊断,0.4545,0.40541,False,0
1,1765816324.5890317,2025-12-15 16:32:04,SHIP500-B00-T00136,F06,crew,SK-DIAG-F06,发电机综合故障诊断,0.5455,0.407591,False,1
1,1765816324.5890317,2025-12-15 16:32:04,SHIP500-B00-T00136,F11,crew,SK-DIAG-F11,通讯与传感器故障诊断,0.5455,0.407591,False,1
1,1765816324.5890317,2025-12-15 16:32:04,SHIP500-B00-T00136,*,crew,SK-ACT-CREW-OPS,机舱巡查与就地处置技能,0.5455,0.407591,False,1
1,1765816336.7525258,2025-12-15 16:32:16,SHIP500-B00-T00137,F06,maintenance,SK-DIAG-F06,发电机综合故障诊断,0.4545,0.407591,False,0
1,1765816348.9509175,2025-12-15 16:32:28,SHIP500-B00-T00138,F06,maintenance,SK-DIAG-F06,发电机综合故障诊断,0.4545,0.417672,False,0
1,1765816361.145841,2025-12-15 16:32:41,SHIP500-B00-T00139,F06,crew,SK-DIAG-F06,发电机综合故障诊断,0.5455,0.415934,False,1
1,1765816361.145841,2025-12-15 16:32:41,SHIP500-B00-T00139,F11,crew,SK-DIAG-F11,通讯与传感器故障诊断,0.5455,0.415934,False,1
1,1765816361.145841,2025-12-15 16:32:41,SHIP500-B00-T00139,*,crew,SK-ACT-CREW-OPS,机舱巡查与就地处置技能,0.5455,0.415934,False,1
1,1765816373.3521516,2025-12-15 16:32:53,SHIP500-B00-T00140,F06,maintenance,SK-DIAG-F06,发电机综合故障诊断,0.4545,0.421172,False,0
1,1765816385.5364258,2025-12-15 16:33:05,SHIP500-B00-T00141,F06,maintenance,SK-DIAG-F06,发电机综合故障诊断,0.4545,0.423437,False,0
1,1765816397.7532392,2025-12-15 16:33:17,SHIP500-B00-T00142,F06,maintenance,SK-DIAG-F06,发电机综合故障诊断,0.4545,0.421172,False,0
1,1765816409.9641073,2025-12-15 16:33:29,SHIP500-B00-T00143,F06,crew,SK-DIAG-F06,发电机综合故障诊断,0.5455,0.420921,False,1
1,1765816409.9641073,2025-12-15 16:33:29,SHIP500-B00-T00143,F11,crew,SK-DIAG-F11,通讯与传感器故障诊断,0.5455,0.420921,False,1
1,1765816409.9641073,2025-12-15 16:33:29,SHIP500-B00-T00143,*,crew,SK-ACT-CREW-OPS,机舱巡查与就地处置技能,0.5455,0.420921,False,1
1,1765816422.172531,2025-12-15 16:33:42,SHIP500-B00-T00144,F06,maintenance,SK-DIAG-F06,发电机综合故障诊断,0.4545,0.426476,False,0
1,1765816434.3777182,2025-12-15 16:33:54,SHIP500-B00-T00145,F06,crew,SK-DIAG-F06,发电机综合故障诊断,0.5455,0.423689,False,1
1,1765816434.3777182,2025-12-15 16:33:54,SHIP500-B00-T00145,F11,crew,SK-DIAG-F11,通讯与传感器故障诊断,0.5455,0.423689,False,1
1,1765816434.3777182,2025-12-15 16:33:54,SHIP500-B00-T00145,*,crew,SK-ACT-CREW-OPS,机舱巡查与就地处置技能,0.5455,0.423689,False,1
1,1765816446.5513408,2025-12-15 16:34:06,SHIP500-B00-T00146,F06,maintenance,SK-DIAG-F06,发电机综合故障诊断,0.4545,0.435984,False,0
1,1765816458.745422,2025-12-15 16:34:18,SHIP500-B00-T00147,F06,maintenance,SK-DIAG-F06,发电机综合故障诊断,0.4545,0.442264,False,0
1,1765816470.9529066,2025-12-15 16:34:30,SHIP500-B00-T00148,F06,crew,SK-DIAG-F06,发电机综合故障诊断,0.5455,0.464137,False,1
1,1765816470.9529066,2025-12-15 16:34:30,SHIP500-B00-T00148,F11,crew,SK-DIAG-F11,通讯与传感器故障诊断,0.5455,0.464137,False,1
1,1765816470.9529066,2025-12-15 16:34:30,SHIP500-B00-T00148,*,crew,SK-ACT-CREW-OPS,机舱巡查与就地处置技能,0.5455,0.464137,False,1
1,1765816483.156095,2025-12-15 16:34:43,SHIP500-B00-T00149,F06,crew,SK-DIAG-F06,发电机综合故障诊断,0.5455,0.440423,False,1
1,1765816483.156095,2025-12-15 16:34:43,SHIP500-B00-T00149,F11,crew,SK-DIAG-F11,通讯与传感器故障诊断,0.5455,0.440423,False,1
1,1765816483.156095,2025-12-15 16:34:43,SHIP500-B00-T00149,*,crew,SK-ACT-CREW-OPS,机舱巡查与就地处置技能,0.5455,0.440423,False,1
1,1765816495.3740623,2025-12-15 16:34:55,SHIP500-B00-T00150,F06,crew,SK-DIAG-F06,发电机综合故障诊断,0.5455,0.427493,False,1
1,1765816495.3740623,2025-12-15 16:34:55,SHIP500-B00-T00150,F11,crew,SK-DIAG-F11,通讯与传感器故障诊断,0.5455,0.427493,False,1
1,1765816495.3740623,2025-12-15 16:34:55,SHIP500-B00-T00150,*,crew,SK-ACT-CREW-OPS,机舱巡查与就地处置技能,0.5455,0.427493,False,1
1,1765816507.633738,2025-12-15 16:35:07,SHIP500-B00-T00151,F06,maintenance,SK-DIAG-F06,发电机综合故障诊断,0.4545,0.432619,False,0
1,1765816519.8298943,2025-12-15 16:35:19,SHIP500-B00-T00152,F06,crew,SK-DIAG-F06,发电机综合故障诊断,0.5455,0.435724,False,1
1,1765816519.8298943,2025-12-15 16:35:19,SHIP500-B00-T00152,F11,crew,SK-DIAG-F11,通讯与传感器故障诊断,0.5455,0.435724,False,1
1,1765816519.8298943,2025-12-15 16:35:19,SHIP500-B00-T00152,*,crew,SK-ACT-CREW-OPS,机舱巡查与就地处置技能,0.5455,0.435724,False,1
1,1765816532.0371933,2025-12-15 16:35:32,SHIP500-B00-T00153,F06,maintenance,SK-DIAG-F06,发电机综合故障诊断,0.4545,0.436764,False,0
1,1765816544.233395,2025-12-15 16:35:44,SHIP500-B00-T00154,F06,crew,SK-DIAG-F06,发电机综合故障诊断,0.5455,0.435724,False,1
1,1765816544.233395,2025-12-15 16:35:44,SHIP500-B00-T00154,F11,crew,SK-DIAG-F11,通讯与传感器故障诊断,0.5455,0.435724,False,1
1,1765816544.233395,2025-12-15 16:35:44,SHIP500-B00-T00154,*,crew,SK-ACT-CREW-OPS,机舱巡查与就地处置技能,0.5455,0.435724,False,1
1,1765816556.4327412,2025-12-15 16:35:56,SHIP500-B00-T00155,F06,maintenance,SK-DIAG-F06,发电机综合故障诊断,0.4545,0.430305,False,0
1,1765816568.6513376,2025-12-15 16:36:08,SHIP500-B00-T00156,F06,maintenance,SK-DIAG-F06,发电机综合故障诊断,0.4545,0.428514,False,0
1,1765816580.8276236,2025-12-15 16:36:20,SHIP500-B00-T00157,F06,crew,SK-DIAG-F06,发电机综合故障诊断,0.5455,0.434169,False,1
1,1765816580.8276236,2025-12-15 16:36:20,SHIP500-B00-T00157,F11,crew,SK-DIAG-F11,通讯与传感器故障诊断,0.5455,0.434169,False,1
1,1765816580.8276236,2025-12-15 16:36:20,SHIP500-B00-T00157,*,crew,SK-ACT-CREW-OPS,机舱巡查与就地处置技能,0.5455,0.434169,False,1
1,1765816593.0315626,2025-12-15 16:36:33,SHIP500-B00-T00158,F06,maintenance,SK-DIAG-F06,发电机综合故障诊断,0.4545,0.430562,False,0
1,1765816605.236754,2025-12-15 16:36:45,SHIP500-B00-T00159,F06,maintenance,SK-DIAG-F06,发电机综合故障诊断,0.4545,0.42673,False,0
1,1765816617.441248,2025-12-15 16:36:57,SHIP500-B00-T00160,F06,maintenance,SK-DIAG-F06,发电机综合故障诊断,0.4545,0.430049,False,0
1,1765816629.6306674,2025-12-15 16:37:09,SHIP500-B00-T00161,F06,maintenance,SK-DIAG-F06,发电机综合故障诊断,0.4545,0.42673,False,0
1,1765816641.820862,2025-12-15 16:37:21,SHIP500-B00-T00162,F06,maintenance,SK-DIAG-F06,发电机综合故障诊断,0.4545,0.431332,False,0
1,1765816654.0289714,2025-12-15 16:37:34,SHIP500-B00-T00163,F06,maintenance,SK-DIAG-F06,发电机综合故障诊断,0.4545,0.435724,False,0
1,1765816666.2284465,2025-12-15 16:37:46,SHIP500-B00-T00164,F06,crew,SK-DIAG-F06,发电机综合故障诊断,0.5455,0.438067,False,1
1,1765816666.2284465,2025-12-15 16:37:46,SHIP500-B00-T00164,F11,crew,SK-DIAG-F11,通讯与传感器故障诊断,0.5455,0.438067,False,1
1,1765816666.2284465,2025-12-15 16:37:46,SHIP500-B00-T00164,*,crew,SK-ACT-CREW-OPS,机舱巡查与就地处置技能,0.5455,0.438067,False,1
1,1765816678.44946,2025-12-15 16:37:58,SHIP500-B00-T00165,F06,crew,SK-DIAG-F06,发电机综合故障诊断,0.5455,0.455913,False,1
1,1765816678.44946,2025-12-15 16:37:58,SHIP500-B00-T00165,F11,crew,SK-DIAG-F11,通讯与传感器故障诊断,0.5455,0.455913,False,1
1,1765816678.44946,2025-12-15 16:37:58,SHIP500-B00-T00165,*,crew,SK-ACT-CREW-OPS,机舱巡查与就地处置技能,0.5455,0.455913,False,1
1,1765816690.6610785,2025-12-15 16:38:10,SHIP500-B00-T00166,F06,maintenance,SK-DIAG-F06,发电机综合故障诊断,0.4545,0.466077,False,0
1,1765816702.834718,2025-12-15 16:38:22,SHIP500-B00-T00167,F06,maintenance,SK-DIAG-F06,发电机综合故障诊断,0.4545,0.469142,False,0
1,1765816715.0260513,2025-12-15 16:38:35,SHIP500-B00-T00168,F06,crew,SK-DIAG-F06,发电机综合故障诊断,0.5455,0.476468,False,1
1,1765816715.0260513,2025-12-15 16:38:35,SHIP500-B00-T00168,F11,crew,SK-DIAG-F11,通讯与传感器故障诊断,0.5455,0.476468,False,1
1,1765816715.0260513,2025-12-15 16:38:35,SHIP500-B00-T00168,*,crew,SK-ACT-CREW-OPS,机舱巡查与就地处置技能,0.5455,0.476468,False,1
1,1765816727.2324789,2025-12-15 16:38:47,SHIP500-B00-T00169,F06,maintenance,SK-DIAG-F06,发电机综合故障诊断,0.4545,0.46469,False,0
1,1765816739.443846,2025-12-15 16:38:59,SHIP500-B00-T00170,F06,maintenance,SK-DIAG-F06,发电机综合故障诊断,0.4545,0.456184,False,0
1,1765816751.6663363,2025-12-15 16:39:11,SHIP500-B00-T00171,F06,maintenance,SK-DIAG-F06,发电机综合故障诊断,0.4545,0.452125,False,0
1,1765816763.8317816,2025-12-15 16:39:23,SHIP500-B00-T00172,F06,maintenance,SK-DIAG-F06,发电机综合故障诊断,0.4545,0.451855,False,0
1,1765816776.0350463,2025-12-15 16:39:36,SHIP500-B00-T00173,F06,maintenance,SK-DIAG-F06,发电机综合故障诊断,0.4545,0.469142,False,0
1,1765816788.223461,2025-12-15 16:39:48,SHIP500-B00-T00174,F06,maintenance,SK-DIAG-F06,发电机综合故障诊断,0.4545,0.454285,False,0
1,1765816800.4337904,2025-12-15 16:40:00,SHIP500-B00-T00175,F06,maintenance,SK-DIAG-F06,发电机综合故障诊断,0.4545,0.449438,False,0
1,1765816812.6318495,2025-12-15 16:40:12,SHIP500-B00-T00176,F06,maintenance,SK-DIAG-F06,发电机综合故障诊断,0.4545,0.441211,False,0
1,1765816824.8830645,2025-12-15 16:40:24,SHIP500-B00-T00177,F06,crew,SK-DIAG-F06,发电机综合故障诊断,0.5455,0.448101,False,1
1,1765816824.8830645,2025-12-15 16:40:24,SHIP500-B00-T00177,F11,crew,SK-DIAG-F11,通讯与传感器故障诊断,0.5455,0.448101,False,1
1,1765816824.8830645,2025-12-15 16:40:24,SHIP500-B00-T00177,*,crew,SK-ACT-CREW-OPS,机舱巡查与就地处置技能,0.5455,0.448101,False,1
1,1765816837.072212,2025-12-15 16:40:37,SHIP500-B00-T00178,F06,maintenance,SK-DIAG-F06,发电机综合故障诊断,0.4545,0.444113,False,0
1,1765816849.2780235,2025-12-15 16:40:49,SHIP500-B00-T00179,F06,crew,SK-DIAG-F06,发电机综合故障诊断,0.5455,0.435205,False,1
1,1765816849.2780235,2025-12-15 16:40:49,SHIP500-B00-T00179,F11,crew,SK-DIAG-F11,通讯与传感器故障诊断,0.5455,0.435205,False,1
1,1765816849.2780235,2025-12-15 16:40:49,SHIP500-B00-T00179,*,crew,SK-ACT-CREW-OPS,机舱巡查与就地处置技能,0.5455,0.435205,False,1
1,1765816861.5439854,2025-12-15 16:41:01,SHIP500-B00-T00180,F06,crew,SK-DIAG-F06,发电机综合故障诊断,0.5455,0.431332,False,1
1,1765816861.5439854,2025-12-15 16:41:01,SHIP500-B00-T00180,F11,crew,SK-DIAG-F11,通讯与传感器故障诊断,0.5455,0.431332,False,1
1,1765816861.5439854,2025-12-15 16:41:01,SHIP500-B00-T00180,*,crew,SK-ACT-CREW-OPS,机舱巡查与就地处置技能,0.5455,0.431332,False,1
1,1765816873.7780342,2025-12-15 16:41:13,SHIP500-B00-T00181,F06,maintenance,SK-DIAG-F06,发电机综合故障诊断,0.4545,0.428258,False,0
1,1765816885.988938,2025-12-15 16:41:25,SHIP500-B00-T00182,F06,crew,SK-DIAG-F06,发电机综合故障诊断,0.5455,0.433135,False,1
1,1765816885.988938,2025-12-15 16:41:25,SHIP500-B00-T00182,F11,crew,SK-DIAG-F11,通讯与传感器故障诊断,0.5455,0.433135,False,1
1,1765816885.988938,2025-12-15 16:41:25,SHIP500-B00-T00182,*,crew,SK-ACT-CREW-OPS,机舱巡查与就地处置技能,0.5455,0.433135,False,1
1,1765816898.1986248,2025-12-15 16:41:38,SHIP500-B00-T00183,F06,crew,SK-DIAG-F06,发电机综合故障诊断,0.5455,0.437285,False,1
1,1765816898.1986248,2025-12-15 16:41:38,SHIP500-B00-T00183,F11,crew,SK-DIAG-F11,通讯与传感器故障诊断,0.5455,0.437285,False,1
1,1765816898.1986248,2025-12-15 16:41:38,SHIP500-B00-T00183,*,crew,SK-ACT-CREW-OPS,机舱巡查与就地处置技能,0.5455,0.437285,False,1
1,1765816910.381662,2025-12-15 16:41:50,SHIP500-B00-T00184,F06,maintenance,SK-DIAG-F06,发电机综合故障诊断,0.4545,0.433135,False,0
1,1765816922.5760398,2025-12-15 16:42:02,SHIP500-B00-T00185,F06,crew,SK-DIAG-F06,发电机综合故障诊断,0.5455,0.431332,False,1
1,1765816922.5760398,2025-12-15 16:42:02,SHIP500-B00-T00185,F11,crew,SK-DIAG-F11,通讯与传感器故障诊断,0.5455,0.431332,False,1
1,1765816922.5760398,2025-12-15 16:42:02,SHIP500-B00-T00185,*,crew,SK-ACT-CREW-OPS,机舱巡查与就地处置技能,0.5455,0.431332,False,1
1,1765816934.7647202,2025-12-15 16:42:14,SHIP500-B00-T00186,F06,maintenance,SK-DIAG-F06,发电机综合故障诊断,0.4545,0.424447,False,0
1,1765816946.973808,2025-12-15 16:42:26,SHIP500-B00-T00187,F06,crew,SK-DIAG-F06,发电机综合故障诊断,0.5455,0.427239,False,1
1,1765816946.973808,2025-12-15 16:42:26,SHIP500-B00-T00187,F11,crew,SK-DIAG-F11,通讯与传感器故障诊断,0.5455,0.427239,False,1
1,1765816946.973808,2025-12-15 16:42:26,SHIP500-B00-T00187,*,crew,SK-ACT-CREW-OPS,机舱巡查与就地处置技能,0.5455,0.427239,False,1
1,1765816959.1668944,2025-12-15 16:42:39,SHIP500-B00-T00188,F06,maintenance,SK-DIAG-F06,发电机综合故障诊断,0.4545,0.427493,False,0
1,1765816971.3823075,2025-12-15 16:42:51,SHIP500-B00-T00189,F06,crew,SK-DIAG-F06,发电机综合故障诊断,0.5455,0.424447,False,1
1,1765816971.3823075,2025-12-15 16:42:51,SHIP500-B00-T00189,F11,crew,SK-DIAG-F11,通讯与传感器故障诊断,0.5455,0.424447,False,1
1,1765816971.3823075,2025-12-15 16:42:51,SHIP500-B00-T00189,*,crew,SK-ACT-CREW-OPS,机舱巡查与就地处置技能,0.5455,0.424447,False,1
1,1765816983.598415,2025-12-15 16:43:03,SHIP500-B00-T00190,F06,crew,SK-DIAG-F06,发电机综合故障诊断,0.5455,0.425207,False,1
1,1765816983.598415,2025-12-15 16:43:03,SHIP500-B00-T00190,F11,crew,SK-DIAG-F11,通讯与传感器故障诊断,0.5455,0.425207,False,1
1,1765816983.598415,2025-12-15 16:43:03,SHIP500-B00-T00190,*,crew,SK-ACT-CREW-OPS,机舱巡查与就地处置技能,0.5455,0.425207,False,1
1,1765816995.7888594,2025-12-15 16:43:15,SHIP500-B00-T00191,F06,maintenance,SK-DIAG-F06,发电机综合故障诊断,0.4545,0.419168,False,0
1,1765817008.0011835,2025-12-15 16:43:28,SHIP500-B00-T00192,F06,maintenance,SK-DIAG-F06,发电机综合故障诊断,0.4545,0.420169,False,0
1,1765817020.2050784,2025-12-15 16:43:40,SHIP500-B00-T00193,F06,maintenance,SK-DIAG-F06,发电机综合故障诊断,0.4545,0.428769,False,0
1,1765817032.4163437,2025-12-15 16:43:52,SHIP500-B00-T00194,F06,maintenance,SK-DIAG-F06,发电机综合故障诊断,0.4545,0.424194,False,0
1,1765817044.623942,2025-12-15 16:44:04,SHIP500-B00-T00195,F06,crew,SK-DIAG-F06,发电机综合故障诊断,0.5455,0.420921,False,1
1,1765817044.623942,2025-12-15 16:44:04,SHIP500-B00-T00195,F11,crew,SK-DIAG-F11,通讯与传感器故障诊断,0.5455,0.420921,False,1
1,1765817044.623942,2025-12-15 16:44:04,SHIP500-B00-T00195,*,crew,SK-ACT-CREW-OPS,机舱巡查与就地处置技能,0.5455,0.420921,False,1
1,1765817056.8811116,2025-12-15 16:44:16,SHIP500-B00-T00196,F06,crew,SK-DIAG-F06,发电机综合故障诊断,0.5455,0.41842,False,1
1,1765817056.8811116,2025-12-15 16:44:16,SHIP500-B00-T00196,F11,crew,SK-DIAG-F11,通讯与传感器故障诊断,0.5455,0.41842,False,1
1,1765817056.8811116,2025-12-15 16:44:16,SHIP500-B00-T00196,*,crew,SK-ACT-CREW-OPS,机舱巡查与就地处置技能,0.5455,0.41842,False,1
1,1765817069.075649,2025-12-15 16:44:29,SHIP500-B00-T00197,F06,maintenance,SK-DIAG-F06,发电机综合故障诊断,0.4545,0.422428,False,0
1,1765817081.2767386,2025-12-15 16:44:41,SHIP500-B00-T00198,F06,maintenance,SK-DIAG-F06,发电机综合故障诊断,0.4545,0.420921,False,0
1,1765817093.4922335,2025-12-15 16:44:53,SHIP500-B00-T00199,F06,maintenance,SK-DIAG-F06,发电机综合故障诊断,0.4545,0.432619,False,0
1,1765817105.7071066,2025-12-15 16:45:05,SHIP500-B00-T00200,F06,maintenance,SK-DIAG-F06,发电机综合故障诊断,0.4545,0.433652,False,0
1,1765817117.9273996,2025-12-15 16:45:17,SHIP500-B00-T00201,F06,maintenance,SK-DIAG-F06,发电机综合故障诊断,0.4545,0.429281,False,0
1,1765817130.122064,2025-12-15 16:45:30,SHIP500-B00-T00202,F06,crew,SK-DIAG-F06,发电机综合故障诊断,0.5455,0.430049,False,1
1,1765817130.122064,2025-12-15 16:45:30,SHIP500-B00-T00202,F11,crew,SK-DIAG-F11,通讯与传感器故障诊断,0.5455,0.430049,False,1
1,1765817130.122064,2025-12-15 16:45:30,SHIP500-B00-T00202,*,crew,SK-ACT-CREW-OPS,机舱巡查与就地处置技能,0.5455,0.430049,False,1
1,1765817142.3465629,2025-12-15 16:45:42,SHIP500-B00-T00203,F06,crew,SK-DIAG-F06,发电机综合故障诊断,0.5455,0.429281,False,1
1,1765817142.3465629,2025-12-15 16:45:42,SHIP500-B00-T00203,F11,crew,SK-DIAG-F11,通讯与传感器故障诊断,0.5455,0.429281,False,1
1,1765817142.3465629,2025-12-15 16:45:42,SHIP500-B00-T00203,*,crew,SK-ACT-CREW-OPS,机舱巡查与就地处置技能,0.5455,0.429281,False,1
1,1765817154.5642262,2025-12-15 16:45:54,SHIP500-B00-T00204,F06,maintenance,SK-DIAG-F06,发电机综合故障诊断,0.4545,0.429536,False,0
1,1765817166.7682211,2025-12-15 16:46:06,SHIP500-B00-T00205,F06,maintenance,SK-DIAG-F06,发电机综合故障诊断,0.4545,0.432361,False,0
1,1765817178.9450357,2025-12-15 16:46:18,SHIP500-B00-T00206,F06,crew,SK-DIAG-F06,发电机综合故障诊断,0.5455,0.434428,False,1
1,1765817178.9450357,2025-12-15 16:46:18,SHIP500-B00-T00206,F11,crew,SK-DIAG-F11,通讯与传感器故障诊断,0.5455,0.434428,False,1
1,1765817178.9450357,2025-12-15 16:46:18,SHIP500-B00-T00206,*,crew,SK-ACT-CREW-OPS,机舱巡查与就地处置技能,0.5455,0.434428,False,1
1,1765817191.1539092,2025-12-15 16:46:31,SHIP500-B00-T00207,F06,maintenance,SK-DIAG-F06,发电机综合故障诊断,0.4545,0.437546,False,0
1,1765817203.3531766,2025-12-15 16:46:43,SHIP500-B00-T00208,F06,maintenance,SK-DIAG-F06,发电机综合故障诊断,0.4545,0.445438,False,0
1,1765817215.5150373,2025-12-15 16:46:55,SHIP500-B00-T00209,F06,maintenance,SK-DIAG-F06,发电机综合故障诊断,0.4545,0.439899,False,0
1,1765817227.7311332,2025-12-15 16:47:07,SHIP500-B00-T00210,F06,crew,SK-DIAG-F06,发电机综合故障诊断,0.5455,0.455098,False,1
1,1765817227.7311332,2025-12-15 16:47:07,SHIP500-B00-T00210,F11,crew,SK-DIAG-F11,通讯与传感器故障诊断,0.5455,0.455098,False,1
1,1765817227.7311332,2025-12-15 16:47:07,SHIP500-B00-T00210,*,crew,SK-ACT-CREW-OPS,机舱巡查与就地处置技能,0.5455,0.455098,False,1
1,1765817239.93127,2025-12-15 16:47:19,SHIP500-B00-T00211,F06,maintenance,SK-DIAG-F06,发电机综合故障诊断,0.4545,0.468025,False,0
1,1765817252.136343,2025-12-15 16:47:32,SHIP500-B00-T00212,F06,crew,SK-DIAG-F06,发电机综合故障诊断,0.5455,0.460555,False,1
1,1765817252.136343,2025-12-15 16:47:32,SHIP500-B00-T00212,F11,crew,SK-DIAG-F11,通讯与传感器故障诊断,0.5455,0.460555,False,1
1,1765817252.136343,2025-12-15 16:47:32,SHIP500-B00-T00212,*,crew,SK-ACT-CREW-OPS,机舱巡查与就地处置技能,0.5455,0.460555,False,1
1,1765817264.317974,2025-12-15 16:47:44,SHIP500-B00-T00213,F06,maintenance,SK-DIAG-F06,发电机综合故障诊断,0.4545,0.462205,False,0
1,1765817276.4990132,2025-12-15 16:47:56,SHIP500-B00-T00214,F06,crew,SK-DIAG-F06,发电机综合故障诊断,0.5455,0.459458,False,1
1,1765817276.4990132,2025-12-15 16:47:56,SHIP500-B00-T00214,F11,crew,SK-DIAG-F11,通讯与传感器故障诊断,0.5455,0.459458,False,1
1,1765817276.4990132,2025-12-15 16:47:56,SHIP500-B00-T00214,*,crew,SK-ACT-CREW-OPS,机舱巡查与就地处置技能,0.5455,0.459458,False,1
1,1765817288.7489493,2025-12-15 16:48:08,SHIP500-B00-T00215,F06,crew,SK-DIAG-F06,发电机综合故障诊断,0.5455,0.471104,False,1
1,1765817288.7489493,2025-12-15 16:48:08,SHIP500-B00-T00215,F11,crew,SK-DIAG-F11,通讯与传感器故障诊断,0.5455,0.471104,False,1
1,1765817288.7489493,2025-12-15 16:48:08,SHIP500-B00-T00215,*,crew,SK-ACT-CREW-OPS,机舱巡查与就地处置技能,0.5455,0.471104,False,1
1,1765817300.9501004,2025-12-15 16:48:20,SHIP500-B00-T00216,F06,crew,SK-DIAG-F06,发电机综合故障诊断,0.5455,0.472509,False,1
1,1765817300.9501004,2025-12-15 16:48:20,SHIP500-B00-T00216,F11,crew,SK-DIAG-F11,通讯与传感器故障诊断,0.5455,0.472509,False,1
1,1765817300.9501004,2025-12-15 16:48:20,SHIP500-B00-T00216,*,crew,SK-ACT-CREW-OPS,机舱巡查与就地处置技能,0.5455,0.472509,False,1
1,1765817313.175091,2025-12-15 16:48:33,SHIP500-B00-T00217,F06,crew,SK-DIAG-F06,发电机综合故障诊断,0.5455,0.470262,False,1
1,1765817313.175091,2025-12-15 16:48:33,SHIP500-B00-T00217,F11,crew,SK-DIAG-F11,通讯与传感器故障诊断,0.5455,0.470262,False,1
1,1765817313.175091,2025-12-15 16:48:33,SHIP500-B00-T00217,*,crew,SK-ACT-CREW-OPS,机舱巡查与就地处置技能,0.5455,0.470262,False,1
1,1765817325.328143,2025-12-15 16:48:45,SHIP500-B00-T00218,F06,crew,SK-DIAG-F06,发电机综合故障诊断,0.5455,0.477605,False,1
1,1765817325.328143,2025-12-15 16:48:45,SHIP500-B00-T00218,F11,crew,SK-DIAG-F11,通讯与传感器故障诊断,0.5455,0.477605,False,1
1,1765817325.328143,2025-12-15 16:48:45,SHIP500-B00-T00218,*,crew,SK-ACT-CREW-OPS,机舱巡查与就地处置技能,0.5455,0.477605,False,1
1,1765817337.570608,2025-12-15 16:48:57,SHIP500-B00-T00219,F06,maintenance,SK-DIAG-F06,发电机综合故障诊断,0.4545,0.500032,False,0
1,1765817349.7919233,2025-12-15 16:49:09,SHIP500-B00-T00220,F06,maintenance,SK-DIAG-F06,发电机综合故障诊断,0.4545,0.48362,False,0
1,1765817362.0295837,2025-12-15 16:49:22,SHIP500-B00-T00221,F06,maintenance,SK-DIAG-F06,发电机综合故障诊断,0.4545,0.451855,False,0
1,1765817374.253583,2025-12-15 16:49:34,SHIP500-B00-T00222,F06,crew,SK-DIAG-F06,发电机综合故障诊断,0.5455,0.470262,False,1
1,1765817374.253583,2025-12-15 16:49:34,SHIP500-B00-T00222,F11,crew,SK-DIAG-F11,通讯与传感器故障诊断,0.5455,0.470262,False,1
1,1765817374.253583,2025-12-15 16:49:34,SHIP500-B00-T00222,*,crew,SK-ACT-CREW-OPS,机舱巡查与就地处置技能,0.5455,0.470262,False,1
1,1765817386.4170663,2025-12-15 16:49:46,SHIP500-B00-T00223,F06,maintenance,SK-DIAG-F06,发电机综合故障诊断,0.4545,0.467189,False,0
1,1765817398.624215,2025-12-15 16:49:58,SHIP500-B00-T00224,F06,crew,SK-DIAG-F06,发电机综合故障诊断,0.5455,0.463032,False,1
1,1765817398.624215,2025-12-15 16:49:58,SHIP500-B00-T00224,F11,crew,SK-DIAG-F11,通讯与传感器故障诊断,0.5455,0.463032,False,1
1,1765817398.624215,2025-12-15 16:49:58,SHIP500-B00-T00224,*,crew,SK-ACT-CREW-OPS,机舱巡查与就地处置技能,0.5455,0.463032,False,1
1,1765817410.8351233,2025-12-15 16:50:10,SHIP500-B00-T00225,F06,crew,SK-DIAG-F06,发电机综合故障诊断,0.5455,0.461929,False,1
1,1765817410.8351233,2025-12-15 16:50:10,SHIP500-B00-T00225,F11,crew,SK-DIAG-F11,通讯与传感器故障诊断,0.5455,0.461929,False,1
1,1765817410.8351233,2025-12-15 16:50:10,SHIP500-B00-T00225,*,crew,SK-ACT-CREW-OPS,机舱巡查与就地处置技能,0.5455,0.461929,False,1
1,1765817423.015007,2025-12-15 16:50:23,SHIP500-B00-T00226,F06,crew,SK-DIAG-F06,发电机综合故障诊断,0.5455,0.466911,False,1
1,1765817423.015007,2025-12-15 16:50:23,SHIP500-B00-T00226,F11,crew,SK-DIAG-F11,通讯与传感器故障诊断,0.5455,0.466911,False,1
1,1765817423.015007,2025-12-15 16:50:23,SHIP500-B00-T00226,*,crew,SK-ACT-CREW-OPS,机舱巡查与就地处置技能,0.5455,0.466911,False,1
1,1765817435.2179036,2025-12-15 16:50:35,SHIP500-B00-T00227,F06,maintenance,SK-DIAG-F06,发电机综合故障诊断,0.4545,0.471384,False,0
1,1765817447.4632144,2025-12-15 16:50:47,SHIP500-B00-T00228,F06,maintenance,SK-DIAG-F06,发电机综合故障诊断,0.4545,0.474485,False,0
1,1765817459.6696622,2025-12-15 16:50:59,SHIP500-B00-T00229,F06,maintenance,SK-DIAG-F06,发电机综合故障诊断,0.4545,0.467189,False,0
1,1765817471.86495,2025-12-15 16:51:11,SHIP500-B00-T00230,F06,crew,SK-DIAG-F06,发电机综合故障诊断,0.5455,0.468863,False,1
1,1765817471.86495,2025-12-15 16:51:11,SHIP500-B00-T00230,F11,crew,SK-DIAG-F11,通讯与传感器故障诊断,0.5455,0.468863,False,1
1,1765817471.86495,2025-12-15 16:51:11,SHIP500-B00-T00230,*,crew,SK-ACT-CREW-OPS,机舱巡查与就地处置技能,0.5455,0.468863,False,1
1,1765817484.0558438,2025-12-15 16:51:24,SHIP500-B00-T00231,F06,maintenance,SK-DIAG-F06,发电机综合故障诊断,0.4545,0.472228,False,0
1,1765817496.2735322,2025-12-15 16:51:36,SHIP500-B00-T00232,F06,maintenance,SK-DIAG-F06,发电机综合故障诊断,0.4545,0.474485,False,0
1,1765817508.4952695,2025-12-15 16:51:48,SHIP500-B00-T00233,F06,crew,SK-DIAG-F06,发电机综合故障诊断,0.5455,0.475617,False,1
1,1765817508.4952695,2025-12-15 16:51:48,SHIP500-B00-T00233,F11,crew,SK-DIAG-F11,通讯与传感器故障诊断,0.5455,0.475617,False,1
1,1765817508.4952695,2025-12-15 16:51:48,SHIP500-B00-T00233,*,crew,SK-ACT-CREW-OPS,机舱巡查与就地处置技能,0.5455,0.475617,False,1
1,1765817520.7031748,2025-12-15 16:52:00,SHIP500-B00-T00234,F06,maintenance,SK-DIAG-F06,发电机综合故障诊断,0.4545,0.481607,False,0
1,1765817532.9133716,2025-12-15 16:52:12,SHIP500-B00-T00235,F06,crew,SK-DIAG-F06,发电机综合故障诊断,0.5455,0.469982,False,1
1,1765817532.9133716,2025-12-15 16:52:12,SHIP500-B00-T00235,F11,crew,SK-DIAG-F11,通讯与传感器故障诊断,0.5455,0.469982,False,1
1,1765817532.9133716,2025-12-15 16:52:12,SHIP500-B00-T00235,*,crew,SK-ACT-CREW-OPS,机舱巡查与就地处置技能,0.5455,0.469982,False,1
1,1765817545.1299517,2025-12-15 16:52:25,SHIP500-B00-T00236,F06,crew,SK-DIAG-F06,发电机综合故障诊断,0.5455,0.481894,False,1
1,1765817545.1299517,2025-12-15 16:52:25,SHIP500-B00-T00236,F11,crew,SK-DIAG-F11,通讯与传感器故障诊断,0.5455,0.481894,False,1
1,1765817545.1299517,2025-12-15 16:52:25,SHIP500-B00-T00236,*,crew,SK-ACT-CREW-OPS,机舱巡查与就地处置技能,0.5455,0.481894,False,1
1,1765817557.3279805,2025-12-15 16:52:37,SHIP500-B00-T00237,F06,maintenance,SK-DIAG-F06,发电机综合故障诊断,0.4545,0.497654,False,0
1,1765817569.514854,2025-12-15 16:52:49,SHIP500-B00-T00238,F06,maintenance,SK-DIAG-F06,发电机综合故障诊断,0.4545,0.509659,False,0
1,1765817581.776595,2025-12-15 16:53:01,SHIP500-B00-T00239,F06,maintenance,SK-DIAG-F06,发电机综合故障诊断,0.4545,0.494992,False,0
1,1765817593.9878738,2025-12-15 16:53:13,SHIP500-B00-T00240,F06,crew,SK-DIAG-F06,发电机综合故障诊断,0.5455,0.487381,False,1
1,1765817593.9878738,2025-12-15 16:53:13,SHIP500-B00-T00240,F11,crew,SK-DIAG-F11,通讯与传感器故障诊断,0.5455,0.487381,False,1
1,1765817593.9878738,2025-12-15 16:53:13,SHIP500-B00-T00240,*,crew,SK-ACT-CREW-OPS,机舱巡查与就地处置技能,0.5455,0.487381,False,1
1,1765817606.205076,2025-12-15 16:53:26,SHIP500-B00-T00241,F06,crew,SK-DIAG-F06,发电机综合故障诊断,0.5455,0.481894,False,1
1,1765817606.205076,2025-12-15 16:53:26,SHIP500-B00-T00241,F11,crew,SK-DIAG-F11,通讯与传感器故障诊断,0.5455,0.481894,False,1
1,1765817606.205076,2025-12-15 16:53:26,SHIP500-B00-T00241,*,crew,SK-ACT-CREW-OPS,机舱巡查与就地处置技能,0.5455,0.481894,False,1
1,1765817618.423734,2025-12-15 16:53:38,SHIP500-B00-T00242,F06,crew,SK-DIAG-F06,发电机综合故障诊断,0.5455,0.490002,False,1
1,1765817618.423734,2025-12-15 16:53:38,SHIP500-B00-T00242,F11,crew,SK-DIAG-F11,通讯与传感器故障诊断,0.5455,0.490002,False,1
1,1765817618.423734,2025-12-15 16:53:38,SHIP500-B00-T00242,*,crew,SK-ACT-CREW-OPS,机舱巡查与就地处置技能,0.5455,0.490002,False,1
1,1765817630.6251705,2025-12-15 16:53:50,SHIP500-B00-T00243,F06,crew,SK-DIAG-F06,发电机综合故障诊断,0.5455,0.493519,False,1
1,1765817630.6251705,2025-12-15 16:53:50,SHIP500-B00-T00243,F11,crew,SK-DIAG-F11,通讯与传感器故障诊断,0.5455,0.493519,False,1
1,1765817630.6251705,2025-12-15 16:53:50,SHIP500-B00-T00243,*,crew,SK-ACT-CREW-OPS,机舱巡查与就地处置技能,0.5455,0.493519,False,1
1,1765817642.859718,2025-12-15 16:54:02,SHIP500-B00-T00244,F06,crew,SK-DIAG-F06,发电机综合故障诊断,0.5455,0.485352,False,1
1,1765817642.859718,2025-12-15 16:54:02,SHIP500-B00-T00244,F11,crew,SK-DIAG-F11,通讯与传感器故障诊断,0.5455,0.485352,False,1
1,1765817642.859718,2025-12-15 16:54:02,SHIP500-B00-T00244,*,crew,SK-ACT-CREW-OPS,机舱巡查与就地处置技能,0.5455,0.485352,False,1
1,1765817655.063291,2025-12-15 16:54:15,SHIP500-B00-T00245,F06,maintenance,SK-DIAG-F06,发电机综合故障诊断,0.4545,0.483908,False,0
1,1765817667.284515,2025-12-15 16:54:27,SHIP500-B00-T00246,F06,maintenance,SK-DIAG-F06,发电机综合故障诊断,0.4545,0.462756,False,0
1,1765817679.4856715,2025-12-15 16:54:39,SHIP500-B00-T00247,F06,maintenance,SK-DIAG-F06,发电机综合故障诊断,0.4545,0.467747,False,0
1,1765817691.675794,2025-12-15 16:54:51,SHIP500-B00-T00248,F06,crew,SK-DIAG-F06,发电机综合故障诊断,0.5455,0.465522,False,1
1,1765817691.675794,2025-12-15 16:54:51,SHIP500-B00-T00248,F11,crew,SK-DIAG-F11,通讯与传感器故障诊断,0.5455,0.465522,False,1
1,1765817691.675794,2025-12-15 16:54:51,SHIP500-B00-T00248,*,crew,SK-ACT-CREW-OPS,机舱巡查与就地处置技能,0.5455,0.465522,False,1
1,1765817703.8950913,2025-12-15 16:55:03,SHIP500-B00-T00249,F06,crew,SK-DIAG-F06,发电机综合故障诊断,0.5455,0.454015,False,1
1,1765817703.8950913,2025-12-15 16:55:03,SHIP500-B00-T00249,F11,crew,SK-DIAG-F11,通讯与传感器故障诊断,0.5455,0.454015,False,1
1,1765817703.8950913,2025-12-15 16:55:03,SHIP500-B00-T00249,*,crew,SK-ACT-CREW-OPS,机舱巡查与就地处置技能,0.5455,0.454015,False,1
1,1765817716.08438,2025-12-15 16:55:16,SHIP500-B00-T00250,F06,maintenance,SK-DIAG-F06,发电机综合故障诊断,0.4545,0.455098,False,0
1,1765817728.3488076,2025-12-15 16:55:28,SHIP500-B00-T00251,F06,crew,SK-DIAG-F06,发电机综合故障诊断,0.5455,0.448635,False,1
1,1765817728.3488076,2025-12-15 16:55:28,SHIP500-B00-T00251,F11,crew,SK-DIAG-F11,通讯与传感器故障诊断,0.5455,0.448635,False,1
1,1765817728.3488076,2025-12-15 16:55:28,SHIP500-B00-T00251,*,crew,SK-ACT-CREW-OPS,机舱巡查与就地处置技能,0.5455,0.448635,False,1
1,1765817740.5439365,2025-12-15 16:55:40,SHIP500-B00-T00252,F06,maintenance,SK-DIAG-F06,发电机综合故障诊断,0.4545,0.446502,False,0
1,1765817752.7464354,2025-12-15 16:55:52,SHIP500-B00-T00253,F06,maintenance,SK-DIAG-F06,发电机综合故障诊断,0.4545,0.444643,False,0
1,1765817764.9407527,2025-12-15 16:56:04,SHIP500-B00-T00254,F06,maintenance,SK-DIAG-F06,发电机综合故障诊断,0.4545,0.444113,False,0
1,1765817777.1197371,2025-12-15 16:56:17,SHIP500-B00-T00255,F06,maintenance,SK-DIAG-F06,发电机综合故障诊断,0.4545,0.448101,False,0
1,1765817789.329538,2025-12-15 16:56:29,SHIP500-B00-T00256,F06,crew,SK-DIAG-F06,发电机综合故障诊断,0.5455,0.441738,False,1
1,1765817789.329538,2025-12-15 16:56:29,SHIP500-B00-T00256,F11,crew,SK-DIAG-F11,通讯与传感器故障诊断,0.5455,0.441738,False,1
1,1765817789.329538,2025-12-15 16:56:29,SHIP500-B00-T00256,*,crew,SK-ACT-CREW-OPS,机舱巡查与就地处置技能,0.5455,0.441738,False,1
1,1765817801.5295637,2025-12-15 16:56:41,SHIP500-B00-T00257,F06,maintenance,SK-DIAG-F06,发电机综合故障诊断,0.4545,0.442264,False,0
1,1765817813.7443678,2025-12-15 16:56:53,SHIP500-B00-T00258,F06,crew,SK-DIAG-F06,发电机综合故障诊断,0.5455,0.433652,False,1
1,1765817813.7443678,2025-12-15 16:56:53,SHIP500-B00-T00258,F11,crew,SK-DIAG-F11,通讯与传感器故障诊断,0.5455,0.433652,False,1
1,1765817813.7443678,2025-12-15 16:56:53,SHIP500-B00-T00258,*,crew,SK-ACT-CREW-OPS,机舱巡查与就地处置技能,0.5455,0.433652,False,1
1,1765817825.928316,2025-12-15 16:57:05,SHIP500-B00-T00259,F06,maintenance,SK-DIAG-F06,发电机综合故障诊断,0.4545,0.434428,False,0
1,1765817838.1140375,2025-12-15 16:57:18,SHIP500-B00-T00260,F06,maintenance,SK-DIAG-F06,发电机综合故障诊断,0.4545,0.434687,False,0
1,1765817850.3188791,2025-12-15 16:57:30,SHIP500-B00-T00261,F06,maintenance,SK-DIAG-F06,发电机综合故障诊断,0.4545,0.432877,False,0
1,1765817862.5440717,2025-12-15 16:57:42,SHIP500-B00-T00262,F06,maintenance,SK-DIAG-F06,发电机综合故障诊断,0.4545,0.428258,False,0
1,1765817874.7273057,2025-12-15 16:57:54,SHIP500-B00-T00263,F06,crew,SK-DIAG-F06,发电机综合故障诊断,0.5455,0.430818,False,1
1,1765817874.7273057,2025-12-15 16:57:54,SHIP500-B00-T00263,F11,crew,SK-DIAG-F11,通讯与传感器故障诊断,0.5455,0.430818,False,1
1,1765817874.7273057,2025-12-15 16:57:54,SHIP500-B00-T00263,*,crew,SK-ACT-CREW-OPS,机舱巡查与就地处置技能,0.5455,0.430818,False,1
1,1765817886.8955402,2025-12-15 16:58:06,SHIP500-B00-T00264,F06,crew,SK-DIAG-F06,发电机综合故障诊断,0.5455,0.433652,False,1
1,1765817886.8955402,2025-12-15 16:58:06,SHIP500-B00-T00264,F11,crew,SK-DIAG-F11,通讯与传感器故障诊断,0.5455,0.433652,False,1
1,1765817886.8955402,2025-12-15 16:58:06,SHIP500-B00-T00264,*,crew,SK-ACT-CREW-OPS,机舱巡查与就地处置技能,0.5455,0.433652,False,1
1,1765817899.058539,2025-12-15 16:58:19,SHIP500-B00-T00265,F06,crew,SK-DIAG-F06,发电机综合故障诊断,0.5455,0.428514,False,1
1,1765817899.058539,2025-12-15 16:58:19,SHIP500-B00-T00265,F11,crew,SK-DIAG-F11,通讯与传感器故障诊断,0.5455,0.428514,False,1
1,1765817899.058539,2025-12-15 16:58:19,SHIP500-B00-T00265,*,crew,SK-ACT-CREW-OPS,机舱巡查与就地处置技能,0.5455,0.428514,False,1
1,1765817911.2734842,2025-12-15 16:58:31,SHIP500-B00-T00266,F06,maintenance,SK-DIAG-F06,发电机综合故障诊断,0.4545,0.428769,False,0
1,1765817923.499982,2025-12-15 16:58:43,SHIP500-B00-T00267,F06,crew,SK-DIAG-F06,发电机综合故障诊断,0.5455,0.429536,False,1
1,1765817923.499982,2025-12-15 16:58:43,SHIP500-B00-T00267,F11,crew,SK-DIAG-F11,通讯与传感器故障诊断,0.5455,0.429536,False,1
1,1765817923.499982,2025-12-15 16:58:43,SHIP500-B00-T00267,*,crew,SK-ACT-CREW-OPS,机舱巡查与就地处置技能,0.5455,0.429536,False,1
1,1765817935.6878755,2025-12-15 16:58:55,SHIP500-B00-T00268,F06,crew,SK-DIAG-F06,发电机综合故障诊断,0.5455,0.434169,False,1
1,1765817935.6878755,2025-12-15 16:58:55,SHIP500-B00-T00268,F11,crew,SK-DIAG-F11,通讯与传感器故障诊断,0.5455,0.434169,False,1
1,1765817935.6878755,2025-12-15 16:58:55,SHIP500-B00-T00268,*,crew,SK-ACT-CREW-OPS,机舱巡查与就地处置技能,0.5455,0.434169,False,1
1,1765817947.8991296,2025-12-15 16:59:07,SHIP500-B00-T00269,F06,maintenance,SK-DIAG-F06,发电机综合故障诊断,0.4545,0.440423,False,0
1,1765817960.089312,2025-12-15 16:59:20,SHIP500-B00-T00270,F06,crew,SK-DIAG-F06,发电机综合故障诊断,0.5455,0.438328,False,1
1,1765817960.089312,2025-12-15 16:59:20,SHIP500-B00-T00270,F11,crew,SK-DIAG-F11,通讯与传感器故障诊断,0.5455,0.438328,False,1
1,1765817960.089312,2025-12-15 16:59:20,SHIP500-B00-T00270,*,crew,SK-ACT-CREW-OPS,机舱巡查与就地处置技能,0.5455,0.438328,False,1
1,1765817972.2925034,2025-12-15 16:59:32,SHIP500-B00-T00271,F06,crew,SK-DIAG-F06,发电机综合故障诊断,0.5455,0.445173,False,1
1,1765817972.2925034,2025-12-15 16:59:32,SHIP500-B00-T00271,F11,crew,SK-DIAG-F11,通讯与传感器故障诊断,0.5455,0.445173,False,1
1,1765817972.2925034,2025-12-15 16:59:32,SHIP500-B00-T00271,*,crew,SK-ACT-CREW-OPS,机舱巡查与就地处置技能,0.5455,0.445173,False,1
1,1765817984.5049498,2025-12-15 16:59:44,SHIP500-B00-T00272,F06,maintenance,SK-DIAG-F06,发电机综合故障诊断,0.4545,0.440423,False,0
1,1765817996.7215588,2025-12-15 16:59:56,SHIP500-B00-T00273,F06,crew,SK-DIAG-F06,发电机综合故障诊断,0.5455,0.438328,False,1
1,1765817996.7215588,2025-12-15 16:59:56,SHIP500-B00-T00273,F11,crew,SK-DIAG-F11,通讯与传感器故障诊断,0.5455,0.438328,False,1
1,1765817996.7215588,2025-12-15 16:59:56,SHIP500-B00-T00273,*,crew,SK-ACT-CREW-OPS,机舱巡查与就地处置技能,0.5455,0.438328,False,1
1,1765818008.956746,2025-12-15 17:00:08,SHIP500-B00-T00274,F06,crew,SK-DIAG-F06,发电机综合故障诊断,0.5455,0.443056,False,1
1,1765818008.956746,2025-12-15 17:00:08,SHIP500-B00-T00274,F11,crew,SK-DIAG-F11,通讯与传感器故障诊断,0.5455,0.443056,False,1
1,1765818008.956746,2025-12-15 17:00:08,SHIP500-B00-T00274,*,crew,SK-ACT-CREW-OPS,机舱巡查与就地处置技能,0.5455,0.443056,False,1
1,1765818021.1297436,2025-12-15 17:00:21,SHIP500-B00-T00275,F06,maintenance,SK-DIAG-F06,发电机综合故障诊断,0.4545,0.443849,False,0
1,1765818033.3358014,2025-12-15 17:00:33,SHIP500-B00-T00276,F06,maintenance,SK-DIAG-F06,发电机综合故障诊断,0.4545,0.449706,False,0
1,1765818045.5253725,2025-12-15 17:00:45,SHIP500-B00-T00277,F06,crew,SK-DIAG-F06,发电机综合故障诊断,0.5455,0.446768,False,1
1,1765818045.5253725,2025-12-15 17:00:45,SHIP500-B00-T00277,F11,crew,SK-DIAG-F11,通讯与传感器故障诊断,0.5455,0.446768,False,1
1,1765818045.5253725,2025-12-15 17:00:45,SHIP500-B00-T00277,*,crew,SK-ACT-CREW-OPS,机舱巡查与就地处置技能,0.5455,0.446768,False,1
1,1765818057.706469,2025-12-15 17:00:57,SHIP500-B00-T00278,F06,crew,SK-DIAG-F06,发电机综合故障诊断,0.5455,0.44917,False,1
1,1765818057.706469,2025-12-15 17:00:57,SHIP500-B00-T00278,F11,crew,SK-DIAG-F11,通讯与传感器故障诊断,0.5455,0.44917,False,1
1,1765818057.706469,2025-12-15 17:00:57,SHIP500-B00-T00278,*,crew,SK-ACT-CREW-OPS,机舱巡查与就地处置技能,0.5455,0.44917,False,1
1,1765818069.8902693,2025-12-15 17:01:09,SHIP500-B00-T00279,F06,maintenance,SK-DIAG-F06,发电机综合故障诊断,0.4545,0.449706,False,0
1,1765818082.094089,2025-12-15 17:01:22,SHIP500-B00-T00280,F06,crew,SK-DIAG-F06,发电机综合故障诊断,0.5455,0.453474,False,1
1,1765818082.094089,2025-12-15 17:01:22,SHIP500-B00-T00280,F11,crew,SK-DIAG-F11,通讯与传感器故障诊断,0.5455,0.453474,False,1
1,1765818082.094089,2025-12-15 17:01:22,SHIP500-B00-T00280,*,crew,SK-ACT-CREW-OPS,机舱巡查与就地处置技能,0.5455,0.453474,False,1
1,1765818094.2978554,2025-12-15 17:01:34,SHIP500-B00-T00281,F06,crew,SK-DIAG-F06,发电机综合故障诊断,0.5455,0.455369,False,1
1,1765818094.2978554,2025-12-15 17:01:34,SHIP500-B00-T00281,F11,crew,SK-DIAG-F11,通讯与传感器故障诊断,0.5455,0.455369,False,1
1,1765818094.2978554,2025-12-15 17:01:34,SHIP500-B00-T00281,*,crew,SK-ACT-CREW-OPS,机舱巡查与就地处置技能,0.5455,0.455369,False,1
1,1765818106.506651,2025-12-15 17:01:46,SHIP500-B00-T00282,F06,maintenance,SK-DIAG-F06,发电机综合故障诊断,0.4545,0.457818,False,0
1,1765818118.7091446,2025-12-15 17:01:58,SHIP500-B00-T00283,F06,crew,SK-DIAG-F06,发电机综合故障诊断,0.5455,0.453474,False,1
1,1765818118.7091446,2025-12-15 17:01:58,SHIP500-B00-T00283,F11,crew,SK-DIAG-F11,通讯与传感器故障诊断,0.5455,0.453474,False,1
1,1765818118.7091446,2025-12-15 17:01:58,SHIP500-B00-T00283,*,crew,SK-ACT-CREW-OPS,机舱巡查与就地处置技能,0.5455,0.453474,False,1
1,1765818130.925912,2025-12-15 17:02:10,SHIP500-B00-T00284,F06,maintenance,SK-DIAG-F06,发电机综合故障诊断,0.4545,0.459732,False,0
1,1765818143.1163428,2025-12-15 17:02:23,SHIP500-B00-T00285,F06,maintenance,SK-DIAG-F06,发电机综合故障诊断,0.4545,0.459458,False,0
1,1765818155.3484917,2025-12-15 17:02:35,SHIP500-B00-T00286,F06,crew,SK-DIAG-F06,发电机综合故障诊断,0.5455,0.458911,False,1
1,1765818155.3484917,2025-12-15 17:02:35,SHIP500-B00-T00286,F11,crew,SK-DIAG-F11,通讯与传感器故障诊断,0.5455,0.458911,False,1
1,1765818155.3484917,2025-12-15 17:02:35,SHIP500-B00-T00286,*,crew,SK-ACT-CREW-OPS,机舱巡查与就地处置技能,0.5455,0.458911,False,1
1,1765818167.5508018,2025-12-15 17:02:47,SHIP500-B00-T00287,F06,crew,SK-DIAG-F06,发电机综合故障诊断,0.5455,0.470823,False,1
1,1765818167.5508018,2025-12-15 17:02:47,SHIP500-B00-T00287,F11,crew,SK-DIAG-F11,通讯与传感器故障诊断,0.5455,0.470823,False,1
1,1765818167.5508018,2025-12-15 17:02:47,SHIP500-B00-T00287,*,crew,SK-ACT-CREW-OPS,机舱巡查与就地处置技能,0.5455,0.470823,False,1
1,1765818179.754632,2025-12-15 17:02:59,SHIP500-B00-T00288,F06,crew,SK-DIAG-F06,发电机综合故障诊断,0.5455,0.47505,False,1
1,1765818179.754632,2025-12-15 17:02:59,SHIP500-B00-T00288,F11,crew,SK-DIAG-F11,通讯与传感器故障诊断,0.5455,0.47505,False,1
1,1765818179.754632,2025-12-15 17:02:59,SHIP500-B00-T00288,*,crew,SK-ACT-CREW-OPS,机舱巡查与就地处置技能,0.5455,0.47505,False,1
1,1765818191.9478197,2025-12-15 17:03:11,SHIP500-B00-T00289,F06,maintenance,SK-DIAG-F06,发电机综合故障诊断,0.4545,0.488836,False,0
1,1765818204.1446197,2025-12-15 17:03:24,SHIP500-B00-T00290,F06,maintenance,SK-DIAG-F06,发电机综合故障诊断,0.4545,0.456456,False,0
1,1765818216.3370306,2025-12-15 17:03:36,SHIP500-B00-T00291,F06,maintenance,SK-DIAG-F06,发电机综合故障诊断,0.4545,0.452394,False,0
1,1765818228.5391157,2025-12-15 17:03:48,SHIP500-B00-T00292,F06,maintenance,SK-DIAG-F06,发电机综合故障诊断,0.4545,0.452125,False,0
1,1765818240.7737055,2025-12-15 17:04:00,SHIP500-B00-T00293,F06,maintenance,SK-DIAG-F06,发电机综合故障诊断,0.4545,0.448368,False,0
1,1765818252.9584396,2025-12-15 17:04:12,SHIP500-B00-T00294,F06,crew,SK-DIAG-F06,发电机综合故障诊断,0.5455,0.457546,False,1
1,1765818252.9584396,2025-12-15 17:04:12,SHIP500-B00-T00294,F11,crew,SK-DIAG-F11,通讯与传感器故障诊断,0.5455,0.457546,False,1
1,1765818252.9584396,2025-12-15 17:04:12,SHIP500-B00-T00294,*,crew,SK-ACT-CREW-OPS,机舱巡查与就地处置技能,0.5455,0.457546,False,1
1,1765818265.1284342,2025-12-15 17:04:25,SHIP500-B00-T00295,F06,maintenance,SK-DIAG-F06,发电机综合故障诊断,0.4545,0.441474,False,0
1,1765818277.3315003,2025-12-15 17:04:37,SHIP500-B00-T00296,F06,crew,SK-DIAG-F06,发电机综合故障诊断,0.5455,0.434687,False,1
1,1765818277.3315003,2025-12-15 17:04:37,SHIP500-B00-T00296,F11,crew,SK-DIAG-F11,通讯与传感器故障诊断,0.5455,0.434687,False,1
1,1765818277.3315003,2025-12-15 17:04:37,SHIP500-B00-T00296,*,crew,SK-ACT-CREW-OPS,机舱巡查与就地处置技能,0.5455,0.434687,False,1
1,1765818289.5370417,2025-12-15 17:04:49,SHIP500-B00-T00297,F06,maintenance,SK-DIAG-F06,发电机综合故障诊断,0.4545,0.430818,False,0
1,1765818301.7522187,2025-12-15 17:05:01,SHIP500-B00-T00298,F06,maintenance,SK-DIAG-F06,发电机综合故障诊断,0.4545,0.431332,False,0
1,1765818314.0635448,2025-12-15 17:05:14,SHIP500-B00-T00299,F06,maintenance,SK-DIAG-F06,发电机综合故障诊断,0.4545,0.4247,False,0
1,1765818326.2538009,2025-12-15 17:05:26,SHIP500-B00-T00300,F06,crew,SK-DIAG-F06,发电机综合故障诊断,0.5455,0.42546,False,1
1,1765818326.2538009,2025-12-15 17:05:26,SHIP500-B00-T00300,F11,crew,SK-DIAG-F11,通讯与传感器故障诊断,0.5455,0.42546,False,1
1,1765818326.2538009,2025-12-15 17:05:26,SHIP500-B00-T00300,*,crew,SK-ACT-CREW-OPS,机舱巡查与就地处置技能,0.5455,0.42546,False,1
1,1765818338.5154648,2025-12-15 17:05:38,SHIP500-B00-T00301,F06,maintenance,SK-DIAG-F06,发电机综合故障诊断,0.4545,0.425207,False,0
1,1765818350.7251077,2025-12-15 17:05:50,SHIP500-B00-T00302,F06,crew,SK-DIAG-F06,发电机综合故障诊断,0.5455,0.428769,False,1
1,1765818350.7251077,2025-12-15 17:05:50,SHIP500-B00-T00302,F11,crew,SK-DIAG-F11,通讯与传感器故障诊断,0.5455,0.428769,False,1
1,1765818350.7251077,2025-12-15 17:05:50,SHIP500-B00-T00302,*,crew,SK-ACT-CREW-OPS,机舱巡查与就地处置技能,0.5455,0.428769,False,1
1,1765818362.9263067,2025-12-15 17:06:02,SHIP500-B00-T00303,F06,crew,SK-DIAG-F06,发电机综合故障诊断,0.5455,0.426984,False,1
1,1765818362.9263067,2025-12-15 17:06:02,SHIP500-B00-T00303,F11,crew,SK-DIAG-F11,通讯与传感器故障诊断,0.5455,0.426984,False,1
1,1765818362.9263067,2025-12-15 17:06:02,SHIP500-B00-T00303,*,crew,SK-ACT-CREW-OPS,机舱巡查与就地处置技能,0.5455,0.426984,False,1
1,1765818375.0985005,2025-12-15 17:06:15,SHIP500-B00-T00304,F06,crew,SK-DIAG-F06,发电机综合故障诊断,0.5455,0.432104,False,1
1,1765818375.0985005,2025-12-15 17:06:15,SHIP500-B00-T00304,F11,crew,SK-DIAG-F11,通讯与传感器故障诊断,0.5455,0.432104,False,1
1,1765818375.0985005,2025-12-15 17:06:15,SHIP500-B00-T00304,*,crew,SK-ACT-CREW-OPS,机舱巡查与就地处置技能,0.5455,0.432104,False,1
1,1765818387.2949426,2025-12-15 17:06:27,SHIP500-B00-T00305,F06,crew,SK-DIAG-F06,发电机综合故障诊断,0.5455,0.445704,False,1
1,1765818387.2949426,2025-12-15 17:06:27,SHIP500-B00-T00305,F11,crew,SK-DIAG-F11,通讯与传感器故障诊断,0.5455,0.445704,False,1
1,1765818387.2949426,2025-12-15 17:06:27,SHIP500-B00-T00305,*,crew,SK-ACT-CREW-OPS,机舱巡查与就地处置技能,0.5455,0.445704,False,1
1,1765818399.5134995,2025-12-15 17:06:39,SHIP500-B00-T00306,F06,maintenance,SK-DIAG-F06,发电机综合故障诊断,0.4545,0.465244,False,0
1,1765818411.7311213,2025-12-15 17:06:51,SHIP500-B00-T00307,F06,maintenance,SK-DIAG-F06,发电机综合故障诊断,0.4545,0.467468,False,0
1,1765818423.9375892,2025-12-15 17:07:03,SHIP500-B00-T00308,F06,maintenance,SK-DIAG-F06,发电机综合故障诊断,0.4545,0.475334,False,0
1,1765818436.136943,2025-12-15 17:07:16,SHIP500-B00-T00309,F06,maintenance,SK-DIAG-F06,发电机综合故障诊断,0.4545,0.463584,False,0
1,1765818448.355545,2025-12-15 17:07:28,SHIP500-B00-T00310,F06,crew,SK-DIAG-F06,发电机综合故障诊断,0.5455,0.433135,False,1
1,1765818448.355545,2025-12-15 17:07:28,SHIP500-B00-T00310,F11,crew,SK-DIAG-F11,通讯与传感器故障诊断,0.5455,0.433135,False,1
1,1765818448.355545,2025-12-15 17:07:28,SHIP500-B00-T00310,*,crew,SK-ACT-CREW-OPS,机舱巡查与就地处置技能,0.5455,0.433135,False,1
1,1765818460.6027277,2025-12-15 17:07:40,SHIP500-B00-T00311,F06,maintenance,SK-DIAG-F06,发电机综合故障诊断,0.4545,0.432619,False,0
1,1765818472.811057,2025-12-15 17:07:52,SHIP500-B00-T00312,F06,crew,SK-DIAG-F06,发电机综合故障诊断,0.5455,0.431589,False,1
1,1765818472.811057,2025-12-15 17:07:52,SHIP500-B00-T00312,F11,crew,SK-DIAG-F11,通讯与传感器故障诊断,0.5455,0.431589,False,1
1,1765818472.811057,2025-12-15 17:07:52,SHIP500-B00-T00312,*,crew,SK-ACT-CREW-OPS,机舱巡查与就地处置技能,0.5455,0.431589,False,1
1,1765818485.007436,2025-12-15 17:08:05,SHIP500-B00-T00313,F06,maintenance,SK-DIAG-F06,发电机综合故障诊断,0.4545,0.444378,False,0
1,1765818497.2268252,2025-12-15 17:08:17,SHIP500-B00-T00314,F06,maintenance,SK-DIAG-F06,发电机综合故障诊断,0.4545,0.448101,False,0
1,1765818509.422505,2025-12-15 17:08:29,SHIP500-B00-T00315,F06,crew,SK-DIAG-F06,发电机综合故障诊断,0.5455,0.424447,False,1
1,1765818509.422505,2025-12-15 17:08:29,SHIP500-B00-T00315,F11,crew,SK-DIAG-F11,通讯与传感器故障诊断,0.5455,0.424447,False,1
1,1765818509.422505,2025-12-15 17:08:29,SHIP500-B00-T00315,*,crew,SK-ACT-CREW-OPS,机舱巡查与就地处置技能,0.5455,0.424447,False,1
1,1765818521.6284125,2025-12-15 17:08:41,SHIP500-B00-T00316,F06,maintenance,SK-DIAG-F06,发电机综合故障诊断,0.4545,0.417423,False,0
1,1765818533.8242252,2025-12-15 17:08:53,SHIP500-B00-T00317,F06,maintenance,SK-DIAG-F06,发电机综合故障诊断,0.4545,0.402522,False,0
1,1765818546.0102556,2025-12-15 17:09:06,SHIP500-B00-T00318,F06,crew,SK-DIAG-F06,发电机综合故障诊断,0.5455,0.411741,False,1
1,1765818546.0102556,2025-12-15 17:09:06,SHIP500-B00-T00318,F11,crew,SK-DIAG-F11,通讯与传感器故障诊断,0.5455,0.411741,False,1
1,1765818546.0102556,2025-12-15 17:09:06,SHIP500-B00-T00318,*,crew,SK-ACT-CREW-OPS,机舱巡查与就地处置技能,0.5455,0.411741,False,1
1,1765818558.1887598,2025-12-15 17:09:18,SHIP500-B00-T00319,F06,crew,SK-DIAG-F06,发电机综合故障诊断,0.5455,0.403482,False,1
1,1765818558.1887598,2025-12-15 17:09:18,SHIP500-B00-T00319,F11,crew,SK-DIAG-F11,通讯与传感器故障诊断,0.5455,0.403482,False,1
1,1765818558.1887598,2025-12-15 17:09:18,SHIP500-B00-T00319,*,crew,SK-ACT-CREW-OPS,机舱巡查与就地处置技能,0.5455,0.403482,False,1
1,1765818570.3953931,2025-12-15 17:09:30,SHIP500-B00-T00320,F06,maintenance,SK-DIAG-F06,发电机综合故障诊断,0.4545,0.403963,False,0
1,1765818582.6046915,2025-12-15 17:09:42,SHIP500-B00-T00321,F06,crew,SK-DIAG-F06,发电机综合故障诊断,0.5455,0.399177,False,1
1,1765818582.6046915,2025-12-15 17:09:42,SHIP500-B00-T00321,F11,crew,SK-DIAG-F11,通讯与传感器故障诊断,0.5455,0.399177,False,1
1,1765818582.6046915,2025-12-15 17:09:42,SHIP500-B00-T00321,*,crew,SK-ACT-CREW-OPS,机舱巡查与就地处置技能,0.5455,0.399177,False,1
1,1765818594.803462,2025-12-15 17:09:54,SHIP500-B00-T00322,F06,maintenance,SK-DIAG-F06,发电机综合故障诊断,0.4545,0.399415,False,0
1,1765818606.9955246,2025-12-15 17:10:06,SHIP500-B00-T00323,F06,maintenance,SK-DIAG-F06,发电机综合故障诊断,0.4545,0.392104,False,0
1,1765818619.2046163,2025-12-15 17:10:19,SHIP500-B00-T00324,F06,crew,SK-DIAG-F06,发电机综合故障诊断,0.5455,0.388615,False,1
1,1765818619.2046163,2025-12-15 17:10:19,SHIP500-B00-T00324,F11,crew,SK-DIAG-F11,通讯与传感器故障诊断,0.5455,0.388615,False,1
1,1765818619.2046163,2025-12-15 17:10:19,SHIP500-B00-T00324,*,crew,SK-ACT-CREW-OPS,机舱巡查与就地处置技能,0.5455,0.388615,False,1
1,1765818631.414516,2025-12-15 17:10:31,SHIP500-B00-T00325,F06,crew,SK-DIAG-F06,发电机综合故障诊断,0.5455,0.390239,False,1
1,1765818631.414516,2025-12-15 17:10:31,SHIP500-B00-T00325,F11,crew,SK-DIAG-F11,通讯与传感器故障诊断,0.5455,0.390239,False,1
1,1765818631.414516,2025-12-15 17:10:31,SHIP500-B00-T00325,*,crew,SK-ACT-CREW-OPS,机舱巡查与就地处置技能,0.5455,0.390239,False,1
1,1765818643.631932,2025-12-15 17:10:43,SHIP500-B00-T00326,F06,crew,SK-DIAG-F06,发电机综合故障诊断,0.5455,0.387458,False,1
1,1765818643.631932,2025-12-15 17:10:43,SHIP500-B00-T00326,F11,crew,SK-DIAG-F11,通讯与传感器故障诊断,0.5455,0.387458,False,1
1,1765818643.631932,2025-12-15 17:10:43,SHIP500-B00-T00326,*,crew,SK-ACT-CREW-OPS,机舱巡查与就地处置技能,0.5455,0.387458,False,1
1,1765818655.8237717,2025-12-15 17:10:55,SHIP500-B00-T00327,F06,crew,SK-DIAG-F06,发电机综合故障诊断,0.5455,0.401085,False,1
1,1765818655.8237717,2025-12-15 17:10:55,SHIP500-B00-T00327,F11,crew,SK-DIAG-F11,通讯与传感器故障诊断,0.5455,0.401085,False,1
1,1765818655.8237717,2025-12-15 17:10:55,SHIP500-B00-T00327,*,crew,SK-ACT-CREW-OPS,机舱巡查与就地处置技能,0.5455,0.401085,False,1
1,1765818668.0557792,2025-12-15 17:11:08,SHIP500-B00-T00328,F06,crew,SK-DIAG-F06,发电机综合故障诊断,0.5455,0.390239,False,1
1,1765818668.0557792,2025-12-15 17:11:08,SHIP500-B00-T00328,F11,crew,SK-DIAG-F11,通讯与传感器故障诊断,0.5455,0.390239,False,1
1,1765818668.0557792,2025-12-15 17:11:08,SHIP500-B00-T00328,*,crew,SK-ACT-CREW-OPS,机舱巡查与就地处置技能,0.5455,0.390239,False,1
1,1765818680.2407608,2025-12-15 17:11:20,SHIP500-B00-T00329,F06,maintenance,SK-DIAG-F06,发电机综合故障诊断,0.4545,0.386536,False,0
1,1765818692.448141,2025-12-15 17:11:32,SHIP500-B00-T00330,F06,crew,SK-DIAG-F06,发电机综合故障诊断,0.5455,0.390937,False,1
1,1765818692.448141,2025-12-15 17:11:32,SHIP500-B00-T00330,F11,crew,SK-DIAG-F11,通讯与传感器故障诊断,0.5455,0.390937,False,1
1,1765818692.448141,2025-12-15 17:11:32,SHIP500-B00-T00330,*,crew,SK-ACT-CREW-OPS,机舱巡查与就地处置技能,0.5455,0.390937,False,1
1,1765818704.610778,2025-12-15 17:11:44,SHIP500-B00-T00331,F06,maintenance,SK-DIAG-F06,发电机综合故障诊断,0.4545,0.386997,False,0
1,1765818716.7780013,2025-12-15 17:11:56,SHIP500-B00-T00332,F06,crew,SK-DIAG-F06,发电机综合故障诊断,0.5455,0.390704,False,1
1,1765818716.7780013,2025-12-15 17:11:56,SHIP500-B00-T00332,F11,crew,SK-DIAG-F11,通讯与传感器故障诊断,0.5455,0.390704,False,1
1,1765818716.7780013,2025-12-15 17:11:56,SHIP500-B00-T00332,*,crew,SK-ACT-CREW-OPS,机舱巡查与就地处置技能,0.5455,0.390704,False,1
1,1765818728.9656613,2025-12-15 17:12:08,SHIP500-B00-T00333,F06,maintenance,SK-DIAG-F06,发电机综合故障诊断,0.4545,0.386766,False,0
1,1765818741.1644912,2025-12-15 17:12:21,SHIP500-B00-T00334,F06,maintenance,SK-DIAG-F06,发电机综合故障诊断,0.4545,0.379008,False,0
1,1765818753.371919,2025-12-15 17:12:33,SHIP500-B00-T00335,F06,maintenance,SK-DIAG-F06,发电机综合故障诊断,0.4545,0.381501,False,0
1,1765818765.5944984,2025-12-15 17:12:45,SHIP500-B00-T00336,F06,crew,SK-DIAG-F06,发电机综合故障诊断,0.5455,0.388846,False,1
1,1765818765.5944984,2025-12-15 17:12:45,SHIP500-B00-T00336,F11,crew,SK-DIAG-F11,通讯与传感器故障诊断,0.5455,0.388846,False,1
1,1765818765.5944984,2025-12-15 17:12:45,SHIP500-B00-T00336,*,crew,SK-ACT-CREW-OPS,机舱巡查与就地处置技能,0.5455,0.388846,False,1
1,1765818777.822749,2025-12-15 17:12:57,SHIP500-B00-T00337,F06,maintenance,SK-DIAG-F06,发电机综合故障诊断,0.4545,0.384239,False,0
1,1765818790.030332,2025-12-15 17:13:10,SHIP500-B00-T00338,F06,maintenance,SK-DIAG-F06,发电机综合故障诊断,0.4545,0.399653,False,0
1,1765818802.2297528,2025-12-15 17:13:22,SHIP500-B00-T00339,F06,maintenance,SK-DIAG-F06,发电机综合故障诊断,0.4545,0.409295,False,0
1,1765818814.4288175,2025-12-15 17:13:34,SHIP500-B00-T00340,F06,maintenance,SK-DIAG-F06,发电机综合故障诊断,0.4545,0.399177,False,0
1,1765818826.6003957,2025-12-15 17:13:46,SHIP500-B00-T00341,F06,maintenance,SK-DIAG-F06,发电机综合故障诊断,0.4545,0.407348,False,0
1,1765818838.8135676,2025-12-15 17:13:58,SHIP500-B00-T00342,F06,maintenance,SK-DIAG-F06,发电机综合故障诊断,0.4545,0.40541,False,0
1,1765818851.0399845,2025-12-15 17:14:11,SHIP500-B00-T00343,F06,maintenance,SK-DIAG-F06,发电机综合故障诊断,0.4545,0.409051,False,0
1,1765818863.268777,2025-12-15 17:14:23,SHIP500-B00-T00344,F06,crew,SK-DIAG-F06,发电机综合故障诊断,0.5455,0.408563,False,1
1,1765818863.268777,2025-12-15 17:14:23,SHIP500-B00-T00344,F11,crew,SK-DIAG-F11,通讯与传感器故障诊断,0.5455,0.408563,False,1
1,1765818863.268777,2025-12-15 17:14:23,SHIP500-B00-T00344,*,crew,SK-ACT-CREW-OPS,机舱巡查与就地处置技能,0.5455,0.408563,False,1
1,1765818875.4626608,2025-12-15 17:14:35,SHIP500-B00-T00345,F06,maintenance,SK-DIAG-F06,发电机综合故障诊断,0.4545,0.413709,False,0
1,1765818887.6980853,2025-12-15 17:14:47,SHIP500-B00-T00346,F06,crew,SK-DIAG-F06,发电机综合故障诊断,0.5455,0.40662,False,1
1,1765818887.6980853,2025-12-15 17:14:47,SHIP500-B00-T00346,F11,crew,SK-DIAG-F11,通讯与传感器故障诊断,0.5455,0.40662,False,1
1,1765818887.6980853,2025-12-15 17:14:47,SHIP500-B00-T00346,*,crew,SK-ACT-CREW-OPS,机舱巡查与就地处置技能,0.5455,0.40662,False,1
1,1765818899.9060912,2025-12-15 17:14:59,SHIP500-B00-T00347,F06,maintenance,SK-DIAG-F06,发电机综合故障诊断,0.4545,0.411006,False,0
1,1765818912.225607,2025-12-15 17:15:12,SHIP500-B00-T00348,F06,crew,SK-DIAG-F06,发电机综合故障诊断,0.5455,0.412478,False,1
1,1765818912.225607,2025-12-15 17:15:12,SHIP500-B00-T00348,F11,crew,SK-DIAG-F11,通讯与传感器故障诊断,0.5455,0.412478,False,1
1,1765818912.225607,2025-12-15 17:15:12,SHIP500-B00-T00348,*,crew,SK-ACT-CREW-OPS,机舱巡查与就地处置技能,0.5455,0.412478,False,1
1,1765818924.4446585,2025-12-15 17:15:24,SHIP500-B00-T00349,F06,maintenance,SK-DIAG-F06,发电机综合故障诊断,0.4545,0.420419,False,0
1,1765818936.646413,2025-12-15 17:15:36,SHIP500-B00-T00350,F06,crew,SK-DIAG-F06,发电机综合故障诊断,0.5455,0.421423,False,1
1,1765818936.646413,2025-12-15 17:15:36,SHIP500-B00-T00350,F11,crew,SK-DIAG-F11,通讯与传感器故障诊断,0.5455,0.421423,False,1
1,1765818936.646413,2025-12-15 17:15:36,SHIP500-B00-T00350,*,crew,SK-ACT-CREW-OPS,机舱巡查与就地处置技能,0.5455,0.421423,False,1
1,1765818948.9102366,2025-12-15 17:15:48,SHIP500-B00-T00351,F06,maintenance,SK-DIAG-F06,发电机综合故障诊断,0.4545,0.424194,False,0
1,1765818961.1278155,2025-12-15 17:16:01,SHIP500-B00-T00352,F06,crew,SK-DIAG-F06,发电机综合故障诊断,0.5455,0.420921,False,1
1,1765818961.1278155,2025-12-15 17:16:01,SHIP500-B00-T00352,F11,crew,SK-DIAG-F11,通讯与传感器故障诊断,0.5455,0.420921,False,1
1,1765818961.1278155,2025-12-15 17:16:01,SHIP500-B00-T00352,*,crew,SK-ACT-CREW-OPS,机舱巡查与就地处置技能,0.5455,0.420921,False,1
1,1765818973.3504128,2025-12-15 17:16:13,SHIP500-B00-T00353,F06,crew,SK-DIAG-F06,发电机综合故障诊断,0.5455,0.43391,False,1
1,1765818973.3504128,2025-12-15 17:16:13,SHIP500-B00-T00353,F11,crew,SK-DIAG-F11,通讯与传感器故障诊断,0.5455,0.43391,False,1
1,1765818973.3504128,2025-12-15 17:16:13,SHIP500-B00-T00353,*,crew,SK-ACT-CREW-OPS,机舱巡查与就地处置技能,0.5455,0.43391,False,1
1,1765818985.5900464,2025-12-15 17:16:25,SHIP500-B00-T00354,F06,crew,SK-DIAG-F06,发电机综合故障诊断,0.5455,0.431075,False,1
1,1765818985.5900464,2025-12-15 17:16:25,SHIP500-B00-T00354,F11,crew,SK-DIAG-F11,通讯与传感器故障诊断,0.5455,0.431075,False,1
1,1765818985.5900464,2025-12-15 17:16:25,SHIP500-B00-T00354,*,crew,SK-ACT-CREW-OPS,机舱巡查与就地处置技能,0.5455,0.431075,False,1
1,1765818997.7756505,2025-12-15 17:16:37,SHIP500-B00-T00355,F06,maintenance,SK-DIAG-F06,发电机综合故障诊断,0.4545,0.437285,False,0
1,1765819009.9993436,2025-12-15 17:16:49,SHIP500-B00-T00356,F06,crew,SK-DIAG-F06,发电机综合故障诊断,0.5455,0.436504,False,1
1,1765819009.9993436,2025-12-15 17:16:49,SHIP500-B00-T00356,F11,crew,SK-DIAG-F11,通讯与传感器故障诊断,0.5455,0.436504,False,1
1,1765819009.9993436,2025-12-15 17:16:49,SHIP500-B00-T00356,*,crew,SK-ACT-CREW-OPS,机舱巡查与就地处置技能,0.5455,0.436504,False,1
1,1765819022.204758,2025-12-15 17:17:02,SHIP500-B00-T00357,F06,crew,SK-DIAG-F06,发电机综合故障诊断,0.5455,0.453204,False,1
1,1765819022.204758,2025-12-15 17:17:02,SHIP500-B00-T00357,F11,crew,SK-DIAG-F11,通讯与传感器故障诊断,0.5455,0.453204,False,1
1,1765819022.204758,2025-12-15 17:17:02,SHIP500-B00-T00357,*,crew,SK-ACT-CREW-OPS,机舱巡查与就地处置技能,0.5455,0.453204,False,1
1,1765819034.4222722,2025-12-15 17:17:14,SHIP500-B00-T00358,F06,maintenance,SK-DIAG-F06,发电机综合故障诊断,0.4545,0.431846,False,0
1,1765819046.6653178,2025-12-15 17:17:26,SHIP500-B00-T00359,F06,maintenance,SK-DIAG-F06,发电机综合故障诊断,0.4545,0.434428,False,0
1,1765819058.864258,2025-12-15 17:17:38,SHIP500-B00-T00360,F06,maintenance,SK-DIAG-F06,发电机综合故障诊断,0.4545,0.435724,False,0
1,1765819071.0610812,2025-12-15 17:17:51,SHIP500-B00-T00361,F06,maintenance,SK-DIAG-F06,发电机综合故障诊断,0.4545,0.431332,False,0
1,1765819083.269927,2025-12-15 17:18:03,SHIP500-B00-T00362,F06,crew,SK-DIAG-F06,发电机综合故障诊断,0.5455,0.430818,False,1
1,1765819083.269927,2025-12-15 17:18:03,SHIP500-B00-T00362,F11,crew,SK-DIAG-F11,通讯与传感器故障诊断,0.5455,0.430818,False,1
1,1765819083.269927,2025-12-15 17:18:03,SHIP500-B00-T00362,*,crew,SK-ACT-CREW-OPS,机舱巡查与就地处置技能,0.5455,0.430818,False,1
1,1765819095.4779613,2025-12-15 17:18:15,SHIP500-B00-T00363,F06,maintenance,SK-DIAG-F06,发电机综合故障诊断,0.4545,0.41842,False,0
1,1765819107.7001832,2025-12-15 17:18:27,SHIP500-B00-T00364,F06,crew,SK-DIAG-F06,发电机综合故障诊断,0.5455,0.413955,False,1
1,1765819107.7001832,2025-12-15 17:18:27,SHIP500-B00-T00364,F11,crew,SK-DIAG-F11,通讯与传感器故障诊断,0.5455,0.413955,False,1
1,1765819107.7001832,2025-12-15 17:18:27,SHIP500-B00-T00364,*,crew,SK-ACT-CREW-OPS,机舱巡查与就地处置技能,0.5455,0.413955,False,1
1,1765819119.884404,2025-12-15 17:18:39,SHIP500-B00-T00365,F06,maintenance,SK-DIAG-F06,发电机综合故障诊断,0.4545,0.411496,False,0
1,1765819132.0922008,2025-12-15 17:18:52,SHIP500-B00-T00366,F06,maintenance,SK-DIAG-F06,发电机综合故障诊断,0.4545,0.401803,False,0
1,1765819144.2974763,2025-12-15 17:19:04,SHIP500-B00-T00367,F06,crew,SK-DIAG-F06,发电机综合故障诊断,0.5455,0.401563,False,1
1,1765819144.2974763,2025-12-15 17:19:04,SHIP500-B00-T00367,F11,crew,SK-DIAG-F11,通讯与传感器故障诊断,0.5455,0.401563,False,1
1,1765819144.2974763,2025-12-15 17:19:04,SHIP500-B00-T00367,*,crew,SK-ACT-CREW-OPS,机舱巡查与就地处置技能,0.5455,0.401563,False,1
1,1765819156.4941504,2025-12-15 17:19:16,SHIP500-B00-T00368,F06,maintenance,SK-DIAG-F06,发电机综合故障诊断,0.4545,0.402042,False,0
1,1765819168.7182631,2025-12-15 17:19:28,SHIP500-B00-T00369,F06,maintenance,SK-DIAG-F06,发电机综合故障诊断,0.4545,0.398227,False,0
1,1765819180.9211695,2025-12-15 17:19:40,SHIP500-B00-T00370,F06,crew,SK-DIAG-F06,发电机综合故障诊断,0.5455,0.402761,False,1
1,1765819180.9211695,2025-12-15 17:19:40,SHIP500-B00-T00370,F11,crew,SK-DIAG-F11,通讯与传感器故障诊断,0.5455,0.402761,False,1
1,1765819180.9211695,2025-12-15 17:19:40,SHIP500-B00-T00370,*,crew,SK-ACT-CREW-OPS,机舱巡查与就地处置技能,0.5455,0.402761,False,1
1,1765819193.1271555,2025-12-15 17:19:53,SHIP500-B00-T00371,F06,crew,SK-DIAG-F06,发电机综合故障诊断,0.5455,0.414202,False,1
1,1765819193.1271555,2025-12-15 17:19:53,SHIP500-B00-T00371,F11,crew,SK-DIAG-F11,通讯与传感器故障诊断,0.5455,0.414202,False,1
1,1765819193.1271555,2025-12-15 17:19:53,SHIP500-B00-T00371,*,crew,SK-ACT-CREW-OPS,机舱巡查与就地处置技能,0.5455,0.414202,False,1
1,1765819205.327925,2025-12-15 17:20:05,SHIP500-B00-T00372,F06,maintenance,SK-DIAG-F06,发电机综合故障诊断,0.4545,0.42268,False,0
1,1765819217.5314898,2025-12-15 17:20:17,SHIP500-B00-T00373,F06,maintenance,SK-DIAG-F06,发电机综合故障诊断,0.4545,0.448368,False,0
1,1765819229.7527175,2025-12-15 17:20:29,SHIP500-B00-T00374,F06,maintenance,SK-DIAG-F06,发电机综合故障诊断,0.4545,0.448368,False,0
1,1765819241.9588804,2025-12-15 17:20:41,SHIP500-B00-T00375,F06,crew,SK-DIAG-F06,发电机综合故障诊断,0.5455,0.462205,False,1
1,1765819241.9588804,2025-12-15 17:20:41,SHIP500-B00-T00375,F11,crew,SK-DIAG-F11,通讯与传感器故障诊断,0.5455,0.462205,False,1
1,1765819241.9588804,2025-12-15 17:20:41,SHIP500-B00-T00375,*,crew,SK-ACT-CREW-OPS,机舱巡查与就地处置技能,0.5455,0.462205,False,1
1,1765819254.1641235,2025-12-15 17:20:54,SHIP500-B00-T00376,F06,maintenance,SK-DIAG-F06,发电机综合故障诊断,0.4545,0.44917,False,0
1,1765819266.3541093,2025-12-15 17:21:06,SHIP500-B00-T00377,F06,maintenance,SK-DIAG-F06,发电机综合故障诊断,0.4545,0.429025,False,0
1,1765819278.551433,2025-12-15 17:21:18,SHIP500-B00-T00378,F06,maintenance,SK-DIAG-F06,发电机综合故障诊断,0.4545,0.437024,False,0
1,1765819290.7705083,2025-12-15 17:21:30,SHIP500-B00-T00379,F06,maintenance,SK-DIAG-F06,发电机综合故障诊断,0.4545,0.442264,False,0
1,1765819302.9898694,2025-12-15 17:21:42,SHIP500-B00-T00380,F06,crew,SK-DIAG-F06,发电机综合故障诊断,0.5455,0.447567,False,1
1,1765819302.9898694,2025-12-15 17:21:42,SHIP500-B00-T00380,F11,crew,SK-DIAG-F11,通讯与传感器故障诊断,0.5455,0.447567,False,1
1,1765819302.9898694,2025-12-15 17:21:42,SHIP500-B00-T00380,*,crew,SK-ACT-CREW-OPS,机舱巡查与就地处置技能,0.5455,0.447567,False,1
1,1765819315.1855843,2025-12-15 17:21:55,SHIP500-B00-T00381,F06,maintenance,SK-DIAG-F06,发电机综合故障诊断,0.4545,0.444378,False,0
1,1765819327.3843267,2025-12-15 17:22:07,SHIP500-B00-T00382,F06,maintenance,SK-DIAG-F06,发电机综合故障诊断,0.4545,0.43391,False,0
1,1765819339.5720203,2025-12-15 17:22:19,SHIP500-B00-T00383,F06,crew,SK-DIAG-F06,发电机综合故障诊断,0.5455,0.424953,False,1
1,1765819339.5720203,2025-12-15 17:22:19,SHIP500-B00-T00383,F11,crew,SK-DIAG-F11,通讯与传感器故障诊断,0.5455,0.424953,False,1
1,1765819339.5720203,2025-12-15 17:22:19,SHIP500-B00-T00383,*,crew,SK-ACT-CREW-OPS,机舱巡查与就地处置技能,0.5455,0.424953,False,1
1,1765819351.7932763,2025-12-15 17:22:31,SHIP500-B00-T00384,F06,crew,SK-DIAG-F06,发电机综合故障诊断,0.5455,0.424194,False,1
1,1765819351.7932763,2025-12-15 17:22:31,SHIP500-B00-T00384,F11,crew,SK-DIAG-F11,通讯与传感器故障诊断,0.5455,0.424194,False,1
1,1765819351.7932763,2025-12-15 17:22:31,SHIP500-B00-T00384,*,crew,SK-ACT-CREW-OPS,机舱巡查与就地处置技能,0.5455,0.424194,False,1
1,1765819364.0058382,2025-12-15 17:22:44,SHIP500-B00-T00385,F06,maintenance,SK-DIAG-F06,发电机综合故障诊断,0.4545,0.416926,False,0
1,1765819376.1907082,2025-12-15 17:22:56,SHIP500-B00-T00386,F06,maintenance,SK-DIAG-F06,发电机综合故障诊断,0.4545,0.420169,False,0
1,1765819388.3754578,2025-12-15 17:23:08,SHIP500-B00-T00387,F06,crew,SK-DIAG-F06,发电机综合故障诊断,0.5455,0.407105,False,1
1,1765819388.3754578,2025-12-15 17:23:08,SHIP500-B00-T00387,F11,crew,SK-DIAG-F11,通讯与传感器故障诊断,0.5455,0.407105,False,1
1,1765819388.3754578,2025-12-15 17:23:08,SHIP500-B00-T00387,*,crew,SK-ACT-CREW-OPS,机舱巡查与就地处置技能,0.5455,0.407105,False,1
1,1765819400.5798209,2025-12-15 17:23:20,SHIP500-B00-T00388,F06,maintenance,SK-DIAG-F06,发电机综合故障诊断,0.4545,0.407348,False,0
1,1765819412.8199315,2025-12-15 17:23:32,SHIP500-B00-T00389,F06,maintenance,SK-DIAG-F06,发电机综合故障诊断,0.4545,0.406136,False,0
1,1765819425.0401952,2025-12-15 17:23:45,SHIP500-B00-T00390,F06,crew,SK-DIAG-F06,发电机综合故障诊断,0.5455,0.400607,False,1
1,1765819425.0401952,2025-12-15 17:23:45,SHIP500-B00-T00390,F11,crew,SK-DIAG-F11,通讯与传感器故障诊断,0.5455,0.400607,False,1
1,1765819425.0401952,2025-12-15 17:23:45,SHIP500-B00-T00390,*,crew,SK-ACT-CREW-OPS,机舱巡查与就地处置技能,0.5455,0.400607,False,1
1,1765819437.2033236,2025-12-15 17:23:57,SHIP500-B00-T00391,F06,crew,SK-DIAG-F06,发电机综合故障诊断,0.5455,0.403002,False,1
1,1765819437.2033236,2025-12-15 17:23:57,SHIP500-B00-T00391,F11,crew,SK-DIAG-F11,通讯与传感器故障诊断,0.5455,0.403002,False,1
1,1765819437.2033236,2025-12-15 17:23:57,SHIP500-B00-T00391,*,crew,SK-ACT-CREW-OPS,机舱巡查与就地处置技能,0.5455,0.403002,False,1
1,1765819449.4133768,2025-12-15 17:24:09,SHIP500-B00-T00392,F06,crew,SK-DIAG-F06,发电机综合故障诊断,0.5455,0.392572,False,1
1,1765819449.4133768,2025-12-15 17:24:09,SHIP500-B00-T00392,F11,crew,SK-DIAG-F11,通讯与传感器故障诊断,0.5455,0.392572,False,1
1,1765819449.4133768,2025-12-15 17:24:09,SHIP500-B00-T00392,*,crew,SK-ACT-CREW-OPS,机舱巡查与就地处置技能,0.5455,0.392572,False,1
1,1765819461.6047788,2025-12-15 17:24:21,SHIP500-B00-T00393,F06,maintenance,SK-DIAG-F06,发电机综合故障诊断,0.4545,0.391404,False,0
1,1765819473.8309498,2025-12-15 17:24:33,SHIP500-B00-T00394,F06,maintenance,SK-DIAG-F06,发电机综合故障诊断,0.4545,0.38931,False,0
1,1765819486.0337334,2025-12-15 17:24:46,SHIP500-B00-T00395,F06,crew,SK-DIAG-F06,发电机综合故障诊断,0.5455,0.382868,False,1
1,1765819486.0337334,2025-12-15 17:24:46,SHIP500-B00-T00395,F11,crew,SK-DIAG-F11,通讯与传感器故障诊断,0.5455,0.382868,False,1
1,1765819486.0337334,2025-12-15 17:24:46,SHIP500-B00-T00395,*,crew,SK-ACT-CREW-OPS,机舱巡查与就地处置技能,0.5455,0.382868,False,1
1,1765819498.1900094,2025-12-15 17:24:58,SHIP500-B00-T00396,F06,maintenance,SK-DIAG-F06,发电机综合故障诊断,0.4545,0.384239,False,0
1,1765819510.3977623,2025-12-15 17:25:10,SHIP500-B00-T00397,F06,crew,SK-DIAG-F06,发电机综合故障诊断,0.5455,0.393743,False,1
1,1765819510.3977623,2025-12-15 17:25:10,SHIP500-B00-T00397,F11,crew,SK-DIAG-F11,通讯与传感器故障诊断,0.5455,0.393743,False,1
1,1765819510.3977623,2025-12-15 17:25:10,SHIP500-B00-T00397,*,crew,SK-ACT-CREW-OPS,机舱巡查与就地处置技能,0.5455,0.393743,False,1
1,1765819522.6034188,2025-12-15 17:25:22,SHIP500-B00-T00398,F06,maintenance,SK-DIAG-F06,发电机综合故障诊断,0.4545,0.390239,False,0
1,1765819534.8289564,2025-12-15 17:25:34,SHIP500-B00-T00399,F06,crew,SK-DIAG-F06,发电机综合故障诊断,0.5455,0.388383,False,1
1,1765819534.8289564,2025-12-15 17:25:34,SHIP500-B00-T00399,F11,crew,SK-DIAG-F11,通讯与传感器故障诊断,0.5455,0.388383,False,1
1,1765819534.8289564,2025-12-15 17:25:34,SHIP500-B00-T00399,*,crew,SK-ACT-CREW-OPS,机舱巡查与就地处置技能,0.5455,0.388383,False,1
1,1765819547.0584233,2025-12-15 17:25:47,SHIP500-B00-T00400,F06,crew,SK-DIAG-F06,发电机综合故障诊断,0.5455,0.380593,False,1
1,1765819547.0584233,2025-12-15 17:25:47,SHIP500-B00-T00400,F11,crew,SK-DIAG-F11,通讯与传感器故障诊断,0.5455,0.380593,False,1
1,1765819547.0584233,2025-12-15 17:25:47,SHIP500-B00-T00400,*,crew,SK-ACT-CREW-OPS,机舱巡查与就地处置技能,0.5455,0.380593,False,1
1,1765819559.3753943,2025-12-15 17:25:59,SHIP500-B00-T00401,F06,maintenance,SK-DIAG-F06,发电机综合故障诊断,0.4545,0.377881,False,0
1,1765819571.575627,2025-12-15 17:26:11,SHIP500-B00-T00402,F06,crew,SK-DIAG-F06,发电机综合故障诊断,0.5455,0.378331,False,1
1,1765819571.575627,2025-12-15 17:26:11,SHIP500-B00-T00402,F11,crew,SK-DIAG-F11,通讯与传感器故障诊断,0.5455,0.378331,False,1
1,1765819571.575627,2025-12-15 17:26:11,SHIP500-B00-T00402,*,crew,SK-ACT-CREW-OPS,机舱巡查与就地处置技能,0.5455,0.378331,False,1
1,1765819583.8205376,2025-12-15 17:26:23,SHIP500-B00-T00403,F06,maintenance,SK-DIAG-F06,发电机综合故障诊断,0.4545,0.377431,False,0
1,1765819596.0208986,2025-12-15 17:26:36,SHIP500-B00-T00404,F06,maintenance,SK-DIAG-F06,发电机综合故障诊断,0.4545,0.38264,False,0
1,1765819608.2351265,2025-12-15 17:26:48,SHIP500-B00-T00405,F06,maintenance,SK-DIAG-F06,发电机综合故障诊断,0.4545,0.38264,False,0
1,1765819620.4351883,2025-12-15 17:27:00,SHIP500-B00-T00406,F06,maintenance,SK-DIAG-F06,发电机综合故障诊断,0.4545,0.383096,False,0
1,1765819632.6533382,2025-12-15 17:27:12,SHIP500-B00-T00407,F06,crew,SK-DIAG-F06,发电机综合故障诊断,0.5455,0.381728,False,1
1,1765819632.6533382,2025-12-15 17:27:12,SHIP500-B00-T00407,F11,crew,SK-DIAG-F11,通讯与传感器故障诊断,0.5455,0.381728,False,1
1,1765819632.6533382,2025-12-15 17:27:12,SHIP500-B00-T00407,*,crew,SK-ACT-CREW-OPS,机舱巡查与就地处置技能,0.5455,0.381728,False,1
1,1765819644.8968835,2025-12-15 17:27:24,SHIP500-B00-T00408,F06,maintenance,SK-DIAG-F06,发电机综合故障诊断,0.4545,0.383553,False,0
1,1765819657.1113143,2025-12-15 17:27:37,SHIP500-B00-T00409,F06,crew,SK-DIAG-F06,发电机综合故障诊断,0.5455,0.398702,False,1
1,1765819657.1113143,2025-12-15 17:27:37,SHIP500-B00-T00409,F11,crew,SK-DIAG-F11,通讯与传感器故障诊断,0.5455,0.398702,False,1
1,1765819657.1113143,2025-12-15 17:27:37,SHIP500-B00-T00409,*,crew,SK-ACT-CREW-OPS,机舱巡查与就地处置技能,0.5455,0.398702,False,1
1,1765819669.3086145,2025-12-15 17:27:49,SHIP500-B00-T00410,F06,maintenance,SK-DIAG-F06,发电机综合故障诊断,0.4545,0.39304,False,0
1,1765819681.57751,2025-12-15 17:28:01,SHIP500-B00-T00411,F06,crew,SK-DIAG-F06,发电机综合故障诊断,0.5455,0.390937,False,1
1,1765819681.57751,2025-12-15 17:28:01,SHIP500-B00-T00411,F11,crew,SK-DIAG-F11,通讯与传感器故障诊断,0.5455,0.390937,False,1
1,1765819681.57751,2025-12-15 17:28:01,SHIP500-B00-T00411,*,crew,SK-ACT-CREW-OPS,机舱巡查与就地处置技能,0.5455,0.390937,False,1
1,1765819693.7554858,2025-12-15 17:28:13,SHIP500-B00-T00412,F06,crew,SK-DIAG-F06,发电机综合故障诊断,0.5455,0.397279,False,1
1,1765819693.7554858,2025-12-15 17:28:13,SHIP500-B00-T00412,F11,crew,SK-DIAG-F11,通讯与传感器故障诊断,0.5455,0.397279,False,1
1,1765819693.7554858,2025-12-15 17:28:13,SHIP500-B00-T00412,*,crew,SK-ACT-CREW-OPS,机舱巡查与就地处置技能,0.5455,0.397279,False,1
1,1765819705.9551232,2025-12-15 17:28:25,SHIP500-B00-T00413,F06,crew,SK-DIAG-F06,发电机综合故障诊断,0.5455,0.392338,False,1
1,1765819705.9551232,2025-12-15 17:28:25,SHIP500-B00-T00413,F11,crew,SK-DIAG-F11,通讯与传感器故障诊断,0.5455,0.392338,False,1
1,1765819705.9551232,2025-12-15 17:28:25,SHIP500-B00-T00413,*,crew,SK-ACT-CREW-OPS,机舱巡查与就地处置技能,0.5455,0.392338,False,1
1,1765819718.163538,2025-12-15 17:28:38,SHIP500-B00-T00414,F06,maintenance,SK-DIAG-F06,发电机综合故障诊断,0.4545,0.398702,False,0
1,1765819730.3670695,2025-12-15 17:28:50,SHIP500-B00-T00415,F06,maintenance,SK-DIAG-F06,发电机综合故障诊断,0.4545,0.399891,False,0
1,1765819742.5744598,2025-12-15 17:29:02,SHIP500-B00-T00416,F06,crew,SK-DIAG-F06,发电机综合故障诊断,0.5455,0.402522,False,1
1,1765819742.5744598,2025-12-15 17:29:02,SHIP500-B00-T00416,F11,crew,SK-DIAG-F11,通讯与传感器故障诊断,0.5455,0.402522,False,1
1,1765819742.5744598,2025-12-15 17:29:02,SHIP500-B00-T00416,*,crew,SK-ACT-CREW-OPS,机舱巡查与就地处置技能,0.5455,0.402522,False,1
1,1765819754.7683833,2025-12-15 17:29:14,SHIP500-B00-T00417,F06,maintenance,SK-DIAG-F06,发电机综合故障诊断,0.4545,0.414202,False,0
1,1765819766.9856372,2025-12-15 17:29:26,SHIP500-B00-T00418,F06,maintenance,SK-DIAG-F06,发电机综合故障诊断,0.4545,0.403723,False,0
1,1765819779.1887794,2025-12-15 17:29:39,SHIP500-B00-T00419,F06,crew,SK-DIAG-F06,发电机综合故障诊断,0.5455,0.407105,False,1
1,1765819779.1887794,2025-12-15 17:29:39,SHIP500-B00-T00419,F11,crew,SK-DIAG-F11,通讯与传感器故障诊断,0.5455,0.407105,False,1
1,1765819779.1887794,2025-12-15 17:29:39,SHIP500-B00-T00419,*,crew,SK-ACT-CREW-OPS,机舱巡查与就地处置技能,0.5455,0.407105,False,1
1,1765819791.3937874,2025-12-15 17:29:51,SHIP500-B00-T00420,F06,crew,SK-DIAG-F06,发电机综合故障诊断,0.5455,0.405169,False,1
1,1765819791.3937874,2025-12-15 17:29:51,SHIP500-B00-T00420,F11,crew,SK-DIAG-F11,通讯与传感器故障诊断,0.5455,0.405169,False,1
1,1765819791.3937874,2025-12-15 17:29:51,SHIP500-B00-T00420,*,crew,SK-ACT-CREW-OPS,机舱巡查与就地处置技能,0.5455,0.405169,False,1
1,1765819803.571309,2025-12-15 17:30:03,SHIP500-B00-T00421,F06,crew,SK-DIAG-F06,发电机综合故障诊断,0.5455,0.407834,False,1
1,1765819803.571309,2025-12-15 17:30:03,SHIP500-B00-T00421,F11,crew,SK-DIAG-F11,通讯与传感器故障诊断,0.5455,0.407834,False,1
1,1765819803.571309,2025-12-15 17:30:03,SHIP500-B00-T00421,*,crew,SK-ACT-CREW-OPS,机舱巡查与就地处置技能,0.5455,0.407834,False,1
1,1765819815.7312903,2025-12-15 17:30:15,SHIP500-B00-T00422,F06,maintenance,SK-DIAG-F06,发电机综合故障诊断,0.4545,0.413216,False,0
1,1765819827.922305,2025-12-15 17:30:27,SHIP500-B00-T00423,F06,maintenance,SK-DIAG-F06,发电机综合故障诊断,0.4545,0.415934,False,0
1,1765819840.0991156,2025-12-15 17:30:40,SHIP500-B00-T00424,F06,crew,SK-DIAG-F06,发电机综合故障诊断,0.5455,0.41817,False,1
1,1765819840.0991156,2025-12-15 17:30:40,SHIP500-B00-T00424,F11,crew,SK-DIAG-F11,通讯与传感器故障诊断,0.5455,0.41817,False,1
1,1765819840.0991156,2025-12-15 17:30:40,SHIP500-B00-T00424,*,crew,SK-ACT-CREW-OPS,机舱巡查与就地处置技能,0.5455,0.41817,False,1
1,1765819852.2847688,2025-12-15 17:30:52,SHIP500-B00-T00425,F06,crew,SK-DIAG-F06,发电机综合故障诊断,0.5455,0.419668,False,1
1,1765819852.2847688,2025-12-15 17:30:52,SHIP500-B00-T00425,F11,crew,SK-DIAG-F11,通讯与传感器故障诊断,0.5455,0.419668,False,1
1,1765819852.2847688,2025-12-15 17:30:52,SHIP500-B00-T00425,*,crew,SK-ACT-CREW-OPS,机舱巡查与就地处置技能,0.5455,0.419668,False,1
1,1765819864.4793606,2025-12-15 17:31:04,SHIP500-B00-T00426,F06,maintenance,SK-DIAG-F06,发电机综合故障诊断,0.4545,0.430562,False,0
1,1765819876.6685376,2025-12-15 17:31:16,SHIP500-B00-T00427,F06,crew,SK-DIAG-F06,发电机综合故障诊断,0.5455,0.439899,False,1
1,1765819876.6685376,2025-12-15 17:31:16,SHIP500-B00-T00427,F11,crew,SK-DIAG-F11,通讯与传感器故障诊断,0.5455,0.439899,False,1
1,1765819876.6685376,2025-12-15 17:31:16,SHIP500-B00-T00427,*,crew,SK-ACT-CREW-OPS,机舱巡查与就地处置技能,0.5455,0.439899,False,1
1,1765819888.8947196,2025-12-15 17:31:28,SHIP500-B00-T00428,F06,maintenance,SK-DIAG-F06,发电机综合故障诊断,0.4545,0.440948,False,0
1,1765819901.1057968,2025-12-15 17:31:41,SHIP500-B00-T00429,F06,crew,SK-DIAG-F06,发电机综合故障诊断,0.5455,0.462205,False,1
1,1765819901.1057968,2025-12-15 17:31:41,SHIP500-B00-T00429,F11,crew,SK-DIAG-F11,通讯与传感器故障诊断,0.5455,0.462205,False,1
1,1765819901.1057968,2025-12-15 17:31:41,SHIP500-B00-T00429,*,crew,SK-ACT-CREW-OPS,机舱巡查与就地处置技能,0.5455,0.462205,False,1
1,1765819913.316835,2025-12-15 17:31:53,SHIP500-B00-T00430,F06,maintenance,SK-DIAG-F06,发电机综合故障诊断,0.4545,0.432361,False,0
1,1765819925.5095198,2025-12-15 17:32:05,SHIP500-B00-T00431,F06,crew,SK-DIAG-F06,发电机综合故障诊断,0.5455,0.427239,False,1
1,1765819925.5095198,2025-12-15 17:32:05,SHIP500-B00-T00431,F11,crew,SK-DIAG-F11,通讯与传感器故障诊断,0.5455,0.427239,False,1
1,1765819925.5095198,2025-12-15 17:32:05,SHIP500-B00-T00431,*,crew,SK-ACT-CREW-OPS,机舱巡查与就地处置技能,0.5455,0.427239,False,1
1,1765819937.733795,2025-12-15 17:32:17,SHIP500-B00-T00432,F06,crew,SK-DIAG-F06,发电机综合故障诊断,0.5455,0.435205,False,1
1,1765819937.733795,2025-12-15 17:32:17,SHIP500-B00-T00432,F11,crew,SK-DIAG-F11,通讯与传感器故障诊断,0.5455,0.435205,False,1
1,1765819937.733795,2025-12-15 17:32:17,SHIP500-B00-T00432,*,crew,SK-ACT-CREW-OPS,机舱巡查与就地处置技能,0.5455,0.435205,False,1
1,1765819949.952526,2025-12-15 17:32:29,SHIP500-B00-T00433,F06,maintenance,SK-DIAG-F06,发电机综合故障诊断,0.4545,0.432619,False,0
1,1765819962.154191,2025-12-15 17:32:42,SHIP500-B00-T00434,F06,crew,SK-DIAG-F06,发电机综合故障诊断,0.5455,0.437285,False,1
1,1765819962.154191,2025-12-15 17:32:42,SHIP500-B00-T00434,F11,crew,SK-DIAG-F11,通讯与传感器故障诊断,0.5455,0.437285,False,1
1,1765819962.154191,2025-12-15 17:32:42,SHIP500-B00-T00434,*,crew,SK-ACT-CREW-OPS,机舱巡查与就地处置技能,0.5455,0.437285,False,1
1,1765819974.3633215,2025-12-15 17:32:54,SHIP500-B00-T00435,F06,maintenance,SK-DIAG-F06,发电机综合故障诊断,0.4545,0.430562,False,0
1,1765819986.58822,2025-12-15 17:33:06,SHIP500-B00-T00436,F06,crew,SK-DIAG-F06,发电机综合故障诊断,0.5455,0.432619,False,1
1,1765819986.58822,2025-12-15 17:33:06,SHIP500-B00-T00436,F11,crew,SK-DIAG-F11,通讯与传感器故障诊断,0.5455,0.432619,False,1
1,1765819986.58822,2025-12-15 17:33:06,SHIP500-B00-T00436,*,crew,SK-ACT-CREW-OPS,机舱巡查与就地处置技能,0.5455,0.432619,False,1
1,1765819998.7844028,2025-12-15 17:33:18,SHIP500-B00-T00437,F06,maintenance,SK-DIAG-F06,发电机综合故障诊断,0.4545,0.428003,False,0
1,1765820010.9852118,2025-12-15 17:33:30,SHIP500-B00-T00438,F06,maintenance,SK-DIAG-F06,发电机综合故障诊断,0.4545,0.437546,False,0
1,1765820023.1987083,2025-12-15 17:33:43,SHIP500-B00-T00439,F06,crew,SK-DIAG-F06,发电机综合故障诊断,0.5455,0.439375,False,1
1,1765820023.1987083,2025-12-15 17:33:43,SHIP500-B00-T00439,F11,crew,SK-DIAG-F11,通讯与传感器故障诊断,0.5455,0.439375,False,1
1,1765820023.1987083,2025-12-15 17:33:43,SHIP500-B00-T00439,*,crew,SK-ACT-CREW-OPS,机舱巡查与就地处置技能,0.5455,0.439375,False,1
1,1765820035.404937,2025-12-15 17:33:55,SHIP500-B00-T00440,F06,maintenance,SK-DIAG-F06,发电机综合故障诊断,0.4545,0.442001,False,0
1,1765820047.5742538,2025-12-15 17:34:07,SHIP500-B00-T00441,F06,maintenance,SK-DIAG-F06,发电机综合故障诊断,0.4545,0.44597,False,0
1,1765820059.769915,2025-12-15 17:34:19,SHIP500-B00-T00442,F06,crew,SK-DIAG-F06,发电机综合故障诊断,0.5455,0.452934,False,1
1,1765820059.769915,2025-12-15 17:34:19,SHIP500-B00-T00442,F11,crew,SK-DIAG-F11,通讯与传感器故障诊断,0.5455,0.452934,False,1
1,1765820059.769915,2025-12-15 17:34:19,SHIP500-B00-T00442,*,crew,SK-ACT-CREW-OPS,机舱巡查与就地处置技能,0.5455,0.452934,False,1
1,1765820071.966141,2025-12-15 17:34:31,SHIP500-B00-T00443,F06,maintenance,SK-DIAG-F06,发电机综合故障诊断,0.4545,0.457818,False,0
1,1765820084.1758308,2025-12-15 17:34:44,SHIP500-B00-T00444,F06,crew,SK-DIAG-F06,发电机综合故障诊断,0.5455,0.460829,False,1
1,1765820084.1758308,2025-12-15 17:34:44,SHIP500-B00-T00444,F11,crew,SK-DIAG-F11,通讯与传感器故障诊断,0.5455,0.460829,False,1
1,1765820084.1758308,2025-12-15 17:34:44,SHIP500-B00-T00444,*,crew,SK-ACT-CREW-OPS,机舱巡查与就地处置技能,0.5455,0.460829,False,1
1,1765820096.3861904,2025-12-15 17:34:56,SHIP500-B00-T00445,F06,maintenance,SK-DIAG-F06,发电机综合故障诊断,0.4545,0.46469,False,0
1,1765820108.61995,2025-12-15 17:35:08,SHIP500-B00-T00446,F06,crew,SK-DIAG-F06,发电机综合故障诊断,0.5455,0.476468,False,1
1,1765820108.61995,2025-12-15 17:35:08,SHIP500-B00-T00446,F11,crew,SK-DIAG-F11,通讯与传感器故障诊断,0.5455,0.476468,False,1
1,1765820108.61995,2025-12-15 17:35:08,SHIP500-B00-T00446,*,crew,SK-ACT-CREW-OPS,机舱巡查与就地处置技能,0.5455,0.476468,False,1
1,1765820120.8074,2025-12-15 17:35:20,SHIP500-B00-T00447,F06,maintenance,SK-DIAG-F06,发电机综合故障诊断,0.4545,0.488253,False,0
1,1765820133.0185738,2025-12-15 17:35:33,SHIP500-B00-T00448,F06,maintenance,SK-DIAG-F06,发电机综合故障诊断,0.4545,0.491758,False,0
1,1765820145.2300713,2025-12-15 17:35:45,SHIP500-B00-T00449,F06,maintenance,SK-DIAG-F06,发电机综合故障诊断,0.4545,0.480746,False,0
1,1765820157.436849,2025-12-15 17:35:57,SHIP500-B00-T00450,F06,crew,SK-DIAG-F06,发电机综合故障诊断,0.5455,0.466355,False,1
1,1765820157.436849,2025-12-15 17:35:57,SHIP500-B00-T00450,F11,crew,SK-DIAG-F11,通讯与传感器故障诊断,0.5455,0.466355,False,1
1,1765820157.436849,2025-12-15 17:35:57,SHIP500-B00-T00450,*,crew,SK-ACT-CREW-OPS,机舱巡查与就地处置技能,0.5455,0.466355,False,1
1,1765820169.7018275,2025-12-15 17:36:09,SHIP500-B00-T00451,F06,maintenance,SK-DIAG-F06,发电机综合故障诊断,0.4545,0.467747,False,0
1,1765820181.9214048,2025-12-15 17:36:21,SHIP500-B00-T00452,F06,maintenance,SK-DIAG-F06,发电机综合故障诊断,0.4545,0.461929,False,0
1,1765820194.128102,2025-12-15 17:36:34,SHIP500-B00-T00453,F06,crew,SK-DIAG-F06,发电机综合故障诊断,0.5455,0.467468,False,1
1,1765820194.128102,2025-12-15 17:36:34,SHIP500-B00-T00453,F11,crew,SK-DIAG-F11,通讯与传感器故障诊断,0.5455,0.467468,False,1
1,1765820194.128102,2025-12-15 17:36:34,SHIP500-B00-T00453,*,crew,SK-ACT-CREW-OPS,机舱巡查与就地处置技能,0.5455,0.467468,False,1
1,1765820206.3430202,2025-12-15 17:36:46,SHIP500-B00-T00454,F06,crew,SK-DIAG-F06,发电机综合故障诊断,0.5455,0.455369,False,1
1,1765820206.3430202,2025-12-15 17:36:46,SHIP500-B00-T00454,F11,crew,SK-DIAG-F11,通讯与传感器故障诊断,0.5455,0.455369,False,1
1,1765820206.3430202,2025-12-15 17:36:46,SHIP500-B00-T00454,*,crew,SK-ACT-CREW-OPS,机舱巡查与就地处置技能,0.5455,0.455369,False,1
1,1765820218.536707,2025-12-15 17:36:58,SHIP500-B00-T00455,F06,crew,SK-DIAG-F06,发电机综合故障诊断,0.5455,0.448903,False,1
1,1765820218.536707,2025-12-15 17:36:58,SHIP500-B00-T00455,F11,crew,SK-DIAG-F11,通讯与传感器故障诊断,0.5455,0.448903,False,1
1,1765820218.536707,2025-12-15 17:36:58,SHIP500-B00-T00455,*,crew,SK-ACT-CREW-OPS,机舱巡查与就地处置技能,0.5455,0.448903,False,1
1,1765820230.7303848,2025-12-15 17:37:10,SHIP500-B00-T00456,F06,maintenance,SK-DIAG-F06,发电机综合故障诊断,0.4545,0.435464,False,0
1,1765820242.9096625,2025-12-15 17:37:22,SHIP500-B00-T00457,F06,crew,SK-DIAG-F06,发电机综合故障诊断,0.5455,0.430305,False,1
1,1765820242.9096625,2025-12-15 17:37:22,SHIP500-B00-T00457,F11,crew,SK-DIAG-F11,通讯与传感器故障诊断,0.5455,0.430305,False,1
1,1765820242.9096625,2025-12-15 17:37:22,SHIP500-B00-T00457,*,crew,SK-ACT-CREW-OPS,机舱巡查与就地处置技能,0.5455,0.430305,False,1
1,1765820255.1613028,2025-12-15 17:37:35,SHIP500-B00-T00458,F06,maintenance,SK-DIAG-F06,发电机综合故障诊断,0.4545,0.423689,False,0
1,1765820267.3611186,2025-12-15 17:37:47,SHIP500-B00-T00459,F06,maintenance,SK-DIAG-F06,发电机综合故障诊断,0.4545,0.429792,False,0
1,1765820279.568265,2025-12-15 17:37:59,SHIP500-B00-T00460,F06,crew,SK-DIAG-F06,发电机综合故障诊断,0.5455,0.425207,False,1
1,1765820279.568265,2025-12-15 17:37:59,SHIP500-B00-T00460,F11,crew,SK-DIAG-F11,通讯与传感器故障诊断,0.5455,0.425207,False,1
1,1765820279.568265,2025-12-15 17:37:59,SHIP500-B00-T00460,*,crew,SK-ACT-CREW-OPS,机舱巡查与就地处置技能,0.5455,0.425207,False,1
1,1765820291.8119092,2025-12-15 17:38:11,SHIP500-B00-T00461,F06,crew,SK-DIAG-F06,发电机综合故障诊断,0.5455,0.428514,False,1
1,1765820291.8119092,2025-12-15 17:38:11,SHIP500-B00-T00461,F11,crew,SK-DIAG-F11,通讯与传感器故障诊断,0.5455,0.428514,False,1
1,1765820291.8119092,2025-12-15 17:38:11,SHIP500-B00-T00461,*,crew,SK-ACT-CREW-OPS,机舱巡查与就地处置技能,0.5455,0.428514,False,1
1,1765820304.0182269,2025-12-15 17:38:24,SHIP500-B00-T00462,F06,maintenance,SK-DIAG-F06,发电机综合故障诊断,0.4545,0.418919,False,0
1,1765820316.2314143,2025-12-15 17:38:36,SHIP500-B00-T00463,F06,maintenance,SK-DIAG-F06,发电机综合故障诊断,0.4545,0.420169,False,0
1,1765820328.4774518,2025-12-15 17:38:48,SHIP500-B00-T00464,F06,maintenance,SK-DIAG-F06,发电机综合故障诊断,0.4545,0.417672,False,0
1,1765820340.681327,2025-12-15 17:39:00,SHIP500-B00-T00465,F06,crew,SK-DIAG-F06,发电机综合故障诊断,0.5455,0.422428,False,1
1,1765820340.681327,2025-12-15 17:39:00,SHIP500-B00-T00465,F11,crew,SK-DIAG-F11,通讯与传感器故障诊断,0.5455,0.422428,False,1
1,1765820340.681327,2025-12-15 17:39:00,SHIP500-B00-T00465,*,crew,SK-ACT-CREW-OPS,机舱巡查与就地处置技能,0.5455,0.422428,False,1
1,1765820352.885782,2025-12-15 17:39:12,SHIP500-B00-T00466,F06,crew,SK-DIAG-F06,发电机综合故障诊断,0.5455,0.415191,False,1
1,1765820352.885782,2025-12-15 17:39:12,SHIP500-B00-T00466,F11,crew,SK-DIAG-F11,通讯与传感器故障诊断,0.5455,0.415191,False,1
1,1765820352.885782,2025-12-15 17:39:12,SHIP500-B00-T00466,*,crew,SK-ACT-CREW-OPS,机舱巡查与就地处置技能,0.5455,0.415191,False,1
1,1765820365.1041467,2025-12-15 17:39:25,SHIP500-B00-T00467,F06,maintenance,SK-DIAG-F06,发电机综合故障诊断,0.4545,0.413709,False,0
1,1765820377.348202,2025-12-15 17:39:37,SHIP500-B00-T00468,F06,crew,SK-DIAG-F06,发电机综合故障诊断,0.5455,0.409051,False,1
1,1765820377.348202,2025-12-15 17:39:37,SHIP500-B00-T00468,F11,crew,SK-DIAG-F11,通讯与传感器故障诊断,0.5455,0.409051,False,1
1,1765820377.348202,2025-12-15 17:39:37,SHIP500-B00-T00468,*,crew,SK-ACT-CREW-OPS,机舱巡查与就地处置技能,0.5455,0.409051,False,1
1,1765820389.553326,2025-12-15 17:39:49,SHIP500-B00-T00469,F06,maintenance,SK-DIAG-F06,发电机综合故障诊断,0.4545,0.405169,False,0
1,1765820401.7486606,2025-12-15 17:40:01,SHIP500-B00-T00470,F06,maintenance,SK-DIAG-F06,发电机综合故障诊断,0.4545,0.40662,False,0
1,1765820413.942519,2025-12-15 17:40:13,SHIP500-B00-T00471,F06,maintenance,SK-DIAG-F06,发电机综合故障诊断,0.4545,0.405652,False,0
1,1765820426.1476038,2025-12-15 17:40:26,SHIP500-B00-T00472,F06,maintenance,SK-DIAG-F06,发电机综合故障诊断,0.4545,0.409539,False,0
1,1765820438.3603103,2025-12-15 17:40:38,SHIP500-B00-T00473,F06,maintenance,SK-DIAG-F06,发电机综合故障诊断,0.4545,0.414943,False,0
1,1765820450.6132677,2025-12-15 17:40:50,SHIP500-B00-T00474,F06,maintenance,SK-DIAG-F06,发电机综合故障诊断,0.4545,0.413462,False,0
1,1765820462.8023288,2025-12-15 17:41:02,SHIP500-B00-T00475,F06,crew,SK-DIAG-F06,发电机综合故障诊断,0.5455,0.411741,False,1
1,1765820462.8023288,2025-12-15 17:41:02,SHIP500-B00-T00475,F11,crew,SK-DIAG-F11,通讯与传感器故障诊断,0.5455,0.411741,False,1
1,1765820462.8023288,2025-12-15 17:41:02,SHIP500-B00-T00475,*,crew,SK-ACT-CREW-OPS,机舱巡查与就地处置技能,0.5455,0.411741,False,1
1,1765820474.9921088,2025-12-15 17:41:14,SHIP500-B00-T00476,F06,maintenance,SK-DIAG-F06,发电机综合故障诊断,0.4545,0.408807,False,0
1,1765820487.2272112,2025-12-15 17:41:27,SHIP500-B00-T00477,F06,maintenance,SK-DIAG-F06,发电机综合故障诊断,0.4545,0.411251,False,0
1,1765820499.4364097,2025-12-15 17:41:39,SHIP500-B00-T00478,F06,crew,SK-DIAG-F06,发电机综合故障诊断,0.5455,0.417175,False,1
1,1765820499.4364097,2025-12-15 17:41:39,SHIP500-B00-T00478,F11,crew,SK-DIAG-F11,通讯与传感器故障诊断,0.5455,0.417175,False,1
1,1765820499.4364097,2025-12-15 17:41:39,SHIP500-B00-T00478,*,crew,SK-ACT-CREW-OPS,机舱巡查与就地处置技能,0.5455,0.417175,False,1
1,1765820511.625101,2025-12-15 17:41:51,SHIP500-B00-T00479,F06,maintenance,SK-DIAG-F06,发电机综合故障诊断,0.4545,0.420169,False,0
1,1765820523.814337,2025-12-15 17:42:03,SHIP500-B00-T00480,F06,maintenance,SK-DIAG-F06,发电机综合故障诊断,0.4545,0.417175,False,0
1,1765820535.9615307,2025-12-15 17:42:15,SHIP500-B00-T00481,F06,crew,SK-DIAG-F06,发电机综合故障诊断,0.5455,0.414696,False,1
1,1765820535.9615307,2025-12-15 17:42:15,SHIP500-B00-T00481,F11,crew,SK-DIAG-F11,通讯与传感器故障诊断,0.5455,0.414696,False,1
1,1765820535.9615307,2025-12-15 17:42:15,SHIP500-B00-T00481,*,crew,SK-ACT-CREW-OPS,机舱巡查与就地处置技能,0.5455,0.414696,False,1
1,1765820548.147967,2025-12-15 17:42:28,SHIP500-B00-T00482,F06,maintenance,SK-DIAG-F06,发电机综合故障诊断,0.4545,0.418669,False,0
1,1765820560.3564315,2025-12-15 17:42:40,SHIP500-B00-T00483,F06,maintenance,SK-DIAG-F06,发电机综合故障诊断,0.4545,0.41643,False,0
1,1765820572.5536976,2025-12-15 17:42:52,SHIP500-B00-T00484,F06,maintenance,SK-DIAG-F06,发电机综合故障诊断,0.4545,0.41297,False,0
1,1765820584.7881649,2025-12-15 17:43:04,SHIP500-B00-T00485,F06,maintenance,SK-DIAG-F06,发电机综合故障诊断,0.4545,0.413955,False,0
1,1765820596.9888513,2025-12-15 17:43:16,SHIP500-B00-T00486,F06,maintenance,SK-DIAG-F06,发电机综合故障诊断,0.4545,0.41842,False,0
1,1765820609.2117271,2025-12-15 17:43:29,SHIP500-B00-T00487,F06,maintenance,SK-DIAG-F06,发电机综合故障诊断,0.4545,0.414449,False,0
1,1765820621.440394,2025-12-15 17:43:41,SHIP500-B00-T00488,F06,maintenance,SK-DIAG-F06,发电机综合故障诊断,0.4545,0.420169,False,0
1,1765820633.6676466,2025-12-15 17:43:53,SHIP500-B00-T00489,F06,crew,SK-DIAG-F06,发电机综合故障诊断,0.5455,0.416182,False,1
1,1765820633.6676466,2025-12-15 17:43:53,SHIP500-B00-T00489,F11,crew,SK-DIAG-F11,通讯与传感器故障诊断,0.5455,0.416182,False,1
1,1765820633.6676466,2025-12-15 17:43:53,SHIP500-B00-T00489,*,crew,SK-ACT-CREW-OPS,机舱巡查与就地处置技能,0.5455,0.416182,False,1
1,1765820645.8926628,2025-12-15 17:44:05,SHIP500-B00-T00490,F06,crew,SK-DIAG-F06,发电机综合故障诊断,0.5455,0.423689,False,1
1,1765820645.8926628,2025-12-15 17:44:05,SHIP500-B00-T00490,F11,crew,SK-DIAG-F11,通讯与传感器故障诊断,0.5455,0.423689,False,1
1,1765820645.8926628,2025-12-15 17:44:05,SHIP500-B00-T00490,*,crew,SK-ACT-CREW-OPS,机舱巡查与就地处置技能,0.5455,0.423689,False,1
1,1765820658.0601168,2025-12-15 17:44:18,SHIP500-B00-T00491,F06,crew,SK-DIAG-F06,发电机综合故障诊断,0.5455,0.440686,False,1
1,1765820658.0601168,2025-12-15 17:44:18,SHIP500-B00-T00491,F11,crew,SK-DIAG-F11,通讯与传感器故障诊断,0.5455,0.440686,False,1
1,1765820658.0601168,2025-12-15 17:44:18,SHIP500-B00-T00491,*,crew,SK-ACT-CREW-OPS,机舱巡查与就地处置技能,0.5455,0.440686,False,1
1,1765820670.2738829,2025-12-15 17:44:30,SHIP500-B00-T00492,F06,crew,SK-DIAG-F06,发电机综合故障诊断,0.5455,0.429792,False,1
1,1765820670.2738829,2025-12-15 17:44:30,SHIP500-B00-T00492,F11,crew,SK-DIAG-F11,通讯与传感器故障诊断,0.5455,0.429792,False,1
1,1765820670.2738829,2025-12-15 17:44:30,SHIP500-B00-T00492,*,crew,SK-ACT-CREW-OPS,机舱巡查与就地处置技能,0.5455,0.429792,False,1
1,1765820682.4531398,2025-12-15 17:44:42,SHIP500-B00-T00493,F06,crew,SK-DIAG-F06,发电机综合故障诊断,0.5455,0.432619,False,1
1,1765820682.4531398,2025-12-15 17:44:42,SHIP500-B00-T00493,F11,crew,SK-DIAG-F11,通讯与传感器故障诊断,0.5455,0.432619,False,1
1,1765820682.4531398,2025-12-15 17:44:42,SHIP500-B00-T00493,*,crew,SK-ACT-CREW-OPS,机舱巡查与就地处置技能,0.5455,0.432619,False,1
1,1765820694.674875,2025-12-15 17:44:54,SHIP500-B00-T00494,F06,crew,SK-DIAG-F06,发电机综合故障诊断,0.5455,0.438851,False,1
1,1765820694.674875,2025-12-15 17:44:54,SHIP500-B00-T00494,F11,crew,SK-DIAG-F11,通讯与传感器故障诊断,0.5455,0.438851,False,1
1,1765820694.674875,2025-12-15 17:44:54,SHIP500-B00-T00494,*,crew,SK-ACT-CREW-OPS,机舱巡查与就地处置技能,0.5455,0.438851,False,1
1,1765820706.8898757,2025-12-15 17:45:06,SHIP500-B00-T00495,F06,maintenance,SK-DIAG-F06,发电机综合故障诊断,0.4545,0.444378,False,0
1,1765820719.0637033,2025-12-15 17:45:19,SHIP500-B00-T00496,F06,maintenance,SK-DIAG-F06,发电机综合故障诊断,0.4545,0.447301,False,0
1,1765820731.2764316,2025-12-15 17:45:31,SHIP500-B00-T00497,F06,crew,SK-DIAG-F06,发电机综合故障诊断,0.5455,0.469422,False,1
1,1765820731.2764316,2025-12-15 17:45:31,SHIP500-B00-T00497,F11,crew,SK-DIAG-F11,通讯与传感器故障诊断,0.5455,0.469422,False,1
1,1765820731.2764316,2025-12-15 17:45:31,SHIP500-B00-T00497,*,crew,SK-ACT-CREW-OPS,机舱巡查与就地处置技能,0.5455,0.469422,False,1
1,1765820743.448586,2025-12-15 17:45:43,SHIP500-B00-T00498,F06,crew,SK-DIAG-F06,发电机综合故障诊断,0.5455,0.444113,False,1
1,1765820743.448586,2025-12-15 17:45:43,SHIP500-B00-T00498,F11,crew,SK-DIAG-F11,通讯与传感器故障诊断,0.5455,0.444113,False,1
1,1765820743.448586,2025-12-15 17:45:43,SHIP500-B00-T00498,*,crew,SK-ACT-CREW-OPS,机舱巡查与就地处置技能,0.5455,0.444113,False,1
1,1765820755.6585188,2025-12-15 17:45:55,SHIP500-B00-T00499,F06,maintenance,SK-DIAG-F06,发电机综合故障诊断,0.4545,0.450511,False,0
1,1765820767.8798008,2025-12-15 17:46:07,SHIP500-B00-T00500,F06,maintenance,SK-DIAG-F06,发电机综合故障诊断,0.4545,0.434428,False,0
1,1765820780.1500323,2025-12-15 17:46:20,SHIP500-B00-T00501,F06,crew,SK-DIAG-F06,发电机综合故障诊断,0.5455,0.437546,False,1
1,1765820780.1500323,2025-12-15 17:46:20,SHIP500-B00-T00501,F11,crew,SK-DIAG-F11,通讯与传感器故障诊断,0.5455,0.437546,False,1
1,1765820780.1500323,2025-12-15 17:46:20,SHIP500-B00-T00501,*,crew,SK-ACT-CREW-OPS,机舱巡查与就地处置技能,0.5455,0.437546,False,1
1,1765820792.3532374,2025-12-15 17:46:32,SHIP500-B00-T00502,F06,maintenance,SK-DIAG-F06,发电机综合故障诊断,0.4545,0.442792,False,0
1,1765820804.534077,2025-12-15 17:46:44,SHIP500-B00-T00503,F06,maintenance,SK-DIAG-F06,发电机综合故障诊断,0.4545,0.452664,False,0
1,1765820816.729501,2025-12-15 17:46:56,SHIP500-B00-T00504,F06,maintenance,SK-DIAG-F06,发电机综合故障诊断,0.4545,0.436244,False,0
1,1765820828.939295,2025-12-15 17:47:08,SHIP500-B00-T00505,F06,maintenance,SK-DIAG-F06,发电机综合故障诊断,0.4545,0.43391,False,0
1,1765820841.1273346,2025-12-15 17:47:21,SHIP500-B00-T00506,F06,maintenance,SK-DIAG-F06,发电机综合故障诊断,0.4545,0.434946,False,0
1,1765820853.3308444,2025-12-15 17:47:33,SHIP500-B00-T00507,F06,maintenance,SK-DIAG-F06,发电机综合故障诊断,0.4545,0.437024,False,0
1,1765820865.5330985,2025-12-15 17:47:45,SHIP500-B00-T00508,F06,crew,SK-DIAG-F06,发电机综合故障诊断,0.5455,0.436764,False,1
1,1765820865.5330985,2025-12-15 17:47:45,SHIP500-B00-T00508,F11,crew,SK-DIAG-F11,通讯与传感器故障诊断,0.5455,0.436764,False,1
1,1765820865.5330985,2025-12-15 17:47:45,SHIP500-B00-T00508,*,crew,SK-ACT-CREW-OPS,机舱巡查与就地处置技能,0.5455,0.436764,False,1
1,1765820877.7501533,2025-12-15 17:47:57,SHIP500-B00-T00509,F06,maintenance,SK-DIAG-F06,发电机综合故障诊断,0.4545,0.444908,False,0
1,1765820889.9653423,2025-12-15 17:48:09,SHIP500-B00-T00510,F06,crew,SK-DIAG-F06,发电机综合故障诊断,0.5455,0.444113,False,1
1,1765820889.9653423,2025-12-15 17:48:09,SHIP500-B00-T00510,F11,crew,SK-DIAG-F11,通讯与传感器故障诊断,0.5455,0.444113,False,1
1,1765820889.9653423,2025-12-15 17:48:09,SHIP500-B00-T00510,*,crew,SK-ACT-CREW-OPS,机舱巡查与就地处置技能,0.5455,0.444113,False,1
1,1765820902.1647873,2025-12-15 17:48:22,SHIP500-B00-T00511,F06,crew,SK-DIAG-F06,发电机综合故障诊断,0.5455,0.451855,False,1
1,1765820902.1647873,2025-12-15 17:48:22,SHIP500-B00-T00511,F11,crew,SK-DIAG-F11,通讯与传感器故障诊断,0.5455,0.451855,False,1
1,1765820902.1647873,2025-12-15 17:48:22,SHIP500-B00-T00511,*,crew,SK-ACT-CREW-OPS,机舱巡查与就地处置技能,0.5455,0.451855,False,1
1,1765820914.373484,2025-12-15 17:48:34,SHIP500-B00-T00512,F06,crew,SK-DIAG-F06,发电机综合故障诊断,0.5455,0.459732,False,1
1,1765820914.373484,2025-12-15 17:48:34,SHIP500-B00-T00512,F11,crew,SK-DIAG-F11,通讯与传感器故障诊断,0.5455,0.459732,False,1
1,1765820914.373484,2025-12-15 17:48:34,SHIP500-B00-T00512,*,crew,SK-ACT-CREW-OPS,机舱巡查与就地处置技能,0.5455,0.459732,False,1
1,1765820926.578158,2025-12-15 17:48:46,SHIP500-B00-T00513,F06,crew,SK-DIAG-F06,发电机综合故障诊断,0.5455,0.46469,False,1
1,1765820926.578158,2025-12-15 17:48:46,SHIP500-B00-T00513,F11,crew,SK-DIAG-F11,通讯与传感器故障诊断,0.5455,0.46469,False,1
1,1765820926.578158,2025-12-15 17:48:46,SHIP500-B00-T00513,*,crew,SK-ACT-CREW-OPS,机舱巡查与就地处置技能,0.5455,0.46469,False,1
1,1765820938.7979796,2025-12-15 17:48:58,SHIP500-B00-T00514,F06,crew,SK-DIAG-F06,发电机综合故障诊断,0.5455,0.485063,False,1
1,1765820938.7979796,2025-12-15 17:48:58,SHIP500-B00-T00514,F11,crew,SK-DIAG-F11,通讯与传感器故障诊断,0.5455,0.485063,False,1
1,1765820938.7979796,2025-12-15 17:48:58,SHIP500-B00-T00514,*,crew,SK-ACT-CREW-OPS,机舱巡查与就地处置技能,0.5455,0.485063,False,1
1,1765820951.0202007,2025-12-15 17:49:11,SHIP500-B00-T00515,F06,crew,SK-DIAG-F06,发电机综合故障诊断,0.5455,0.499139,False,1
1,1765820951.0202007,2025-12-15 17:49:11,SHIP500-B00-T00515,F11,crew,SK-DIAG-F11,通讯与传感器故障诊断,0.5455,0.499139,False,1
1,1765820951.0202007,2025-12-15 17:49:11,SHIP500-B00-T00515,*,crew,SK-ACT-CREW-OPS,机舱巡查与就地处置技能,0.5455,0.499139,False,1
1,1765820963.2251108,2025-12-15 17:49:23,SHIP500-B00-T00516,F06,crew,SK-DIAG-F06,发电机综合故障诊断,0.5455,0.496765,False,1
1,1765820963.2251108,2025-12-15 17:49:23,SHIP500-B00-T00516,F11,crew,SK-DIAG-F11,通讯与传感器故障诊断,0.5455,0.496765,False,1
1,1765820963.2251108,2025-12-15 17:49:23,SHIP500-B00-T00516,*,crew,SK-ACT-CREW-OPS,机舱巡查与就地处置技能,0.5455,0.496765,False,1
1,1765820975.4304438,2025-12-15 17:49:35,SHIP500-B00-T00517,F06,crew,SK-DIAG-F06,发电机综合故障诊断,0.5455,0.497357,False,1
1,1765820975.4304438,2025-12-15 17:49:35,SHIP500-B00-T00517,F11,crew,SK-DIAG-F11,通讯与传感器故障诊断,0.5455,0.497357,False,1
1,1765820975.4304438,2025-12-15 17:49:35,SHIP500-B00-T00517,*,crew,SK-ACT-CREW-OPS,机舱巡查与就地处置技能,0.5455,0.497357,False,1
1,1765820987.6315565,2025-12-15 17:49:47,SHIP500-B00-T00518,F06,maintenance,SK-DIAG-F06,发电机综合故障诊断,0.4545,0.475901,False,0
1,1765820999.836156,2025-12-15 17:49:59,SHIP500-B00-T00519,F06,crew,SK-DIAG-F06,发电机综合故障诊断,0.5455,0.47789,False,1
1,1765820999.836156,2025-12-15 17:49:59,SHIP500-B00-T00519,F11,crew,SK-DIAG-F11,通讯与传感器故障诊断,0.5455,0.47789,False,1
1,1765820999.836156,2025-12-15 17:49:59,SHIP500-B00-T00519,*,crew,SK-ACT-CREW-OPS,机舱巡查与就地处置技能,0.5455,0.47789,False,1
1,1765821012.0374897,2025-12-15 17:50:12,SHIP500-B00-T00520,F06,maintenance,SK-DIAG-F06,发电机综合故障诊断,0.4545,0.48046,False,0
1,1765821024.2471197,2025-12-15 17:50:24,SHIP500-B00-T00521,F06,maintenance,SK-DIAG-F06,发电机综合故障诊断,0.4545,0.477605,False,0
1,1765821036.4765987,2025-12-15 17:50:36,SHIP500-B00-T00522,F06,maintenance,SK-DIAG-F06,发电机综合故障诊断,0.4545,0.478745,False,0
1,1765821048.667549,2025-12-15 17:50:48,SHIP500-B00-T00523,F06,crew,SK-DIAG-F06,发电机综合故障诊断,0.5455,0.479888,False,1
1,1765821048.667549,2025-12-15 17:50:48,SHIP500-B00-T00523,F11,crew,SK-DIAG-F11,通讯与传感器故障诊断,0.5455,0.479888,False,1
1,1765821048.667549,2025-12-15 17:50:48,SHIP500-B00-T00523,*,crew,SK-ACT-CREW-OPS,机舱巡查与就地处置技能,0.5455,0.479888,False,1
1,1765821060.827965,2025-12-15 17:51:00,SHIP500-B00-T00524,F06,maintenance,SK-DIAG-F06,发电机综合故障诊断,0.4545,0.470542,False,0
1,1765821073.031747,2025-12-15 17:51:13,SHIP500-B00-T00525,F06,maintenance,SK-DIAG-F06,发电机综合故障诊断,0.4545,0.46248,False,0
1,1765821085.2299523,2025-12-15 17:51:25,SHIP500-B00-T00526,F06,crew,SK-DIAG-F06,发电机综合故障诊断,0.5455,0.444643,False,1
1,1765821085.2299523,2025-12-15 17:51:25,SHIP500-B00-T00526,F11,crew,SK-DIAG-F11,通讯与传感器故障诊断,0.5455,0.444643,False,1
1,1765821085.2299523,2025-12-15 17:51:25,SHIP500-B00-T00526,*,crew,SK-ACT-CREW-OPS,机舱巡查与就地处置技能,0.5455,0.444643,False,1
1,1765821097.3952942,2025-12-15 17:51:37,SHIP500-B00-T00527,F06,maintenance,SK-DIAG-F06,发电机综合故障诊断,0.4545,0.433135,False,0
1,1765821109.5940928,2025-12-15 17:51:49,SHIP500-B00-T00528,F06,maintenance,SK-DIAG-F06,发电机综合故障诊断,0.4545,0.432361,False,0
1,1765821121.8028846,2025-12-15 17:52:01,SHIP500-B00-T00529,F06,maintenance,SK-DIAG-F06,发电机综合故障诊断,0.4545,0.428514,False,0
1,1765821134.010033,2025-12-15 17:52:14,SHIP500-B00-T00530,F06,maintenance,SK-DIAG-F06,发电机综合故障诊断,0.4545,0.430562,False,0
1,1765821146.2261224,2025-12-15 17:52:26,SHIP500-B00-T00531,F06,maintenance,SK-DIAG-F06,发电机综合故障诊断,0.4545,0.42067,False,0
1,1765821158.3815873,2025-12-15 17:52:38,SHIP500-B00-T00532,F06,crew,SK-DIAG-F06,发电机综合故障诊断,0.5455,0.421423,False,1
1,1765821158.3815873,2025-12-15 17:52:38,SHIP500-B00-T00532,F11,crew,SK-DIAG-F11,通讯与传感器故障诊断,0.5455,0.421423,False,1
1,1765821158.3815873,2025-12-15 17:52:38,SHIP500-B00-T00532,*,crew,SK-ACT-CREW-OPS,机舱巡查与就地处置技能,0.5455,0.421423,False,1
1,1765821170.6314592,2025-12-15 17:52:50,SHIP500-B00-T00533,F06,crew,SK-DIAG-F06,发电机综合故障诊断,0.5455,0.420419,False,1
1,1765821170.6314592,2025-12-15 17:52:50,SHIP500-B00-T00533,F11,crew,SK-DIAG-F11,通讯与传感器故障诊断,0.5455,0.420419,False,1
1,1765821170.6314592,2025-12-15 17:52:50,SHIP500-B00-T00533,*,crew,SK-ACT-CREW-OPS,机舱巡查与就地处置技能,0.5455,0.420419,False,1
1,1765821182.8436427,2025-12-15 17:53:02,SHIP500-B00-T00534,F06,maintenance,SK-DIAG-F06,发电机综合故障诊断,0.4545,0.419918,False,0
1,1765821195.0411017,2025-12-15 17:53:15,SHIP500-B00-T00535,F06,maintenance,SK-DIAG-F06,发电机综合故障诊断,0.4545,0.425207,False,0
1,1765821207.2353294,2025-12-15 17:53:27,SHIP500-B00-T00536,F06,maintenance,SK-DIAG-F06,发电机综合故障诊断,0.4545,0.42268,False,0
1,1765821219.4519424,2025-12-15 17:53:39,SHIP500-B00-T00537,F06,maintenance,SK-DIAG-F06,发电机综合故障诊断,0.4545,0.425714,False,0
1,1765821231.6555989,2025-12-15 17:53:51,SHIP500-B00-T00538,F06,maintenance,SK-DIAG-F06,发电机综合故障诊断,0.4545,0.420921,False,0
1,1765821243.8765495,2025-12-15 17:54:03,SHIP500-B00-T00539,F06,maintenance,SK-DIAG-F06,发电机综合故障诊断,0.4545,0.419418,False,0
1,1765821256.088829,2025-12-15 17:54:16,SHIP500-B00-T00540,F06,maintenance,SK-DIAG-F06,发电机综合故障诊断,0.4545,0.42067,False,0
1,1765821268.318101,2025-12-15 17:54:28,SHIP500-B00-T00541,F06,maintenance,SK-DIAG-F06,发电机综合故障诊断,0.4545,0.409539,False,0
1,1765821280.5227454,2025-12-15 17:54:40,SHIP500-B00-T00542,F06,maintenance,SK-DIAG-F06,发电机综合故障诊断,0.4545,0.410027,False,0
1,1765821292.753417,2025-12-15 17:54:52,SHIP500-B00-T00543,F06,maintenance,SK-DIAG-F06,发电机综合故障诊断,0.4545,0.414202,False,0
1,1765821304.950554,2025-12-15 17:55:04,SHIP500-B00-T00544,F06,crew,SK-DIAG-F06,发电机综合故障诊断,0.5455,0.416182,False,1
1,1765821304.950554,2025-12-15 17:55:04,SHIP500-B00-T00544,F11,crew,SK-DIAG-F11,通讯与传感器故障诊断,0.5455,0.416182,False,1
1,1765821304.950554,2025-12-15 17:55:04,SHIP500-B00-T00544,*,crew,SK-ACT-CREW-OPS,机舱巡查与就地处置技能,0.5455,0.416182,False,1
1,1765821317.1931405,2025-12-15 17:55:17,SHIP500-B00-T00545,F06,crew,SK-DIAG-F06,发电机综合故障诊断,0.5455,0.415191,False,1
1,1765821317.1931405,2025-12-15 17:55:17,SHIP500-B00-T00545,F11,crew,SK-DIAG-F11,通讯与传感器故障诊断,0.5455,0.415191,False,1
1,1765821317.1931405,2025-12-15 17:55:17,SHIP500-B00-T00545,*,crew,SK-ACT-CREW-OPS,机舱巡查与就地处置技能,0.5455,0.415191,False,1
1,1765821329.4180772,2025-12-15 17:55:29,SHIP500-B00-T00546,F06,maintenance,SK-DIAG-F06,发电机综合故障诊断,0.4545,0.414943,False,0
1,1765821341.6591876,2025-12-15 17:55:41,SHIP500-B00-T00547,F06,crew,SK-DIAG-F06,发电机综合故障诊断,0.5455,0.416926,False,1
1,1765821341.6591876,2025-12-15 17:55:41,SHIP500-B00-T00547,F11,crew,SK-DIAG-F11,通讯与传感器故障诊断,0.5455,0.416926,False,1
1,1765821341.6591876,2025-12-15 17:55:41,SHIP500-B00-T00547,*,crew,SK-ACT-CREW-OPS,机舱巡查与就地处置技能,0.5455,0.416926,False,1
1,1765821353.8658898,2025-12-15 17:55:53,SHIP500-B00-T00548,F06,maintenance,SK-DIAG-F06,发电机综合故障诊断,0.4545,0.415191,False,0
1,1765821366.0786407,2025-12-15 17:56:06,SHIP500-B00-T00549,F06,maintenance,SK-DIAG-F06,发电机综合故障诊断,0.4545,0.415191,False,0
1,1765821378.2592702,2025-12-15 17:56:18,SHIP500-B00-T00550,F06,crew,SK-DIAG-F06,发电机综合故障诊断,0.5455,0.417175,False,1
1,1765821378.2592702,2025-12-15 17:56:18,SHIP500-B00-T00550,F11,crew,SK-DIAG-F11,通讯与传感器故障诊断,0.5455,0.417175,False,1
1,1765821378.2592702,2025-12-15 17:56:18,SHIP500-B00-T00550,*,crew,SK-ACT-CREW-OPS,机舱巡查与就地处置技能,0.5455,0.417175,False,1
1,1765821390.520412,2025-12-15 17:56:30,SHIP500-B00-T00551,F06,crew,SK-DIAG-F06,发电机综合故障诊断,0.5455,0.408563,False,1
1,1765821390.520412,2025-12-15 17:56:30,SHIP500-B00-T00551,F11,crew,SK-DIAG-F11,通讯与传感器故障诊断,0.5455,0.408563,False,1
1,1765821390.520412,2025-12-15 17:56:30,SHIP500-B00-T00551,*,crew,SK-ACT-CREW-OPS,机舱巡查与就地处置技能,0.5455,0.408563,False,1
1,1765821402.710283,2025-12-15 17:56:42,SHIP500-B00-T00552,F06,maintenance,SK-DIAG-F06,发电机综合故障诊断,0.4545,0.410271,False,0
1,1765821414.9311075,2025-12-15 17:56:54,SHIP500-B00-T00553,F06,crew,SK-DIAG-F06,发电机综合故障诊断,0.5455,0.419418,False,1
1,1765821414.9311075,2025-12-15 17:56:54,SHIP500-B00-T00553,F11,crew,SK-DIAG-F11,通讯与传感器故障诊断,0.5455,0.419418,False,1
1,1765821414.9311075,2025-12-15 17:56:54,SHIP500-B00-T00553,*,crew,SK-ACT-CREW-OPS,机舱巡查与就地处置技能,0.5455,0.419418,False,1
1,1765821427.1150265,2025-12-15 17:57:07,SHIP500-B00-T00554,F06,crew,SK-DIAG-F06,发电机综合故障诊断,0.5455,0.414696,False,1
1,1765821427.1150265,2025-12-15 17:57:07,SHIP500-B00-T00554,F11,crew,SK-DIAG-F11,通讯与传感器故障诊断,0.5455,0.414696,False,1
1,1765821427.1150265,2025-12-15 17:57:07,SHIP500-B00-T00554,*,crew,SK-ACT-CREW-OPS,机舱巡查与就地处置技能,0.5455,0.414696,False,1
1,1765821439.2974875,2025-12-15 17:57:19,SHIP500-B00-T00555,F06,maintenance,SK-DIAG-F06,发电机综合故障诊断,0.4545,0.414696,False,0
1,1765821451.5097802,2025-12-15 17:57:31,SHIP500-B00-T00556,F06,maintenance,SK-DIAG-F06,发电机综合故障诊断,0.4545,0.418919,False,0
1,1765821463.7202597,2025-12-15 17:57:43,SHIP500-B00-T00557,F06,maintenance,SK-DIAG-F06,发电机综合故障诊断,0.4545,0.41817,False,0
1,1765821475.9040182,2025-12-15 17:57:55,SHIP500-B00-T00558,F06,crew,SK-DIAG-F06,发电机综合故障诊断,0.5455,0.422428,False,1
1,1765821475.9040182,2025-12-15 17:57:55,SHIP500-B00-T00558,F11,crew,SK-DIAG-F11,通讯与传感器故障诊断,0.5455,0.422428,False,1
1,1765821475.9040182,2025-12-15 17:57:55,SHIP500-B00-T00558,*,crew,SK-ACT-CREW-OPS,机舱巡查与就地处置技能,0.5455,0.422428,False,1
1,1765821488.107572,2025-12-15 17:58:08,SHIP500-B00-T00559,F06,maintenance,SK-DIAG-F06,发电机综合故障诊断,0.4545,0.421925,False,0
1,1765821500.297908,2025-12-15 17:58:20,SHIP500-B00-T00560,F06,crew,SK-DIAG-F06,发电机综合故障诊断,0.5455,0.429281,False,1
1,1765821500.297908,2025-12-15 17:58:20,SHIP500-B00-T00560,F11,crew,SK-DIAG-F11,通讯与传感器故障诊断,0.5455,0.429281,False,1
1,1765821500.297908,2025-12-15 17:58:20,SHIP500-B00-T00560,*,crew,SK-ACT-CREW-OPS,机舱巡查与就地处置技能,0.5455,0.429281,False,1
1,1765821512.5056157,2025-12-15 17:58:32,SHIP500-B00-T00561,F06,maintenance,SK-DIAG-F06,发电机综合故障诊断,0.4545,0.425714,False,0
1,1765821524.7150164,2025-12-15 17:58:44,SHIP500-B00-T00562,F06,maintenance,SK-DIAG-F06,发电机综合故障诊断,0.4545,0.435984,False,0
1,1765821536.9165742,2025-12-15 17:58:56,SHIP500-B00-T00563,F06,maintenance,SK-DIAG-F06,发电机综合故障诊断,0.4545,0.436764,False,0
1,1765821549.1121268,2025-12-15 17:59:09,SHIP500-B00-T00564,F06,maintenance,SK-DIAG-F06,发电机综合故障诊断,0.4545,0.441474,False,0
1,1765821561.304058,2025-12-15 17:59:21,SHIP500-B00-T00565,F06,crew,SK-DIAG-F06,发电机综合故障诊断,0.5455,0.445438,False,1
1,1765821561.304058,2025-12-15 17:59:21,SHIP500-B00-T00565,F11,crew,SK-DIAG-F11,通讯与传感器故障诊断,0.5455,0.445438,False,1
1,1765821561.304058,2025-12-15 17:59:21,SHIP500-B00-T00565,*,crew,SK-ACT-CREW-OPS,机舱巡查与就地处置技能,0.5455,0.445438,False,1
1,1765821573.5046284,2025-12-15 17:59:33,SHIP500-B00-T00566,F06,maintenance,SK-DIAG-F06,发电机综合故障诊断,0.4545,0.458638,False,0
1,1765821585.740077,2025-12-15 17:59:45,SHIP500-B00-T00567,F06,maintenance,SK-DIAG-F06,发电机综合故障诊断,0.4545,0.438328,False,0
1,1765821597.9547997,2025-12-15 17:59:57,SHIP500-B00-T00568,F06,crew,SK-DIAG-F06,发电机综合故障诊断,0.5455,0.431589,False,1
1,1765821597.9547997,2025-12-15 17:59:57,SHIP500-B00-T00568,F11,crew,SK-DIAG-F11,通讯与传感器故障诊断,0.5455,0.431589,False,1
1,1765821597.9547997,2025-12-15 17:59:57,SHIP500-B00-T00568,*,crew,SK-ACT-CREW-OPS,机舱巡查与就地处置技能,0.5455,0.431589,False,1
1,1765821610.1194344,2025-12-15 18:00:10,SHIP500-B00-T00569,F06,maintenance,SK-DIAG-F06,发电机综合故障诊断,0.4545,0.432877,False,0
1,1765821622.3099136,2025-12-15 18:00:22,SHIP500-B00-T00570,F06,maintenance,SK-DIAG-F06,发电机综合故障诊断,0.4545,0.441211,False,0
1,1765821634.4820666,2025-12-15 18:00:34,SHIP500-B00-T00571,F06,crew,SK-DIAG-F06,发电机综合故障诊断,0.5455,0.441474,False,1
1,1765821634.4820666,2025-12-15 18:00:34,SHIP500-B00-T00571,F11,crew,SK-DIAG-F11,通讯与传感器故障诊断,0.5455,0.441474,False,1
1,1765821634.4820666,2025-12-15 18:00:34,SHIP500-B00-T00571,*,crew,SK-ACT-CREW-OPS,机舱巡查与就地处置技能,0.5455,0.441474,False,1
1,1765821646.7177532,2025-12-15 18:00:46,SHIP500-B00-T00572,F06,crew,SK-DIAG-F06,发电机综合故障诊断,0.5455,0.434687,False,1
1,1765821646.7177532,2025-12-15 18:00:46,SHIP500-B00-T00572,F11,crew,SK-DIAG-F11,通讯与传感器故障诊断,0.5455,0.434687,False,1
1,1765821646.7177532,2025-12-15 18:00:46,SHIP500-B00-T00572,*,crew,SK-ACT-CREW-OPS,机舱巡查与就地处置技能,0.5455,0.434687,False,1
1,1765821658.8901744,2025-12-15 18:00:58,SHIP500-B00-T00573,F06,crew,SK-DIAG-F06,发电机综合故障诊断,0.5455,0.422428,False,1
1,1765821658.8901744,2025-12-15 18:00:58,SHIP500-B00-T00573,F11,crew,SK-DIAG-F11,通讯与传感器故障诊断,0.5455,0.422428,False,1
1,1765821658.8901744,2025-12-15 18:00:58,SHIP500-B00-T00573,*,crew,SK-ACT-CREW-OPS,机舱巡查与就地处置技能,0.5455,0.422428,False,1
1,1765821671.070788,2025-12-15 18:01:11,SHIP500-B00-T00574,F06,crew,SK-DIAG-F06,发电机综合故障诊断,0.5455,0.420419,False,1
1,1765821671.070788,2025-12-15 18:01:11,SHIP500-B00-T00574,F11,crew,SK-DIAG-F11,通讯与传感器故障诊断,0.5455,0.420419,False,1
1,1765821671.070788,2025-12-15 18:01:11,SHIP500-B00-T00574,*,crew,SK-ACT-CREW-OPS,机舱巡查与就地处置技能,0.5455,0.420419,False,1
1,1765821683.2751608,2025-12-15 18:01:23,SHIP500-B00-T00575,F06,maintenance,SK-DIAG-F06,发电机综合故障诊断,0.4545,0.417423,False,0
1,1765821695.4852235,2025-12-15 18:01:35,SHIP500-B00-T00576,F06,crew,SK-DIAG-F06,发电机综合故障诊断,0.5455,0.411986,False,1
1,1765821695.4852235,2025-12-15 18:01:35,SHIP500-B00-T00576,F11,crew,SK-DIAG-F11,通讯与传感器故障诊断,0.5455,0.411986,False,1
1,1765821695.4852235,2025-12-15 18:01:35,SHIP500-B00-T00576,*,crew,SK-ACT-CREW-OPS,机舱巡查与就地处置技能,0.5455,0.411986,False,1
1,1765821707.7193906,2025-12-15 18:01:47,SHIP500-B00-T00577,F06,crew,SK-DIAG-F06,发电机综合故障诊断,0.5455,0.407834,False,1
1,1765821707.7193906,2025-12-15 18:01:47,SHIP500-B00-T00577,F11,crew,SK-DIAG-F11,通讯与传感器故障诊断,0.5455,0.407834,False,1
1,1765821707.7193906,2025-12-15 18:01:47,SHIP500-B00-T00577,*,crew,SK-ACT-CREW-OPS,机舱巡查与就地处置技能,0.5455,0.407834,False,1
1,1765821719.9138348,2025-12-15 18:01:59,SHIP500-B00-T00578,F06,maintenance,SK-DIAG-F06,发电机综合故障诊断,0.4545,0.413709,False,0
1,1765821732.1298585,2025-12-15 18:02:12,SHIP500-B00-T00579,F06,crew,SK-DIAG-F06,发电机综合故障诊断,0.5455,0.409051,False,1
1,1765821732.1298585,2025-12-15 18:02:12,SHIP500-B00-T00579,F11,crew,SK-DIAG-F11,通讯与传感器故障诊断,0.5455,0.409051,False,1
1,1765821732.1298585,2025-12-15 18:02:12,SHIP500-B00-T00579,*,crew,SK-ACT-CREW-OPS,机舱巡查与就地处置技能,0.5455,0.409051,False,1
1,1765821744.341779,2025-12-15 18:02:24,SHIP500-B00-T00580,F06,crew,SK-DIAG-F06,发电机综合故障诊断,0.5455,0.41297,False,1
1,1765821744.341779,2025-12-15 18:02:24,SHIP500-B00-T00580,F11,crew,SK-DIAG-F11,通讯与传感器故障诊断,0.5455,0.41297,False,1
1,1765821744.341779,2025-12-15 18:02:24,SHIP500-B00-T00580,*,crew,SK-ACT-CREW-OPS,机舱巡查与就地处置技能,0.5455,0.41297,False,1
1,1765821756.5840747,2025-12-15 18:02:36,SHIP500-B00-T00581,F06,maintenance,SK-DIAG-F06,发电机综合故障诊断,0.4545,0.411741,False,0
1,1765821768.841187,2025-12-15 18:02:48,SHIP500-B00-T00582,F06,maintenance,SK-DIAG-F06,发电机综合故障诊断,0.4545,0.421423,False,0
1,1765821781.0508113,2025-12-15 18:03:01,SHIP500-B00-T00583,F06,crew,SK-DIAG-F06,发电机综合故障诊断,0.5455,0.435205,False,1
1,1765821781.0508113,2025-12-15 18:03:01,SHIP500-B00-T00583,F11,crew,SK-DIAG-F11,通讯与传感器故障诊断,0.5455,0.435205,False,1
1,1765821781.0508113,2025-12-15 18:03:01,SHIP500-B00-T00583,*,crew,SK-ACT-CREW-OPS,机舱巡查与就地处置技能,0.5455,0.435205,False,1
1,1765821793.2577343,2025-12-15 18:03:13,SHIP500-B00-T00584,F06,maintenance,SK-DIAG-F06,发电机综合故障诊断,0.4545,0.446502,False,0
1,1765821805.4705098,2025-12-15 18:03:25,SHIP500-B00-T00585,F06,maintenance,SK-DIAG-F06,发电机综合故障诊断,0.4545,0.455641,False,0
1,1765821817.717261,2025-12-15 18:03:37,SHIP500-B00-T00586,F06,maintenance,SK-DIAG-F06,发电机综合故障诊断,0.4545,0.458091,False,0
1,1765821829.9313898,2025-12-15 18:03:49,SHIP500-B00-T00587,F06,maintenance,SK-DIAG-F06,发电机综合故障诊断,0.4545,0.425968,False,0
1,1765821842.136803,2025-12-15 18:04:02,SHIP500-B00-T00588,F06,crew,SK-DIAG-F06,发电机综合故障诊断,0.5455,0.430049,False,1
1,1765821842.136803,2025-12-15 18:04:02,SHIP500-B00-T00588,F11,crew,SK-DIAG-F11,通讯与传感器故障诊断,0.5455,0.430049,False,1
1,1765821842.136803,2025-12-15 18:04:02,SHIP500-B00-T00588,*,crew,SK-ACT-CREW-OPS,机舱巡查与就地处置技能,0.5455,0.430049,False,1
1,1765821854.3196597,2025-12-15 18:04:14,SHIP500-B00-T00589,F06,maintenance,SK-DIAG-F06,发电机综合故障诊断,0.4545,0.428258,False,0
1,1765821866.5343118,2025-12-15 18:04:26,SHIP500-B00-T00590,F06,crew,SK-DIAG-F06,发电机综合故障诊断,0.5455,0.432104,False,1
1,1765821866.5343118,2025-12-15 18:04:26,SHIP500-B00-T00590,F11,crew,SK-DIAG-F11,通讯与传感器故障诊断,0.5455,0.432104,False,1
1,1765821866.5343118,2025-12-15 18:04:26,SHIP500-B00-T00590,*,crew,SK-ACT-CREW-OPS,机舱巡查与就地处置技能,0.5455,0.432104,False,1
1,1765821878.745367,2025-12-15 18:04:38,SHIP500-B00-T00591,F06,maintenance,SK-DIAG-F06,发电机综合故障诊断,0.4545,0.438851,False,0
1,1765821890.9602735,2025-12-15 18:04:50,SHIP500-B00-T00592,F06,maintenance,SK-DIAG-F06,发电机综合故障诊断,0.4545,0.414943,False,0
1,1765821903.1440537,2025-12-15 18:05:03,SHIP500-B00-T00593,F06,maintenance,SK-DIAG-F06,发电机综合故障诊断,0.4545,0.404445,False,0
1,1765821915.344596,2025-12-15 18:05:15,SHIP500-B00-T00594,F06,maintenance,SK-DIAG-F06,发电机综合故障诊断,0.4545,0.395625,False,0
1,1765821927.560872,2025-12-15 18:05:27,SHIP500-B00-T00595,F06,crew,SK-DIAG-F06,发电机综合故障诊断,0.5455,0.394683,False,1
1,1765821927.560872,2025-12-15 18:05:27,SHIP500-B00-T00595,F11,crew,SK-DIAG-F11,通讯与传感器故障诊断,0.5455,0.394683,False,1
1,1765821927.560872,2025-12-15 18:05:27,SHIP500-B00-T00595,*,crew,SK-ACT-CREW-OPS,机舱巡查与就地处置技能,0.5455,0.394683,False,1
1,1765821939.7577698,2025-12-15 18:05:39,SHIP500-B00-T00596,F06,crew,SK-DIAG-F06,发电机综合故障诊断,0.5455,0.401085,False,1
1,1765821939.7577698,2025-12-15 18:05:39,SHIP500-B00-T00596,F11,crew,SK-DIAG-F11,通讯与传感器故障诊断,0.5455,0.401085,False,1
1,1765821939.7577698,2025-12-15 18:05:39,SHIP500-B00-T00596,*,crew,SK-ACT-CREW-OPS,机舱巡查与就地处置技能,0.5455,0.401085,False,1
1,1765821951.9442875,2025-12-15 18:05:51,SHIP500-B00-T00597,F06,maintenance,SK-DIAG-F06,发电机综合故障诊断,0.4545,0.395154,False,0
1,1765821964.1571257,2025-12-15 18:06:04,SHIP500-B00-T00598,F06,crew,SK-DIAG-F06,发电机综合故障诊断,0.5455,0.392572,False,1
1,1765821964.1571257,2025-12-15 18:06:04,SHIP500-B00-T00598,F11,crew,SK-DIAG-F11,通讯与传感器故障诊断,0.5455,0.392572,False,1
1,1765821964.1571257,2025-12-15 18:06:04,SHIP500-B00-T00598,*,crew,SK-ACT-CREW-OPS,机舱巡查与就地处置技能,0.5455,0.392572,False,1
1,1765821976.379871,2025-12-15 18:06:16,SHIP500-B00-T00599,F06,maintenance,SK-DIAG-F06,发电机综合故障诊断,0.4545,0.385845,False,0
1,1765821988.5912097,2025-12-15 18:06:28,SHIP500-B00-T00600,F06,maintenance,SK-DIAG-F06,发电机综合故障诊断,0.4545,0.384239,False,0
1,1765822000.8379223,2025-12-15 18:06:40,SHIP500-B00-T00601,F06,maintenance,SK-DIAG-F06,发电机综合故障诊断,0.4545,0.388846,False,0
1,1765822013.0542264,2025-12-15 18:06:53,SHIP500-B00-T00602,F06,crew,SK-DIAG-F06,发电机综合故障诊断,0.5455,0.384927,False,1
1,1765822013.0542264,2025-12-15 18:06:53,SHIP500-B00-T00602,F11,crew,SK-DIAG-F11,通讯与传感器故障诊断,0.5455,0.384927,False,1
1,1765822013.0542264,2025-12-15 18:06:53,SHIP500-B00-T00602,*,crew,SK-ACT-CREW-OPS,机舱巡查与就地处置技能,0.5455,0.384927,False,1
1,1765822025.2984846,2025-12-15 18:07:05,SHIP500-B00-T00603,F06,maintenance,SK-DIAG-F06,发电机综合故障诊断,0.4545,0.38931,False,0
1,1765822037.469562,2025-12-15 18:07:17,SHIP500-B00-T00604,F06,maintenance,SK-DIAG-F06,发电机综合故障诊断,0.4545,0.375188,False,0
1,1765822049.6678045,2025-12-15 18:07:29,SHIP500-B00-T00605,F06,maintenance,SK-DIAG-F06,发电机综合故障诊断,0.4545,0.397042,False,0
1,1765822061.8718536,2025-12-15 18:07:41,SHIP500-B00-T00606,F06,maintenance,SK-DIAG-F06,发电机综合故障诊断,0.4545,0.376083,False,0
1,1765822074.0796452,2025-12-15 18:07:54,SHIP500-B00-T00607,F06,maintenance,SK-DIAG-F06,发电机综合故障诊断,0.4545,0.372959,False,0
1,1765822086.2886136,2025-12-15 18:08:06,SHIP500-B00-T00608,F06,maintenance,SK-DIAG-F06,发电机综合故障诊断,0.4545,0.374518,False,0
1,1765822098.4776332,2025-12-15 18:08:18,SHIP500-B00-T00609,F06,crew,SK-DIAG-F06,发电机综合故障诊断,0.5455,0.375412,False,1
1,1765822098.4776332,2025-12-15 18:08:18,SHIP500-B00-T00609,F11,crew,SK-DIAG-F11,通讯与传感器故障诊断,0.5455,0.375412,False,1
1,1765822098.4776332,2025-12-15 18:08:18,SHIP500-B00-T00609,*,crew,SK-ACT-CREW-OPS,机舱巡查与就地处置技能,0.5455,0.375412,False,1
1,1765822110.6847482,2025-12-15 18:08:30,SHIP500-B00-T00610,F06,crew,SK-DIAG-F06,发电机综合故障诊断,0.5455,0.370743,False,1
1,1765822110.6847482,2025-12-15 18:08:30,SHIP500-B00-T00610,F11,crew,SK-DIAG-F11,通讯与传感器故障诊断,0.5455,0.370743,False,1
1,1765822110.6847482,2025-12-15 18:08:30,SHIP500-B00-T00610,*,crew,SK-ACT-CREW-OPS,机舱巡查与就地处置技能,0.5455,0.370743,False,1
1,1765822122.8657792,2025-12-15 18:08:42,SHIP500-B00-T00611,F06,crew,SK-DIAG-F06,发电机综合故障诊断,0.5455,0.378331,False,1
1,1765822122.8657792,2025-12-15 18:08:42,SHIP500-B00-T00611,F11,crew,SK-DIAG-F11,通讯与传感器故障诊断,0.5455,0.378331,False,1
1,1765822122.8657792,2025-12-15 18:08:42,SHIP500-B00-T00611,*,crew,SK-ACT-CREW-OPS,机舱巡查与就地处置技能,0.5455,0.378331,False,1
1,1765822135.070377,2025-12-15 18:08:55,SHIP500-B00-T00612,F06,maintenance,SK-DIAG-F06,发电机综合故障诊断,0.4545,0.372737,False,0
1,1765822147.2430203,2025-12-15 18:09:07,SHIP500-B00-T00613,F06,crew,SK-DIAG-F06,发电机综合故障诊断,0.5455,0.378106,False,1
1,1765822147.2430203,2025-12-15 18:09:07,SHIP500-B00-T00613,F11,crew,SK-DIAG-F11,通讯与传感器故障诊断,0.5455,0.378106,False,1
1,1765822147.2430203,2025-12-15 18:09:07,SHIP500-B00-T00613,*,crew,SK-ACT-CREW-OPS,机舱巡查与就地处置技能,0.5455,0.378106,False,1
1,1765822159.44891,2025-12-15 18:09:19,SHIP500-B00-T00614,F06,crew,SK-DIAG-F06,发电机综合故障诊断,0.5455,0.36986,False,1
1,1765822159.44891,2025-12-15 18:09:19,SHIP500-B00-T00614,F11,crew,SK-DIAG-F11,通讯与传感器故障诊断,0.5455,0.36986,False,1
1,1765822159.44891,2025-12-15 18:09:19,SHIP500-B00-T00614,*,crew,SK-ACT-CREW-OPS,机舱巡查与就地处置技能,0.5455,0.36986,False,1
1,1765822171.6643996,2025-12-15 18:09:31,SHIP500-B00-T00615,F06,maintenance,SK-DIAG-F06,发电机综合故障诊断,0.4545,0.379913,False,0
1,1765822183.8762794,2025-12-15 18:09:43,SHIP500-B00-T00616,F06,crew,SK-DIAG-F06,发电机综合故障诊断,0.5455,0.377656,False,1
1,1765822183.8762794,2025-12-15 18:09:43,SHIP500-B00-T00616,F11,crew,SK-DIAG-F11,通讯与传感器故障诊断,0.5455,0.377656,False,1
1,1765822183.8762794,2025-12-15 18:09:43,SHIP500-B00-T00616,*,crew,SK-ACT-CREW-OPS,机舱巡查与就地处置技能,0.5455,0.377656,False,1
1,1765822196.0792694,2025-12-15 18:09:56,SHIP500-B00-T00617,F06,maintenance,SK-DIAG-F06,发电机综合故障诊断,0.4545,0.370743,False,0
1,1765822208.2483842,2025-12-15 18:10:08,SHIP500-B00-T00618,F06,maintenance,SK-DIAG-F06,发电机综合故障诊断,0.4545,0.372293,False,0
1,1765822220.482916,2025-12-15 18:10:20,SHIP500-B00-T00619,F06,crew,SK-DIAG-F06,发电机综合故障诊断,0.5455,0.376083,False,1
1,1765822220.482916,2025-12-15 18:10:20,SHIP500-B00-T00619,F11,crew,SK-DIAG-F11,通讯与传感器故障诊断,0.5455,0.376083,False,1
1,1765822220.482916,2025-12-15 18:10:20,SHIP500-B00-T00619,*,crew,SK-ACT-CREW-OPS,机舱巡查与就地处置技能,0.5455,0.376083,False,1
1,1765822232.6919477,2025-12-15 18:10:32,SHIP500-B00-T00620,F06,crew,SK-DIAG-F06,发电机综合故障诊断,0.5455,0.372737,False,1
1,1765822232.6919477,2025-12-15 18:10:32,SHIP500-B00-T00620,F11,crew,SK-DIAG-F11,通讯与传感器故障诊断,0.5455,0.372737,False,1
1,1765822232.6919477,2025-12-15 18:10:32,SHIP500-B00-T00620,*,crew,SK-ACT-CREW-OPS,机舱巡查与就地处置技能,0.5455,0.372737,False,1
1,1765822244.8966827,2025-12-15 18:10:44,SHIP500-B00-T00621,F06,maintenance,SK-DIAG-F06,发电机综合故障诊断,0.4545,0.371849,False,0
1,1765822257.1154892,2025-12-15 18:10:57,SHIP500-B00-T00622,F06,crew,SK-DIAG-F06,发电机综合故障诊断,0.5455,0.375859,False,1
1,1765822257.1154892,2025-12-15 18:10:57,SHIP500-B00-T00622,F11,crew,SK-DIAG-F11,通讯与传感器故障诊断,0.5455,0.375859,False,1
1,1765822257.1154892,2025-12-15 18:10:57,SHIP500-B00-T00622,*,crew,SK-ACT-CREW-OPS,机舱巡查与就地处置技能,0.5455,0.375859,False,1
1,1765822269.2923195,2025-12-15 18:11:09,SHIP500-B00-T00623,F06,maintenance,SK-DIAG-F06,发电机综合故障诊断,0.4545,0.38082,False,0
1,1765822281.498187,2025-12-15 18:11:21,SHIP500-B00-T00624,F06,maintenance,SK-DIAG-F06,发电机综合故障诊断,0.4545,0.386305,False,0
1,1765822293.7176943,2025-12-15 18:11:33,SHIP500-B00-T00625,F06,crew,SK-DIAG-F06,发电机综合故障诊断,0.5455,0.38082,False,1
1,1765822293.7176943,2025-12-15 18:11:33,SHIP500-B00-T00625,F11,crew,SK-DIAG-F11,通讯与传感器故障诊断,0.5455,0.38082,False,1
1,1765822293.7176943,2025-12-15 18:11:33,SHIP500-B00-T00625,*,crew,SK-ACT-CREW-OPS,机舱巡查与就地处置技能,0.5455,0.38082,False,1
1,1765822305.9785042,2025-12-15 18:11:45,SHIP500-B00-T00626,F06,crew,SK-DIAG-F06,发电机综合故障诊断,0.5455,0.392104,False,1
1,1765822305.9785042,2025-12-15 18:11:45,SHIP500-B00-T00626,F11,crew,SK-DIAG-F11,通讯与传感器故障诊断,0.5455,0.392104,False,1
1,1765822305.9785042,2025-12-15 18:11:45,SHIP500-B00-T00626,*,crew,SK-ACT-CREW-OPS,机舱巡查与就地处置技能,0.5455,0.392104,False,1
1,1765822318.1759996,2025-12-15 18:11:58,SHIP500-B00-T00627,F06,maintenance,SK-DIAG-F06,发电机综合故障诊断,0.4545,0.388152,False,0
1,1765822330.3630636,2025-12-15 18:12:10,SHIP500-B00-T00628,F06,maintenance,SK-DIAG-F06,发电机综合故障诊断,0.4545,0.395625,False,0
1,1765822342.5572193,2025-12-15 18:12:22,SHIP500-B00-T00629,F06,crew,SK-DIAG-F06,发电机综合故障诊断,0.5455,0.397279,False,1
1,1765822342.5572193,2025-12-15 18:12:22,SHIP500-B00-T00629,F11,crew,SK-DIAG-F11,通讯与传感器故障诊断,0.5455,0.397279,False,1
1,1765822342.5572193,2025-12-15 18:12:22,SHIP500-B00-T00629,*,crew,SK-ACT-CREW-OPS,机舱巡查与就地处置技能,0.5455,0.397279,False,1
1,1765822354.7634234,2025-12-15 18:12:34,SHIP500-B00-T00630,F06,maintenance,SK-DIAG-F06,发电机综合故障诊断,0.4545,0.401803,False,0
1,1765822366.9538596,2025-12-15 18:12:46,SHIP500-B00-T00631,F06,crew,SK-DIAG-F06,发电机综合故障诊断,0.5455,0.407834,False,1
1,1765822366.9538596,2025-12-15 18:12:46,SHIP500-B00-T00631,F11,crew,SK-DIAG-F11,通讯与传感器故障诊断,0.5455,0.407834,False,1
1,1765822366.9538596,2025-12-15 18:12:46,SHIP500-B00-T00631,*,crew,SK-ACT-CREW-OPS,机舱巡查与就地处置技能,0.5455,0.407834,False,1
1,1765822379.159933,2025-12-15 18:12:59,SHIP500-B00-T00632,F06,crew,SK-DIAG-F06,发电机综合故障诊断,0.5455,0.407105,False,1
1,1765822379.159933,2025-12-15 18:12:59,SHIP500-B00-T00632,F11,crew,SK-DIAG-F11,通讯与传感器故障诊断,0.5455,0.407105,False,1
1,1765822379.159933,2025-12-15 18:12:59,SHIP500-B00-T00632,*,crew,SK-ACT-CREW-OPS,机舱巡查与就地处置技能,0.5455,0.407105,False,1
1,1765822391.3675332,2025-12-15 18:13:11,SHIP500-B00-T00633,F06,maintenance,SK-DIAG-F06,发电机综合故障诊断,0.4545,0.41842,False,0
1,1765822403.5741796,2025-12-15 18:13:23,SHIP500-B00-T00634,F06,crew,SK-DIAG-F06,发电机综合故障诊断,0.5455,0.415934,False,1
1,1765822403.5741796,2025-12-15 18:13:23,SHIP500-B00-T00634,F11,crew,SK-DIAG-F11,通讯与传感器故障诊断,0.5455,0.415934,False,1
1,1765822403.5741796,2025-12-15 18:13:23,SHIP500-B00-T00634,*,crew,SK-ACT-CREW-OPS,机舱巡查与就地处置技能,0.5455,0.415934,False,1
1,1765822415.7947352,2025-12-15 18:13:35,SHIP500-B00-T00635,F06,crew,SK-DIAG-F06,发电机综合故障诊断,0.5455,0.429536,False,1
1,1765822415.7947352,2025-12-15 18:13:35,SHIP500-B00-T00635,F11,crew,SK-DIAG-F11,通讯与传感器故障诊断,0.5455,0.429536,False,1
1,1765822415.7947352,2025-12-15 18:13:35,SHIP500-B00-T00635,*,crew,SK-ACT-CREW-OPS,机舱巡查与就地处置技能,0.5455,0.429536,False,1
1,1765822428.0112665,2025-12-15 18:13:48,SHIP500-B00-T00636,F06,crew,SK-DIAG-F06,发电机综合故障诊断,0.5455,0.453204,False,1
1,1765822428.0112665,2025-12-15 18:13:48,SHIP500-B00-T00636,F11,crew,SK-DIAG-F11,通讯与传感器故障诊断,0.5455,0.453204,False,1
1,1765822428.0112665,2025-12-15 18:13:48,SHIP500-B00-T00636,*,crew,SK-ACT-CREW-OPS,机舱巡查与就地处置技能,0.5455,0.453204,False,1
1,1765822440.2138307,2025-12-15 18:14:00,SHIP500-B00-T00637,F06,crew,SK-DIAG-F06,发电机综合故障诊断,0.5455,0.415191,False,1
1,1765822440.2138307,2025-12-15 18:14:00,SHIP500-B00-T00637,F11,crew,SK-DIAG-F11,通讯与传感器故障诊断,0.5455,0.415191,False,1
1,1765822440.2138307,2025-12-15 18:14:00,SHIP500-B00-T00637,*,crew,SK-ACT-CREW-OPS,机舱巡查与就地处置技能,0.5455,0.415191,False,1
1,1765822452.406954,2025-12-15 18:14:12,SHIP500-B00-T00638,F06,maintenance,SK-DIAG-F06,发电机综合故障诊断,0.4545,0.41643,False,0
1,1765822464.6325245,2025-12-15 18:14:24,SHIP500-B00-T00639,F06,maintenance,SK-DIAG-F06,发电机综合故障诊断,0.4545,0.424194,False,0
1,1765822476.840514,2025-12-15 18:14:36,SHIP500-B00-T00640,F06,maintenance,SK-DIAG-F06,发电机综合故障诊断,0.4545,0.432619,False,0
1,1765822489.05307,2025-12-15 18:14:49,SHIP500-B01-T00641,F06,crew,SK-DIAG-F06,发电机综合故障诊断,0.5455,0.437806,False,1
1,1765822489.05307,2025-12-15 18:14:49,SHIP500-B01-T00641,F11,crew,SK-DIAG-F11,通讯与传感器故障诊断,0.5455,0.437806,False,1
1,1765822489.05307,2025-12-15 18:14:49,SHIP500-B01-T00641,*,crew,SK-ACT-CREW-OPS,机舱巡查与就地处置技能,0.5455,0.437806,False,1
1,1765822501.2622302,2025-12-15 18:15:01,SHIP500-B01-T00642,F06,maintenance,SK-DIAG-F06,发电机综合故障诊断,0.4545,0.430049,False,0
1,1765822513.5295515,2025-12-15 18:15:13,SHIP500-B01-T00643,F06,maintenance,SK-DIAG-F06,发电机综合故障诊断,0.4545,0.417175,False,0
1,1765822525.756782,2025-12-15 18:15:25,SHIP500-B01-T00644,F06,crew,SK-DIAG-F06,发电机综合故障诊断,0.5455,0.404928,False,1
1,1765822525.756782,2025-12-15 18:15:25,SHIP500-B01-T00644,F11,crew,SK-DIAG-F11,通讯与传感器故障诊断,0.5455,0.404928,False,1
1,1765822525.756782,2025-12-15 18:15:25,SHIP500-B01-T00644,*,crew,SK-ACT-CREW-OPS,机舱巡查与就地处置技能,0.5455,0.404928,False,1
1,1765822537.9581733,2025-12-15 18:15:37,SHIP500-B01-T00645,F06,crew,SK-DIAG-F06,发电机综合故障诊断,0.5455,0.404445,False,1
1,1765822537.9581733,2025-12-15 18:15:37,SHIP500-B01-T00645,F11,crew,SK-DIAG-F11,通讯与传感器故障诊断,0.5455,0.404445,False,1
1,1765822537.9581733,2025-12-15 18:15:37,SHIP500-B01-T00645,*,crew,SK-ACT-CREW-OPS,机舱巡查与就地处置技能,0.5455,0.404445,False,1
1,1765822550.170741,2025-12-15 18:15:50,SHIP500-B01-T00646,F06,crew,SK-DIAG-F06,发电机综合故障诊断,0.5455,0.39799,False,1
1,1765822550.170741,2025-12-15 18:15:50,SHIP500-B01-T00646,F11,crew,SK-DIAG-F11,通讯与传感器故障诊断,0.5455,0.39799,False,1
1,1765822550.170741,2025-12-15 18:15:50,SHIP500-B01-T00646,*,crew,SK-ACT-CREW-OPS,机舱巡查与就地处置技能,0.5455,0.39799,False,1
1,1765822562.3921,2025-12-15 18:16:02,SHIP500-B01-T00647,F06,crew,SK-DIAG-F06,发电机综合故障诊断,0.5455,0.399653,False,1
1,1765822562.3921,2025-12-15 18:16:02,SHIP500-B01-T00647,F11,crew,SK-DIAG-F11,通讯与传感器故障诊断,0.5455,0.399653,False,1
1,1765822562.3921,2025-12-15 18:16:02,SHIP500-B01-T00647,*,crew,SK-ACT-CREW-OPS,机舱巡查与就地处置技能,0.5455,0.399653,False,1
1,1765822574.612594,2025-12-15 18:16:14,SHIP500-B01-T00648,F06,maintenance,SK-DIAG-F06,发电机综合故障诊断,0.4545,0.399177,False,0
1,1765822586.8210013,2025-12-15 18:16:26,SHIP500-B01-T00649,F06,maintenance,SK-DIAG-F06,发电机综合故障诊断,0.4545,0.413709,False,0
1,1765822599.032488,2025-12-15 18:16:39,SHIP500-B01-T00650,F06,maintenance,SK-DIAG-F06,发电机综合故障诊断,0.4545,0.415191,False,0
1,1765822611.2934515,2025-12-15 18:16:51,SHIP500-B01-T00651,F06,crew,SK-DIAG-F06,发电机综合故障诊断,0.5455,0.415438,False,1
1,1765822611.2934515,2025-12-15 18:16:51,SHIP500-B01-T00651,F11,crew,SK-DIAG-F11,通讯与传感器故障诊断,0.5455,0.415438,False,1
1,1765822611.2934515,2025-12-15 18:16:51,SHIP500-B01-T00651,*,crew,SK-ACT-CREW-OPS,机舱巡查与就地处置技能,0.5455,0.415438,False,1
1,1765822623.5138614,2025-12-15 18:17:03,SHIP500-B01-T00652,F06,crew,SK-DIAG-F06,发电机综合故障诊断,0.5455,0.430049,False,1
1,1765822623.5138614,2025-12-15 18:17:03,SHIP500-B01-T00652,F11,crew,SK-DIAG-F11,通讯与传感器故障诊断,0.5455,0.430049,False,1
1,1765822623.5138614,2025-12-15 18:17:03,SHIP500-B01-T00652,*,crew,SK-ACT-CREW-OPS,机舱巡查与就地处置技能,0.5455,0.430049,False,1
1,1765822635.71689,2025-12-15 18:17:15,SHIP500-B01-T00653,F06,crew,SK-DIAG-F06,发电机综合故障诊断,0.5455,0.445173,False,1
1,1765822635.71689,2025-12-15 18:17:15,SHIP500-B01-T00653,F11,crew,SK-DIAG-F11,通讯与传感器故障诊断,0.5455,0.445173,False,1
1,1765822635.71689,2025-12-15 18:17:15,SHIP500-B01-T00653,*,crew,SK-ACT-CREW-OPS,机舱巡查与就地处置技能,0.5455,0.445173,False,1
1,1765822647.92373,2025-12-15 18:17:27,SHIP500-B01-T00654,F06,crew,SK-DIAG-F06,发电机综合故障诊断,0.5455,0.446768,False,1
1,1765822647.92373,2025-12-15 18:17:27,SHIP500-B01-T00654,F11,crew,SK-DIAG-F11,通讯与传感器故障诊断,0.5455,0.446768,False,1
1,1765822647.92373,2025-12-15 18:17:27,SHIP500-B01-T00654,*,crew,SK-ACT-CREW-OPS,机舱巡查与就地处置技能,0.5455,0.446768,False,1
1,1765822660.1317084,2025-12-15 18:17:40,SHIP500-B01-T00655,F06,crew,SK-DIAG-F06,发电机综合故障诊断,0.5455,0.463032,False,1
1,1765822660.1317084,2025-12-15 18:17:40,SHIP500-B01-T00655,F11,crew,SK-DIAG-F11,通讯与传感器故障诊断,0.5455,0.463032,False,1
1,1765822660.1317084,2025-12-15 18:17:40,SHIP500-B01-T00655,*,crew,SK-ACT-CREW-OPS,机舱巡查与就地处置技能,0.5455,0.463032,False,1
1,1765822672.354299,2025-12-15 18:17:52,SHIP500-B01-T00656,F06,maintenance,SK-DIAG-F06,发电机综合故障诊断,0.4545,0.415438,False,0
1,1765822684.5721407,2025-12-15 18:18:04,SHIP500-B01-T00657,F06,maintenance,SK-DIAG-F06,发电机综合故障诊断,0.4545,0.407834,False,0
1,1765822696.7690618,2025-12-15 18:18:16,SHIP500-B01-T00658,F06,crew,SK-DIAG-F06,发电机综合故障诊断,0.5455,0.41643,False,1
1,1765822696.7690618,2025-12-15 18:18:16,SHIP500-B01-T00658,F11,crew,SK-DIAG-F11,通讯与传感器故障诊断,0.5455,0.41643,False,1
1,1765822696.7690618,2025-12-15 18:18:16,SHIP500-B01-T00658,*,crew,SK-ACT-CREW-OPS,机舱巡查与就地处置技能,0.5455,0.41643,False,1
1,1765822709.002514,2025-12-15 18:18:29,SHIP500-B01-T00659,F06,maintenance,SK-DIAG-F06,发电机综合故障诊断,0.4545,0.411986,False,0
1,1765822721.2394223,2025-12-15 18:18:41,SHIP500-B01-T00660,F06,crew,SK-DIAG-F06,发电机综合故障诊断,0.5455,0.417175,False,1
1,1765822721.2394223,2025-12-15 18:18:41,SHIP500-B01-T00660,F11,crew,SK-DIAG-F11,通讯与传感器故障诊断,0.5455,0.417175,False,1
1,1765822721.2394223,2025-12-15 18:18:41,SHIP500-B01-T00660,*,crew,SK-ACT-CREW-OPS,机舱巡查与就地处置技能,0.5455,0.417175,False,1
1,1765822733.4840732,2025-12-15 18:18:53,SHIP500-B01-T00661,F06,maintenance,SK-DIAG-F06,发电机综合故障诊断,0.4545,0.415191,False,0
1,1765822745.705884,2025-12-15 18:19:05,SHIP500-B01-T00662,F06,maintenance,SK-DIAG-F06,发电机综合故障诊断,0.4545,0.402522,False,0
1,1765822757.8980584,2025-12-15 18:19:17,SHIP500-B01-T00663,F06,crew,SK-DIAG-F06,发电机综合故障诊断,0.5455,0.393509,False,1
1,1765822757.8980584,2025-12-15 18:19:17,SHIP500-B01-T00663,F11,crew,SK-DIAG-F11,通讯与传感器故障诊断,0.5455,0.393509,False,1
1,1765822757.8980584,2025-12-15 18:19:17,SHIP500-B01-T00663,*,crew,SK-ACT-CREW-OPS,机舱巡查与就地处置技能,0.5455,0.393509,False,1
1,1765822770.0924833,2025-12-15 18:19:30,SHIP500-B01-T00664,F06,crew,SK-DIAG-F06,发电机综合故障诊断,0.5455,0.393743,False,1
1,1765822770.0924833,2025-12-15 18:19:30,SHIP500-B01-T00664,F11,crew,SK-DIAG-F11,通讯与传感器故障诊断,0.5455,0.393743,False,1
1,1765822770.0924833,2025-12-15 18:19:30,SHIP500-B01-T00664,*,crew,SK-ACT-CREW-OPS,机舱巡查与就地处置技能,0.5455,0.393743,False,1
1,1765822782.3014505,2025-12-15 18:19:42,SHIP500-B01-T00665,F06,crew,SK-DIAG-F06,发电机综合故障诊断,0.5455,0.401803,False,1
1,1765822782.3014505,2025-12-15 18:19:42,SHIP500-B01-T00665,F11,crew,SK-DIAG-F11,通讯与传感器故障诊断,0.5455,0.401803,False,1
1,1765822782.3014505,2025-12-15 18:19:42,SHIP500-B01-T00665,*,crew,SK-ACT-CREW-OPS,机舱巡查与就地处置技能,0.5455,0.401803,False,1
1,1765822794.5076065,2025-12-15 18:19:54,SHIP500-B01-T00666,F06,maintenance,SK-DIAG-F06,发电机综合故障诊断,0.4545,0.397042,False,0
1,1765822806.7263942,2025-12-15 18:20:06,SHIP500-B01-T00667,F06,maintenance,SK-DIAG-F06,发电机综合故障诊断,0.4545,0.400607,False,0
1,1765822818.8861957,2025-12-15 18:20:18,SHIP500-B01-T00668,F06,maintenance,SK-DIAG-F06,发电机综合故障诊断,0.4545,0.392806,False,0
1,1765822831.0834386,2025-12-15 18:20:31,SHIP500-B01-T00669,F06,maintenance,SK-DIAG-F06,发电机综合故障诊断,0.4545,0.395861,False,0
1,1765822843.2989902,2025-12-15 18:20:43,SHIP500-B01-T00670,F06,maintenance,SK-DIAG-F06,发电机综合故障诊断,0.4545,0.395389,False,0
1,1765822855.4776046,2025-12-15 18:20:55,SHIP500-B01-T00671,F06,maintenance,SK-DIAG-F06,发电机综合故障诊断,0.4545,0.407105,False,0
1,1765822867.6925778,2025-12-15 18:21:07,SHIP500-B01-T00672,F06,crew,SK-DIAG-F06,发电机综合故障诊断,0.5455,0.395389,False,1
1,1765822867.6925778,2025-12-15 18:21:07,SHIP500-B01-T00672,F11,crew,SK-DIAG-F11,通讯与传感器故障诊断,0.5455,0.395389,False,1
1,1765822867.6925778,2025-12-15 18:21:07,SHIP500-B01-T00672,*,crew,SK-ACT-CREW-OPS,机舱巡查与就地处置技能,0.5455,0.395389,False,1
1,1765822879.8628976,2025-12-15 18:21:19,SHIP500-B01-T00673,F06,maintenance,SK-DIAG-F06,发电机综合故障诊断,0.4545,0.394683,False,0
1,1765822892.0702298,2025-12-15 18:21:32,SHIP500-B01-T00674,F06,crew,SK-DIAG-F06,发电机综合故障诊断,0.5455,0.396097,False,1
1,1765822892.0702298,2025-12-15 18:21:32,SHIP500-B01-T00674,F11,crew,SK-DIAG-F11,通讯与传感器故障诊断,0.5455,0.396097,False,1
1,1765822892.0702298,2025-12-15 18:21:32,SHIP500-B01-T00674,*,crew,SK-ACT-CREW-OPS,机舱巡查与就地处置技能,0.5455,0.396097,False,1
1,1765822904.2774134,2025-12-15 18:21:44,SHIP500-B01-T00675,F06,crew,SK-DIAG-F06,发电机综合故障诊断,0.5455,0.384697,False,1
1,1765822904.2774134,2025-12-15 18:21:44,SHIP500-B01-T00675,F11,crew,SK-DIAG-F11,通讯与传感器故障诊断,0.5455,0.384697,False,1
1,1765822904.2774134,2025-12-15 18:21:44,SHIP500-B01-T00675,*,crew,SK-ACT-CREW-OPS,机舱巡查与就地处置技能,0.5455,0.384697,False,1
1,1765822916.4688635,2025-12-15 18:21:56,SHIP500-B01-T00676,F06,maintenance,SK-DIAG-F06,发电机综合故障诊断,0.4545,0.396569,False,0
1,1765822928.6779096,2025-12-15 18:22:08,SHIP500-B01-T00677,F06,crew,SK-DIAG-F06,发电机综合故障诊断,0.5455,0.390239,False,1
1,1765822928.6779096,2025-12-15 18:22:08,SHIP500-B01-T00677,F11,crew,SK-DIAG-F11,通讯与传感器故障诊断,0.5455,0.390239,False,1
1,1765822928.6779096,2025-12-15 18:22:08,SHIP500-B01-T00677,*,crew,SK-ACT-CREW-OPS,机舱巡查与就地处置技能,0.5455,0.390239,False,1
1,1765822940.8705466,2025-12-15 18:22:20,SHIP500-B01-T00678,F06,maintenance,SK-DIAG-F06,发电机综合故障诊断,0.4545,0.377881,False,0
1,1765822953.0416946,2025-12-15 18:22:33,SHIP500-B01-T00679,F06,crew,SK-DIAG-F06,发电机综合故障诊断,0.5455,0.378106,False,1
1,1765822953.0416946,2025-12-15 18:22:33,SHIP500-B01-T00679,F11,crew,SK-DIAG-F11,通讯与传感器故障诊断,0.5455,0.378106,False,1
1,1765822953.0416946,2025-12-15 18:22:33,SHIP500-B01-T00679,*,crew,SK-ACT-CREW-OPS,机舱巡查与就地处置技能,0.5455,0.378106,False,1
1,1765822965.2427227,2025-12-15 18:22:45,SHIP500-B01-T00680,F06,crew,SK-DIAG-F06,发电机综合故障诊断,0.5455,0.380139,False,1
1,1765822965.2427227,2025-12-15 18:22:45,SHIP500-B01-T00680,F11,crew,SK-DIAG-F11,通讯与传感器故障诊断,0.5455,0.380139,False,1
1,1765822965.2427227,2025-12-15 18:22:45,SHIP500-B01-T00680,*,crew,SK-ACT-CREW-OPS,机舱巡查与就地处置技能,0.5455,0.380139,False,1
1,1765822977.4647973,2025-12-15 18:22:57,SHIP500-B01-T00681,F06,crew,SK-DIAG-F06,发电机综合故障诊断,0.5455,0.378557,False,1
1,1765822977.4647973,2025-12-15 18:22:57,SHIP500-B01-T00681,F11,crew,SK-DIAG-F11,通讯与传感器故障诊断,0.5455,0.378557,False,1
1,1765822977.4647973,2025-12-15 18:22:57,SHIP500-B01-T00681,*,crew,SK-ACT-CREW-OPS,机舱巡查与就地处置技能,0.5455,0.378557,False,1
1,1765822989.6683097,2025-12-15 18:23:09,SHIP500-B01-T00682,F06,crew,SK-DIAG-F06,发电机综合故障诊断,0.5455,0.370964,False,1
1,1765822989.6683097,2025-12-15 18:23:09,SHIP500-B01-T00682,F11,crew,SK-DIAG-F11,通讯与传感器故障诊断,0.5455,0.370964,False,1
1,1765822989.6683097,2025-12-15 18:23:09,SHIP500-B01-T00682,*,crew,SK-ACT-CREW-OPS,机舱巡查与就地处置技能,0.5455,0.370964,False,1
1,1765823001.9118683,2025-12-15 18:23:21,SHIP500-B01-T00683,F06,maintenance,SK-DIAG-F06,发电机综合故障诊断,0.4545,0.385386,False,0
1,1765823014.1279967,2025-12-15 18:23:34,SHIP500-B01-T00684,F06,crew,SK-DIAG-F06,发电机综合故障诊断,0.5455,0.393509,False,1
1,1765823014.1279967,2025-12-15 18:23:34,SHIP500-B01-T00684,F11,crew,SK-DIAG-F11,通讯与传感器故障诊断,0.5455,0.393509,False,1
1,1765823014.1279967,2025-12-15 18:23:34,SHIP500-B01-T00684,*,crew,SK-ACT-CREW-OPS,机舱巡查与就地处置技能,0.5455,0.393509,False,1
1,1765823026.3366065,2025-12-15 18:23:46,SHIP500-B01-T00685,F06,crew,SK-DIAG-F06,发电机综合故障诊断,0.5455,0.376532,False,1
1,1765823026.3366065,2025-12-15 18:23:46,SHIP500-B01-T00685,F11,crew,SK-DIAG-F11,通讯与传感器故障诊断,0.5455,0.376532,False,1
1,1765823026.3366065,2025-12-15 18:23:46,SHIP500-B01-T00685,*,crew,SK-ACT-CREW-OPS,机舱巡查与就地处置技能,0.5455,0.376532,False,1
1,1765823038.5211694,2025-12-15 18:23:58,SHIP500-B01-T00686,F06,crew,SK-DIAG-F06,发电机综合故障诊断,0.5455,0.377881,False,1
1,1765823038.5211694,2025-12-15 18:23:58,SHIP500-B01-T00686,F11,crew,SK-DIAG-F11,通讯与传感器故障诊断,0.5455,0.377881,False,1
1,1765823038.5211694,2025-12-15 18:23:58,SHIP500-B01-T00686,*,crew,SK-ACT-CREW-OPS,机舱巡查与就地处置技能,0.5455,0.377881,False,1
1,1765823050.7294216,2025-12-15 18:24:10,SHIP500-B01-T00687,F06,maintenance,SK-DIAG-F06,发电机综合故障诊断,0.4545,0.379008,False,0
1,1765823062.9318137,2025-12-15 18:24:22,SHIP500-B01-T00688,F06,crew,SK-DIAG-F06,发电机综合故障诊断,0.5455,0.374295,False,1
1,1765823062.9318137,2025-12-15 18:24:22,SHIP500-B01-T00688,F11,crew,SK-DIAG-F11,通讯与传感器故障诊断,0.5455,0.374295,False,1
1,1765823062.9318137,2025-12-15 18:24:22,SHIP500-B01-T00688,*,crew,SK-ACT-CREW-OPS,机舱巡查与就地处置技能,0.5455,0.374295,False,1
1,1765823075.142773,2025-12-15 18:24:35,SHIP500-B01-T00689,F06,maintenance,SK-DIAG-F06,发电机综合故障诊断,0.4545,0.380139,False,0
1,1765823087.351174,2025-12-15 18:24:47,SHIP500-B01-T00690,F06,maintenance,SK-DIAG-F06,发电机综合故障诊断,0.4545,0.378557,False,0
1,1765823099.5593169,2025-12-15 18:24:59,SHIP500-B01-T00691,F06,maintenance,SK-DIAG-F06,发电机综合故障诊断,0.4545,0.388383,False,0
1,1765823111.7592366,2025-12-15 18:25:11,SHIP500-B01-T00692,F06,crew,SK-DIAG-F06,发电机综合故障诊断,0.5455,0.376981,False,1
1,1765823111.7592366,2025-12-15 18:25:11,SHIP500-B01-T00692,F11,crew,SK-DIAG-F11,通讯与传感器故障诊断,0.5455,0.376981,False,1
1,1765823111.7592366,2025-12-15 18:25:11,SHIP500-B01-T00692,*,crew,SK-ACT-CREW-OPS,机舱巡查与就地处置技能,0.5455,0.376981,False,1
1,1765823123.9773562,2025-12-15 18:25:23,SHIP500-B01-T00693,F06,maintenance,SK-DIAG-F06,发电机综合故障诊断,0.4545,0.38264,False,0
1,1765823136.2234704,2025-12-15 18:25:36,SHIP500-B01-T00694,F06,maintenance,SK-DIAG-F06,发电机综合故障诊断,0.4545,0.387227,False,0
1,1765823148.4381893,2025-12-15 18:25:48,SHIP500-B01-T00695,F06,crew,SK-DIAG-F06,发电机综合故障诊断,0.5455,0.386766,False,1
1,1765823148.4381893,2025-12-15 18:25:48,SHIP500-B01-T00695,F11,crew,SK-DIAG-F11,通讯与传感器故障诊断,0.5455,0.386766,False,1
1,1765823148.4381893,2025-12-15 18:25:48,SHIP500-B01-T00695,*,crew,SK-ACT-CREW-OPS,机舱巡查与就地处置技能,0.5455,0.386766,False,1
1,1765823160.6603203,2025-12-15 18:26:00,SHIP500-B01-T00696,F06,maintenance,SK-DIAG-F06,发电机综合故障诊断,0.4545,0.383096,False,0
1,1765823172.8922906,2025-12-15 18:26:12,SHIP500-B01-T00697,F06,maintenance,SK-DIAG-F06,发电机综合故障诊断,0.4545,0.398227,False,0
1,1765823185.1006906,2025-12-15 18:26:25,SHIP500-B01-T00698,F06,maintenance,SK-DIAG-F06,发电机综合故障诊断,0.4545,0.381047,False,0
1,1765823197.3108308,2025-12-15 18:26:37,SHIP500-B01-T00699,F06,maintenance,SK-DIAG-F06,发电机综合故障诊断,0.4545,0.388846,False,0
1,1765823209.519164,2025-12-15 18:26:49,SHIP500-B01-T00700,F06,maintenance,SK-DIAG-F06,发电机综合故障诊断,0.4545,0.388615,False,0
1,1765823221.776008,2025-12-15 18:27:01,SHIP500-B01-T00701,F06,crew,SK-DIAG-F06,发电机综合故障诊断,0.5455,0.389774,False,1
1,1765823221.776008,2025-12-15 18:27:01,SHIP500-B01-T00701,F11,crew,SK-DIAG-F11,通讯与传感器故障诊断,0.5455,0.389774,False,1
1,1765823221.776008,2025-12-15 18:27:01,SHIP500-B01-T00701,*,crew,SK-ACT-CREW-OPS,机舱巡查与就地处置技能,0.5455,0.389774,False,1
1,1765823233.9926498,2025-12-15 18:27:13,SHIP500-B01-T00702,F06,maintenance,SK-DIAG-F06,发电机综合故障诊断,0.4545,0.386997,False,0
1,1765823246.196295,2025-12-15 18:27:26,SHIP500-B01-T00703,F06,maintenance,SK-DIAG-F06,发电机综合故障诊断,0.4545,0.396805,False,0
1,1765823258.421168,2025-12-15 18:27:38,SHIP500-B01-T00704,F06,crew,SK-DIAG-F06,发电机综合故障诊断,0.5455,0.397279,False,1
1,1765823258.421168,2025-12-15 18:27:38,SHIP500-B01-T00704,F11,crew,SK-DIAG-F11,通讯与传感器故障诊断,0.5455,0.397279,False,1
1,1765823258.421168,2025-12-15 18:27:38,SHIP500-B01-T00704,*,crew,SK-ACT-CREW-OPS,机舱巡查与就地处置技能,0.5455,0.397279,False,1
1,1765823270.6178555,2025-12-15 18:27:50,SHIP500-B01-T00705,F06,crew,SK-DIAG-F06,发电机综合故障诊断,0.5455,0.406863,False,1
1,1765823270.6178555,2025-12-15 18:27:50,SHIP500-B01-T00705,F11,crew,SK-DIAG-F11,通讯与传感器故障诊断,0.5455,0.406863,False,1
1,1765823270.6178555,2025-12-15 18:27:50,SHIP500-B01-T00705,*,crew,SK-ACT-CREW-OPS,机舱巡查与就地处置技能,0.5455,0.406863,False,1
1,1765823282.8307917,2025-12-15 18:28:02,SHIP500-B01-T00706,F06,maintenance,SK-DIAG-F06,发电机综合故障诊断,0.4545,0.40541,False,0
1,1765823295.044808,2025-12-15 18:28:15,SHIP500-B01-T00707,F06,maintenance,SK-DIAG-F06,发电机综合故障诊断,0.4545,0.413462,False,0
1,1765823307.25698,2025-12-15 18:28:27,SHIP500-B01-T00708,F06,crew,SK-DIAG-F06,发电机综合故障诊断,0.5455,0.422428,False,1
1,1765823307.25698,2025-12-15 18:28:27,SHIP500-B01-T00708,F11,crew,SK-DIAG-F11,通讯与传感器故障诊断,0.5455,0.422428,False,1
1,1765823307.25698,2025-12-15 18:28:27,SHIP500-B01-T00708,*,crew,SK-ACT-CREW-OPS,机舱巡查与就地处置技能,0.5455,0.422428,False,1
1,1765823319.4358356,2025-12-15 18:28:39,SHIP500-B01-T00709,F06,maintenance,SK-DIAG-F06,发电机综合故障诊断,0.4545,0.421674,False,0
1,1765823331.640252,2025-12-15 18:28:51,SHIP500-B01-T00710,F06,crew,SK-DIAG-F06,发电机综合故障诊断,0.5455,0.451048,False,1
1,1765823331.640252,2025-12-15 18:28:51,SHIP500-B01-T00710,F11,crew,SK-DIAG-F11,通讯与传感器故障诊断,0.5455,0.451048,False,1
1,1765823331.640252,2025-12-15 18:28:51,SHIP500-B01-T00710,*,crew,SK-ACT-CREW-OPS,机舱巡查与就地处置技能,0.5455,0.451048,False,1
1,1765823343.8621967,2025-12-15 18:29:03,SHIP500-B01-T00711,F06,maintenance,SK-DIAG-F06,发电机综合故障诊断,0.4545,0.422428,False,0
1,1765823356.0520942,2025-12-15 18:29:16,SHIP500-B01-T00712,F06,maintenance,SK-DIAG-F06,发电机综合故障诊断,0.4545,0.407348,False,0
1,1765823368.2477078,2025-12-15 18:29:28,SHIP500-B01-T00713,F06,crew,SK-DIAG-F06,发电机综合故障诊断,0.5455,0.409051,False,1
1,1765823368.2477078,2025-12-15 18:29:28,SHIP500-B01-T00713,F11,crew,SK-DIAG-F11,通讯与传感器故障诊断,0.5455,0.409051,False,1
1,1765823368.2477078,2025-12-15 18:29:28,SHIP500-B01-T00713,*,crew,SK-ACT-CREW-OPS,机舱巡查与就地处置技能,0.5455,0.409051,False,1
1,1765823380.4553213,2025-12-15 18:29:40,SHIP500-B01-T00714,F06,maintenance,SK-DIAG-F06,发电机综合故障诊断,0.4545,0.410027,False,0
1,1765823392.6580942,2025-12-15 18:29:52,SHIP500-B01-T00715,F06,maintenance,SK-DIAG-F06,发电机综合故障诊断,0.4545,0.414696,False,0
1,1765823404.8471582,2025-12-15 18:30:04,SHIP500-B01-T00716,F06,crew,SK-DIAG-F06,发电机综合故障诊断,0.5455,0.40662,False,1
1,1765823404.8471582,2025-12-15 18:30:04,SHIP500-B01-T00716,F11,crew,SK-DIAG-F11,通讯与传感器故障诊断,0.5455,0.40662,False,1
1,1765823404.8471582,2025-12-15 18:30:04,SHIP500-B01-T00716,*,crew,SK-ACT-CREW-OPS,机舱巡查与就地处置技能,0.5455,0.40662,False,1
1,1765823417.0091474,2025-12-15 18:30:17,SHIP500-B01-T00717,F06,maintenance,SK-DIAG-F06,发电机综合故障诊断,0.4545,0.408807,False,0
1,1765823429.1793597,2025-12-15 18:30:29,SHIP500-B01-T00718,F06,crew,SK-DIAG-F06,发电机综合故障诊断,0.5455,0.397279,False,1
1,1765823429.1793597,2025-12-15 18:30:29,SHIP500-B01-T00718,F11,crew,SK-DIAG-F11,通讯与传感器故障诊断,0.5455,0.397279,False,1
1,1765823429.1793597,2025-12-15 18:30:29,SHIP500-B01-T00718,*,crew,SK-ACT-CREW-OPS,机舱巡查与就地处置技能,0.5455,0.397279,False,1
1,1765823441.376859,2025-12-15 18:30:41,SHIP500-B01-T00719,F06,crew,SK-DIAG-F06,发电机综合故障诊断,0.5455,0.404686,False,1
1,1765823441.376859,2025-12-15 18:30:41,SHIP500-B01-T00719,F11,crew,SK-DIAG-F11,通讯与传感器故障诊断,0.5455,0.404686,False,1
1,1765823441.376859,2025-12-15 18:30:41,SHIP500-B01-T00719,*,crew,SK-ACT-CREW-OPS,机舱巡查与就地处置技能,0.5455,0.404686,False,1
1,1765823453.5770204,2025-12-15 18:30:53,SHIP500-B01-T00720,F06,maintenance,SK-DIAG-F06,发电机综合故障诊断,0.4545,0.402282,False,0
1,1765823465.7861514,2025-12-15 18:31:05,SHIP500-B01-T00721,F06,maintenance,SK-DIAG-F06,发电机综合故障诊断,0.4545,0.397279,False,0
1,1765823478.032961,2025-12-15 18:31:18,SHIP500-B01-T00722,F06,crew,SK-DIAG-F06,发电机综合故障诊断,0.5455,0.413709,False,1
1,1765823478.032961,2025-12-15 18:31:18,SHIP500-B01-T00722,F11,crew,SK-DIAG-F11,通讯与传感器故障诊断,0.5455,0.413709,False,1
1,1765823478.032961,2025-12-15 18:31:18,SHIP500-B01-T00722,*,crew,SK-ACT-CREW-OPS,机舱巡查与就地处置技能,0.5455,0.413709,False,1
1,1765823490.2900984,2025-12-15 18:31:30,SHIP500-B01-T00723,F06,maintenance,SK-DIAG-F06,发电机综合故障诊断,0.4545,0.40541,False,0
1,1765823502.5035782,2025-12-15 18:31:42,SHIP500-B01-T00724,F06,crew,SK-DIAG-F06,发电机综合故障诊断,0.5455,0.40832,False,1
1,1765823502.5035782,2025-12-15 18:31:42,SHIP500-B01-T00724,F11,crew,SK-DIAG-F11,通讯与传感器故障诊断,0.5455,0.40832,False,1
1,1765823502.5035782,2025-12-15 18:31:42,SHIP500-B01-T00724,*,crew,SK-ACT-CREW-OPS,机舱巡查与就地处置技能,0.5455,0.40832,False,1
1,1765823514.7147236,2025-12-15 18:31:54,SHIP500-B01-T00725,F06,crew,SK-DIAG-F06,发电机综合故障诊断,0.5455,0.40662,False,1
1,1765823514.7147236,2025-12-15 18:31:54,SHIP500-B01-T00725,F11,crew,SK-DIAG-F11,通讯与传感器故障诊断,0.5455,0.40662,False,1
1,1765823514.7147236,2025-12-15 18:31:54,SHIP500-B01-T00725,*,crew,SK-ACT-CREW-OPS,机舱巡查与就地处置技能,0.5455,0.40662,False,1
1,1765823526.927964,2025-12-15 18:32:06,SHIP500-B01-T00726,F06,maintenance,SK-DIAG-F06,发电机综合故障诊断,0.4545,0.41842,False,0
1,1765823539.120553,2025-12-15 18:32:19,SHIP500-B01-T00727,F06,crew,SK-DIAG-F06,发电机综合故障诊断,0.5455,0.427239,False,1
1,1765823539.120553,2025-12-15 18:32:19,SHIP500-B01-T00727,F11,crew,SK-DIAG-F11,通讯与传感器故障诊断,0.5455,0.427239,False,1
1,1765823539.120553,2025-12-15 18:32:19,SHIP500-B01-T00727,*,crew,SK-ACT-CREW-OPS,机舱巡查与就地处置技能,0.5455,0.427239,False,1
1,1765823551.3411434,2025-12-15 18:32:31,SHIP500-B01-T00728,F06,maintenance,SK-DIAG-F06,发电机综合故障诊断,0.4545,0.44597,False,0
1,1765823563.5484982,2025-12-15 18:32:43,SHIP500-B01-T00729,F06,maintenance,SK-DIAG-F06,发电机综合故障诊断,0.4545,0.448903,False,0
1,1765823575.7947907,2025-12-15 18:32:55,SHIP500-B01-T00730,F06,maintenance,SK-DIAG-F06,发电机综合故障诊断,0.4545,0.452934,False,0
1,1765823587.9916787,2025-12-15 18:33:07,SHIP500-B01-T00731,F06,crew,SK-DIAG-F06,发电机综合故障诊断,0.5455,0.423942,False,1
1,1765823587.9916787,2025-12-15 18:33:07,SHIP500-B01-T00731,F11,crew,SK-DIAG-F11,通讯与传感器故障诊断,0.5455,0.423942,False,1
1,1765823587.9916787,2025-12-15 18:33:07,SHIP500-B01-T00731,*,crew,SK-ACT-CREW-OPS,机舱巡查与就地处置技能,0.5455,0.423942,False,1
1,1765823600.2512667,2025-12-15 18:33:20,SHIP500-B01-T00732,F06,maintenance,SK-DIAG-F06,发电机综合故障诊断,0.4545,0.430562,False,0
1,1765823612.4586432,2025-12-15 18:33:32,SHIP500-B01-T00733,F06,maintenance,SK-DIAG-F06,发电机综合故障诊断,0.4545,0.426476,False,0
1,1765823624.6674728,2025-12-15 18:33:44,SHIP500-B01-T00734,F06,maintenance,SK-DIAG-F06,发电机综合故障诊断,0.4545,0.423689,False,0
1,1765823636.8809297,2025-12-15 18:33:56,SHIP500-B01-T00735,F06,maintenance,SK-DIAG-F06,发电机综合故障诊断,0.4545,0.444378,False,0
1,1765823649.087208,2025-12-15 18:34:09,SHIP500-B01-T00736,F06,maintenance,SK-DIAG-F06,发电机综合故障诊断,0.4545,0.432619,False,0
1,1765823661.2903774,2025-12-15 18:34:21,SHIP500-B01-T00737,F06,crew,SK-DIAG-F06,发电机综合故障诊断,0.5455,0.429281,False,1
1,1765823661.2903774,2025-12-15 18:34:21,SHIP500-B01-T00737,F11,crew,SK-DIAG-F11,通讯与传感器故障诊断,0.5455,0.429281,False,1
1,1765823661.2903774,2025-12-15 18:34:21,SHIP500-B01-T00737,*,crew,SK-ACT-CREW-OPS,机舱巡查与就地处置技能,0.5455,0.429281,False,1
1,1765823673.5074365,2025-12-15 18:34:33,SHIP500-B01-T00738,F06,maintenance,SK-DIAG-F06,发电机综合故障诊断,0.4545,0.415934,False,0
1,1765823685.711021,2025-12-15 18:34:45,SHIP500-B01-T00739,F06,maintenance,SK-DIAG-F06,发电机综合故障诊断,0.4545,0.41297,False,0
1,1765823697.9140494,2025-12-15 18:34:57,SHIP500-B01-T00740,F06,crew,SK-DIAG-F06,发电机综合故障诊断,0.5455,0.409539,False,1
1,1765823697.9140494,2025-12-15 18:34:57,SHIP500-B01-T00740,F11,crew,SK-DIAG-F11,通讯与传感器故障诊断,0.5455,0.409539,False,1
1,1765823697.9140494,2025-12-15 18:34:57,SHIP500-B01-T00740,*,crew,SK-ACT-CREW-OPS,机舱巡查与就地处置技能,0.5455,0.409539,False,1
1,1765823710.1467893,2025-12-15 18:35:10,SHIP500-B01-T00741,F06,crew,SK-DIAG-F06,发电机综合故障诊断,0.5455,0.407834,False,1
1,1765823710.1467893,2025-12-15 18:35:10,SHIP500-B01-T00741,F11,crew,SK-DIAG-F11,通讯与传感器故障诊断,0.5455,0.407834,False,1
1,1765823710.1467893,2025-12-15 18:35:10,SHIP500-B01-T00741,*,crew,SK-ACT-CREW-OPS,机舱巡查与就地处置技能,0.5455,0.407834,False,1
1,1765823722.3143864,2025-12-15 18:35:22,SHIP500-B01-T00742,F06,crew,SK-DIAG-F06,发电机综合故障诊断,0.5455,0.399177,False,1
1,1765823722.3143864,2025-12-15 18:35:22,SHIP500-B01-T00742,F11,crew,SK-DIAG-F11,通讯与传感器故障诊断,0.5455,0.399177,False,1
1,1765823722.3143864,2025-12-15 18:35:22,SHIP500-B01-T00742,*,crew,SK-ACT-CREW-OPS,机舱巡查与就地处置技能,0.5455,0.399177,False,1
1,1765823734.5219574,2025-12-15 18:35:34,SHIP500-B01-T00743,F06,maintenance,SK-DIAG-F06,发电机综合故障诊断,0.4545,0.402282,False,0
1,1765823746.713258,2025-12-15 18:35:46,SHIP500-B01-T00744,F06,maintenance,SK-DIAG-F06,发电机综合故障诊断,0.4545,0.402522,False,0
1,1765823758.9193923,2025-12-15 18:35:58,SHIP500-B01-T00745,F06,maintenance,SK-DIAG-F06,发电机综合故障诊断,0.4545,0.400368,False,0
1,1765823771.0862694,2025-12-15 18:36:11,SHIP500-B01-T00746,F06,maintenance,SK-DIAG-F06,发电机综合故障诊断,0.4545,0.396569,False,0
1,1765823783.291958,2025-12-15 18:36:23,SHIP500-B01-T00747,F06,maintenance,SK-DIAG-F06,发电机综合故障诊断,0.4545,0.393509,False,0
1,1765823795.525177,2025-12-15 18:36:35,SHIP500-B01-T00748,F06,crew,SK-DIAG-F06,发电机综合故障诊断,0.5455,0.395861,False,1
1,1765823795.525177,2025-12-15 18:36:35,SHIP500-B01-T00748,F11,crew,SK-DIAG-F11,通讯与传感器故障诊断,0.5455,0.395861,False,1
1,1765823795.525177,2025-12-15 18:36:35,SHIP500-B01-T00748,*,crew,SK-ACT-CREW-OPS,机舱巡查与就地处置技能,0.5455,0.395861,False,1
1,1765823807.7347262,2025-12-15 18:36:47,SHIP500-B01-T00749,F06,crew,SK-DIAG-F06,发电机综合故障诊断,0.5455,0.390937,False,1
1,1765823807.7347262,2025-12-15 18:36:47,SHIP500-B01-T00749,F11,crew,SK-DIAG-F11,通讯与传感器故障诊断,0.5455,0.390937,False,1
1,1765823807.7347262,2025-12-15 18:36:47,SHIP500-B01-T00749,*,crew,SK-ACT-CREW-OPS,机舱巡查与就地处置技能,0.5455,0.390937,False,1
1,1765823819.944024,2025-12-15 18:36:59,SHIP500-B01-T00750,F06,maintenance,SK-DIAG-F06,发电机综合故障诊断,0.4545,0.394448,False,0
1,1765823832.2028365,2025-12-15 18:37:12,SHIP500-B01-T00751,F06,crew,SK-DIAG-F06,发电机综合故障诊断,0.5455,0.387227,False,1
1,1765823832.2028365,2025-12-15 18:37:12,SHIP500-B01-T00751,F11,crew,SK-DIAG-F11,通讯与传感器故障诊断,0.5455,0.387227,False,1
1,1765823832.2028365,2025-12-15 18:37:12,SHIP500-B01-T00751,*,crew,SK-ACT-CREW-OPS,机舱巡查与就地处置技能,0.5455,0.387227,False,1
1,1765823844.4128668,2025-12-15 18:37:24,SHIP500-B01-T00752,F06,maintenance,SK-DIAG-F06,发电机综合故障诊断,0.4545,0.38792,False,0
1,1765823856.5754542,2025-12-15 18:37:36,SHIP500-B01-T00753,F06,maintenance,SK-DIAG-F06,发电机综合故障诊断,0.4545,0.388615,False,0
1,1765823868.7825086,2025-12-15 18:37:48,SHIP500-B01-T00754,F06,crew,SK-DIAG-F06,发电机综合故障诊断,0.5455,0.388152,False,1
1,1765823868.7825086,2025-12-15 18:37:48,SHIP500-B01-T00754,F11,crew,SK-DIAG-F11,通讯与传感器故障诊断,0.5455,0.388152,False,1
1,1765823868.7825086,2025-12-15 18:37:48,SHIP500-B01-T00754,*,crew,SK-ACT-CREW-OPS,机舱巡查与就地处置技能,0.5455,0.388152,False,1
1,1765823880.9662054,2025-12-15 18:38:00,SHIP500-B01-T00755,F06,maintenance,SK-DIAG-F06,发电机综合故障诊断,0.4545,0.389774,False,0
1,1765823893.1745005,2025-12-15 18:38:13,SHIP500-B01-T00756,F06,crew,SK-DIAG-F06,发电机综合故障诊断,0.5455,0.398227,False,1
1,1765823893.1745005,2025-12-15 18:38:13,SHIP500-B01-T00756,F11,crew,SK-DIAG-F11,通讯与传感器故障诊断,0.5455,0.398227,False,1
1,1765823893.1745005,2025-12-15 18:38:13,SHIP500-B01-T00756,*,crew,SK-ACT-CREW-OPS,机舱巡查与就地处置技能,0.5455,0.398227,False,1
1,1765823905.399054,2025-12-15 18:38:25,SHIP500-B01-T00757,F06,crew,SK-DIAG-F06,发电机综合故障诊断,0.5455,0.386997,False,1
1,1765823905.399054,2025-12-15 18:38:25,SHIP500-B01-T00757,F11,crew,SK-DIAG-F11,通讯与传感器故障诊断,0.5455,0.386997,False,1
1,1765823905.399054,2025-12-15 18:38:25,SHIP500-B01-T00757,*,crew,SK-ACT-CREW-OPS,机舱巡查与就地处置技能,0.5455,0.386997,False,1
1,1765823917.6169577,2025-12-15 18:38:37,SHIP500-B01-T00758,F06,crew,SK-DIAG-F06,发电机综合故障诊断,0.5455,0.386075,False,1
1,1765823917.6169577,2025-12-15 18:38:37,SHIP500-B01-T00758,F11,crew,SK-DIAG-F11,通讯与传感器故障诊断,0.5455,0.386075,False,1
1,1765823917.6169577,2025-12-15 18:38:37,SHIP500-B01-T00758,*,crew,SK-ACT-CREW-OPS,机舱巡查与就地处置技能,0.5455,0.386075,False,1
1,1765823929.8381598,2025-12-15 18:38:49,SHIP500-B01-T00759,F06,crew,SK-DIAG-F06,发电机综合故障诊断,0.5455,0.384239,False,1
1,1765823929.8381598,2025-12-15 18:38:49,SHIP500-B01-T00759,F11,crew,SK-DIAG-F11,通讯与传感器故障诊断,0.5455,0.384239,False,1
1,1765823929.8381598,2025-12-15 18:38:49,SHIP500-B01-T00759,*,crew,SK-ACT-CREW-OPS,机舱巡查与就地处置技能,0.5455,0.384239,False,1
1,1765823942.0154352,2025-12-15 18:39:02,SHIP500-B01-T00760,F06,maintenance,SK-DIAG-F06,发电机综合故障诊断,0.4545,0.39304,False,0
1,1765823954.214186,2025-12-15 18:39:14,SHIP500-B01-T00761,F06,crew,SK-DIAG-F06,发电机综合故障诊断,0.5455,0.391404,False,1
1,1765823954.214186,2025-12-15 18:39:14,SHIP500-B01-T00761,F11,crew,SK-DIAG-F11,通讯与传感器故障诊断,0.5455,0.391404,False,1
1,1765823954.214186,2025-12-15 18:39:14,SHIP500-B01-T00761,*,crew,SK-ACT-CREW-OPS,机舱巡查与就地处置技能,0.5455,0.391404,False,1
1,1765823966.42793,2025-12-15 18:39:26,SHIP500-B01-T00762,F06,maintenance,SK-DIAG-F06,发电机综合故障诊断,0.4545,0.403242,False,0
1,1765823978.6284618,2025-12-15 18:39:38,SHIP500-B01-T00763,F06,maintenance,SK-DIAG-F06,发电机综合故障诊断,0.4545,0.394213,False,0
1,1765823990.8113604,2025-12-15 18:39:50,SHIP500-B01-T00764,F06,crew,SK-DIAG-F06,发电机综合故障诊断,0.5455,0.390007,False,1
1,1765823990.8113604,2025-12-15 18:39:50,SHIP500-B01-T00764,F11,crew,SK-DIAG-F11,通讯与传感器故障诊断,0.5455,0.390007,False,1
1,1765823990.8113604,2025-12-15 18:39:50,SHIP500-B01-T00764,*,crew,SK-ACT-CREW-OPS,机舱巡查与就地处置技能,0.5455,0.390007,False,1
1,1765824003.015292,2025-12-15 18:40:03,SHIP500-B01-T00765,F06,maintenance,SK-DIAG-F06,发电机综合故障诊断,0.4545,0.394683,False,0
1,1765824015.2028518,2025-12-15 18:40:15,SHIP500-B01-T00766,F06,maintenance,SK-DIAG-F06,发电机综合故障诊断,0.4545,0.397515,False,0
1,1765824027.4080005,2025-12-15 18:40:27,SHIP500-B01-T00767,F06,maintenance,SK-DIAG-F06,发电机综合故障诊断,0.4545,0.400846,False,0
1,1765824039.6301348,2025-12-15 18:40:39,SHIP500-B01-T00768,F06,maintenance,SK-DIAG-F06,发电机综合故障诊断,0.4545,0.403242,False,0
1,1765824051.824468,2025-12-15 18:40:51,SHIP500-B01-T00769,F06,crew,SK-DIAG-F06,发电机综合故障诊断,0.5455,0.405894,False,1
1,1765824051.824468,2025-12-15 18:40:51,SHIP500-B01-T00769,F11,crew,SK-DIAG-F11,通讯与传感器故障诊断,0.5455,0.405894,False,1
1,1765824051.824468,2025-12-15 18:40:51,SHIP500-B01-T00769,*,crew,SK-ACT-CREW-OPS,机舱巡查与就地处置技能,0.5455,0.405894,False,1
1,1765824064.035835,2025-12-15 18:41:04,SHIP500-B01-T00770,F06,crew,SK-DIAG-F06,发电机综合故障诊断,0.5455,0.40662,False,1
1,1765824064.035835,2025-12-15 18:41:04,SHIP500-B01-T00770,F11,crew,SK-DIAG-F11,通讯与传感器故障诊断,0.5455,0.40662,False,1
1,1765824064.035835,2025-12-15 18:41:04,SHIP500-B01-T00770,*,crew,SK-ACT-CREW-OPS,机舱巡查与就地处置技能,0.5455,0.40662,False,1
1,1765824076.274638,2025-12-15 18:41:16,SHIP500-B01-T00771,F06,crew,SK-DIAG-F06,发电机综合故障诊断,0.5455,0.406378,False,1
1,1765824076.274638,2025-12-15 18:41:16,SHIP500-B01-T00771,F11,crew,SK-DIAG-F11,通讯与传感器故障诊断,0.5455,0.406378,False,1
1,1765824076.274638,2025-12-15 18:41:16,SHIP500-B01-T00771,*,crew,SK-ACT-CREW-OPS,机舱巡查与就地处置技能,0.5455,0.406378,False,1
1,1765824088.495437,2025-12-15 18:41:28,SHIP500-B01-T00772,F06,maintenance,SK-DIAG-F06,发电机综合故障诊断,0.4545,0.41297,False,0
1,1765824100.7551558,2025-12-15 18:41:40,SHIP500-B01-T00773,F06,maintenance,SK-DIAG-F06,发电机综合故障诊断,0.4545,0.413462,False,0
1,1765824112.9324734,2025-12-15 18:41:52,SHIP500-B01-T00774,F06,crew,SK-DIAG-F06,发电机综合故障诊断,0.5455,0.414696,False,1
1,1765824112.9324734,2025-12-15 18:41:52,SHIP500-B01-T00774,F11,crew,SK-DIAG-F11,通讯与传感器故障诊断,0.5455,0.414696,False,1
1,1765824112.9324734,2025-12-15 18:41:52,SHIP500-B01-T00774,*,crew,SK-ACT-CREW-OPS,机舱巡查与就地处置技能,0.5455,0.414696,False,1
1,1765824125.1632092,2025-12-15 18:42:05,SHIP500-B01-T00775,F06,crew,SK-DIAG-F06,发电机综合故障诊断,0.5455,0.420419,False,1
1,1765824125.1632092,2025-12-15 18:42:05,SHIP500-B01-T00775,F11,crew,SK-DIAG-F11,通讯与传感器故障诊断,0.5455,0.420419,False,1
1,1765824125.1632092,2025-12-15 18:42:05,SHIP500-B01-T00775,*,crew,SK-ACT-CREW-OPS,机舱巡查与就地处置技能,0.5455,0.420419,False,1
1,1765824137.334894,2025-12-15 18:42:17,SHIP500-B01-T00776,F06,maintenance,SK-DIAG-F06,发电机综合故障诊断,0.4545,0.420921,False,0
1,1765824149.5263672,2025-12-15 18:42:29,SHIP500-B01-T00777,F06,crew,SK-DIAG-F06,发电机综合故障诊断,0.5455,0.421423,False,1
1,1765824149.5263672,2025-12-15 18:42:29,SHIP500-B01-T00777,F11,crew,SK-DIAG-F11,通讯与传感器故障诊断,0.5455,0.421423,False,1
1,1765824149.5263672,2025-12-15 18:42:29,SHIP500-B01-T00777,*,crew,SK-ACT-CREW-OPS,机舱巡查与就地处置技能,0.5455,0.421423,False,1
1,1765824161.7305813,2025-12-15 18:42:41,SHIP500-B01-T00778,F06,maintenance,SK-DIAG-F06,发电机综合故障诊断,0.4545,0.430305,False,0
1,1765824173.9446626,2025-12-15 18:42:53,SHIP500-B01-T00779,F06,maintenance,SK-DIAG-F06,发电机综合故障诊断,0.4545,0.437285,False,0
1,1765824186.13558,2025-12-15 18:43:06,SHIP500-B01-T00780,F06,maintenance,SK-DIAG-F06,发电机综合故障诊断,0.4545,0.441211,False,0
1,1765824198.3120894,2025-12-15 18:43:18,SHIP500-B01-T00781,F06,maintenance,SK-DIAG-F06,发电机综合故障诊断,0.4545,0.451317,False,0
1,1765824210.546041,2025-12-15 18:43:30,SHIP500-B01-T00782,F06,maintenance,SK-DIAG-F06,发电机综合故障诊断,0.4545,0.461379,False,0
1,1765824222.751548,2025-12-15 18:43:42,SHIP500-B01-T00783,F06,maintenance,SK-DIAG-F06,发电机综合故障诊断,0.4545,0.466077,False,0
1,1765824234.9597144,2025-12-15 18:43:54,SHIP500-B01-T00784,F06,crew,SK-DIAG-F06,发电机综合故障诊断,0.5455,0.431589,False,1
1,1765824234.9597144,2025-12-15 18:43:54,SHIP500-B01-T00784,F11,crew,SK-DIAG-F11,通讯与传感器故障诊断,0.5455,0.431589,False,1
1,1765824234.9597144,2025-12-15 18:43:54,SHIP500-B01-T00784,*,crew,SK-ACT-CREW-OPS,机舱巡查与就地处置技能,0.5455,0.431589,False,1
1,1765824247.1706774,2025-12-15 18:44:07,SHIP500-B01-T00785,F06,maintenance,SK-DIAG-F06,发电机综合故障诊断,0.4545,0.431846,False,0
1,1765824259.3759923,2025-12-15 18:44:19,SHIP500-B01-T00786,F06,maintenance,SK-DIAG-F06,发电机综合故障诊断,0.4545,0.429281,False,0
1,1765824271.5821495,2025-12-15 18:44:31,SHIP500-B01-T00787,F06,crew,SK-DIAG-F06,发电机综合故障诊断,0.5455,0.443584,False,1
1,1765824271.5821495,2025-12-15 18:44:31,SHIP500-B01-T00787,F11,crew,SK-DIAG-F11,通讯与传感器故障诊断,0.5455,0.443584,False,1
1,1765824271.5821495,2025-12-15 18:44:31,SHIP500-B01-T00787,*,crew,SK-ACT-CREW-OPS,机舱巡查与就地处置技能,0.5455,0.443584,False,1
1,1765824283.7866657,2025-12-15 18:44:43,SHIP500-B01-T00788,F06,maintenance,SK-DIAG-F06,发电机综合故障诊断,0.4545,0.442528,False,0
1,1765824295.9887874,2025-12-15 18:44:55,SHIP500-B01-T00789,F06,crew,SK-DIAG-F06,发电机综合故障诊断,0.5455,0.442264,False,1
1,1765824295.9887874,2025-12-15 18:44:55,SHIP500-B01-T00789,F11,crew,SK-DIAG-F11,通讯与传感器故障诊断,0.5455,0.442264,False,1
1,1765824295.9887874,2025-12-15 18:44:55,SHIP500-B01-T00789,*,crew,SK-ACT-CREW-OPS,机舱巡查与就地处置技能,0.5455,0.442264,False,1
1,1765824308.2357934,2025-12-15 18:45:08,SHIP500-B01-T00790,F06,crew,SK-DIAG-F06,发电机综合故障诊断,0.5455,0.41842,False,1
1,1765824308.2357934,2025-12-15 18:45:08,SHIP500-B01-T00790,F11,crew,SK-DIAG-F11,通讯与传感器故障诊断,0.5455,0.41842,False,1
1,1765824308.2357934,2025-12-15 18:45:08,SHIP500-B01-T00790,*,crew,SK-ACT-CREW-OPS,机舱巡查与就地处置技能,0.5455,0.41842,False,1
1,1765824320.4082496,2025-12-15 18:45:20,SHIP500-B01-T00791,F06,crew,SK-DIAG-F06,发电机综合故障诊断,0.5455,0.431332,False,1
1,1765824320.4082496,2025-12-15 18:45:20,SHIP500-B01-T00791,F11,crew,SK-DIAG-F11,通讯与传感器故障诊断,0.5455,0.431332,False,1
1,1765824320.4082496,2025-12-15 18:45:20,SHIP500-B01-T00791,*,crew,SK-ACT-CREW-OPS,机舱巡查与就地处置技能,0.5455,0.431332,False,1
1,1765824332.610425,2025-12-15 18:45:32,SHIP500-B01-T00792,F06,crew,SK-DIAG-F06,发电机综合故障诊断,0.5455,0.430049,False,1
1,1765824332.610425,2025-12-15 18:45:32,SHIP500-B01-T00792,F11,crew,SK-DIAG-F11,通讯与传感器故障诊断,0.5455,0.430049,False,1
1,1765824332.610425,2025-12-15 18:45:32,SHIP500-B01-T00792,*,crew,SK-ACT-CREW-OPS,机舱巡查与就地处置技能,0.5455,0.430049,False,1
1,1765824344.8167017,2025-12-15 18:45:44,SHIP500-B01-T00793,F06,maintenance,SK-DIAG-F06,发电机综合故障诊断,0.4545,0.428003,False,0
1,1765824357.0550866,2025-12-15 18:45:57,SHIP500-B01-T00794,F06,maintenance,SK-DIAG-F06,发电机综合故障诊断,0.4545,0.424953,False,0
1,1765824369.2642117,2025-12-15 18:46:09,SHIP500-B01-T00795,F06,maintenance,SK-DIAG-F06,发电机综合故障诊断,0.4545,0.428769,False,0
1,1765824381.45063,2025-12-15 18:46:21,SHIP500-B01-T00796,F06,maintenance,SK-DIAG-F06,发电机综合故障诊断,0.4545,0.436244,False,0
1,1765824393.6500807,2025-12-15 18:46:33,SHIP500-B01-T00797,F06,maintenance,SK-DIAG-F06,发电机综合故障诊断,0.4545,0.435464,False,0
1,1765824405.8565578,2025-12-15 18:46:45,SHIP500-B01-T00798,F06,crew,SK-DIAG-F06,发电机综合故障诊断,0.5455,0.441738,False,1
1,1765824405.8565578,2025-12-15 18:46:45,SHIP500-B01-T00798,F11,crew,SK-DIAG-F11,通讯与传感器故障诊断,0.5455,0.441738,False,1
1,1765824405.8565578,2025-12-15 18:46:45,SHIP500-B01-T00798,*,crew,SK-ACT-CREW-OPS,机舱巡查与就地处置技能,0.5455,0.441738,False,1
1,1765824418.0486624,2025-12-15 18:46:58,SHIP500-B01-T00799,F06,maintenance,SK-DIAG-F06,发电机综合故障诊断,0.4545,0.445173,False,0
1,1765824430.263091,2025-12-15 18:47:10,SHIP500-B01-T00800,F06,maintenance,SK-DIAG-F06,发电机综合故障诊断,0.4545,0.465244,False,0
1,1765824442.5457096,2025-12-15 18:47:22,SHIP500-B01-T00801,F06,maintenance,SK-DIAG-F06,发电机综合故障诊断,0.4545,0.471104,False,0
1,1765824454.7409918,2025-12-15 18:47:34,SHIP500-B01-T00802,F06,maintenance,SK-DIAG-F06,发电机综合故障诊断,0.4545,0.479602,False,0
1,1765824466.9546862,2025-12-15 18:47:46,SHIP500-B01-T00803,F06,crew,SK-DIAG-F06,发电机综合故障诊断,0.5455,0.452664,False,1
1,1765824466.9546862,2025-12-15 18:47:46,SHIP500-B01-T00803,F11,crew,SK-DIAG-F11,通讯与传感器故障诊断,0.5455,0.452664,False,1
1,1765824466.9546862,2025-12-15 18:47:46,SHIP500-B01-T00803,*,crew,SK-ACT-CREW-OPS,机舱巡查与就地处置技能,0.5455,0.452664,False,1
1,1765824479.1432204,2025-12-15 18:47:59,SHIP500-B01-T00804,F06,crew,SK-DIAG-F06,发电机综合故障诊断,0.5455,0.454556,False,1
1,1765824479.1432204,2025-12-15 18:47:59,SHIP500-B01-T00804,F11,crew,SK-DIAG-F11,通讯与传感器故障诊断,0.5455,0.454556,False,1
1,1765824479.1432204,2025-12-15 18:47:59,SHIP500-B01-T00804,*,crew,SK-ACT-CREW-OPS,机舱巡查与就地处置技能,0.5455,0.454556,False,1
1,1765824491.3227828,2025-12-15 18:48:11,SHIP500-B01-T00805,F06,crew,SK-DIAG-F06,发电机综合故障诊断,0.5455,0.452394,False,1
1,1765824491.3227828,2025-12-15 18:48:11,SHIP500-B01-T00805,F11,crew,SK-DIAG-F11,通讯与传感器故障诊断,0.5455,0.452394,False,1
1,1765824491.3227828,2025-12-15 18:48:11,SHIP500-B01-T00805,*,crew,SK-ACT-CREW-OPS,机舱巡查与就地处置技能,0.5455,0.452394,False,1
1,1765824503.5263846,2025-12-15 18:48:23,SHIP500-B01-T00806,F06,maintenance,SK-DIAG-F06,发电机综合故障诊断,0.4545,0.454556,False,0
1,1765824515.7330463,2025-12-15 18:48:35,SHIP500-B01-T00807,F06,maintenance,SK-DIAG-F06,发电机综合故障诊断,0.4545,0.463032,False,0
1,1765824527.9294026,2025-12-15 18:48:47,SHIP500-B01-T00808,F06,crew,SK-DIAG-F06,发电机综合故障诊断,0.5455,0.455098,False,1
1,1765824527.9294026,2025-12-15 18:48:47,SHIP500-B01-T00808,F11,crew,SK-DIAG-F11,通讯与传感器故障诊断,0.5455,0.455098,False,1
1,1765824527.9294026,2025-12-15 18:48:47,SHIP500-B01-T00808,*,crew,SK-ACT-CREW-OPS,机舱巡查与就地处置技能,0.5455,0.455098,False,1
1,1765824540.0945804,2025-12-15 18:49:00,SHIP500-B01-T00809,F06,crew,SK-DIAG-F06,发电机综合故障诊断,0.5455,0.447567,False,1
1,1765824540.0945804,2025-12-15 18:49:00,SHIP500-B01-T00809,F11,crew,SK-DIAG-F11,通讯与传感器故障诊断,0.5455,0.447567,False,1
1,1765824540.0945804,2025-12-15 18:49:00,SHIP500-B01-T00809,*,crew,SK-ACT-CREW-OPS,机舱巡查与就地处置技能,0.5455,0.447567,False,1
1,1765824552.2732573,2025-12-15 18:49:12,SHIP500-B01-T00810,F06,maintenance,SK-DIAG-F06,发电机综合故障诊断,0.4545,0.440948,False,0
1,1765824564.479102,2025-12-15 18:49:24,SHIP500-B01-T00811,F06,maintenance,SK-DIAG-F06,发电机综合故障诊断,0.4545,0.436764,False,0
1,1765824576.692024,2025-12-15 18:49:36,SHIP500-B01-T00812,F06,crew,SK-DIAG-F06,发电机综合故障诊断,0.5455,0.442001,False,1
1,1765824576.692024,2025-12-15 18:49:36,SHIP500-B01-T00812,F11,crew,SK-DIAG-F11,通讯与传感器故障诊断,0.5455,0.442001,False,1
1,1765824576.692024,2025-12-15 18:49:36,SHIP500-B01-T00812,*,crew,SK-ACT-CREW-OPS,机舱巡查与就地处置技能,0.5455,0.442001,False,1
1,1765824588.882695,2025-12-15 18:49:48,SHIP500-B01-T00813,F06,maintenance,SK-DIAG-F06,发电机综合故障诊断,0.4545,0.440161,False,0
1,1765824601.0695632,2025-12-15 18:50:01,SHIP500-B01-T00814,F06,maintenance,SK-DIAG-F06,发电机综合故障诊断,0.4545,0.433393,False,0
1,1765824613.2578435,2025-12-15 18:50:13,SHIP500-B01-T00815,F06,maintenance,SK-DIAG-F06,发电机综合故障诊断,0.4545,0.437806,False,0
1,1765824625.4661846,2025-12-15 18:50:25,SHIP500-B01-T00816,F06,maintenance,SK-DIAG-F06,发电机综合故障诊断,0.4545,0.429792,False,0
1,1765824637.682448,2025-12-15 18:50:37,SHIP500-B01-T00817,F06,maintenance,SK-DIAG-F06,发电机综合故障诊断,0.4545,0.435464,False,0
1,1765824649.8949962,2025-12-15 18:50:49,SHIP500-B01-T00818,F06,crew,SK-DIAG-F06,发电机综合故障诊断,0.5455,0.436504,False,1
1,1765824649.8949962,2025-12-15 18:50:49,SHIP500-B01-T00818,F11,crew,SK-DIAG-F11,通讯与传感器故障诊断,0.5455,0.436504,False,1
1,1765824649.8949962,2025-12-15 18:50:49,SHIP500-B01-T00818,*,crew,SK-ACT-CREW-OPS,机舱巡查与就地处置技能,0.5455,0.436504,False,1
1,1765824662.0901072,2025-12-15 18:51:02,SHIP500-B01-T00819,F06,maintenance,SK-DIAG-F06,发电机综合故障诊断,0.4545,0.431332,False,0
1,1765824674.3071468,2025-12-15 18:51:14,SHIP500-B01-T00820,F06,maintenance,SK-DIAG-F06,发电机综合故障诊断,0.4545,0.432104,False,0
1,1765824686.5231836,2025-12-15 18:51:26,SHIP500-B01-T00821,F06,maintenance,SK-DIAG-F06,发电机综合故障诊断,0.4545,0.434169,False,0
1,1765824698.731036,2025-12-15 18:51:38,SHIP500-B01-T00822,F06,maintenance,SK-DIAG-F06,发电机综合故障诊断,0.4545,0.42546,False,0
1,1765824710.9282572,2025-12-15 18:51:50,SHIP500-B01-T00823,F06,crew,SK-DIAG-F06,发电机综合故障诊断,0.5455,0.424953,False,1
1,1765824710.9282572,2025-12-15 18:51:50,SHIP500-B01-T00823,F11,crew,SK-DIAG-F11,通讯与传感器故障诊断,0.5455,0.424953,False,1
1,1765824710.9282572,2025-12-15 18:51:50,SHIP500-B01-T00823,*,crew,SK-ACT-CREW-OPS,机舱巡查与就地处置技能,0.5455,0.424953,False,1
1,1765824723.1023052,2025-12-15 18:52:03,SHIP500-B01-T00824,F06,maintenance,SK-DIAG-F06,发电机综合故障诊断,0.4545,0.427493,False,0
1,1765824735.304678,2025-12-15 18:52:15,SHIP500-B01-T00825,F06,maintenance,SK-DIAG-F06,发电机综合故障诊断,0.4545,0.422428,False,0
1,1765824747.5089018,2025-12-15 18:52:27,SHIP500-B01-T00826,F06,crew,SK-DIAG-F06,发电机综合故障诊断,0.5455,0.41817,False,1
1,1765824747.5089018,2025-12-15 18:52:27,SHIP500-B01-T00826,F11,crew,SK-DIAG-F11,通讯与传感器故障诊断,0.5455,0.41817,False,1
1,1765824747.5089018,2025-12-15 18:52:27,SHIP500-B01-T00826,*,crew,SK-ACT-CREW-OPS,机舱巡查与就地处置技能,0.5455,0.41817,False,1
1,1765824759.7210724,2025-12-15 18:52:39,SHIP500-B01-T00827,F06,maintenance,SK-DIAG-F06,发电机综合故障诊断,0.4545,0.417423,False,0
1,1765824771.950667,2025-12-15 18:52:51,SHIP500-B01-T00828,F06,crew,SK-DIAG-F06,发电机综合故障诊断,0.5455,0.420921,False,1
1,1765824771.950667,2025-12-15 18:52:51,SHIP500-B01-T00828,F11,crew,SK-DIAG-F11,通讯与传感器故障诊断,0.5455,0.420921,False,1
1,1765824771.950667,2025-12-15 18:52:51,SHIP500-B01-T00828,*,crew,SK-ACT-CREW-OPS,机舱巡查与就地处置技能,0.5455,0.420921,False,1
1,1765824784.1713889,2025-12-15 18:53:04,SHIP500-B01-T00829,F06,crew,SK-DIAG-F06,发电机综合故障诊断,0.5455,0.411986,False,1
1,1765824784.1713889,2025-12-15 18:53:04,SHIP500-B01-T00829,F11,crew,SK-DIAG-F11,通讯与传感器故障诊断,0.5455,0.411986,False,1
1,1765824784.1713889,2025-12-15 18:53:04,SHIP500-B01-T00829,*,crew,SK-ACT-CREW-OPS,机舱巡查与就地处置技能,0.5455,0.411986,False,1
1,1765824796.3424969,2025-12-15 18:53:16,SHIP500-B01-T00830,F06,maintenance,SK-DIAG-F06,发电机综合故障诊断,0.4545,0.414943,False,0
1,1765824808.5480535,2025-12-15 18:53:28,SHIP500-B01-T00831,F06,crew,SK-DIAG-F06,发电机综合故障诊断,0.5455,0.416182,False,1
1,1765824808.5480535,2025-12-15 18:53:28,SHIP500-B01-T00831,F11,crew,SK-DIAG-F11,通讯与传感器故障诊断,0.5455,0.416182,False,1
1,1765824808.5480535,2025-12-15 18:53:28,SHIP500-B01-T00831,*,crew,SK-ACT-CREW-OPS,机舱巡查与就地处置技能,0.5455,0.416182,False,1
1,1765824820.794767,2025-12-15 18:53:40,SHIP500-B01-T00832,F06,crew,SK-DIAG-F06,发电机综合故障诊断,0.5455,0.416678,False,1
1,1765824820.794767,2025-12-15 18:53:40,SHIP500-B01-T00832,F11,crew,SK-DIAG-F11,通讯与传感器故障诊断,0.5455,0.416678,False,1
1,1765824820.794767,2025-12-15 18:53:40,SHIP500-B01-T00832,*,crew,SK-ACT-CREW-OPS,机舱巡查与就地处置技能,0.5455,0.416678,False,1
1,1765824833.0004318,2025-12-15 18:53:53,SHIP500-B01-T00833,F06,crew,SK-DIAG-F06,发电机综合故障诊断,0.5455,0.411006,False,1
1,1765824833.0004318,2025-12-15 18:53:53,SHIP500-B01-T00833,F11,crew,SK-DIAG-F11,通讯与传感器故障诊断,0.5455,0.411006,False,1
1,1765824833.0004318,2025-12-15 18:53:53,SHIP500-B01-T00833,*,crew,SK-ACT-CREW-OPS,机舱巡查与就地处置技能,0.5455,0.411006,False,1
1,1765824845.21212,2025-12-15 18:54:05,SHIP500-B01-T00834,F06,crew,SK-DIAG-F06,发电机综合故障诊断,0.5455,0.419168,False,1
1,1765824845.21212,2025-12-15 18:54:05,SHIP500-B01-T00834,F11,crew,SK-DIAG-F11,通讯与传感器故障诊断,0.5455,0.419168,False,1
1,1765824845.21212,2025-12-15 18:54:05,SHIP500-B01-T00834,*,crew,SK-ACT-CREW-OPS,机舱巡查与就地处置技能,0.5455,0.419168,False,1
1,1765824857.3814628,2025-12-15 18:54:17,SHIP500-B01-T00835,F06,maintenance,SK-DIAG-F06,发电机综合故障诊断,0.4545,0.421172,False,0
1,1765824869.5686493,2025-12-15 18:54:29,SHIP500-B01-T00836,F06,maintenance,SK-DIAG-F06,发电机综合故障诊断,0.4545,0.414202,False,0
1,1765824881.7465267,2025-12-15 18:54:41,SHIP500-B01-T00837,F06,maintenance,SK-DIAG-F06,发电机综合故障诊断,0.4545,0.415438,False,0
1,1765824893.9520023,2025-12-15 18:54:53,SHIP500-B01-T00838,F06,maintenance,SK-DIAG-F06,发电机综合故障诊断,0.4545,0.419418,False,0
1,1765824906.1592274,2025-12-15 18:55:06,SHIP500-B01-T00839,F06,maintenance,SK-DIAG-F06,发电机综合故障诊断,0.4545,0.417921,False,0
1,1765824918.3651474,2025-12-15 18:55:18,SHIP500-B01-T00840,F06,maintenance,SK-DIAG-F06,发电机综合故障诊断,0.4545,0.422177,False,0
1,1765824930.5464196,2025-12-15 18:55:30,SHIP500-B01-T00841,F06,crew,SK-DIAG-F06,发电机综合故障诊断,0.5455,0.42067,False,1
1,1765824930.5464196,2025-12-15 18:55:30,SHIP500-B01-T00841,F11,crew,SK-DIAG-F11,通讯与传感器故障诊断,0.5455,0.42067,False,1
1,1765824930.5464196,2025-12-15 18:55:30,SHIP500-B01-T00841,*,crew,SK-ACT-CREW-OPS,机舱巡查与就地处置技能,0.5455,0.42067,False,1
1,1765824942.7499945,2025-12-15 18:55:42,SHIP500-B01-T00842,F06,maintenance,SK-DIAG-F06,发电机综合故障诊断,0.4545,0.428258,False,0
1,1765824954.9641078,2025-12-15 18:55:54,SHIP500-B01-T00843,F06,crew,SK-DIAG-F06,发电机综合故障诊断,0.5455,0.426476,False,1
1,1765824954.9641078,2025-12-15 18:55:54,SHIP500-B01-T00843,F11,crew,SK-DIAG-F11,通讯与传感器故障诊断,0.5455,0.426476,False,1
1,1765824954.9641078,2025-12-15 18:55:54,SHIP500-B01-T00843,*,crew,SK-ACT-CREW-OPS,机舱巡查与就地处置技能,0.5455,0.426476,False,1
1,1765824967.1656518,2025-12-15 18:56:07,SHIP500-B01-T00844,F06,maintenance,SK-DIAG-F06,发电机综合故障诊断,0.4545,0.423689,False,0
1,1765824979.3804183,2025-12-15 18:56:19,SHIP500-B01-T00845,F06,maintenance,SK-DIAG-F06,发电机综合故障诊断,0.4545,0.426222,False,0
1,1765824991.558363,2025-12-15 18:56:31,SHIP500-B01-T00846,F06,crew,SK-DIAG-F06,发电机综合故障诊断,0.5455,0.424194,False,1
1,1765824991.558363,2025-12-15 18:56:31,SHIP500-B01-T00846,F11,crew,SK-DIAG-F11,通讯与传感器故障诊断,0.5455,0.424194,False,1
1,1765824991.558363,2025-12-15 18:56:31,SHIP500-B01-T00846,*,crew,SK-ACT-CREW-OPS,机舱巡查与就地处置技能,0.5455,0.424194,False,1
1,1765825003.7748008,2025-12-15 18:56:43,SHIP500-B01-T00847,F06,maintenance,SK-DIAG-F06,发电机综合故障诊断,0.4545,0.428003,False,0
1,1765825015.9790971,2025-12-15 18:56:55,SHIP500-B01-T00848,F06,crew,SK-DIAG-F06,发电机综合故障诊断,0.5455,0.423184,False,1
1,1765825015.9790971,2025-12-15 18:56:55,SHIP500-B01-T00848,F11,crew,SK-DIAG-F11,通讯与传感器故障诊断,0.5455,0.423184,False,1
1,1765825015.9790971,2025-12-15 18:56:55,SHIP500-B01-T00848,*,crew,SK-ACT-CREW-OPS,机舱巡查与就地处置技能,0.5455,0.423184,False,1
1,1765825028.2206554,2025-12-15 18:57:08,SHIP500-B01-T00849,F06,maintenance,SK-DIAG-F06,发电机综合故障诊断,0.4545,0.428258,False,0
1,1765825040.413007,2025-12-15 18:57:20,SHIP500-B01-T00850,F06,crew,SK-DIAG-F06,发电机综合故障诊断,0.5455,0.428769,False,1
1,1765825040.413007,2025-12-15 18:57:20,SHIP500-B01-T00850,F11,crew,SK-DIAG-F11,通讯与传感器故障诊断,0.5455,0.428769,False,1
1,1765825040.413007,2025-12-15 18:57:20,SHIP500-B01-T00850,*,crew,SK-ACT-CREW-OPS,机舱巡查与就地处置技能,0.5455,0.428769,False,1
1,1765825052.664229,2025-12-15 18:57:32,SHIP500-B01-T00851,F06,maintenance,SK-DIAG-F06,发电机综合故障诊断,0.4545,0.437806,False,0
1,1765825064.8839557,2025-12-15 18:57:44,SHIP500-B01-T00852,F06,crew,SK-DIAG-F06,发电机综合故障诊断,0.5455,0.433135,False,1
1,1765825064.8839557,2025-12-15 18:57:44,SHIP500-B01-T00852,F11,crew,SK-DIAG-F11,通讯与传感器故障诊断,0.5455,0.433135,False,1
1,1765825064.8839557,2025-12-15 18:57:44,SHIP500-B01-T00852,*,crew,SK-ACT-CREW-OPS,机舱巡查与就地处置技能,0.5455,0.433135,False,1
1,1765825077.0903046,2025-12-15 18:57:57,SHIP500-B01-T00853,F06,crew,SK-DIAG-F06,发电机综合故障诊断,0.5455,0.440161,False,1
1,1765825077.0903046,2025-12-15 18:57:57,SHIP500-B01-T00853,F11,crew,SK-DIAG-F11,通讯与传感器故障诊断,0.5455,0.440161,False,1
1,1765825077.0903046,2025-12-15 18:57:57,SHIP500-B01-T00853,*,crew,SK-ACT-CREW-OPS,机舱巡查与就地处置技能,0.5455,0.440161,False,1
1,1765825089.307716,2025-12-15 18:58:09,SHIP500-B01-T00854,F06,crew,SK-DIAG-F06,发电机综合故障诊断,0.5455,0.446236,False,1
1,1765825089.307716,2025-12-15 18:58:09,SHIP500-B01-T00854,F11,crew,SK-DIAG-F11,通讯与传感器故障诊断,0.5455,0.446236,False,1
1,1765825089.307716,2025-12-15 18:58:09,SHIP500-B01-T00854,*,crew,SK-ACT-CREW-OPS,机舱巡查与就地处置技能,0.5455,0.446236,False,1
1,1765825101.549222,2025-12-15 18:58:21,SHIP500-B01-T00855,F06,maintenance,SK-DIAG-F06,发电机综合故障诊断,0.4545,0.468304,False,0
1,1765825113.7697992,2025-12-15 18:58:33,SHIP500-B01-T00856,F06,crew,SK-DIAG-F06,发电机综合故障诊断,0.5455,0.472509,False,1
1,1765825113.7697992,2025-12-15 18:58:33,SHIP500-B01-T00856,F11,crew,SK-DIAG-F11,通讯与传感器故障诊断,0.5455,0.472509,False,1
1,1765825113.7697992,2025-12-15 18:58:33,SHIP500-B01-T00856,*,crew,SK-ACT-CREW-OPS,机舱巡查与就地处置技能,0.5455,0.472509,False,1
1,1765825125.9754045,2025-12-15 18:58:45,SHIP500-B01-T00857,F06,crew,SK-DIAG-F06,发电机综合故障诊断,0.5455,0.440161,False,1
1,1765825125.9754045,2025-12-15 18:58:45,SHIP500-B01-T00857,F11,crew,SK-DIAG-F11,通讯与传感器故障诊断,0.5455,0.440161,False,1
1,1765825125.9754045,2025-12-15 18:58:45,SHIP500-B01-T00857,*,crew,SK-ACT-CREW-OPS,机舱巡查与就地处置技能,0.5455,0.440161,False,1
1,1765825138.1838078,2025-12-15 18:58:58,SHIP500-B01-T00858,F06,maintenance,SK-DIAG-F06,发电机综合故障诊断,0.4545,0.444908,False,0
1,1765825150.4166298,2025-12-15 18:59:10,SHIP500-B01-T00859,F06,crew,SK-DIAG-F06,发电机综合故障诊断,0.5455,0.447301,False,1
1,1765825150.4166298,2025-12-15 18:59:10,SHIP500-B01-T00859,F11,crew,SK-DIAG-F11,通讯与传感器故障诊断,0.5455,0.447301,False,1
1,1765825150.4166298,2025-12-15 18:59:10,SHIP500-B01-T00859,*,crew,SK-ACT-CREW-OPS,机舱巡查与就地处置技能,0.5455,0.447301,False,1
1,1765825162.613451,2025-12-15 18:59:22,SHIP500-B01-T00860,F06,maintenance,SK-DIAG-F06,发电机综合故障诊断,0.4545,0.445438,False,0
1,1765825174.817587,2025-12-15 18:59:34,SHIP500-B01-T00861,F06,crew,SK-DIAG-F06,发电机综合故障诊断,0.5455,0.442264,False,1
1,1765825174.817587,2025-12-15 18:59:34,SHIP500-B01-T00861,F11,crew,SK-DIAG-F11,通讯与传感器故障诊断,0.5455,0.442264,False,1
1,1765825174.817587,2025-12-15 18:59:34,SHIP500-B01-T00861,*,crew,SK-ACT-CREW-OPS,机舱巡查与就地处置技能,0.5455,0.442264,False,1
1,1765825187.0070546,2025-12-15 18:59:47,SHIP500-B01-T00862,F06,maintenance,SK-DIAG-F06,发电机综合故障诊断,0.4545,0.434169,False,0
1,1765825199.2218904,2025-12-15 18:59:59,SHIP500-B01-T00863,F06,crew,SK-DIAG-F06,发电机综合故障诊断,0.5455,0.428514,False,1
1,1765825199.2218904,2025-12-15 18:59:59,SHIP500-B01-T00863,F11,crew,SK-DIAG-F11,通讯与传感器故障诊断,0.5455,0.428514,False,1
1,1765825199.2218904,2025-12-15 18:59:59,SHIP500-B01-T00863,*,crew,SK-ACT-CREW-OPS,机舱巡查与就地处置技能,0.5455,0.428514,False,1
1,1765825211.4256282,2025-12-15 19:00:11,SHIP500-B01-T00864,F06,crew,SK-DIAG-F06,发电机综合故障诊断,0.5455,0.43859,False,1
1,1765825211.4256282,2025-12-15 19:00:11,SHIP500-B01-T00864,F11,crew,SK-DIAG-F11,通讯与传感器故障诊断,0.5455,0.43859,False,1
1,1765825211.4256282,2025-12-15 19:00:11,SHIP500-B01-T00864,*,crew,SK-ACT-CREW-OPS,机舱巡查与就地处置技能,0.5455,0.43859,False,1
1,1765825223.604704,2025-12-15 19:00:23,SHIP500-B01-T00865,F06,crew,SK-DIAG-F06,发电机综合故障诊断,0.5455,0.432361,False,1
1,1765825223.604704,2025-12-15 19:00:23,SHIP500-B01-T00865,F11,crew,SK-DIAG-F11,通讯与传感器故障诊断,0.5455,0.432361,False,1
1,1765825223.604704,2025-12-15 19:00:23,SHIP500-B01-T00865,*,crew,SK-ACT-CREW-OPS,机舱巡查与就地处置技能,0.5455,0.432361,False,1
1,1765825235.7720025,2025-12-15 19:00:35,SHIP500-B01-T00866,F06,maintenance,SK-DIAG-F06,发电机综合故障诊断,0.4545,0.431589,False,0
1,1765825247.9746716,2025-12-15 19:00:47,SHIP500-B01-T00867,F06,crew,SK-DIAG-F06,发电机综合故障诊断,0.5455,0.433652,False,1
1,1765825247.9746716,2025-12-15 19:00:47,SHIP500-B01-T00867,F11,crew,SK-DIAG-F11,通讯与传感器故障诊断,0.5455,0.433652,False,1
1,1765825247.9746716,2025-12-15 19:00:47,SHIP500-B01-T00867,*,crew,SK-ACT-CREW-OPS,机舱巡查与就地处置技能,0.5455,0.433652,False,1
1,1765825260.1568315,2025-12-15 19:01:00,SHIP500-B01-T00868,F06,maintenance,SK-DIAG-F06,发电机综合故障诊断,0.4545,0.432361,False,0
1,1765825272.3894804,2025-12-15 19:01:12,SHIP500-B01-T00869,F06,maintenance,SK-DIAG-F06,发电机综合故障诊断,0.4545,0.432619,False,0
1,1765825284.6033998,2025-12-15 19:01:24,SHIP500-B01-T00870,F06,maintenance,SK-DIAG-F06,发电机综合故障诊断,0.4545,0.432361,False,0
1,1765825296.8147202,2025-12-15 19:01:36,SHIP500-B01-T00871,F06,crew,SK-DIAG-F06,发电机综合故障诊断,0.5455,0.447034,False,1
1,1765825296.8147202,2025-12-15 19:01:36,SHIP500-B01-T00871,F11,crew,SK-DIAG-F11,通讯与传感器故障诊断,0.5455,0.447034,False,1
1,1765825296.8147202,2025-12-15 19:01:36,SHIP500-B01-T00871,*,crew,SK-ACT-CREW-OPS,机舱巡查与就地处置技能,0.5455,0.447034,False,1
1,1765825309.0172193,2025-12-15 19:01:49,SHIP500-B01-T00872,F06,maintenance,SK-DIAG-F06,发电机综合故障诊断,0.4545,0.457546,False,0
1,1765825321.2208066,2025-12-15 19:02:01,SHIP500-B01-T00873,F06,maintenance,SK-DIAG-F06,发电机综合故障诊断,0.4545,0.463584,False,0
1,1765825333.4249363,2025-12-15 19:02:13,SHIP500-B01-T00874,F06,maintenance,SK-DIAG-F06,发电机综合故障诊断,0.4545,0.475617,False,0
1,1765825345.626422,2025-12-15 19:02:25,SHIP500-B01-T00875,F06,crew,SK-DIAG-F06,发电机综合故障诊断,0.5455,0.439375,False,1
1,1765825345.626422,2025-12-15 19:02:25,SHIP500-B01-T00875,F11,crew,SK-DIAG-F11,通讯与传感器故障诊断,0.5455,0.439375,False,1
1,1765825345.626422,2025-12-15 19:02:25,SHIP500-B01-T00875,*,crew,SK-ACT-CREW-OPS,机舱巡查与就地处置技能,0.5455,0.439375,False,1
1,1765825357.8136754,2025-12-15 19:02:37,SHIP500-B01-T00876,F06,crew,SK-DIAG-F06,发电机综合故障诊断,0.5455,0.432877,False,1
1,1765825357.8136754,2025-12-15 19:02:37,SHIP500-B01-T00876,F11,crew,SK-DIAG-F11,通讯与传感器故障诊断,0.5455,0.432877,False,1
1,1765825357.8136754,2025-12-15 19:02:37,SHIP500-B01-T00876,*,crew,SK-ACT-CREW-OPS,机舱巡查与就地处置技能,0.5455,0.432877,False,1
1,1765825370.014405,2025-12-15 19:02:50,SHIP500-B01-T00877,F06,crew,SK-DIAG-F06,发电机综合故障诊断,0.5455,0.434687,False,1
1,1765825370.014405,2025-12-15 19:02:50,SHIP500-B01-T00877,F11,crew,SK-DIAG-F11,通讯与传感器故障诊断,0.5455,0.434687,False,1
1,1765825370.014405,2025-12-15 19:02:50,SHIP500-B01-T00877,*,crew,SK-ACT-CREW-OPS,机舱巡查与就地处置技能,0.5455,0.434687,False,1
1,1765825382.189757,2025-12-15 19:03:02,SHIP500-B01-T00878,F06,crew,SK-DIAG-F06,发电机综合故障诊断,0.5455,0.438067,False,1
1,1765825382.189757,2025-12-15 19:03:02,SHIP500-B01-T00878,F11,crew,SK-DIAG-F11,通讯与传感器故障诊断,0.5455,0.438067,False,1
1,1765825382.189757,2025-12-15 19:03:02,SHIP500-B01-T00878,*,crew,SK-ACT-CREW-OPS,机舱巡查与就地处置技能,0.5455,0.438067,False,1
1,1765825394.3812385,2025-12-15 19:03:14,SHIP500-B01-T00879,F06,maintenance,SK-DIAG-F06,发电机综合故障诊断,0.4545,0.439899,False,0
1,1765825406.602137,2025-12-15 19:03:26,SHIP500-B01-T00880,F06,maintenance,SK-DIAG-F06,发电机综合故障诊断,0.4545,0.434687,False,0
1,1765825418.8249876,2025-12-15 19:03:38,SHIP500-B01-T00881,F06,maintenance,SK-DIAG-F06,发电机综合故障诊断,0.4545,0.423437,False,0
1,1765825430.9918416,2025-12-15 19:03:50,SHIP500-B01-T00882,F06,crew,SK-DIAG-F06,发电机综合故障诊断,0.5455,0.413709,False,1
1,1765825430.9918416,2025-12-15 19:03:50,SHIP500-B01-T00882,F11,crew,SK-DIAG-F11,通讯与传感器故障诊断,0.5455,0.413709,False,1
1,1765825430.9918416,2025-12-15 19:03:50,SHIP500-B01-T00882,*,crew,SK-ACT-CREW-OPS,机舱巡查与就地处置技能,0.5455,0.413709,False,1
1,1765825443.1886983,2025-12-15 19:04:03,SHIP500-B01-T00883,F06,maintenance,SK-DIAG-F06,发电机综合故障诊断,0.4545,0.409783,False,0
1,1765825455.3681664,2025-12-15 19:04:15,SHIP500-B01-T00884,F06,crew,SK-DIAG-F06,发电机综合故障诊断,0.5455,0.410271,False,1
1,1765825455.3681664,2025-12-15 19:04:15,SHIP500-B01-T00884,F11,crew,SK-DIAG-F11,通讯与传感器故障诊断,0.5455,0.410271,False,1
1,1765825455.3681664,2025-12-15 19:04:15,SHIP500-B01-T00884,*,crew,SK-ACT-CREW-OPS,机舱巡查与就地处置技能,0.5455,0.410271,False,1
1,1765825467.5714676,2025-12-15 19:04:27,SHIP500-B01-T00885,F06,crew,SK-DIAG-F06,发电机综合故障诊断,0.5455,0.406863,False,1
1,1765825467.5714676,2025-12-15 19:04:27,SHIP500-B01-T00885,F11,crew,SK-DIAG-F11,通讯与传感器故障诊断,0.5455,0.406863,False,1
1,1765825467.5714676,2025-12-15 19:04:27,SHIP500-B01-T00885,*,crew,SK-ACT-CREW-OPS,机舱巡查与就地处置技能,0.5455,0.406863,False,1
1,1765825479.7788544,2025-12-15 19:04:39,SHIP500-B01-T00886,F06,maintenance,SK-DIAG-F06,发电机综合故障诊断,0.4545,0.399177,False,0
1,1765825491.9386728,2025-12-15 19:04:51,SHIP500-B01-T00887,F06,maintenance,SK-DIAG-F06,发电机综合故障诊断,0.4545,0.399177,False,0
1,1765825504.1246357,2025-12-15 19:05:04,SHIP500-B01-T00888,F06,crew,SK-DIAG-F06,发电机综合故障诊断,0.5455,0.396805,False,1
1,1765825504.1246357,2025-12-15 19:05:04,SHIP500-B01-T00888,F11,crew,SK-DIAG-F11,通讯与传感器故障诊断,0.5455,0.396805,False,1
1,1765825504.1246357,2025-12-15 19:05:04,SHIP500-B01-T00888,*,crew,SK-ACT-CREW-OPS,机舱巡查与就地处置技能,0.5455,0.396805,False,1
1,1765825516.3235886,2025-12-15 19:05:16,SHIP500-B01-T00889,F06,maintenance,SK-DIAG-F06,发电机综合故障诊断,0.4545,0.396333,False,0
1,1765825528.5291605,2025-12-15 19:05:28,SHIP500-B01-T00890,F06,maintenance,SK-DIAG-F06,发电机综合故障诊断,0.4545,0.398464,False,0
1,1765825540.7303915,2025-12-15 19:05:40,SHIP500-B01-T00891,F06,crew,SK-DIAG-F06,发电机综合故障诊断,0.5455,0.391404,False,1
1,1765825540.7303915,2025-12-15 19:05:40,SHIP500-B01-T00891,F11,crew,SK-DIAG-F11,通讯与传感器故障诊断,0.5455,0.391404,False,1
1,1765825540.7303915,2025-12-15 19:05:40,SHIP500-B01-T00891,*,crew,SK-ACT-CREW-OPS,机舱巡查与就地处置技能,0.5455,0.391404,False,1
1,1765825552.9522345,2025-12-15 19:05:52,SHIP500-B01-T00892,F06,crew,SK-DIAG-F06,发电机综合故障诊断,0.5455,0.393274,False,1
1,1765825552.9522345,2025-12-15 19:05:52,SHIP500-B01-T00892,F11,crew,SK-DIAG-F11,通讯与传感器故障诊断,0.5455,0.393274,False,1
1,1765825552.9522345,2025-12-15 19:05:52,SHIP500-B01-T00892,*,crew,SK-ACT-CREW-OPS,机舱巡查与就地处置技能,0.5455,0.393274,False,1
1,1765825565.155986,2025-12-15 19:06:05,SHIP500-B01-T00893,F06,maintenance,SK-DIAG-F06,发电机综合故障诊断,0.4545,0.390007,False,0
1,1765825577.3468938,2025-12-15 19:06:17,SHIP500-B01-T00894,F06,crew,SK-DIAG-F06,发电机综合故障诊断,0.5455,0.390472,False,1
1,1765825577.3468938,2025-12-15 19:06:17,SHIP500-B01-T00894,F11,crew,SK-DIAG-F11,通讯与传感器故障诊断,0.5455,0.390472,False,1
1,1765825577.3468938,2025-12-15 19:06:17,SHIP500-B01-T00894,*,crew,SK-ACT-CREW-OPS,机舱巡查与就地处置技能,0.5455,0.390472,False,1
1,1765825589.558288,2025-12-15 19:06:29,SHIP500-B01-T00895,F06,maintenance,SK-DIAG-F06,发电机综合故障诊断,0.4545,0.394213,False,0
1,1765825601.783427,2025-12-15 19:06:41,SHIP500-B01-T00896,F06,crew,SK-DIAG-F06,发电机综合故障诊断,0.5455,0.390937,False,1
1,1765825601.783427,2025-12-15 19:06:41,SHIP500-B01-T00896,F11,crew,SK-DIAG-F11,通讯与传感器故障诊断,0.5455,0.390937,False,1
1,1765825601.783427,2025-12-15 19:06:41,SHIP500-B01-T00896,*,crew,SK-ACT-CREW-OPS,机舱巡查与就地处置技能,0.5455,0.390937,False,1
1,1765825614.006766,2025-12-15 19:06:54,SHIP500-B01-T00897,F06,crew,SK-DIAG-F06,发电机综合故障诊断,0.5455,0.38931,False,1
1,1765825614.006766,2025-12-15 19:06:54,SHIP500-B01-T00897,F11,crew,SK-DIAG-F11,通讯与传感器故障诊断,0.5455,0.38931,False,1
1,1765825614.006766,2025-12-15 19:06:54,SHIP500-B01-T00897,*,crew,SK-ACT-CREW-OPS,机舱巡查与就地处置技能,0.5455,0.38931,False,1
1,1765825626.239207,2025-12-15 19:07:06,SHIP500-B01-T00898,F06,maintenance,SK-DIAG-F06,发电机综合故障诊断,0.4545,0.385845,False,0
1,1765825638.4298675,2025-12-15 19:07:18,SHIP500-B01-T00899,F06,crew,SK-DIAG-F06,发电机综合故障诊断,0.5455,0.381047,False,1
1,1765825638.4298675,2025-12-15 19:07:18,SHIP500-B01-T00899,F11,crew,SK-DIAG-F11,通讯与传感器故障诊断,0.5455,0.381047,False,1
1,1765825638.4298675,2025-12-15 19:07:18,SHIP500-B01-T00899,*,crew,SK-ACT-CREW-OPS,机舱巡查与就地处置技能,0.5455,0.381047,False,1
1,1765825650.629517,2025-12-15 19:07:30,SHIP500-B01-T00900,F06,maintenance,SK-DIAG-F06,发电机综合故障诊断,0.4545,0.377881,False,0
1,1765825662.9017525,2025-12-15 19:07:42,SHIP500-B01-T00901,F06,maintenance,SK-DIAG-F06,发电机综合故障诊断,0.4545,0.381501,False,0
1,1765825675.0925086,2025-12-15 19:07:55,SHIP500-B01-T00902,F06,maintenance,SK-DIAG-F06,发电机综合故障诊断,0.4545,0.378557,False,0
1,1765825687.2991345,2025-12-15 19:08:07,SHIP500-B01-T00903,F06,crew,SK-DIAG-F06,发电机综合故障诊断,0.5455,0.374518,False,1
1,1765825687.2991345,2025-12-15 19:08:07,SHIP500-B01-T00903,F11,crew,SK-DIAG-F11,通讯与传感器故障诊断,0.5455,0.374518,False,1
1,1765825687.2991345,2025-12-15 19:08:07,SHIP500-B01-T00903,*,crew,SK-ACT-CREW-OPS,机舱巡查与就地处置技能,0.5455,0.374518,False,1
1,1765825699.47595,2025-12-15 19:08:19,SHIP500-B01-T00904,F06,maintenance,SK-DIAG-F06,发电机综合故障诊断,0.4545,0.376083,False,0
1,1765825711.670465,2025-12-15 19:08:31,SHIP500-B01-T00905,F06,maintenance,SK-DIAG-F06,发电机综合故障诊断,0.4545,0.371628,False,0
1,1765825723.8806431,2025-12-15 19:08:43,SHIP500-B01-T00906,F06,crew,SK-DIAG-F06,发电机综合故障诊断,0.5455,0.379913,False,1
1,1765825723.8806431,2025-12-15 19:08:43,SHIP500-B01-T00906,F11,crew,SK-DIAG-F11,通讯与传感器故障诊断,0.5455,0.379913,False,1
1,1765825723.8806431,2025-12-15 19:08:43,SHIP500-B01-T00906,*,crew,SK-ACT-CREW-OPS,机舱巡查与就地处置技能,0.5455,0.379913,False,1
1,1765825736.082071,2025-12-15 19:08:56,SHIP500-B01-T00907,F06,crew,SK-DIAG-F06,发电机综合故障诊断,0.5455,0.374072,False,1
1,1765825736.082071,2025-12-15 19:08:56,SHIP500-B01-T00907,F11,crew,SK-DIAG-F11,通讯与传感器故障诊断,0.5455,0.374072,False,1
1,1765825736.082071,2025-12-15 19:08:56,SHIP500-B01-T00907,*,crew,SK-ACT-CREW-OPS,机舱巡查与就地处置技能,0.5455,0.374072,False,1
1,1765825748.3154752,2025-12-15 19:09:08,SHIP500-B01-T00908,F06,maintenance,SK-DIAG-F06,发电机综合故障诊断,0.4545,0.375188,False,0
1,1765825760.5167716,2025-12-15 19:09:20,SHIP500-B01-T00909,F06,maintenance,SK-DIAG-F06,发电机综合故障诊断,0.4545,0.376981,False,0
1,1765825772.7317672,2025-12-15 19:09:32,SHIP500-B01-T00910,F06,crew,SK-DIAG-F06,发电机综合故障诊断,0.5455,0.376308,False,1
1,1765825772.7317672,2025-12-15 19:09:32,SHIP500-B01-T00910,F11,crew,SK-DIAG-F11,通讯与传感器故障诊断,0.5455,0.376308,False,1
1,1765825772.7317672,2025-12-15 19:09:32,SHIP500-B01-T00910,*,crew,SK-ACT-CREW-OPS,机舱巡查与就地处置技能,0.5455,0.376308,False,1
1,1765825784.9407215,2025-12-15 19:09:44,SHIP500-B01-T00911,F06,crew,SK-DIAG-F06,发电机综合故障诊断,0.5455,0.372293,False,1
1,1765825784.9407215,2025-12-15 19:09:44,SHIP500-B01-T00911,F11,crew,SK-DIAG-F11,通讯与传感器故障诊断,0.5455,0.372293,False,1
1,1765825784.9407215,2025-12-15 19:09:44,SHIP500-B01-T00911,*,crew,SK-ACT-CREW-OPS,机舱巡查与就地处置技能,0.5455,0.372293,False,1
1,1765825797.1734717,2025-12-15 19:09:57,SHIP500-B01-T00912,F06,crew,SK-DIAG-F06,发电机综合故障诊断,0.5455,0.372514,False,1
1,1765825797.1734717,2025-12-15 19:09:57,SHIP500-B01-T00912,F11,crew,SK-DIAG-F11,通讯与传感器故障诊断,0.5455,0.372514,False,1
1,1765825797.1734717,2025-12-15 19:09:57,SHIP500-B01-T00912,*,crew,SK-ACT-CREW-OPS,机舱巡查与就地处置技能,0.5455,0.372514,False,1
1,1765825809.380532,2025-12-15 19:10:09,SHIP500-B01-T00913,F06,maintenance,SK-DIAG-F06,发电机综合故障诊断,0.4545,0.377206,False,0
1,1765825821.6208146,2025-12-15 19:10:21,SHIP500-B01-T00914,F06,maintenance,SK-DIAG-F06,发电机综合故障诊断,0.4545,0.374964,False,0
1,1765825833.856159,2025-12-15 19:10:33,SHIP500-B01-T00915,F06,maintenance,SK-DIAG-F06,发电机综合故障诊断,0.4545,0.378331,False,0
1,1765825846.0592906,2025-12-15 19:10:46,SHIP500-B01-T00916,F06,crew,SK-DIAG-F06,发电机综合故障诊断,0.5455,0.374295,False,1
1,1765825846.0592906,2025-12-15 19:10:46,SHIP500-B01-T00916,F11,crew,SK-DIAG-F11,通讯与传感器故障诊断,0.5455,0.374295,False,1
1,1765825846.0592906,2025-12-15 19:10:46,SHIP500-B01-T00916,*,crew,SK-ACT-CREW-OPS,机舱巡查与就地处置技能,0.5455,0.374295,False,1
1,1765825858.2742395,2025-12-15 19:10:58,SHIP500-B01-T00917,F06,maintenance,SK-DIAG-F06,发电机综合故障诊断,0.4545,0.38082,False,0
1,1765825870.482327,2025-12-15 19:11:10,SHIP500-B01-T00918,F06,crew,SK-DIAG-F06,发电机综合故障诊断,0.5455,0.37946,False,1
1,1765825870.482327,2025-12-15 19:11:10,SHIP500-B01-T00918,F11,crew,SK-DIAG-F11,通讯与传感器故障诊断,0.5455,0.37946,False,1
1,1765825870.482327,2025-12-15 19:11:10,SHIP500-B01-T00918,*,crew,SK-ACT-CREW-OPS,机舱巡查与就地处置技能,0.5455,0.37946,False,1
1,1765825882.6725848,2025-12-15 19:11:22,SHIP500-B01-T00919,F06,maintenance,SK-DIAG-F06,发电机综合故障诊断,0.4545,0.382184,False,0
1,1765825894.8829331,2025-12-15 19:11:34,SHIP500-B01-T00920,F06,crew,SK-DIAG-F06,发电机综合故障诊断,0.5455,0.387458,False,1
1,1765825894.8829331,2025-12-15 19:11:34,SHIP500-B01-T00920,F11,crew,SK-DIAG-F11,通讯与传感器故障诊断,0.5455,0.387458,False,1
1,1765825894.8829331,2025-12-15 19:11:34,SHIP500-B01-T00920,*,crew,SK-ACT-CREW-OPS,机舱巡查与就地处置技能,0.5455,0.387458,False,1
1,1765825907.0955615,2025-12-15 19:11:47,SHIP500-B01-T00921,F06,crew,SK-DIAG-F06,发电机综合故障诊断,0.5455,0.390704,False,1
1,1765825907.0955615,2025-12-15 19:11:47,SHIP500-B01-T00921,F11,crew,SK-DIAG-F11,通讯与传感器故障诊断,0.5455,0.390704,False,1
1,1765825907.0955615,2025-12-15 19:11:47,SHIP500-B01-T00921,*,crew,SK-ACT-CREW-OPS,机舱巡查与就地处置技能,0.5455,0.390704,False,1
1,1765825919.3432,2025-12-15 19:11:59,SHIP500-B01-T00922,F06,crew,SK-DIAG-F06,发电机综合故障诊断,0.5455,0.388383,False,1
1,1765825919.3432,2025-12-15 19:11:59,SHIP500-B01-T00922,F11,crew,SK-DIAG-F11,通讯与传感器故障诊断,0.5455,0.388383,False,1
1,1765825919.3432,2025-12-15 19:11:59,SHIP500-B01-T00922,*,crew,SK-ACT-CREW-OPS,机舱巡查与就地处置技能,0.5455,0.388383,False,1
1,1765825931.54504,2025-12-15 19:12:11,SHIP500-B01-T00923,F06,maintenance,SK-DIAG-F06,发电机综合故障诊断,0.4545,0.401085,False,0
1,1765825943.7499256,2025-12-15 19:12:23,SHIP500-B01-T00924,F06,maintenance,SK-DIAG-F06,发电机综合故障诊断,0.4545,0.399653,False,0
1,1765825956.2587109,2025-12-15 19:12:36,SHIP500-B01-T00925,F06,maintenance,SK-DIAG-F06,发电机综合故障诊断,0.4545,0.403242,False,0
1,1765825968.4395442,2025-12-15 19:12:48,SHIP500-B01-T00926,F06,crew,SK-DIAG-F06,发电机综合故障诊断,0.5455,0.403963,False,1
1,1765825968.4395442,2025-12-15 19:12:48,SHIP500-B01-T00926,F11,crew,SK-DIAG-F11,通讯与传感器故障诊断,0.5455,0.403963,False,1
1,1765825968.4395442,2025-12-15 19:12:48,SHIP500-B01-T00926,*,crew,SK-ACT-CREW-OPS,机舱巡查与就地处置技能,0.5455,0.403963,False,1
1,1765825980.6311452,2025-12-15 19:13:00,SHIP500-B01-T00927,F06,maintenance,SK-DIAG-F06,发电机综合故障诊断,0.4545,0.411496,False,0
1,1765825992.8502045,2025-12-15 19:13:12,SHIP500-B01-T00928,F06,crew,SK-DIAG-F06,发电机综合故障诊断,0.5455,0.431075,False,1
1,1765825992.8502045,2025-12-15 19:13:12,SHIP500-B01-T00928,F11,crew,SK-DIAG-F11,通讯与传感器故障诊断,0.5455,0.431075,False,1
1,1765825992.8502045,2025-12-15 19:13:12,SHIP500-B01-T00928,*,crew,SK-ACT-CREW-OPS,机舱巡查与就地处置技能,0.5455,0.431075,False,1
1,1765826005.0521543,2025-12-15 19:13:25,SHIP500-B01-T00929,F06,maintenance,SK-DIAG-F06,发电机综合故障诊断,0.4545,0.397515,False,0
1,1765826017.2634082,2025-12-15 19:13:37,SHIP500-B01-T00930,F06,maintenance,SK-DIAG-F06,发电机综合故障诊断,0.4545,0.395861,False,0
1,1765826029.45162,2025-12-15 19:13:49,SHIP500-B01-T00931,F06,crew,SK-DIAG-F06,发电机综合故障诊断,0.5455,0.410271,False,1
1,1765826029.45162,2025-12-15 19:13:49,SHIP500-B01-T00931,F11,crew,SK-DIAG-F11,通讯与传感器故障诊断,0.5455,0.410271,False,1
1,1765826029.45162,2025-12-15 19:13:49,SHIP500-B01-T00931,*,crew,SK-ACT-CREW-OPS,机舱巡查与就地处置技能,0.5455,0.410271,False,1
1,1765826041.633351,2025-12-15 19:14:01,SHIP500-B01-T00932,F06,maintenance,SK-DIAG-F06,发电机综合故障诊断,0.4545,0.409051,False,0
1,1765826053.83385,2025-12-15 19:14:13,SHIP500-B01-T00933,F06,crew,SK-DIAG-F06,发电机综合故障诊断,0.5455,0.42546,False,1
1,1765826053.83385,2025-12-15 19:14:13,SHIP500-B01-T00933,F11,crew,SK-DIAG-F11,通讯与传感器故障诊断,0.5455,0.42546,False,1
1,1765826053.83385,2025-12-15 19:14:13,SHIP500-B01-T00933,*,crew,SK-ACT-CREW-OPS,机舱巡查与就地处置技能,0.5455,0.42546,False,1
1,1765826066.0204165,2025-12-15 19:14:26,SHIP500-B01-T00934,F06,crew,SK-DIAG-F06,发电机综合故障诊断,0.5455,0.411006,False,1
1,1765826066.0204165,2025-12-15 19:14:26,SHIP500-B01-T00934,F11,crew,SK-DIAG-F11,通讯与传感器故障诊断,0.5455,0.411006,False,1
1,1765826066.0204165,2025-12-15 19:14:26,SHIP500-B01-T00934,*,crew,SK-ACT-CREW-OPS,机舱巡查与就地处置技能,0.5455,0.411006,False,1
1,1765826078.2135944,2025-12-15 19:14:38,SHIP500-B01-T00935,F06,crew,SK-DIAG-F06,发电机综合故障诊断,0.5455,0.403002,False,1
1,1765826078.2135944,2025-12-15 19:14:38,SHIP500-B01-T00935,F11,crew,SK-DIAG-F11,通讯与传感器故障诊断,0.5455,0.403002,False,1
1,1765826078.2135944,2025-12-15 19:14:38,SHIP500-B01-T00935,*,crew,SK-ACT-CREW-OPS,机舱巡查与就地处置技能,0.5455,0.403002,False,1
1,1765826090.4035428,2025-12-15 19:14:50,SHIP500-B01-T00936,F06,crew,SK-DIAG-F06,发电机综合故障诊断,0.5455,0.40541,False,1
1,1765826090.4035428,2025-12-15 19:14:50,SHIP500-B01-T00936,F11,crew,SK-DIAG-F11,通讯与传感器故障诊断,0.5455,0.40541,False,1
1,1765826090.4035428,2025-12-15 19:14:50,SHIP500-B01-T00936,*,crew,SK-ACT-CREW-OPS,机舱巡查与就地处置技能,0.5455,0.40541,False,1
1,1765826102.5965018,2025-12-15 19:15:02,SHIP500-B01-T00937,F06,crew,SK-DIAG-F06,发电机综合故障诊断,0.5455,0.396333,False,1
1,1765826102.5965018,2025-12-15 19:15:02,SHIP500-B01-T00937,F11,crew,SK-DIAG-F11,通讯与传感器故障诊断,0.5455,0.396333,False,1
1,1765826102.5965018,2025-12-15 19:15:02,SHIP500-B01-T00937,*,crew,SK-ACT-CREW-OPS,机舱巡查与就地处置技能,0.5455,0.396333,False,1
1,1765826114.768839,2025-12-15 19:15:14,SHIP500-B01-T00938,F06,crew,SK-DIAG-F06,发电机综合故障诊断,0.5455,0.410761,False,1
1,1765826114.768839,2025-12-15 19:15:14,SHIP500-B01-T00938,F11,crew,SK-DIAG-F11,通讯与传感器故障诊断,0.5455,0.410761,False,1
1,1765826114.768839,2025-12-15 19:15:14,SHIP500-B01-T00938,*,crew,SK-ACT-CREW-OPS,机舱巡查与就地处置技能,0.5455,0.410761,False,1
1,1765826126.9422045,2025-12-15 19:15:26,SHIP500-B01-T00939,F06,crew,SK-DIAG-F06,发电机综合故障诊断,0.5455,0.409539,False,1
1,1765826126.9422045,2025-12-15 19:15:26,SHIP500-B01-T00939,F11,crew,SK-DIAG-F11,通讯与传感器故障诊断,0.5455,0.409539,False,1
1,1765826126.9422045,2025-12-15 19:15:26,SHIP500-B01-T00939,*,crew,SK-ACT-CREW-OPS,机舱巡查与就地处置技能,0.5455,0.409539,False,1
1,1765826139.1315067,2025-12-15 19:15:39,SHIP500-B01-T00940,F06,maintenance,SK-DIAG-F06,发电机综合故障诊断,0.4545,0.405894,False,0
1,1765826151.330372,2025-12-15 19:15:51,SHIP500-B01-T00941,F06,crew,SK-DIAG-F06,发电机综合故障诊断,0.5455,0.416926,False,1
1,1765826151.330372,2025-12-15 19:15:51,SHIP500-B01-T00941,F11,crew,SK-DIAG-F11,通讯与传感器故障诊断,0.5455,0.416926,False,1
1,1765826151.330372,2025-12-15 19:15:51,SHIP500-B01-T00941,*,crew,SK-ACT-CREW-OPS,机舱巡查与就地处置技能,0.5455,0.416926,False,1
1,1765826163.496451,2025-12-15 19:16:03,SHIP500-B01-T00942,F06,maintenance,SK-DIAG-F06,发电机综合故障诊断,0.4545,0.415191,False,0
1,1765826175.704338,2025-12-15 19:16:15,SHIP500-B01-T00943,F06,maintenance,SK-DIAG-F06,发电机综合故障诊断,0.4545,0.419418,False,0
1,1765826187.928719,2025-12-15 19:16:27,SHIP500-B01-T00944,F06,maintenance,SK-DIAG-F06,发电机综合故障诊断,0.4545,0.433135,False,0
1,1765826200.1371737,2025-12-15 19:16:40,SHIP500-B01-T00945,F06,crew,SK-DIAG-F06,发电机综合故障诊断,0.5455,0.441211,False,1
1,1765826200.1371737,2025-12-15 19:16:40,SHIP500-B01-T00945,F11,crew,SK-DIAG-F11,通讯与传感器故障诊断,0.5455,0.441211,False,1
1,1765826200.1371737,2025-12-15 19:16:40,SHIP500-B01-T00945,*,crew,SK-ACT-CREW-OPS,机舱巡查与就地处置技能,0.5455,0.441211,False,1
1,1765826212.3532772,2025-12-15 19:16:52,SHIP500-B01-T00946,F06,maintenance,SK-DIAG-F06,发电机综合故障诊断,0.4545,0.44917,False,0
1,1765826224.5627182,2025-12-15 19:17:04,SHIP500-B01-T00947,F06,crew,SK-DIAG-F06,发电机综合故障诊断,0.5455,0.454285,False,1
1,1765826224.5627182,2025-12-15 19:17:04,SHIP500-B01-T00947,F11,crew,SK-DIAG-F11,通讯与传感器故障诊断,0.5455,0.454285,False,1
1,1765826224.5627182,2025-12-15 19:17:04,SHIP500-B01-T00947,*,crew,SK-ACT-CREW-OPS,机舱巡查与就地处置技能,0.5455,0.454285,False,1
1,1765826236.756978,2025-12-15 19:17:16,SHIP500-B01-T00948,F06,crew,SK-DIAG-F06,发电机综合故障诊断,0.5455,0.447034,False,1
1,1765826236.756978,2025-12-15 19:17:16,SHIP500-B01-T00948,F11,crew,SK-DIAG-F11,通讯与传感器故障诊断,0.5455,0.447034,False,1
1,1765826236.756978,2025-12-15 19:17:16,SHIP500-B01-T00948,*,crew,SK-ACT-CREW-OPS,机舱巡查与就地处置技能,0.5455,0.447034,False,1
1,1765826248.9511244,2025-12-15 19:17:28,SHIP500-B01-T00949,F06,crew,SK-DIAG-F06,发电机综合故障诊断,0.5455,0.423184,False,1
1,1765826248.9511244,2025-12-15 19:17:28,SHIP500-B01-T00949,F11,crew,SK-DIAG-F11,通讯与传感器故障诊断,0.5455,0.423184,False,1
1,1765826248.9511244,2025-12-15 19:17:28,SHIP500-B01-T00949,*,crew,SK-ACT-CREW-OPS,机舱巡查与就地处置技能,0.5455,0.423184,False,1
1,1765826261.159379,2025-12-15 19:17:41,SHIP500-B01-T00950,F06,maintenance,SK-DIAG-F06,发电机综合故障诊断,0.4545,0.426222,False,0
1,1765826273.4330325,2025-12-15 19:17:53,SHIP500-B01-T00951,F06,crew,SK-DIAG-F06,发电机综合故障诊断,0.5455,0.42673,False,1
1,1765826273.4330325,2025-12-15 19:17:53,SHIP500-B01-T00951,F11,crew,SK-DIAG-F11,通讯与传感器故障诊断,0.5455,0.42673,False,1
1,1765826273.4330325,2025-12-15 19:17:53,SHIP500-B01-T00951,*,crew,SK-ACT-CREW-OPS,机舱巡查与就地处置技能,0.5455,0.42673,False,1
1,1765826285.6301622,2025-12-15 19:18:05,SHIP500-B01-T00952,F06,maintenance,SK-DIAG-F06,发电机综合故障诊断,0.4545,0.429281,False,0
1,1765826297.8186295,2025-12-15 19:18:17,SHIP500-B01-T00953,F06,maintenance,SK-DIAG-F06,发电机综合故障诊断,0.4545,0.425207,False,0
1,1765826310.0197592,2025-12-15 19:18:30,SHIP500-B01-T00954,F06,crew,SK-DIAG-F06,发电机综合故障诊断,0.5455,0.412478,False,1
1,1765826310.0197592,2025-12-15 19:18:30,SHIP500-B01-T00954,F11,crew,SK-DIAG-F11,通讯与传感器故障诊断,0.5455,0.412478,False,1
1,1765826310.0197592,2025-12-15 19:18:30,SHIP500-B01-T00954,*,crew,SK-ACT-CREW-OPS,机舱巡查与就地处置技能,0.5455,0.412478,False,1
1,1765826322.2627866,2025-12-15 19:18:42,SHIP500-B01-T00955,F06,maintenance,SK-DIAG-F06,发电机综合故障诊断,0.4545,0.410516,False,0
1,1765826334.4753249,2025-12-15 19:18:54,SHIP500-B01-T00956,F06,maintenance,SK-DIAG-F06,发电机综合故障诊断,0.4545,0.39304,False,0
1,1765826346.674719,2025-12-15 19:19:06,SHIP500-B01-T00957,F06,maintenance,SK-DIAG-F06,发电机综合故障诊断,0.4545,0.393743,False,0
1,1765826358.8514624,2025-12-15 19:19:18,SHIP500-B01-T00958,F06,maintenance,SK-DIAG-F06,发电机综合故障诊断,0.4545,0.393274,False,0
1,1765826371.031798,2025-12-15 19:19:31,SHIP500-B01-T00959,F06,crew,SK-DIAG-F06,发电机综合故障诊断,0.5455,0.389774,False,1
1,1765826371.031798,2025-12-15 19:19:31,SHIP500-B01-T00959,F11,crew,SK-DIAG-F11,通讯与传感器故障诊断,0.5455,0.389774,False,1
1,1765826371.031798,2025-12-15 19:19:31,SHIP500-B01-T00959,*,crew,SK-ACT-CREW-OPS,机舱巡查与就地处置技能,0.5455,0.389774,False,1
1,1765826383.252116,2025-12-15 19:19:43,SHIP500-B01-T00960,F06,maintenance,SK-DIAG-F06,发电机综合故障诊断,0.4545,0.385845,False,0
1,1765826395.4749262,2025-12-15 19:19:55,SHIP500-B01-T00961,F06,crew,SK-DIAG-F06,发电机综合故障诊断,0.5455,0.381274,False,1
1,1765826395.4749262,2025-12-15 19:19:55,SHIP500-B01-T00961,F11,crew,SK-DIAG-F11,通讯与传感器故障诊断,0.5455,0.381274,False,1
1,1765826395.4749262,2025-12-15 19:19:55,SHIP500-B01-T00961,*,crew,SK-ACT-CREW-OPS,机舱巡查与就地处置技能,0.5455,0.381274,False,1
1,1765826407.6862605,2025-12-15 19:20:07,SHIP500-B01-T00962,F06,maintenance,SK-DIAG-F06,发电机综合故障诊断,0.4545,0.377881,False,0
1,1765826419.872898,2025-12-15 19:20:19,SHIP500-B01-T00963,F06,maintenance,SK-DIAG-F06,发电机综合故障诊断,0.4545,0.383324,False,0
1,1765826432.0763958,2025-12-15 19:20:32,SHIP500-B01-T00964,F06,maintenance,SK-DIAG-F06,发电机综合故障诊断,0.4545,0.385845,False,0
1,1765826444.3007004,2025-12-15 19:20:44,SHIP500-B01-T00965,F06,crew,SK-DIAG-F06,发电机综合故障诊断,0.5455,0.379234,False,1
1,1765826444.3007004,2025-12-15 19:20:44,SHIP500-B01-T00965,F11,crew,SK-DIAG-F11,通讯与传感器故障诊断,0.5455,0.379234,False,1
1,1765826444.3007004,2025-12-15 19:20:44,SHIP500-B01-T00965,*,crew,SK-ACT-CREW-OPS,机舱巡查与就地处置技能,0.5455,0.379234,False,1
1,1765826456.4976535,2025-12-15 19:20:56,SHIP500-B01-T00966,F06,maintenance,SK-DIAG-F06,发电机综合故障诊断,0.4545,0.373181,False,0
1,1765826468.7102442,2025-12-15 19:21:08,SHIP500-B01-T00967,F06,crew,SK-DIAG-F06,发电机综合故障诊断,0.5455,0.36964,False,1
1,1765826468.7102442,2025-12-15 19:21:08,SHIP500-B01-T00967,F11,crew,SK-DIAG-F11,通讯与传感器故障诊断,0.5455,0.36964,False,1
1,1765826468.7102442,2025-12-15 19:21:08,SHIP500-B01-T00967,*,crew,SK-ACT-CREW-OPS,机舱巡查与就地处置技能,0.5455,0.36964,False,1
1,1765826480.9077642,2025-12-15 19:21:20,SHIP500-B01-T00968,F06,crew,SK-DIAG-F06,发电机综合故障诊断,0.5455,0.368101,False,1
1,1765826480.9077642,2025-12-15 19:21:20,SHIP500-B01-T00968,F11,crew,SK-DIAG-F11,通讯与传感器故障诊断,0.5455,0.368101,False,1
1,1765826480.9077642,2025-12-15 19:21:20,SHIP500-B01-T00968,*,crew,SK-ACT-CREW-OPS,机舱巡查与就地处置技能,0.5455,0.368101,False,1
1,1765826493.094634,2025-12-15 19:21:33,SHIP500-B01-T00969,F06,crew,SK-DIAG-F06,发电机综合故障诊断,0.5455,0.36986,False,1
1,1765826493.094634,2025-12-15 19:21:33,SHIP500-B01-T00969,F11,crew,SK-DIAG-F11,通讯与传感器故障诊断,0.5455,0.36986,False,1
1,1765826493.094634,2025-12-15 19:21:33,SHIP500-B01-T00969,*,crew,SK-ACT-CREW-OPS,机舱巡查与就地处置技能,0.5455,0.36986,False,1
1,1765826505.3008084,2025-12-15 19:21:45,SHIP500-B01-T00970,F06,maintenance,SK-DIAG-F06,发电机综合故障诊断,0.4545,0.365042,False,0
1,1765826517.510609,2025-12-15 19:21:57,SHIP500-B01-T00971,F06,crew,SK-DIAG-F06,发电机综合故障诊断,0.5455,0.364825,False,1
1,1765826517.510609,2025-12-15 19:21:57,SHIP500-B01-T00971,F11,crew,SK-DIAG-F11,通讯与传感器故障诊断,0.5455,0.364825,False,1
1,1765826517.510609,2025-12-15 19:21:57,SHIP500-B01-T00971,*,crew,SK-ACT-CREW-OPS,机舱巡查与就地处置技能,0.5455,0.364825,False,1
1,1765826529.718618,2025-12-15 19:22:09,SHIP500-B01-T00972,F06,crew,SK-DIAG-F06,发电机综合故障诊断,0.5455,0.36876,False,1
1,1765826529.718618,2025-12-15 19:22:09,SHIP500-B01-T00972,F11,crew,SK-DIAG-F11,通讯与传感器故障诊断,0.5455,0.36876,False,1
1,1765826529.718618,2025-12-15 19:22:09,SHIP500-B01-T00972,*,crew,SK-ACT-CREW-OPS,机舱巡查与就地处置技能,0.5455,0.36876,False,1
1,1765826541.8987606,2025-12-15 19:22:21,SHIP500-B01-T00973,F06,crew,SK-DIAG-F06,发电机综合故障诊断,0.5455,0.365914,False,1
1,1765826541.8987606,2025-12-15 19:22:21,SHIP500-B01-T00973,F11,crew,SK-DIAG-F11,通讯与传感器故障诊断,0.5455,0.365914,False,1
1,1765826541.8987606,2025-12-15 19:22:21,SHIP500-B01-T00973,*,crew,SK-ACT-CREW-OPS,机舱巡查与就地处置技能,0.5455,0.365914,False,1
1,1765826554.0791068,2025-12-15 19:22:34,SHIP500-B01-T00974,F06,crew,SK-DIAG-F06,发电机综合故障诊断,0.5455,0.362225,False,1
1,1765826554.0791068,2025-12-15 19:22:34,SHIP500-B01-T00974,F11,crew,SK-DIAG-F11,通讯与传感器故障诊断,0.5455,0.362225,False,1
1,1765826554.0791068,2025-12-15 19:22:34,SHIP500-B01-T00974,*,crew,SK-ACT-CREW-OPS,机舱巡查与就地处置技能,0.5455,0.362225,False,1
1,1765826566.310675,2025-12-15 19:22:46,SHIP500-B01-T00975,F06,maintenance,SK-DIAG-F06,发电机综合故障诊断,0.4545,0.360073,False,0
1,1765826578.5623238,2025-12-15 19:22:58,SHIP500-B01-T00976,F06,maintenance,SK-DIAG-F06,发电机综合故障诊断,0.4545,0.36526,False,0
1,1765826590.7718518,2025-12-15 19:23:10,SHIP500-B01-T00977,F06,crew,SK-DIAG-F06,发电机综合故障诊断,0.5455,0.366787,False,1
1,1765826590.7718518,2025-12-15 19:23:10,SHIP500-B01-T00977,F11,crew,SK-DIAG-F11,通讯与传感器故障诊断,0.5455,0.366787,False,1
1,1765826590.7718518,2025-12-15 19:23:10,SHIP500-B01-T00977,*,crew,SK-ACT-CREW-OPS,机舱巡查与就地处置技能,0.5455,0.366787,False,1
1,1765826602.9578629,2025-12-15 19:23:22,SHIP500-B01-T00978,F06,maintenance,SK-DIAG-F06,发电机综合故障诊断,0.4545,0.365042,False,0
1,1765826615.1579275,2025-12-15 19:23:35,SHIP500-B01-T00979,F06,maintenance,SK-DIAG-F06,发电机综合故障诊断,0.4545,0.365042,False,0
1,1765826627.3912222,2025-12-15 19:23:47,SHIP500-B01-T00980,F06,crew,SK-DIAG-F06,发电机综合故障诊断,0.5455,0.363523,False,1
1,1765826627.3912222,2025-12-15 19:23:47,SHIP500-B01-T00980,F11,crew,SK-DIAG-F11,通讯与传感器故障诊断,0.5455,0.363523,False,1
1,1765826627.3912222,2025-12-15 19:23:47,SHIP500-B01-T00980,*,crew,SK-ACT-CREW-OPS,机舱巡查与就地处置技能,0.5455,0.363523,False,1
1,1765826639.6165764,2025-12-15 19:23:59,SHIP500-B01-T00981,F06,maintenance,SK-DIAG-F06,发电机综合故障诊断,0.4545,0.365696,False,0
1,1765826651.803738,2025-12-15 19:24:11,SHIP500-B01-T00982,F06,maintenance,SK-DIAG-F06,发电机综合故障诊断,0.4545,0.365696,False,0
1,1765826663.984991,2025-12-15 19:24:23,SHIP500-B01-T00983,F06,crew,SK-DIAG-F06,发电机综合故障诊断,0.5455,0.361148,False,1
1,1765826663.984991,2025-12-15 19:24:23,SHIP500-B01-T00983,F11,crew,SK-DIAG-F11,通讯与传感器故障诊断,0.5455,0.361148,False,1
1,1765826663.984991,2025-12-15 19:24:23,SHIP500-B01-T00983,*,crew,SK-ACT-CREW-OPS,机舱巡查与就地处置技能,0.5455,0.361148,False,1
1,1765826676.2724657,2025-12-15 19:24:36,SHIP500-B01-T00984,F06,crew,SK-DIAG-F06,发电机综合故障诊断,0.5455,0.361794,False,1
1,1765826676.2724657,2025-12-15 19:24:36,SHIP500-B01-T00984,F11,crew,SK-DIAG-F11,通讯与传感器故障诊断,0.5455,0.361794,False,1
1,1765826676.2724657,2025-12-15 19:24:36,SHIP500-B01-T00984,*,crew,SK-ACT-CREW-OPS,机舱巡查与就地处置技能,0.5455,0.361794,False,1
1,1765826688.5014777,2025-12-15 19:24:48,SHIP500-B01-T00985,F06,crew,SK-DIAG-F06,发电机综合故障诊断,0.5455,0.364173,False,1
1,1765826688.5014777,2025-12-15 19:24:48,SHIP500-B01-T00985,F11,crew,SK-DIAG-F11,通讯与传感器故障诊断,0.5455,0.364173,False,1
1,1765826688.5014777,2025-12-15 19:24:48,SHIP500-B01-T00985,*,crew,SK-ACT-CREW-OPS,机舱巡查与就地处置技能,0.5455,0.364173,False,1
1,1765826700.7291806,2025-12-15 19:25:00,SHIP500-B01-T00986,F06,maintenance,SK-DIAG-F06,发电机综合故障诊断,0.4545,0.360503,False,0
1,1765826712.9198146,2025-12-15 19:25:12,SHIP500-B01-T00987,F06,crew,SK-DIAG-F06,发电机综合故障诊断,0.5455,0.359644,False,1
1,1765826712.9198146,2025-12-15 19:25:12,SHIP500-B01-T00987,F11,crew,SK-DIAG-F11,通讯与传感器故障诊断,0.5455,0.359644,False,1
1,1765826712.9198146,2025-12-15 19:25:12,SHIP500-B01-T00987,*,crew,SK-ACT-CREW-OPS,机舱巡查与就地处置技能,0.5455,0.359644,False,1
1,1765826725.1233518,2025-12-15 19:25:25,SHIP500-B01-T00988,F06,crew,SK-DIAG-F06,发电机综合故障诊断,0.5455,0.362657,False,1
1,1765826725.1233518,2025-12-15 19:25:25,SHIP500-B01-T00988,F11,crew,SK-DIAG-F11,通讯与传感器故障诊断,0.5455,0.362657,False,1
1,1765826725.1233518,2025-12-15 19:25:25,SHIP500-B01-T00988,*,crew,SK-ACT-CREW-OPS,机舱巡查与就地处置技能,0.5455,0.362657,False,1
1,1765826737.3370457,2025-12-15 19:25:37,SHIP500-B01-T00989,F06,crew,SK-DIAG-F06,发电机综合故障诊断,0.5455,0.364608,False,1
1,1765826737.3370457,2025-12-15 19:25:37,SHIP500-B01-T00989,F11,crew,SK-DIAG-F11,通讯与传感器故障诊断,0.5455,0.364608,False,1
1,1765826737.3370457,2025-12-15 19:25:37,SHIP500-B01-T00989,*,crew,SK-ACT-CREW-OPS,机舱巡查与就地处置技能,0.5455,0.364608,False,1
1,1765826749.55207,2025-12-15 19:25:49,SHIP500-B01-T00990,F06,maintenance,SK-DIAG-F06,发电机综合故障诊断,0.4545,0.36526,False,0
1,1765826761.7779014,2025-12-15 19:26:01,SHIP500-B01-T00991,F06,crew,SK-DIAG-F06,发电机综合故障诊断,0.5455,0.370743,False,1
1,1765826761.7779014,2025-12-15 19:26:01,SHIP500-B01-T00991,F11,crew,SK-DIAG-F11,通讯与传感器故障诊断,0.5455,0.370743,False,1
1,1765826761.7779014,2025-12-15 19:26:01,SHIP500-B01-T00991,*,crew,SK-ACT-CREW-OPS,机舱巡查与就地处置技能,0.5455,0.370743,False,1
1,1765826773.9749596,2025-12-15 19:26:13,SHIP500-B01-T00992,F06,maintenance,SK-DIAG-F06,发电机综合故障诊断,0.4545,0.36986,False,0
1,1765826786.180495,2025-12-15 19:26:26,SHIP500-B01-T00993,F06,maintenance,SK-DIAG-F06,发电机综合故障诊断,0.4545,0.372071,False,0
1,1765826798.4020314,2025-12-15 19:26:38,SHIP500-B01-T00994,F06,crew,SK-DIAG-F06,发电机综合故障诊断,0.5455,0.36876,False,1
1,1765826798.4020314,2025-12-15 19:26:38,SHIP500-B01-T00994,F11,crew,SK-DIAG-F11,通讯与传感器故障诊断,0.5455,0.36876,False,1
1,1765826798.4020314,2025-12-15 19:26:38,SHIP500-B01-T00994,*,crew,SK-ACT-CREW-OPS,机舱巡查与就地处置技能,0.5455,0.36876,False,1
1,1765826810.6130116,2025-12-15 19:26:50,SHIP500-B01-T00995,F06,maintenance,SK-DIAG-F06,发电机综合故障诊断,0.4545,0.369199,False,0
1,1765826822.820527,2025-12-15 19:27:02,SHIP500-B01-T00996,F06,crew,SK-DIAG-F06,发电机综合故障诊断,0.5455,0.374741,False,1
1,1765826822.820527,2025-12-15 19:27:02,SHIP500-B01-T00996,F11,crew,SK-DIAG-F11,通讯与传感器故障诊断,0.5455,0.374741,False,1
1,1765826822.820527,2025-12-15 19:27:02,SHIP500-B01-T00996,*,crew,SK-ACT-CREW-OPS,机舱巡查与就地处置技能,0.5455,0.374741,False,1
1,1765826835.008132,2025-12-15 19:27:15,SHIP500-B01-T00997,F06,maintenance,SK-DIAG-F06,发电机综合故障诊断,0.4545,0.37946,False,0
1,1765826847.2050636,2025-12-15 19:27:27,SHIP500-B01-T00998,F06,maintenance,SK-DIAG-F06,发电机综合故障诊断,0.4545,0.38082,False,0
1,1765826859.4132917,2025-12-15 19:27:39,SHIP500-B01-T00999,F06,crew,SK-DIAG-F06,发电机综合故障诊断,0.5455,0.381047,False,1
1,1765826859.4132917,2025-12-15 19:27:39,SHIP500-B01-T00999,F11,crew,SK-DIAG-F11,通讯与传感器故障诊断,0.5455,0.381047,False,1
1,1765826859.4132917,2025-12-15 19:27:39,SHIP500-B01-T00999,*,crew,SK-ACT-CREW-OPS,机舱巡查与就地处置技能,0.5455,0.381047,False,1
1,1765826871.623582,2025-12-15 19:27:51,SHIP500-B01-T01000,F06,maintenance,SK-DIAG-F06,发电机综合故障诊断,0.4545,0.389078,False,0
1,1765826883.9009838,2025-12-15 19:28:03,SHIP500-B01-T01001,F06,maintenance,SK-DIAG-F06,发电机综合故障诊断,0.4545,0.394918,False,0
1,1765826896.0693305,2025-12-15 19:28:16,SHIP500-B01-T01002,F06,maintenance,SK-DIAG-F06,发电机综合故障诊断,0.4545,0.395625,False,0
1,1765826908.2873657,2025-12-15 19:28:28,SHIP500-B01-T01003,F06,crew,SK-DIAG-F06,发电机综合故障诊断,0.5455,0.410516,False,1
1,1765826908.2873657,2025-12-15 19:28:28,SHIP500-B01-T01003,F11,crew,SK-DIAG-F11,通讯与传感器故障诊断,0.5455,0.410516,False,1
1,1765826908.2873657,2025-12-15 19:28:28,SHIP500-B01-T01003,*,crew,SK-ACT-CREW-OPS,机舱巡查与就地处置技能,0.5455,0.410516,False,1
1,1765826920.4968822,2025-12-15 19:28:40,SHIP500-B01-T01004,F06,maintenance,SK-DIAG-F06,发电机综合故障诊断,0.4545,0.41297,False,0
1,1765826932.7058742,2025-12-15 19:28:52,SHIP500-B01-T01005,F06,maintenance,SK-DIAG-F06,发电机综合故障诊断,0.4545,0.432361,False,0
1,1765826946.4748068,2025-12-15 19:29:06,SHIP500-B01-T01006,F06,crew,SK-DIAG-F06,发电机综合故障诊断,0.5455,0.434687,False,1
1,1765826946.4748068,2025-12-15 19:29:06,SHIP500-B01-T01006,F11,crew,SK-DIAG-F11,通讯与传感器故障诊断,0.5455,0.434687,False,1
1,1765826946.4748068,2025-12-15 19:29:06,SHIP500-B01-T01006,*,crew,SK-ACT-CREW-OPS,机舱巡查与就地处置技能,0.5455,0.434687,False,1
1,1765826958.688387,2025-12-15 19:29:18,SHIP500-B01-T01007,F06,maintenance,SK-DIAG-F06,发电机综合故障诊断,0.4545,0.396569,False,0
1,1765826970.921162,2025-12-15 19:29:30,SHIP500-B01-T01008,F06,maintenance,SK-DIAG-F06,发电机综合故障诊断,0.4545,0.398227,False,0
1,1765826983.1250024,2025-12-15 19:29:43,SHIP500-B01-T01009,F06,maintenance,SK-DIAG-F06,发电机综合故障诊断,0.4545,0.398227,False,0
1,1765826995.357884,2025-12-15 19:29:55,SHIP500-B01-T01010,F06,maintenance,SK-DIAG-F06,发电机综合故障诊断,0.4545,0.400846,False,0
1,1765827007.5390964,2025-12-15 19:30:07,SHIP500-B01-T01011,F06,crew,SK-DIAG-F06,发电机综合故障诊断,0.5455,0.399891,False,1
1,1765827007.5390964,2025-12-15 19:30:07,SHIP500-B01-T01011,F11,crew,SK-DIAG-F11,通讯与传感器故障诊断,0.5455,0.399891,False,1
1,1765827007.5390964,2025-12-15 19:30:07,SHIP500-B01-T01011,*,crew,SK-ACT-CREW-OPS,机舱巡查与就地处置技能,0.5455,0.399891,False,1
1,1765827019.7395022,2025-12-15 19:30:19,SHIP500-B01-T01012,F06,crew,SK-DIAG-F06,发电机综合故障诊断,0.5455,0.394448,False,1
1,1765827019.7395022,2025-12-15 19:30:19,SHIP500-B01-T01012,F11,crew,SK-DIAG-F11,通讯与传感器故障诊断,0.5455,0.394448,False,1
1,1765827019.7395022,2025-12-15 19:30:19,SHIP500-B01-T01012,*,crew,SK-ACT-CREW-OPS,机舱巡查与就地处置技能,0.5455,0.394448,False,1
1,1765827031.9267051,2025-12-15 19:30:31,SHIP500-B01-T01013,F06,maintenance,SK-DIAG-F06,发电机综合故障诊断,0.4545,0.38931,False,0
1,1765827044.15512,2025-12-15 19:30:44,SHIP500-B01-T01014,F06,maintenance,SK-DIAG-F06,发电机综合故障诊断,0.4545,0.399177,False,0
1,1765827056.3325903,2025-12-15 19:30:56,SHIP500-B01-T01015,F06,maintenance,SK-DIAG-F06,发电机综合故障诊断,0.4545,0.392572,False,0
1,1765827068.5179403,2025-12-15 19:31:08,SHIP500-B01-T01016,F06,maintenance,SK-DIAG-F06,发电机综合故障诊断,0.4545,0.393509,False,0
1,1765827080.704388,2025-12-15 19:31:20,SHIP500-B01-T01017,F06,crew,SK-DIAG-F06,发电机综合故障诊断,0.5455,0.399653,False,1
1,1765827080.704388,2025-12-15 19:31:20,SHIP500-B01-T01017,F11,crew,SK-DIAG-F11,通讯与传感器故障诊断,0.5455,0.399653,False,1
1,1765827080.704388,2025-12-15 19:31:20,SHIP500-B01-T01017,*,crew,SK-ACT-CREW-OPS,机舱巡查与就地处置技能,0.5455,0.399653,False,1
1,1765827092.9303129,2025-12-15 19:31:32,SHIP500-B01-T01018,F06,crew,SK-DIAG-F06,发电机综合故障诊断,0.5455,0.397752,False,1
1,1765827092.9303129,2025-12-15 19:31:32,SHIP500-B01-T01018,F11,crew,SK-DIAG-F11,通讯与传感器故障诊断,0.5455,0.397752,False,1
1,1765827092.9303129,2025-12-15 19:31:32,SHIP500-B01-T01018,*,crew,SK-ACT-CREW-OPS,机舱巡查与就地处置技能,0.5455,0.397752,False,1
1,1765827105.096291,2025-12-15 19:31:45,SHIP500-B01-T01019,F06,maintenance,SK-DIAG-F06,发电机综合故障诊断,0.4545,0.404928,False,0
1,1765827117.298546,2025-12-15 19:31:57,SHIP500-B01-T01020,F06,maintenance,SK-DIAG-F06,发电机综合故障诊断,0.4545,0.401324,False,0
1,1765827129.4880357,2025-12-15 19:32:09,SHIP500-B01-T01021,F06,maintenance,SK-DIAG-F06,发电机综合故障诊断,0.4545,0.405894,False,0
1,1765827141.699568,2025-12-15 19:32:21,SHIP500-B01-T01022,F06,crew,SK-DIAG-F06,发电机综合故障诊断,0.5455,0.423437,False,1
1,1765827141.699568,2025-12-15 19:32:21,SHIP500-B01-T01022,F11,crew,SK-DIAG-F11,通讯与传感器故障诊断,0.5455,0.423437,False,1
1,1765827141.699568,2025-12-15 19:32:21,SHIP500-B01-T01022,*,crew,SK-ACT-CREW-OPS,机舱巡查与就地处置技能,0.5455,0.423437,False,1
1,1765827153.8941956,2025-12-15 19:32:33,SHIP500-B01-T01023,F06,maintenance,SK-DIAG-F06,发电机综合故障诊断,0.4545,0.428769,False,0
1,1765827166.090732,2025-12-15 19:32:46,SHIP500-B01-T01024,F06,crew,SK-DIAG-F06,发电机综合故障诊断,0.5455,0.442001,False,1
1,1765827166.090732,2025-12-15 19:32:46,SHIP500-B01-T01024,F11,crew,SK-DIAG-F11,通讯与传感器故障诊断,0.5455,0.442001,False,1
1,1765827166.090732,2025-12-15 19:32:46,SHIP500-B01-T01024,*,crew,SK-ACT-CREW-OPS,机舱巡查与就地处置技能,0.5455,0.442001,False,1
1,1765827178.295082,2025-12-15 19:32:58,SHIP500-B01-T01025,F06,crew,SK-DIAG-F06,发电机综合故障诊断,0.5455,0.450242,False,1
1,1765827178.295082,2025-12-15 19:32:58,SHIP500-B01-T01025,F11,crew,SK-DIAG-F11,通讯与传感器故障诊断,0.5455,0.450242,False,1
1,1765827178.295082,2025-12-15 19:32:58,SHIP500-B01-T01025,*,crew,SK-ACT-CREW-OPS,机舱巡查与就地处置技能,0.5455,0.450242,False,1
1,1765827190.5045457,2025-12-15 19:33:10,SHIP500-B01-T01026,F06,maintenance,SK-DIAG-F06,发电机综合故障诊断,0.4545,0.42067,False,0
1,1765827202.6988585,2025-12-15 19:33:22,SHIP500-B01-T01027,F06,maintenance,SK-DIAG-F06,发电机综合故障诊断,0.4545,0.421925,False,0
1,1765827214.8601058,2025-12-15 19:33:34,SHIP500-B01-T01028,F06,maintenance,SK-DIAG-F06,发电机综合故障诊断,0.4545,0.424447,False,0
1,1765827227.0658422,2025-12-15 19:33:47,SHIP500-B01-T01029,F06,crew,SK-DIAG-F06,发电机综合故障诊断,0.5455,0.429792,False,1
1,1765827227.0658422,2025-12-15 19:33:47,SHIP500-B01-T01029,F11,crew,SK-DIAG-F11,通讯与传感器故障诊断,0.5455,0.429792,False,1
1,1765827227.0658422,2025-12-15 19:33:47,SHIP500-B01-T01029,*,crew,SK-ACT-CREW-OPS,机舱巡查与就地处置技能,0.5455,0.429792,False,1
1,1765827239.2703795,2025-12-15 19:33:59,SHIP500-B01-T01030,F06,maintenance,SK-DIAG-F06,发电机综合故障诊断,0.4545,0.432619,False,0
1,1765827251.4567268,2025-12-15 19:34:11,SHIP500-B01-T01031,F06,crew,SK-DIAG-F06,发电机综合故障诊断,0.5455,0.433135,False,1
1,1765827251.4567268,2025-12-15 19:34:11,SHIP500-B01-T01031,F11,crew,SK-DIAG-F11,通讯与传感器故障诊断,0.5455,0.433135,False,1
1,1765827251.4567268,2025-12-15 19:34:11,SHIP500-B01-T01031,*,crew,SK-ACT-CREW-OPS,机舱巡查与就地处置技能,0.5455,0.433135,False,1
1,1765827263.6840374,2025-12-15 19:34:23,SHIP500-B01-T01032,F06,maintenance,SK-DIAG-F06,发电机综合故障诊断,0.4545,0.41297,False,0
1,1765827275.8863297,2025-12-15 19:34:35,SHIP500-B01-T01033,F06,maintenance,SK-DIAG-F06,发电机综合故障诊断,0.4545,0.405169,False,0
1,1765827288.100985,2025-12-15 19:34:48,SHIP500-B01-T01034,F06,maintenance,SK-DIAG-F06,发电机综合故障诊断,0.4545,0.403723,False,0
1,1765827300.2709398,2025-12-15 19:35:00,SHIP500-B01-T01035,F06,crew,SK-DIAG-F06,发电机综合故障诊断,0.5455,0.396333,False,1
1,1765827300.2709398,2025-12-15 19:35:00,SHIP500-B01-T01035,F11,crew,SK-DIAG-F11,通讯与传感器故障诊断,0.5455,0.396333,False,1
1,1765827300.2709398,2025-12-15 19:35:00,SHIP500-B01-T01035,*,crew,SK-ACT-CREW-OPS,机舱巡查与就地处置技能,0.5455,0.396333,False,1
1,1765827312.52322,2025-12-15 19:35:12,SHIP500-B01-T01036,F06,maintenance,SK-DIAG-F06,发电机综合故障诊断,0.4545,0.397515,False,0
1,1765827324.7352717,2025-12-15 19:35:24,SHIP500-B01-T01037,F06,maintenance,SK-DIAG-F06,发电机综合故障诊断,0.4545,0.388152,False,0
1,1765827336.9469187,2025-12-15 19:35:36,SHIP500-B01-T01038,F06,crew,SK-DIAG-F06,发电机综合故障诊断,0.5455,0.386536,False,1
1,1765827336.9469187,2025-12-15 19:35:36,SHIP500-B01-T01038,F11,crew,SK-DIAG-F11,通讯与传感器故障诊断,0.5455,0.386536,False,1
1,1765827336.9469187,2025-12-15 19:35:36,SHIP500-B01-T01038,*,crew,SK-ACT-CREW-OPS,机舱巡查与就地处置技能,0.5455,0.386536,False,1
1,1765827349.1485436,2025-12-15 19:35:49,SHIP500-B01-T01039,F06,crew,SK-DIAG-F06,发电机综合故障诊断,0.5455,0.384697,False,1
1,1765827349.1485436,2025-12-15 19:35:49,SHIP500-B01-T01039,F11,crew,SK-DIAG-F11,通讯与传感器故障诊断,0.5455,0.384697,False,1
1,1765827349.1485436,2025-12-15 19:35:49,SHIP500-B01-T01039,*,crew,SK-ACT-CREW-OPS,机舱巡查与就地处置技能,0.5455,0.384697,False,1
1,1765827361.3461783,2025-12-15 19:36:01,SHIP500-B01-T01040,F06,maintenance,SK-DIAG-F06,发电机综合故障诊断,0.4545,0.388152,False,0
1,1765827373.5474036,2025-12-15 19:36:13,SHIP500-B01-T01041,F06,maintenance,SK-DIAG-F06,发电机综合故障诊断,0.4545,0.397515,False,0
1,1765827385.760321,2025-12-15 19:36:25,SHIP500-B01-T01042,F06,crew,SK-DIAG-F06,发电机综合故障诊断,0.5455,0.393274,False,1
1,1765827385.760321,2025-12-15 19:36:25,SHIP500-B01-T01042,F11,crew,SK-DIAG-F11,通讯与传感器故障诊断,0.5455,0.393274,False,1
1,1765827385.760321,2025-12-15 19:36:25,SHIP500-B01-T01042,*,crew,SK-ACT-CREW-OPS,机舱巡查与就地处置技能,0.5455,0.393274,False,1
1,1765827397.9657698,2025-12-15 19:36:37,SHIP500-B01-T01043,F06,crew,SK-DIAG-F06,发电机综合故障诊断,0.5455,0.387227,False,1
1,1765827397.9657698,2025-12-15 19:36:37,SHIP500-B01-T01043,F11,crew,SK-DIAG-F11,通讯与传感器故障诊断,0.5455,0.387227,False,1
1,1765827397.9657698,2025-12-15 19:36:37,SHIP500-B01-T01043,*,crew,SK-ACT-CREW-OPS,机舱巡查与就地处置技能,0.5455,0.387227,False,1
1,1765827410.1666772,2025-12-15 19:36:50,SHIP500-B01-T01044,F06,maintenance,SK-DIAG-F06,发电机综合故障诊断,0.4545,0.385845,False,0
1,1765827422.3769302,2025-12-15 19:37:02,SHIP500-B01-T01045,F06,crew,SK-DIAG-F06,发电机综合故障诊断,0.5455,0.388615,False,1
1,1765827422.3769302,2025-12-15 19:37:02,SHIP500-B01-T01045,F11,crew,SK-DIAG-F11,通讯与传感器故障诊断,0.5455,0.388615,False,1
1,1765827422.3769302,2025-12-15 19:37:02,SHIP500-B01-T01045,*,crew,SK-ACT-CREW-OPS,机舱巡查与就地处置技能,0.5455,0.388615,False,1
1,1765827434.5455518,2025-12-15 19:37:14,SHIP500-B01-T01046,F06,maintenance,SK-DIAG-F06,发电机综合故障诊断,0.4545,0.392806,False,0
1,1765827446.7613528,2025-12-15 19:37:26,SHIP500-B01-T01047,F06,maintenance,SK-DIAG-F06,发电机综合故障诊断,0.4545,0.398464,False,0
1,1765827458.967491,2025-12-15 19:37:38,SHIP500-B01-T01048,F06,maintenance,SK-DIAG-F06,发电机综合故障诊断,0.4545,0.397752,False,0
1,1765827471.1707716,2025-12-15 19:37:51,SHIP500-B01-T01049,F06,crew,SK-DIAG-F06,发电机综合故障诊断,0.5455,0.394918,False,1
1,1765827471.1707716,2025-12-15 19:37:51,SHIP500-B01-T01049,F11,crew,SK-DIAG-F11,通讯与传感器故障诊断,0.5455,0.394918,False,1
1,1765827471.1707716,2025-12-15 19:37:51,SHIP500-B01-T01049,*,crew,SK-ACT-CREW-OPS,机舱巡查与就地处置技能,0.5455,0.394918,False,1
1,1765827483.3991716,2025-12-15 19:38:03,SHIP500-B01-T01050,F06,maintenance,SK-DIAG-F06,发电机综合故障诊断,0.4545,0.394683,False,0
1,1765827495.665645,2025-12-15 19:38:15,SHIP500-B01-T01051,F06,maintenance,SK-DIAG-F06,发电机综合故障诊断,0.4545,0.392104,False,0
1,1765827507.871138,2025-12-15 19:38:27,SHIP500-B01-T01052,F06,maintenance,SK-DIAG-F06,发电机综合故障诊断,0.4545,0.397279,False,0
1,1765827520.100968,2025-12-15 19:38:40,SHIP500-B01-T01053,F06,maintenance,SK-DIAG-F06,发电机综合故障诊断,0.4545,0.393509,False,0
1,1765827532.2683463,2025-12-15 19:38:52,SHIP500-B01-T01054,F06,maintenance,SK-DIAG-F06,发电机综合故障诊断,0.4545,0.394683,False,0
1,1765827544.4832716,2025-12-15 19:39:04,SHIP500-B01-T01055,F06,maintenance,SK-DIAG-F06,发电机综合故障诊断,0.4545,0.393978,False,0
1,1765827556.7631698,2025-12-15 19:39:16,SHIP500-B01-T01056,F06,crew,SK-DIAG-F06,发电机综合故障诊断,0.5455,0.395389,False,1
1,1765827556.7631698,2025-12-15 19:39:16,SHIP500-B01-T01056,F11,crew,SK-DIAG-F11,通讯与传感器故障诊断,0.5455,0.395389,False,1
1,1765827556.7631698,2025-12-15 19:39:16,SHIP500-B01-T01056,*,crew,SK-ACT-CREW-OPS,机舱巡查与就地处置技能,0.5455,0.395389,False,1
1,1765827568.9638014,2025-12-15 19:39:28,SHIP500-B01-T01057,F06,maintenance,SK-DIAG-F06,发电机综合故障诊断,0.4545,0.390937,False,0
1,1765827581.169452,2025-12-15 19:39:41,SHIP500-B01-T01058,F06,maintenance,SK-DIAG-F06,发电机综合故障诊断,0.4545,0.391404,False,0
1,1765827593.3609085,2025-12-15 19:39:53,SHIP500-B01-T01059,F06,maintenance,SK-DIAG-F06,发电机综合故障诊断,0.4545,0.39117,False,0
1,1765827605.5348957,2025-12-15 19:40:05,SHIP500-B01-T01060,F06,maintenance,SK-DIAG-F06,发电机综合故障诊断,0.4545,0.390937,False,0
1,1765827617.7897522,2025-12-15 19:40:17,SHIP500-B01-T01061,F06,maintenance,SK-DIAG-F06,发电机综合故障诊断,0.4545,0.390239,False,0
1,1765827629.9983206,2025-12-15 19:40:29,SHIP500-B01-T01062,F06,crew,SK-DIAG-F06,发电机综合故障诊断,0.5455,0.39187,False,1
1,1765827629.9983206,2025-12-15 19:40:29,SHIP500-B01-T01062,F11,crew,SK-DIAG-F11,通讯与传感器故障诊断,0.5455,0.39187,False,1
1,1765827629.9983206,2025-12-15 19:40:29,SHIP500-B01-T01062,*,crew,SK-ACT-CREW-OPS,机舱巡查与就地处置技能,0.5455,0.39187,False,1
1,1765827642.2083166,2025-12-15 19:40:42,SHIP500-B01-T01063,F06,maintenance,SK-DIAG-F06,发电机综合故障诊断,0.4545,0.394213,False,0
1,1765827654.4061637,2025-12-15 19:40:54,SHIP500-B01-T01064,F06,maintenance,SK-DIAG-F06,发电机综合故障诊断,0.4545,0.398227,False,0
1,1765827666.601996,2025-12-15 19:41:06,SHIP500-B01-T01065,F06,crew,SK-DIAG-F06,发电机综合故障诊断,0.5455,0.406136,False,1
1,1765827666.601996,2025-12-15 19:41:06,SHIP500-B01-T01065,F11,crew,SK-DIAG-F11,通讯与传感器故障诊断,0.5455,0.406136,False,1
1,1765827666.601996,2025-12-15 19:41:06,SHIP500-B01-T01065,*,crew,SK-ACT-CREW-OPS,机舱巡查与就地处置技能,0.5455,0.406136,False,1
1,1765827678.7915342,2025-12-15 19:41:18,SHIP500-B01-T01066,F06,crew,SK-DIAG-F06,发电机综合故障诊断,0.5455,0.40662,False,1
1,1765827678.7915342,2025-12-15 19:41:18,SHIP500-B01-T01066,F11,crew,SK-DIAG-F11,通讯与传感器故障诊断,0.5455,0.40662,False,1
1,1765827678.7915342,2025-12-15 19:41:18,SHIP500-B01-T01066,*,crew,SK-ACT-CREW-OPS,机舱巡查与就地处置技能,0.5455,0.40662,False,1
1,1765827690.9930708,2025-12-15 19:41:30,SHIP500-B01-T01067,F06,maintenance,SK-DIAG-F06,发电机综合故障诊断,0.4545,0.406863,False,0
1,1765827703.1901376,2025-12-15 19:41:43,SHIP500-B01-T01068,F06,crew,SK-DIAG-F06,发电机综合故障诊断,0.5455,0.411251,False,1
1,1765827703.1901376,2025-12-15 19:41:43,SHIP500-B01-T01068,F11,crew,SK-DIAG-F11,通讯与传感器故障诊断,0.5455,0.411251,False,1
1,1765827703.1901376,2025-12-15 19:41:43,SHIP500-B01-T01068,*,crew,SK-ACT-CREW-OPS,机舱巡查与就地处置技能,0.5455,0.411251,False,1
1,1765827715.3692155,2025-12-15 19:41:55,SHIP500-B01-T01069,F06,crew,SK-DIAG-F06,发电机综合故障诊断,0.5455,0.41297,False,1
1,1765827715.3692155,2025-12-15 19:41:55,SHIP500-B01-T01069,F11,crew,SK-DIAG-F11,通讯与传感器故障诊断,0.5455,0.41297,False,1
1,1765827715.3692155,2025-12-15 19:41:55,SHIP500-B01-T01069,*,crew,SK-ACT-CREW-OPS,机舱巡查与就地处置技能,0.5455,0.41297,False,1
1,1765827727.565108,2025-12-15 19:42:07,SHIP500-B01-T01070,F06,crew,SK-DIAG-F06,发电机综合故障诊断,0.5455,0.415191,False,1
1,1765827727.565108,2025-12-15 19:42:07,SHIP500-B01-T01070,F11,crew,SK-DIAG-F11,通讯与传感器故障诊断,0.5455,0.415191,False,1
1,1765827727.565108,2025-12-15 19:42:07,SHIP500-B01-T01070,*,crew,SK-ACT-CREW-OPS,机舱巡查与就地处置技能,0.5455,0.415191,False,1
1,1765827739.7383976,2025-12-15 19:42:19,SHIP500-B01-T01071,F06,maintenance,SK-DIAG-F06,发电机综合故障诊断,0.4545,0.421925,False,0
1,1765827751.9760926,2025-12-15 19:42:31,SHIP500-B01-T01072,F06,maintenance,SK-DIAG-F06,发电机综合故障诊断,0.4545,0.430305,False,0
1,1765827764.2009292,2025-12-15 19:42:44,SHIP500-B01-T01073,F06,crew,SK-DIAG-F06,发电机综合故障诊断,0.5455,0.435724,False,1
1,1765827764.2009292,2025-12-15 19:42:44,SHIP500-B01-T01073,F11,crew,SK-DIAG-F11,通讯与传感器故障诊断,0.5455,0.435724,False,1
1,1765827764.2009292,2025-12-15 19:42:44,SHIP500-B01-T01073,*,crew,SK-ACT-CREW-OPS,机舱巡查与就地处置技能,0.5455,0.435724,False,1
1,1765827776.3784685,2025-12-15 19:42:56,SHIP500-B01-T01074,F06,crew,SK-DIAG-F06,发电机综合故障诊断,0.5455,0.435205,False,1
1,1765827776.3784685,2025-12-15 19:42:56,SHIP500-B01-T01074,F11,crew,SK-DIAG-F11,通讯与传感器故障诊断,0.5455,0.435205,False,1
1,1765827776.3784685,2025-12-15 19:42:56,SHIP500-B01-T01074,*,crew,SK-ACT-CREW-OPS,机舱巡查与就地处置技能,0.5455,0.435205,False,1
1,1765827788.5857594,2025-12-15 19:43:08,SHIP500-B01-T01075,F06,maintenance,SK-DIAG-F06,发电机综合故障诊断,0.4545,0.443056,False,0
1,1765827800.8045807,2025-12-15 19:43:20,SHIP500-B01-T01076,F06,crew,SK-DIAG-F06,发电机综合故障诊断,0.5455,0.447034,False,1
1,1765827800.8045807,2025-12-15 19:43:20,SHIP500-B01-T01076,F11,crew,SK-DIAG-F11,通讯与传感器故障诊断,0.5455,0.447034,False,1
1,1765827800.8045807,2025-12-15 19:43:20,SHIP500-B01-T01076,*,crew,SK-ACT-CREW-OPS,机舱巡查与就地处置技能,0.5455,0.447034,False,1
1,1765827813.043634,2025-12-15 19:43:33,SHIP500-B01-T01077,F06,maintenance,SK-DIAG-F06,发电机综合故障诊断,0.4545,0.473073,False,0
1,1765827825.2896647,2025-12-15 19:43:45,SHIP500-B01-T01078,F06,maintenance,SK-DIAG-F06,发电机综合故障诊断,0.4545,0.440423,False,0
1,1765827837.49974,2025-12-15 19:43:57,SHIP500-B01-T01079,F06,crew,SK-DIAG-F06,发电机综合故障诊断,0.5455,0.427493,False,1
1,1765827837.49974,2025-12-15 19:43:57,SHIP500-B01-T01079,F11,crew,SK-DIAG-F11,通讯与传感器故障诊断,0.5455,0.427493,False,1
1,1765827837.49974,2025-12-15 19:43:57,SHIP500-B01-T01079,*,crew,SK-ACT-CREW-OPS,机舱巡查与就地处置技能,0.5455,0.427493,False,1
1,1765827849.70485,2025-12-15 19:44:09,SHIP500-B01-T01080,F06,maintenance,SK-DIAG-F06,发电机综合故障诊断,0.4545,0.434428,False,0
1,1765827861.9316554,2025-12-15 19:44:21,SHIP500-B01-T01081,F06,crew,SK-DIAG-F06,发电机综合故障诊断,0.5455,0.432619,False,1
1,1765827861.9316554,2025-12-15 19:44:21,SHIP500-B01-T01081,F11,crew,SK-DIAG-F11,通讯与传感器故障诊断,0.5455,0.432619,False,1
1,1765827861.9316554,2025-12-15 19:44:21,SHIP500-B01-T01081,*,crew,SK-ACT-CREW-OPS,机舱巡查与就地处置技能,0.5455,0.432619,False,1
1,1765827874.1550832,2025-12-15 19:44:34,SHIP500-B01-T01082,F06,crew,SK-DIAG-F06,发电机综合故障诊断,0.5455,0.443056,False,1
1,1765827874.1550832,2025-12-15 19:44:34,SHIP500-B01-T01082,F11,crew,SK-DIAG-F11,通讯与传感器故障诊断,0.5455,0.443056,False,1
1,1765827874.1550832,2025-12-15 19:44:34,SHIP500-B01-T01082,*,crew,SK-ACT-CREW-OPS,机舱巡查与就地处置技能,0.5455,0.443056,False,1
1,1765827886.355338,2025-12-15 19:44:46,SHIP500-B01-T01083,F06,maintenance,SK-DIAG-F06,发电机综合故障诊断,0.4545,0.438328,False,0
1,1765827898.5335622,2025-12-15 19:44:58,SHIP500-B01-T01084,F06,maintenance,SK-DIAG-F06,发电机综合故障诊断,0.4545,0.42673,False,0
1,1765827910.7184343,2025-12-15 19:45:10,SHIP500-B01-T01085,F06,maintenance,SK-DIAG-F06,发电机综合故障诊断,0.4545,0.435464,False,0
1,1765827922.9314818,2025-12-15 19:45:22,SHIP500-B01-T01086,F06,maintenance,SK-DIAG-F06,发电机综合故障诊断,0.4545,0.428258,False,0
1,1765827935.1343985,2025-12-15 19:45:35,SHIP500-B01-T01087,F06,maintenance,SK-DIAG-F06,发电机综合故障诊断,0.4545,0.427493,False,0
1,1765827947.3407445,2025-12-15 19:45:47,SHIP500-B01-T01088,F06,crew,SK-DIAG-F06,发电机综合故障诊断,0.5455,0.430562,False,1
1,1765827947.3407445,2025-12-15 19:45:47,SHIP500-B01-T01088,F11,crew,SK-DIAG-F11,通讯与传感器故障诊断,0.5455,0.430562,False,1
1,1765827947.3407445,2025-12-15 19:45:47,SHIP500-B01-T01088,*,crew,SK-ACT-CREW-OPS,机舱巡查与就地处置技能,0.5455,0.430562,False,1
1,1765827959.5461032,2025-12-15 19:45:59,SHIP500-B01-T01089,F06,crew,SK-DIAG-F06,发电机综合故障诊断,0.5455,0.430305,False,1
1,1765827959.5461032,2025-12-15 19:45:59,SHIP500-B01-T01089,F11,crew,SK-DIAG-F11,通讯与传感器故障诊断,0.5455,0.430305,False,1
1,1765827959.5461032,2025-12-15 19:45:59,SHIP500-B01-T01089,*,crew,SK-ACT-CREW-OPS,机舱巡查与就地处置技能,0.5455,0.430305,False,1
1,1765827971.7560244,2025-12-15 19:46:11,SHIP500-B01-T01090,F06,crew,SK-DIAG-F06,发电机综合故障诊断,0.5455,0.431589,False,1
1,1765827971.7560244,2025-12-15 19:46:11,SHIP500-B01-T01090,F11,crew,SK-DIAG-F11,通讯与传感器故障诊断,0.5455,0.431589,False,1
1,1765827971.7560244,2025-12-15 19:46:11,SHIP500-B01-T01090,*,crew,SK-ACT-CREW-OPS,机舱巡查与就地处置技能,0.5455,0.431589,False,1
1,1765827983.972201,2025-12-15 19:46:23,SHIP500-B01-T01091,F06,maintenance,SK-DIAG-F06,发电机综合故障诊断,0.4545,0.428003,False,0
1,1765827996.1797404,2025-12-15 19:46:36,SHIP500-B01-T01092,F06,maintenance,SK-DIAG-F06,发电机综合故障诊断,0.4545,0.441474,False,0
1,1765828008.389032,2025-12-15 19:46:48,SHIP500-B01-T01093,F06,maintenance,SK-DIAG-F06,发电机综合故障诊断,0.4545,0.454285,False,0
1,1765828020.6154585,2025-12-15 19:47:00,SHIP500-B01-T01094,F06,maintenance,SK-DIAG-F06,发电机综合故障诊断,0.4545,0.463032,False,0
1,1765828032.8037074,2025-12-15 19:47:12,SHIP500-B01-T01095,F06,crew,SK-DIAG-F06,发电机综合故障诊断,0.5455,0.479316,False,1
1,1765828032.8037074,2025-12-15 19:47:12,SHIP500-B01-T01095,F11,crew,SK-DIAG-F11,通讯与传感器故障诊断,0.5455,0.479316,False,1
1,1765828032.8037074,2025-12-15 19:47:12,SHIP500-B01-T01095,*,crew,SK-ACT-CREW-OPS,机舱巡查与就地处置技能,0.5455,0.479316,False,1
1,1765828045.0305734,2025-12-15 19:47:25,SHIP500-B01-T01096,F06,maintenance,SK-DIAG-F06,发电机综合故障诊断,0.4545,0.482468,False,0
1,1765828057.245525,2025-12-15 19:47:37,SHIP500-B01-T01097,F06,maintenance,SK-DIAG-F06,发电机综合故障诊断,0.4545,0.449974,False,0
1,1765828069.4426951,2025-12-15 19:47:49,SHIP500-B01-T01098,F06,maintenance,SK-DIAG-F06,发电机综合故障诊断,0.4545,0.450779,False,0
1,1765828081.6739738,2025-12-15 19:48:01,SHIP500-B01-T01099,F06,maintenance,SK-DIAG-F06,发电机综合故障诊断,0.4545,0.452394,False,0
1,1765828093.8857963,2025-12-15 19:48:13,SHIP500-B01-T01100,F06,maintenance,SK-DIAG-F06,发电机综合故障诊断,0.4545,0.461379,False,0
1,1765828106.14964,2025-12-15 19:48:26,SHIP500-B01-T01101,F06,crew,SK-DIAG-F06,发电机综合故障诊断,0.5455,0.463308,False,1
1,1765828106.14964,2025-12-15 19:48:26,SHIP500-B01-T01101,F11,crew,SK-DIAG-F11,通讯与传感器故障诊断,0.5455,0.463308,False,1
1,1765828106.14964,2025-12-15 19:48:26,SHIP500-B01-T01101,*,crew,SK-ACT-CREW-OPS,机舱巡查与就地处置技能,0.5455,0.463308,False,1
1,1765828118.3831198,2025-12-15 19:48:38,SHIP500-B01-T01102,F06,maintenance,SK-DIAG-F06,发电机综合故障诊断,0.4545,0.453474,False,0
1,1765828130.5710292,2025-12-15 19:48:50,SHIP500-B01-T01103,F06,crew,SK-DIAG-F06,发电机综合故障诊断,0.5455,0.445704,False,1
1,1765828130.5710292,2025-12-15 19:48:50,SHIP500-B01-T01103,F11,crew,SK-DIAG-F11,通讯与传感器故障诊断,0.5455,0.445704,False,1
1,1765828130.5710292,2025-12-15 19:48:50,SHIP500-B01-T01103,*,crew,SK-ACT-CREW-OPS,机舱巡查与就地处置技能,0.5455,0.445704,False,1
1,1765828142.783764,2025-12-15 19:49:02,SHIP500-B01-T01104,F06,crew,SK-DIAG-F06,发电机综合故障诊断,0.5455,0.439899,False,1
1,1765828142.783764,2025-12-15 19:49:02,SHIP500-B01-T01104,F11,crew,SK-DIAG-F11,通讯与传感器故障诊断,0.5455,0.439899,False,1
1,1765828142.783764,2025-12-15 19:49:02,SHIP500-B01-T01104,*,crew,SK-ACT-CREW-OPS,机舱巡查与就地处置技能,0.5455,0.439899,False,1
1,1765828154.966141,2025-12-15 19:49:14,SHIP500-B01-T01105,F06,crew,SK-DIAG-F06,发电机综合故障诊断,0.5455,0.439637,False,1
1,1765828154.966141,2025-12-15 19:49:14,SHIP500-B01-T01105,F11,crew,SK-DIAG-F11,通讯与传感器故障诊断,0.5455,0.439637,False,1
1,1765828154.966141,2025-12-15 19:49:14,SHIP500-B01-T01105,*,crew,SK-ACT-CREW-OPS,机舱巡查与就地处置技能,0.5455,0.439637,False,1
1,1765828167.171845,2025-12-15 19:49:27,SHIP500-B01-T01106,F06,maintenance,SK-DIAG-F06,发电机综合故障诊断,0.4545,0.435984,False,0
1,1765828179.3821108,2025-12-15 19:49:39,SHIP500-B01-T01107,F06,maintenance,SK-DIAG-F06,发电机综合故障诊断,0.4545,0.440948,False,0
1,1765828191.5915794,2025-12-15 19:49:51,SHIP500-B01-T01108,F06,maintenance,SK-DIAG-F06,发电机综合故障诊断,0.4545,0.442528,False,0
1,1765828203.819959,2025-12-15 19:50:03,SHIP500-B01-T01109,F06,maintenance,SK-DIAG-F06,发电机综合故障诊断,0.4545,0.43859,False,0
1,1765828216.015092,2025-12-15 19:50:16,SHIP500-B01-T01110,F06,crew,SK-DIAG-F06,发电机综合故障诊断,0.5455,0.430562,False,1
1,1765828216.015092,2025-12-15 19:50:16,SHIP500-B01-T01110,F11,crew,SK-DIAG-F11,通讯与传感器故障诊断,0.5455,0.430562,False,1
1,1765828216.015092,2025-12-15 19:50:16,SHIP500-B01-T01110,*,crew,SK-ACT-CREW-OPS,机舱巡查与就地处置技能,0.5455,0.430562,False,1
1,1765828228.2049403,2025-12-15 19:50:28,SHIP500-B01-T01111,F06,maintenance,SK-DIAG-F06,发电机综合故障诊断,0.4545,0.436764,False,0
1,1765828240.4392807,2025-12-15 19:50:40,SHIP500-B01-T01112,F06,crew,SK-DIAG-F06,发电机综合故障诊断,0.5455,0.436504,False,1
1,1765828240.4392807,2025-12-15 19:50:40,SHIP500-B01-T01112,F11,crew,SK-DIAG-F11,通讯与传感器故障诊断,0.5455,0.436504,False,1
1,1765828240.4392807,2025-12-15 19:50:40,SHIP500-B01-T01112,*,crew,SK-ACT-CREW-OPS,机舱巡查与就地处置技能,0.5455,0.436504,False,1
1,1765828252.6423438,2025-12-15 19:50:52,SHIP500-B01-T01113,F06,crew,SK-DIAG-F06,发电机综合故障诊断,0.5455,0.438328,False,1
1,1765828252.6423438,2025-12-15 19:50:52,SHIP500-B01-T01113,F11,crew,SK-DIAG-F11,通讯与传感器故障诊断,0.5455,0.438328,False,1
1,1765828252.6423438,2025-12-15 19:50:52,SHIP500-B01-T01113,*,crew,SK-ACT-CREW-OPS,机舱巡查与就地处置技能,0.5455,0.438328,False,1
1,1765828264.8297658,2025-12-15 19:51:04,SHIP500-B01-T01114,F06,maintenance,SK-DIAG-F06,发电机综合故障诊断,0.4545,0.433652,False,0
1,1765828277.029348,2025-12-15 19:51:17,SHIP500-B01-T01115,F06,crew,SK-DIAG-F06,发电机综合故障诊断,0.5455,0.435984,False,1
1,1765828277.029348,2025-12-15 19:51:17,SHIP500-B01-T01115,F11,crew,SK-DIAG-F11,通讯与传感器故障诊断,0.5455,0.435984,False,1
1,1765828277.029348,2025-12-15 19:51:17,SHIP500-B01-T01115,*,crew,SK-ACT-CREW-OPS,机舱巡查与就地处置技能,0.5455,0.435984,False,1
1,1765828289.2324777,2025-12-15 19:51:29,SHIP500-B01-T01116,F06,crew,SK-DIAG-F06,发电机综合故障诊断,0.5455,0.457818,False,1
1,1765828289.2324777,2025-12-15 19:51:29,SHIP500-B01-T01116,F11,crew,SK-DIAG-F11,通讯与传感器故障诊断,0.5455,0.457818,False,1
1,1765828289.2324777,2025-12-15 19:51:29,SHIP500-B01-T01116,*,crew,SK-ACT-CREW-OPS,机舱巡查与就地处置技能,0.5455,0.457818,False,1
1,1765828301.4378636,2025-12-15 19:51:41,SHIP500-B01-T01117,F06,maintenance,SK-DIAG-F06,发电机综合故障诊断,0.4545,0.458091,False,0
1,1765828313.6296992,2025-12-15 19:51:53,SHIP500-B01-T01118,F06,maintenance,SK-DIAG-F06,发电机综合故障诊断,0.4545,0.458091,False,0
1,1765828325.804427,2025-12-15 19:52:05,SHIP500-B01-T01119,F06,maintenance,SK-DIAG-F06,发电机综合故障诊断,0.4545,0.457818,False,0
1,1765828338.0277004,2025-12-15 19:52:18,SHIP500-B01-T01120,F06,maintenance,SK-DIAG-F06,发电机综合故障诊断,0.4545,0.456184,False,0
1,1765828350.2406285,2025-12-15 19:52:30,SHIP500-B01-T01121,F06,maintenance,SK-DIAG-F06,发电机综合故障诊断,0.4545,0.451317,False,0
1,1765828362.4697037,2025-12-15 19:52:42,SHIP500-B01-T01122,F06,maintenance,SK-DIAG-F06,发电机综合故障诊断,0.4545,0.447834,False,0
1,1765828374.712039,2025-12-15 19:52:54,SHIP500-B01-T01123,F06,crew,SK-DIAG-F06,发电机综合故障诊断,0.5455,0.441738,False,1
1,1765828374.712039,2025-12-15 19:52:54,SHIP500-B01-T01123,F11,crew,SK-DIAG-F11,通讯与传感器故障诊断,0.5455,0.441738,False,1
1,1765828374.712039,2025-12-15 19:52:54,SHIP500-B01-T01123,*,crew,SK-ACT-CREW-OPS,机舱巡查与就地处置技能,0.5455,0.441738,False,1
1,1765828386.8894136,2025-12-15 19:53:06,SHIP500-B01-T01124,F06,crew,SK-DIAG-F06,发电机综合故障诊断,0.5455,0.441474,False,1
1,1765828386.8894136,2025-12-15 19:53:06,SHIP500-B01-T01124,F11,crew,SK-DIAG-F11,通讯与传感器故障诊断,0.5455,0.441474,False,1
1,1765828386.8894136,2025-12-15 19:53:06,SHIP500-B01-T01124,*,crew,SK-ACT-CREW-OPS,机舱巡查与就地处置技能,0.5455,0.441474,False,1
1,1765828399.0777247,2025-12-15 19:53:19,SHIP500-B01-T01125,F06,maintenance,SK-DIAG-F06,发电机综合故障诊断,0.4545,0.444113,False,0
1,1765828411.284428,2025-12-15 19:53:31,SHIP500-B01-T01126,F06,crew,SK-DIAG-F06,发电机综合故障诊断,0.5455,0.452934,False,1
1,1765828411.284428,2025-12-15 19:53:31,SHIP500-B01-T01126,F11,crew,SK-DIAG-F11,通讯与传感器故障诊断,0.5455,0.452934,False,1
1,1765828411.284428,2025-12-15 19:53:31,SHIP500-B01-T01126,*,crew,SK-ACT-CREW-OPS,机舱巡查与就地处置技能,0.5455,0.452934,False,1
1,1765828423.516549,2025-12-15 19:53:43,SHIP500-B01-T01127,F06,crew,SK-DIAG-F06,发电机综合故障诊断,0.5455,0.443584,False,1
1,1765828423.516549,2025-12-15 19:53:43,SHIP500-B01-T01127,F11,crew,SK-DIAG-F11,通讯与传感器故障诊断,0.5455,0.443584,False,1
1,1765828423.516549,2025-12-15 19:53:43,SHIP500-B01-T01127,*,crew,SK-ACT-CREW-OPS,机舱巡查与就地处置技能,0.5455,0.443584,False,1
1,1765828435.753809,2025-12-15 19:53:55,SHIP500-B01-T01128,F06,crew,SK-DIAG-F06,发电机综合故障诊断,0.5455,0.439899,False,1
1,1765828435.753809,2025-12-15 19:53:55,SHIP500-B01-T01128,F11,crew,SK-DIAG-F11,通讯与传感器故障诊断,0.5455,0.439899,False,1
1,1765828435.753809,2025-12-15 19:53:55,SHIP500-B01-T01128,*,crew,SK-ACT-CREW-OPS,机舱巡查与就地处置技能,0.5455,0.439899,False,1
1,1765828447.9643528,2025-12-15 19:54:07,SHIP500-B01-T01129,F06,crew,SK-DIAG-F06,发电机综合故障诊断,0.5455,0.444378,False,1
1,1765828447.9643528,2025-12-15 19:54:07,SHIP500-B01-T01129,F11,crew,SK-DIAG-F11,通讯与传感器故障诊断,0.5455,0.444378,False,1
1,1765828447.9643528,2025-12-15 19:54:07,SHIP500-B01-T01129,*,crew,SK-ACT-CREW-OPS,机舱巡查与就地处置技能,0.5455,0.444378,False,1
1,1765828460.165985,2025-12-15 19:54:20,SHIP500-B01-T01130,F06,crew,SK-DIAG-F06,发电机综合故障诊断,0.5455,0.438067,False,1
1,1765828460.165985,2025-12-15 19:54:20,SHIP500-B01-T01130,F11,crew,SK-DIAG-F11,通讯与传感器故障诊断,0.5455,0.438067,False,1
1,1765828460.165985,2025-12-15 19:54:20,SHIP500-B01-T01130,*,crew,SK-ACT-CREW-OPS,机舱巡查与就地处置技能,0.5455,0.438067,False,1
1,1765828472.373352,2025-12-15 19:54:32,SHIP500-B01-T01131,F06,crew,SK-DIAG-F06,发电机综合故障诊断,0.5455,0.436504,False,1
1,1765828472.373352,2025-12-15 19:54:32,SHIP500-B01-T01131,F11,crew,SK-DIAG-F11,通讯与传感器故障诊断,0.5455,0.436504,False,1
1,1765828472.373352,2025-12-15 19:54:32,SHIP500-B01-T01131,*,crew,SK-ACT-CREW-OPS,机舱巡查与就地处置技能,0.5455,0.436504,False,1
1,1765828484.5801375,2025-12-15 19:54:44,SHIP500-B01-T01132,F06,maintenance,SK-DIAG-F06,发电机综合故障诊断,0.4545,0.438851,False,0
1,1765828496.7569225,2025-12-15 19:54:56,SHIP500-B01-T01133,F06,maintenance,SK-DIAG-F06,发电机综合故障诊断,0.4545,0.439899,False,0
1,1765828509.0119617,2025-12-15 19:55:09,SHIP500-B01-T01134,F06,crew,SK-DIAG-F06,发电机综合故障诊断,0.5455,0.439637,False,1
1,1765828509.0119617,2025-12-15 19:55:09,SHIP500-B01-T01134,F11,crew,SK-DIAG-F11,通讯与传感器故障诊断,0.5455,0.439637,False,1
1,1765828509.0119617,2025-12-15 19:55:09,SHIP500-B01-T01134,*,crew,SK-ACT-CREW-OPS,机舱巡查与就地处置技能,0.5455,0.439637,False,1
1,1765828521.183823,2025-12-15 19:55:21,SHIP500-B01-T01135,F06,crew,SK-DIAG-F06,发电机综合故障诊断,0.5455,0.443849,False,1
1,1765828521.183823,2025-12-15 19:55:21,SHIP500-B01-T01135,F11,crew,SK-DIAG-F11,通讯与传感器故障诊断,0.5455,0.443849,False,1
1,1765828521.183823,2025-12-15 19:55:21,SHIP500-B01-T01135,*,crew,SK-ACT-CREW-OPS,机舱巡查与就地处置技能,0.5455,0.443849,False,1
1,1765828533.3860383,2025-12-15 19:55:33,SHIP500-B01-T01136,F06,crew,SK-DIAG-F06,发电机综合故障诊断,0.5455,0.442001,False,1
1,1765828533.3860383,2025-12-15 19:55:33,SHIP500-B01-T01136,F11,crew,SK-DIAG-F11,通讯与传感器故障诊断,0.5455,0.442001,False,1
1,1765828533.3860383,2025-12-15 19:55:33,SHIP500-B01-T01136,*,crew,SK-ACT-CREW-OPS,机舱巡查与就地处置技能,0.5455,0.442001,False,1
1,1765828545.597607,2025-12-15 19:55:45,SHIP500-B01-T01137,F06,maintenance,SK-DIAG-F06,发电机综合故障诊断,0.4545,0.454015,False,0
1,1765828557.7944436,2025-12-15 19:55:57,SHIP500-B01-T01138,F06,crew,SK-DIAG-F06,发电机综合故障诊断,0.5455,0.451855,False,1
1,1765828557.7944436,2025-12-15 19:55:57,SHIP500-B01-T01138,F11,crew,SK-DIAG-F11,通讯与传感器故障诊断,0.5455,0.451855,False,1
1,1765828557.7944436,2025-12-15 19:55:57,SHIP500-B01-T01138,*,crew,SK-ACT-CREW-OPS,机舱巡查与就地处置技能,0.5455,0.451855,False,1
1,1765828570.01304,2025-12-15 19:56:10,SHIP500-B01-T01139,F06,crew,SK-DIAG-F06,发电机综合故障诊断,0.5455,0.455369,False,1
1,1765828570.01304,2025-12-15 19:56:10,SHIP500-B01-T01139,F11,crew,SK-DIAG-F11,通讯与传感器故障诊断,0.5455,0.455369,False,1
1,1765828570.01304,2025-12-15 19:56:10,SHIP500-B01-T01139,*,crew,SK-ACT-CREW-OPS,机舱巡查与就地处置技能,0.5455,0.455369,False,1
1,1765828582.2301922,2025-12-15 19:56:22,SHIP500-B01-T01140,F06,maintenance,SK-DIAG-F06,发电机综合故障诊断,0.4545,0.457546,False,0
1,1765828594.4419136,2025-12-15 19:56:34,SHIP500-B01-T01141,F06,maintenance,SK-DIAG-F06,发电机综合故障诊断,0.4545,0.451586,False,0
1,1765828606.6058578,2025-12-15 19:56:46,SHIP500-B01-T01142,F06,crew,SK-DIAG-F06,发电机综合故障诊断,0.5455,0.46028,False,1
1,1765828606.6058578,2025-12-15 19:56:46,SHIP500-B01-T01142,F11,crew,SK-DIAG-F11,通讯与传感器故障诊断,0.5455,0.46028,False,1
1,1765828606.6058578,2025-12-15 19:56:46,SHIP500-B01-T01142,*,crew,SK-ACT-CREW-OPS,机舱巡查与就地处置技能,0.5455,0.46028,False,1
1,1765828618.8088143,2025-12-15 19:56:58,SHIP500-B01-T01143,F06,maintenance,SK-DIAG-F06,发电机综合故障诊断,0.4545,0.464413,False,0
1,1765828631.0204124,2025-12-15 19:57:11,SHIP500-B01-T01144,F06,crew,SK-DIAG-F06,发电机综合故障诊断,0.5455,0.46248,False,1
1,1765828631.0204124,2025-12-15 19:57:11,SHIP500-B01-T01144,F11,crew,SK-DIAG-F11,通讯与传感器故障诊断,0.5455,0.46248,False,1
1,1765828631.0204124,2025-12-15 19:57:11,SHIP500-B01-T01144,*,crew,SK-ACT-CREW-OPS,机舱巡查与就地处置技能,0.5455,0.46248,False,1
1,1765828643.287609,2025-12-15 19:57:23,SHIP500-B01-T01145,F06,maintenance,SK-DIAG-F06,发电机综合故障诊断,0.4545,0.464137,False,0
1,1765828655.492672,2025-12-15 19:57:35,SHIP500-B01-T01146,F06,maintenance,SK-DIAG-F06,发电机综合故障诊断,0.4545,0.468025,False,0
1,1765828667.7000043,2025-12-15 19:57:47,SHIP500-B01-T01147,F06,maintenance,SK-DIAG-F06,发电机综合故障诊断,0.4545,0.474202,False,0
1,1765828679.940549,2025-12-15 19:57:59,SHIP500-B01-T01148,F06,maintenance,SK-DIAG-F06,发电机综合故障诊断,0.4545,0.451048,False,0
1,1765828692.1509197,2025-12-15 19:58:12,SHIP500-B01-T01149,F06,maintenance,SK-DIAG-F06,发电机综合故障诊断,0.4545,0.457001,False,0
1,1765828704.3559186,2025-12-15 19:58:24,SHIP500-B01-T01150,F06,maintenance,SK-DIAG-F06,发电机综合故障诊断,0.4545,0.461654,False,0
1,1765828716.6774862,2025-12-15 19:58:36,SHIP500-B01-T01151,F06,maintenance,SK-DIAG-F06,发电机综合故障诊断,0.4545,0.459732,False,0
1,1765828728.8906827,2025-12-15 19:58:48,SHIP500-B01-T01152,F06,crew,SK-DIAG-F06,发电机综合故障诊断,0.5455,0.456184,False,1
1,1765828728.8906827,2025-12-15 19:58:48,SHIP500-B01-T01152,F11,crew,SK-DIAG-F11,通讯与传感器故障诊断,0.5455,0.456184,False,1
1,1765828728.8906827,2025-12-15 19:58:48,SHIP500-B01-T01152,*,crew,SK-ACT-CREW-OPS,机舱巡查与就地处置技能,0.5455,0.456184,False,1
1,1765828741.1015334,2025-12-15 19:59:01,SHIP500-B01-T01153,F06,crew,SK-DIAG-F06,发电机综合故障诊断,0.5455,0.451317,False,1
1,1765828741.1015334,2025-12-15 19:59:01,SHIP500-B01-T01153,F11,crew,SK-DIAG-F11,通讯与传感器故障诊断,0.5455,0.451317,False,1
1,1765828741.1015334,2025-12-15 19:59:01,SHIP500-B01-T01153,*,crew,SK-ACT-CREW-OPS,机舱巡查与就地处置技能,0.5455,0.451317,False,1
1,1765828753.3031943,2025-12-15 19:59:13,SHIP500-B01-T01154,F06,maintenance,SK-DIAG-F06,发电机综合故障诊断,0.4545,0.446236,False,0
1,1765828765.5153675,2025-12-15 19:59:25,SHIP500-B01-T01155,F06,crew,SK-DIAG-F06,发电机综合故障诊断,0.5455,0.443584,False,1
1,1765828765.5153675,2025-12-15 19:59:25,SHIP500-B01-T01155,F11,crew,SK-DIAG-F11,通讯与传感器故障诊断,0.5455,0.443584,False,1
1,1765828765.5153675,2025-12-15 19:59:25,SHIP500-B01-T01155,*,crew,SK-ACT-CREW-OPS,机舱巡查与就地处置技能,0.5455,0.443584,False,1
1,1765828777.7558527,2025-12-15 19:59:37,SHIP500-B01-T01156,F06,maintenance,SK-DIAG-F06,发电机综合故障诊断,0.4545,0.435984,False,0
1,1765828789.9686804,2025-12-15 19:59:49,SHIP500-B01-T01157,F06,crew,SK-DIAG-F06,发电机综合故障诊断,0.5455,0.432619,False,1
1,1765828789.9686804,2025-12-15 19:59:49,SHIP500-B01-T01157,F11,crew,SK-DIAG-F11,通讯与传感器故障诊断,0.5455,0.432619,False,1
1,1765828789.9686804,2025-12-15 19:59:49,SHIP500-B01-T01157,*,crew,SK-ACT-CREW-OPS,机舱巡查与就地处置技能,0.5455,0.432619,False,1
1,1765828802.1523578,2025-12-15 20:00:02,SHIP500-B01-T01158,F06,maintenance,SK-DIAG-F06,发电机综合故障诊断,0.4545,0.427493,False,0
1,1765828814.3314989,2025-12-15 20:00:14,SHIP500-B01-T01159,F06,crew,SK-DIAG-F06,发电机综合故障诊断,0.5455,0.426476,False,1
1,1765828814.3314989,2025-12-15 20:00:14,SHIP500-B01-T01159,F11,crew,SK-DIAG-F11,通讯与传感器故障诊断,0.5455,0.426476,False,1
1,1765828814.3314989,2025-12-15 20:00:14,SHIP500-B01-T01159,*,crew,SK-ACT-CREW-OPS,机舱巡查与就地处置技能,0.5455,0.426476,False,1
1,1765828826.5219393,2025-12-15 20:00:26,SHIP500-B01-T01160,F06,crew,SK-DIAG-F06,发电机综合故障诊断,0.5455,0.431846,False,1
1,1765828826.5219393,2025-12-15 20:00:26,SHIP500-B01-T01160,F11,crew,SK-DIAG-F11,通讯与传感器故障诊断,0.5455,0.431846,False,1
1,1765828826.5219393,2025-12-15 20:00:26,SHIP500-B01-T01160,*,crew,SK-ACT-CREW-OPS,机舱巡查与就地处置技能,0.5455,0.431846,False,1
1,1765828838.7181168,2025-12-15 20:00:38,SHIP500-B01-T01161,F06,maintenance,SK-DIAG-F06,发电机综合故障诊断,0.4545,0.435724,False,0
1,1765828850.9612403,2025-12-15 20:00:50,SHIP500-B01-T01162,F06,crew,SK-DIAG-F06,发电机综合故障诊断,0.5455,0.437546,False,1
1,1765828850.9612403,2025-12-15 20:00:50,SHIP500-B01-T01162,F11,crew,SK-DIAG-F11,通讯与传感器故障诊断,0.5455,0.437546,False,1
1,1765828850.9612403,2025-12-15 20:00:50,SHIP500-B01-T01162,*,crew,SK-ACT-CREW-OPS,机舱巡查与就地处置技能,0.5455,0.437546,False,1
1,1765828863.166637,2025-12-15 20:01:03,SHIP500-B01-T01163,F06,maintenance,SK-DIAG-F06,发电机综合故障诊断,0.4545,0.448368,False,0
1,1765828875.329319,2025-12-15 20:01:15,SHIP500-B01-T01164,F06,maintenance,SK-DIAG-F06,发电机综合故障诊断,0.4545,0.460829,False,0
1,1765828887.5509875,2025-12-15 20:01:27,SHIP500-B01-T01165,F06,maintenance,SK-DIAG-F06,发电机综合故障诊断,0.4545,0.465244,False,0
1,1765828899.7559936,2025-12-15 20:01:39,SHIP500-B01-T01166,F06,maintenance,SK-DIAG-F06,发电机综合故障诊断,0.4545,0.468584,False,0
1,1765828911.963104,2025-12-15 20:01:51,SHIP500-B01-T01167,F06,maintenance,SK-DIAG-F06,发电机综合故障诊断,0.4545,0.471947,False,0
1,1765828924.1656053,2025-12-15 20:02:04,SHIP500-B01-T01168,F06,maintenance,SK-DIAG-F06,发电机综合故障诊断,0.4545,0.442264,False,0
1,1765828936.3519435,2025-12-15 20:02:16,SHIP500-B01-T01169,F06,crew,SK-DIAG-F06,发电机综合故障诊断,0.5455,0.446502,False,1
1,1765828936.3519435,2025-12-15 20:02:16,SHIP500-B01-T01169,F11,crew,SK-DIAG-F11,通讯与传感器故障诊断,0.5455,0.446502,False,1
1,1765828936.3519435,2025-12-15 20:02:16,SHIP500-B01-T01169,*,crew,SK-ACT-CREW-OPS,机舱巡查与就地处置技能,0.5455,0.446502,False,1
1,1765828948.5812683,2025-12-15 20:02:28,SHIP500-B01-T01170,F06,maintenance,SK-DIAG-F06,发电机综合故障诊断,0.4545,0.443584,False,0
1,1765828960.7903256,2025-12-15 20:02:40,SHIP500-B01-T01171,F06,maintenance,SK-DIAG-F06,发电机综合故障诊断,0.4545,0.448635,False,0
1,1765828973.0022552,2025-12-15 20:02:53,SHIP500-B01-T01172,F06,crew,SK-DIAG-F06,发电机综合故障诊断,0.5455,0.449438,False,1
1,1765828973.0022552,2025-12-15 20:02:53,SHIP500-B01-T01172,F11,crew,SK-DIAG-F11,通讯与传感器故障诊断,0.5455,0.449438,False,1
1,1765828973.0022552,2025-12-15 20:02:53,SHIP500-B01-T01172,*,crew,SK-ACT-CREW-OPS,机舱巡查与就地处置技能,0.5455,0.449438,False,1
1,1765828985.1744,2025-12-15 20:03:05,SHIP500-B01-T01173,F06,crew,SK-DIAG-F06,发电机综合故障诊断,0.5455,0.442792,False,1
1,1765828985.1744,2025-12-15 20:03:05,SHIP500-B01-T01173,F11,crew,SK-DIAG-F11,通讯与传感器故障诊断,0.5455,0.442792,False,1
1,1765828985.1744,2025-12-15 20:03:05,SHIP500-B01-T01173,*,crew,SK-ACT-CREW-OPS,机舱巡查与就地处置技能,0.5455,0.442792,False,1
1,1765828997.3523924,2025-12-15 20:03:17,SHIP500-B01-T01174,F06,crew,SK-DIAG-F06,发电机综合故障诊断,0.5455,0.431589,False,1
1,1765828997.3523924,2025-12-15 20:03:17,SHIP500-B01-T01174,F11,crew,SK-DIAG-F11,通讯与传感器故障诊断,0.5455,0.431589,False,1
1,1765828997.3523924,2025-12-15 20:03:17,SHIP500-B01-T01174,*,crew,SK-ACT-CREW-OPS,机舱巡查与就地处置技能,0.5455,0.431589,False,1
1,1765829009.5836084,2025-12-15 20:03:29,SHIP500-B01-T01175,F06,maintenance,SK-DIAG-F06,发电机综合故障诊断,0.4545,0.426222,False,0
1,1765829021.7905762,2025-12-15 20:03:41,SHIP500-B01-T01176,F06,maintenance,SK-DIAG-F06,发电机综合故障诊断,0.4545,0.420921,False,0
1,1765829034.0197325,2025-12-15 20:03:54,SHIP500-B01-T01177,F06,maintenance,SK-DIAG-F06,发电机综合故障诊断,0.4545,0.418669,False,0
1,1765829046.2435665,2025-12-15 20:04:06,SHIP500-B01-T01178,F06,maintenance,SK-DIAG-F06,发电机综合故障诊断,0.4545,0.41842,False,0
1,1765829058.4741926,2025-12-15 20:04:18,SHIP500-B01-T01179,F06,maintenance,SK-DIAG-F06,发电机综合故障诊断,0.4545,0.411496,False,0
1,1765829070.6792784,2025-12-15 20:04:30,SHIP500-B01-T01180,F06,crew,SK-DIAG-F06,发电机综合故障诊断,0.5455,0.410516,False,1
1,1765829070.6792784,2025-12-15 20:04:30,SHIP500-B01-T01180,F11,crew,SK-DIAG-F11,通讯与传感器故障诊断,0.5455,0.410516,False,1
1,1765829070.6792784,2025-12-15 20:04:30,SHIP500-B01-T01180,*,crew,SK-ACT-CREW-OPS,机舱巡查与就地处置技能,0.5455,0.410516,False,1
1,1765829082.8686347,2025-12-15 20:04:42,SHIP500-B01-T01181,F06,maintenance,SK-DIAG-F06,发电机综合故障诊断,0.4545,0.404686,False,0
1,1765829095.0734482,2025-12-15 20:04:55,SHIP500-B01-T01182,F06,crew,SK-DIAG-F06,发电机综合故障诊断,0.5455,0.398227,False,1
1,1765829095.0734482,2025-12-15 20:04:55,SHIP500-B01-T01182,F11,crew,SK-DIAG-F11,通讯与传感器故障诊断,0.5455,0.398227,False,1
1,1765829095.0734482,2025-12-15 20:04:55,SHIP500-B01-T01182,*,crew,SK-ACT-CREW-OPS,机舱巡查与就地处置技能,0.5455,0.398227,False,1
1,1765829107.2875235,2025-12-15 20:05:07,SHIP500-B01-T01183,F06,maintenance,SK-DIAG-F06,发电机综合故障诊断,0.4545,0.396805,False,0
1,1765829119.491758,2025-12-15 20:05:19,SHIP500-B01-T01184,F06,maintenance,SK-DIAG-F06,发电机综合故障诊断,0.4545,0.401324,False,0
1,1765829131.7137446,2025-12-15 20:05:31,SHIP500-B01-T01185,F06,crew,SK-DIAG-F06,发电机综合故障诊断,0.5455,0.394448,False,1
1,1765829131.7137446,2025-12-15 20:05:31,SHIP500-B01-T01185,F11,crew,SK-DIAG-F11,通讯与传感器故障诊断,0.5455,0.394448,False,1
1,1765829131.7137446,2025-12-15 20:05:31,SHIP500-B01-T01185,*,crew,SK-ACT-CREW-OPS,机舱巡查与就地处置技能,0.5455,0.394448,False,1
1,1765829143.921815,2025-12-15 20:05:43,SHIP500-B01-T01186,F06,maintenance,SK-DIAG-F06,发电机综合故障诊断,0.4545,0.391404,False,0
1,1765829156.1119132,2025-12-15 20:05:56,SHIP500-B01-T01187,F06,maintenance,SK-DIAG-F06,发电机综合故障诊断,0.4545,0.390704,False,0
1,1765829168.318514,2025-12-15 20:06:08,SHIP500-B01-T01188,F06,maintenance,SK-DIAG-F06,发电机综合故障诊断,0.4545,0.388152,False,0
1,1765829180.4961815,2025-12-15 20:06:20,SHIP500-B01-T01189,F06,maintenance,SK-DIAG-F06,发电机综合故障诊断,0.4545,0.388846,False,0
1,1765829192.706681,2025-12-15 20:06:32,SHIP500-B01-T01190,F06,maintenance,SK-DIAG-F06,发电机综合故障诊断,0.4545,0.382184,False,0
1,1765829204.9338045,2025-12-15 20:06:44,SHIP500-B01-T01191,F06,crew,SK-DIAG-F06,发电机综合故障诊断,0.5455,0.385386,False,1
1,1765829204.9338045,2025-12-15 20:06:44,SHIP500-B01-T01191,F11,crew,SK-DIAG-F11,通讯与传感器故障诊断,0.5455,0.385386,False,1
1,1765829204.9338045,2025-12-15 20:06:44,SHIP500-B01-T01191,*,crew,SK-ACT-CREW-OPS,机舱巡查与就地处置技能,0.5455,0.385386,False,1
1,1765829217.1165018,2025-12-15 20:06:57,SHIP500-B01-T01192,F06,maintenance,SK-DIAG-F06,发电机综合故障诊断,0.4545,0.379687,False,0
1,1765829229.3242807,2025-12-15 20:07:09,SHIP500-B01-T01193,F06,crew,SK-DIAG-F06,发电机综合故障诊断,0.5455,0.381956,False,1
1,1765829229.3242807,2025-12-15 20:07:09,SHIP500-B01-T01193,F11,crew,SK-DIAG-F11,通讯与传感器故障诊断,0.5455,0.381956,False,1
1,1765829229.3242807,2025-12-15 20:07:09,SHIP500-B01-T01193,*,crew,SK-ACT-CREW-OPS,机舱巡查与就地处置技能,0.5455,0.381956,False,1
1,1765829241.5142066,2025-12-15 20:07:21,SHIP500-B01-T01194,F06,crew,SK-DIAG-F06,发电机综合故障诊断,0.5455,0.381047,False,1
1,1765829241.5142066,2025-12-15 20:07:21,SHIP500-B01-T01194,F11,crew,SK-DIAG-F11,通讯与传感器故障诊断,0.5455,0.381047,False,1
1,1765829241.5142066,2025-12-15 20:07:21,SHIP500-B01-T01194,*,crew,SK-ACT-CREW-OPS,机舱巡查与就地处置技能,0.5455,0.381047,False,1
1,1765829253.7219722,2025-12-15 20:07:33,SHIP500-B01-T01195,F06,crew,SK-DIAG-F06,发电机综合故障诊断,0.5455,0.374072,False,1
1,1765829253.7219722,2025-12-15 20:07:33,SHIP500-B01-T01195,F11,crew,SK-DIAG-F11,通讯与传感器故障诊断,0.5455,0.374072,False,1
1,1765829253.7219722,2025-12-15 20:07:33,SHIP500-B01-T01195,*,crew,SK-ACT-CREW-OPS,机舱巡查与就地处置技能,0.5455,0.374072,False,1
1,1765829265.9494734,2025-12-15 20:07:45,SHIP500-B01-T01196,F06,maintenance,SK-DIAG-F06,发电机综合故障诊断,0.4545,0.378331,False,0
1,1765829278.16376,2025-12-15 20:07:58,SHIP500-B01-T01197,F06,maintenance,SK-DIAG-F06,发电机综合故障诊断,0.4545,0.374295,False,0
1,1765829290.3859503,2025-12-15 20:08:10,SHIP500-B01-T01198,F06,maintenance,SK-DIAG-F06,发电机综合故障诊断,0.4545,0.382184,False,0
1,1765829302.5696468,2025-12-15 20:08:22,SHIP500-B01-T01199,F06,maintenance,SK-DIAG-F06,发电机综合故障诊断,0.4545,0.381728,False,0
1,1765829314.7719493,2025-12-15 20:08:34,SHIP500-B01-T01200,F06,crew,SK-DIAG-F06,发电机综合故障诊断,0.5455,0.377431,False,1
1,1765829314.7719493,2025-12-15 20:08:34,SHIP500-B01-T01200,F11,crew,SK-DIAG-F11,通讯与传感器故障诊断,0.5455,0.377431,False,1
1,1765829314.7719493,2025-12-15 20:08:34,SHIP500-B01-T01200,*,crew,SK-ACT-CREW-OPS,机舱巡查与就地处置技能,0.5455,0.377431,False,1
1,1765829327.0127716,2025-12-15 20:08:47,SHIP500-B01-T01201,F06,maintenance,SK-DIAG-F06,发电机综合故障诊断,0.4545,0.376981,False,0
1,1765829339.2214327,2025-12-15 20:08:59,SHIP500-B01-T01202,F06,crew,SK-DIAG-F06,发电机综合故障诊断,0.5455,0.378106,False,1
1,1765829339.2214327,2025-12-15 20:08:59,SHIP500-B01-T01202,F11,crew,SK-DIAG-F11,通讯与传感器故障诊断,0.5455,0.378106,False,1
1,1765829339.2214327,2025-12-15 20:08:59,SHIP500-B01-T01202,*,crew,SK-ACT-CREW-OPS,机舱巡查与就地处置技能,0.5455,0.378106,False,1
1,1765829351.4273949,2025-12-15 20:09:11,SHIP500-B01-T01203,F06,maintenance,SK-DIAG-F06,发电机综合故障诊断,0.4545,0.377656,False,0
1,1765829363.6421933,2025-12-15 20:09:23,SHIP500-B01-T01204,F06,maintenance,SK-DIAG-F06,发电机综合故障诊断,0.4545,0.381728,False,0
1,1765829375.8531115,2025-12-15 20:09:35,SHIP500-B01-T01205,F06,maintenance,SK-DIAG-F06,发电机综合故障诊断,0.4545,0.378557,False,0
1,1765829388.0531845,2025-12-15 20:09:48,SHIP500-B01-T01206,F06,crew,SK-DIAG-F06,发电机综合故障诊断,0.5455,0.380139,False,1
1,1765829388.0531845,2025-12-15 20:09:48,SHIP500-B01-T01206,F11,crew,SK-DIAG-F11,通讯与传感器故障诊断,0.5455,0.380139,False,1
1,1765829388.0531845,2025-12-15 20:09:48,SHIP500-B01-T01206,*,crew,SK-ACT-CREW-OPS,机舱巡查与就地处置技能,0.5455,0.380139,False,1
1,1765829400.2456503,2025-12-15 20:10:00,SHIP500-B01-T01207,F06,maintenance,SK-DIAG-F06,发电机综合故障诊断,0.4545,0.383096,False,0
1,1765829412.444029,2025-12-15 20:10:12,SHIP500-B01-T01208,F06,maintenance,SK-DIAG-F06,发电机综合故障诊断,0.4545,0.385156,False,0
1,1765829424.642805,2025-12-15 20:10:24,SHIP500-B01-T01209,F06,maintenance,SK-DIAG-F06,发电机综合故障诊断,0.4545,0.38082,False,0
1,1765829436.8238568,2025-12-15 20:10:36,SHIP500-B01-T01210,F06,crew,SK-DIAG-F06,发电机综合故障诊断,0.5455,0.382184,False,1
1,1765829436.8238568,2025-12-15 20:10:36,SHIP500-B01-T01210,F11,crew,SK-DIAG-F11,通讯与传感器故障诊断,0.5455,0.382184,False,1
1,1765829436.8238568,2025-12-15 20:10:36,SHIP500-B01-T01210,*,crew,SK-ACT-CREW-OPS,机舱巡查与就地处置技能,0.5455,0.382184,False,1
1,1765829449.027038,2025-12-15 20:10:49,SHIP500-B01-T01211,F06,crew,SK-DIAG-F06,发电机综合故障诊断,0.5455,0.386766,False,1
1,1765829449.027038,2025-12-15 20:10:49,SHIP500-B01-T01211,F11,crew,SK-DIAG-F11,通讯与传感器故障诊断,0.5455,0.386766,False,1
1,1765829449.027038,2025-12-15 20:10:49,SHIP500-B01-T01211,*,crew,SK-ACT-CREW-OPS,机舱巡查与就地处置技能,0.5455,0.386766,False,1
1,1765829461.213878,2025-12-15 20:11:01,SHIP500-B01-T01212,F06,maintenance,SK-DIAG-F06,发电机综合故障诊断,0.4545,0.392338,False,0
1,1765829473.445464,2025-12-15 20:11:13,SHIP500-B01-T01213,F06,crew,SK-DIAG-F06,发电机综合故障诊断,0.5455,0.388615,False,1
1,1765829473.445464,2025-12-15 20:11:13,SHIP500-B01-T01213,F11,crew,SK-DIAG-F11,通讯与传感器故障诊断,0.5455,0.388615,False,1
1,1765829473.445464,2025-12-15 20:11:13,SHIP500-B01-T01213,*,crew,SK-ACT-CREW-OPS,机舱巡查与就地处置技能,0.5455,0.388615,False,1
1,1765829485.6258388,2025-12-15 20:11:25,SHIP500-B01-T01214,F06,maintenance,SK-DIAG-F06,发电机综合故障诊断,0.4545,0.401085,False,0
1,1765829497.8058894,2025-12-15 20:11:37,SHIP500-B01-T01215,F06,maintenance,SK-DIAG-F06,发电机综合故障诊断,0.4545,0.396097,False,0
1,1765829510.0148714,2025-12-15 20:11:50,SHIP500-B01-T01216,F06,maintenance,SK-DIAG-F06,发电机综合故障诊断,0.4545,0.406863,False,0
1,1765829522.210613,2025-12-15 20:12:02,SHIP500-B01-T01217,F06,maintenance,SK-DIAG-F06,发电机综合故障诊断,0.4545,0.409295,False,0
1,1765829534.4363637,2025-12-15 20:12:14,SHIP500-B01-T01218,F06,maintenance,SK-DIAG-F06,发电机综合故障诊断,0.4545,0.42673,False,0
1,1765829546.6273575,2025-12-15 20:12:26,SHIP500-B01-T01219,F06,maintenance,SK-DIAG-F06,发电机综合故障诊断,0.4545,0.434169,False,0
1,1765829558.8407402,2025-12-15 20:12:38,SHIP500-B01-T01220,F06,maintenance,SK-DIAG-F06,发电机综合故障诊断,0.4545,0.393274,False,0
1,1765829571.044201,2025-12-15 20:12:51,SHIP500-B01-T01221,F06,crew,SK-DIAG-F06,发电机综合故障诊断,0.5455,0.424194,False,1
1,1765829571.044201,2025-12-15 20:12:51,SHIP500-B01-T01221,F11,crew,SK-DIAG-F11,通讯与传感器故障诊断,0.5455,0.424194,False,1
1,1765829571.044201,2025-12-15 20:12:51,SHIP500-B01-T01221,*,crew,SK-ACT-CREW-OPS,机舱巡查与就地处置技能,0.5455,0.424194,False,1
1,1765829583.2479465,2025-12-15 20:13:03,SHIP500-B01-T01222,F06,crew,SK-DIAG-F06,发电机综合故障诊断,0.5455,0.421925,False,1
1,1765829583.2479465,2025-12-15 20:13:03,SHIP500-B01-T01222,F11,crew,SK-DIAG-F11,通讯与传感器故障诊断,0.5455,0.421925,False,1
1,1765829583.2479465,2025-12-15 20:13:03,SHIP500-B01-T01222,*,crew,SK-ACT-CREW-OPS,机舱巡查与就地处置技能,0.5455,0.421925,False,1
1,1765829595.4258966,2025-12-15 20:13:15,SHIP500-B01-T01223,F06,maintenance,SK-DIAG-F06,发电机综合故障诊断,0.4545,0.419418,False,0
1,1765829607.658594,2025-12-15 20:13:27,SHIP500-B01-T01224,F06,maintenance,SK-DIAG-F06,发电机综合故障诊断,0.4545,0.421172,False,0
1,1765829619.909101,2025-12-15 20:13:39,SHIP500-B01-T01225,F06,maintenance,SK-DIAG-F06,发电机综合故障诊断,0.4545,0.420169,False,0
1,1765829632.128616,2025-12-15 20:13:52,SHIP500-B01-T01226,F06,crew,SK-DIAG-F06,发电机综合故障诊断,0.5455,0.410516,False,1
1,1765829632.128616,2025-12-15 20:13:52,SHIP500-B01-T01226,F11,crew,SK-DIAG-F11,通讯与传感器故障诊断,0.5455,0.410516,False,1
1,1765829632.128616,2025-12-15 20:13:52,SHIP500-B01-T01226,*,crew,SK-ACT-CREW-OPS,机舱巡查与就地处置技能,0.5455,0.410516,False,1
1,1765829644.33085,2025-12-15 20:14:04,SHIP500-B01-T01227,F06,maintenance,SK-DIAG-F06,发电机综合故障诊断,0.4545,0.411006,False,0
1,1765829656.50062,2025-12-15 20:14:16,SHIP500-B01-T01228,F06,crew,SK-DIAG-F06,发电机综合故障诊断,0.5455,0.415934,False,1
1,1765829656.50062,2025-12-15 20:14:16,SHIP500-B01-T01228,F11,crew,SK-DIAG-F11,通讯与传感器故障诊断,0.5455,0.415934,False,1
1,1765829656.50062,2025-12-15 20:14:16,SHIP500-B01-T01228,*,crew,SK-ACT-CREW-OPS,机舱巡查与就地处置技能,0.5455,0.415934,False,1
1,1765829668.7034976,2025-12-15 20:14:28,SHIP500-B01-T01229,F06,crew,SK-DIAG-F06,发电机综合故障诊断,0.5455,0.411496,False,1
1,1765829668.7034976,2025-12-15 20:14:28,SHIP500-B01-T01229,F11,crew,SK-DIAG-F11,通讯与传感器故障诊断,0.5455,0.411496,False,1
1,1765829668.7034976,2025-12-15 20:14:28,SHIP500-B01-T01229,*,crew,SK-ACT-CREW-OPS,机舱巡查与就地处置技能,0.5455,0.411496,False,1
1,1765829680.9301963,2025-12-15 20:14:40,SHIP500-B01-T01230,F06,crew,SK-DIAG-F06,发电机综合故障诊断,0.5455,0.408077,False,1
1,1765829680.9301963,2025-12-15 20:14:40,SHIP500-B01-T01230,F11,crew,SK-DIAG-F11,通讯与传感器故障诊断,0.5455,0.408077,False,1
1,1765829680.9301963,2025-12-15 20:14:40,SHIP500-B01-T01230,*,crew,SK-ACT-CREW-OPS,机舱巡查与就地处置技能,0.5455,0.408077,False,1
1,1765829693.1625586,2025-12-15 20:14:53,SHIP500-B01-T01231,F06,maintenance,SK-DIAG-F06,发电机综合故障诊断,0.4545,0.405894,False,0
1,1765829705.371483,2025-12-15 20:15:05,SHIP500-B01-T01232,F06,crew,SK-DIAG-F06,发电机综合故障诊断,0.5455,0.40832,False,1
1,1765829705.371483,2025-12-15 20:15:05,SHIP500-B01-T01232,F11,crew,SK-DIAG-F11,通讯与传感器故障诊断,0.5455,0.40832,False,1
1,1765829705.371483,2025-12-15 20:15:05,SHIP500-B01-T01232,*,crew,SK-ACT-CREW-OPS,机舱巡查与就地处置技能,0.5455,0.40832,False,1
1,1765829717.5663576,2025-12-15 20:15:17,SHIP500-B01-T01233,F06,maintenance,SK-DIAG-F06,发电机综合故障诊断,0.4545,0.413955,False,0
1,1765829729.773955,2025-12-15 20:15:29,SHIP500-B01-T01234,F06,maintenance,SK-DIAG-F06,发电机综合故障诊断,0.4545,0.429281,False,0
1,1765829742.0015745,2025-12-15 20:15:42,SHIP500-B01-T01235,F06,crew,SK-DIAG-F06,发电机综合故障诊断,0.5455,0.430818,False,1
1,1765829742.0015745,2025-12-15 20:15:42,SHIP500-B01-T01235,F11,crew,SK-DIAG-F11,通讯与传感器故障诊断,0.5455,0.430818,False,1
1,1765829742.0015745,2025-12-15 20:15:42,SHIP500-B01-T01235,*,crew,SK-ACT-CREW-OPS,机舱巡查与就地处置技能,0.5455,0.430818,False,1
1,1765829754.2264326,2025-12-15 20:15:54,SHIP500-B01-T01236,F06,maintenance,SK-DIAG-F06,发电机综合故障诊断,0.4545,0.438328,False,0
1,1765829766.432591,2025-12-15 20:16:06,SHIP500-B01-T01237,F06,maintenance,SK-DIAG-F06,发电机综合故障诊断,0.4545,0.450779,False,0
1,1765829778.5911975,2025-12-15 20:16:18,SHIP500-B01-T01238,F06,maintenance,SK-DIAG-F06,发电机综合故障诊断,0.4545,0.456728,False,0
1,1765829790.8073738,2025-12-15 20:16:30,SHIP500-B01-T01239,F06,maintenance,SK-DIAG-F06,发电机综合故障诊断,0.4545,0.419918,False,0
1,1765829803.0155056,2025-12-15 20:16:43,SHIP500-B01-T01240,F06,crew,SK-DIAG-F06,发电机综合故障诊断,0.5455,0.421423,False,1
1,1765829803.0155056,2025-12-15 20:16:43,SHIP500-B01-T01240,F11,crew,SK-DIAG-F11,通讯与传感器故障诊断,0.5455,0.421423,False,1
1,1765829803.0155056,2025-12-15 20:16:43,SHIP500-B01-T01240,*,crew,SK-ACT-CREW-OPS,机舱巡查与就地处置技能,0.5455,0.421423,False,1
1,1765829815.2240677,2025-12-15 20:16:55,SHIP500-B01-T01241,F06,crew,SK-DIAG-F06,发电机综合故障诊断,0.5455,0.411006,False,1
1,1765829815.2240677,2025-12-15 20:16:55,SHIP500-B01-T01241,F11,crew,SK-DIAG-F11,通讯与传感器故障诊断,0.5455,0.411006,False,1
1,1765829815.2240677,2025-12-15 20:16:55,SHIP500-B01-T01241,*,crew,SK-ACT-CREW-OPS,机舱巡查与就地处置技能,0.5455,0.411006,False,1
1,1765829827.4254172,2025-12-15 20:17:07,SHIP500-B01-T01242,F06,maintenance,SK-DIAG-F06,发电机综合故障诊断,0.4545,0.415934,False,0
1,1765829839.6014123,2025-12-15 20:17:19,SHIP500-B01-T01243,F06,crew,SK-DIAG-F06,发电机综合故障诊断,0.5455,0.423184,False,1
1,1765829839.6014123,2025-12-15 20:17:19,SHIP500-B01-T01243,F11,crew,SK-DIAG-F11,通讯与传感器故障诊断,0.5455,0.423184,False,1
1,1765829839.6014123,2025-12-15 20:17:19,SHIP500-B01-T01243,*,crew,SK-ACT-CREW-OPS,机舱巡查与就地处置技能,0.5455,0.423184,False,1
1,1765829851.7759218,2025-12-15 20:17:31,SHIP500-B01-T01244,F06,maintenance,SK-DIAG-F06,发电机综合故障诊断,0.4545,0.411006,False,0
1,1765829864.0356083,2025-12-15 20:17:44,SHIP500-B01-T01245,F06,maintenance,SK-DIAG-F06,发电机综合故障诊断,0.4545,0.39799,False,0
1,1765829876.2399883,2025-12-15 20:17:56,SHIP500-B01-T01246,F06,crew,SK-DIAG-F06,发电机综合故障诊断,0.5455,0.389078,False,1
1,1765829876.2399883,2025-12-15 20:17:56,SHIP500-B01-T01246,F11,crew,SK-DIAG-F11,通讯与传感器故障诊断,0.5455,0.389078,False,1
1,1765829876.2399883,2025-12-15 20:17:56,SHIP500-B01-T01246,*,crew,SK-ACT-CREW-OPS,机舱巡查与就地处置技能,0.5455,0.389078,False,1
1,1765829888.4422884,2025-12-15 20:18:08,SHIP500-B01-T01247,F06,crew,SK-DIAG-F06,发电机综合故障诊断,0.5455,0.392806,False,1
1,1765829888.4422884,2025-12-15 20:18:08,SHIP500-B01-T01247,F11,crew,SK-DIAG-F11,通讯与传感器故障诊断,0.5455,0.392806,False,1
1,1765829888.4422884,2025-12-15 20:18:08,SHIP500-B01-T01247,*,crew,SK-ACT-CREW-OPS,机舱巡查与就地处置技能,0.5455,0.392806,False,1
1,1765829900.674428,2025-12-15 20:18:20,SHIP500-B01-T01248,F06,crew,SK-DIAG-F06,发电机综合故障诊断,0.5455,0.388846,False,1
1,1765829900.674428,2025-12-15 20:18:20,SHIP500-B01-T01248,F11,crew,SK-DIAG-F11,通讯与传感器故障诊断,0.5455,0.388846,False,1
1,1765829900.674428,2025-12-15 20:18:20,SHIP500-B01-T01248,*,crew,SK-ACT-CREW-OPS,机舱巡查与就地处置技能,0.5455,0.388846,False,1
1,1765829912.8647535,2025-12-15 20:18:32,SHIP500-B01-T01249,F06,maintenance,SK-DIAG-F06,发电机综合故障诊断,0.4545,0.383781,False,0
1,1765829925.058115,2025-12-15 20:18:45,SHIP500-B01-T01250,F06,maintenance,SK-DIAG-F06,发电机综合故障诊断,0.4545,0.382184,False,0
1,1765829937.3153412,2025-12-15 20:18:57,SHIP500-B01-T01251,F06,maintenance,SK-DIAG-F06,发电机综合故障诊断,0.4545,0.372514,False,0
1,1765829949.4848194,2025-12-15 20:19:09,SHIP500-B01-T01252,F06,crew,SK-DIAG-F06,发电机综合故障诊断,0.5455,0.36986,False,1
1,1765829949.4848194,2025-12-15 20:19:09,SHIP500-B01-T01252,F11,crew,SK-DIAG-F11,通讯与传感器故障诊断,0.5455,0.36986,False,1
1,1765829949.4848194,2025-12-15 20:19:09,SHIP500-B01-T01252,*,crew,SK-ACT-CREW-OPS,机舱巡查与就地处置技能,0.5455,0.36986,False,1
1,1765829961.695527,2025-12-15 20:19:21,SHIP500-B01-T01253,F06,maintenance,SK-DIAG-F06,发电机综合故障诊断,0.4545,0.372737,False,0
1,1765829973.9154117,2025-12-15 20:19:33,SHIP500-B01-T01254,F06,crew,SK-DIAG-F06,发电机综合故障诊断,0.5455,0.376083,False,1
1,1765829973.9154117,2025-12-15 20:19:33,SHIP500-B01-T01254,F11,crew,SK-DIAG-F11,通讯与传感器故障诊断,0.5455,0.376083,False,1
1,1765829973.9154117,2025-12-15 20:19:33,SHIP500-B01-T01254,*,crew,SK-ACT-CREW-OPS,机舱巡查与就地处置技能,0.5455,0.376083,False,1
1,1765829986.15673,2025-12-15 20:19:46,SHIP500-B01-T01255,F06,maintenance,SK-DIAG-F06,发电机综合故障诊断,0.4545,0.375188,False,0
1,1765829998.3473396,2025-12-15 20:19:58,SHIP500-B01-T01256,F06,maintenance,SK-DIAG-F06,发电机综合故障诊断,0.4545,0.366568,False,0
1,1765830010.55382,2025-12-15 20:20:10,SHIP500-B01-T01257,F06,crew,SK-DIAG-F06,发电机综合故障诊断,0.5455,0.364173,False,1
1,1765830010.55382,2025-12-15 20:20:10,SHIP500-B01-T01257,F11,crew,SK-DIAG-F11,通讯与传感器故障诊断,0.5455,0.364173,False,1
1,1765830010.55382,2025-12-15 20:20:10,SHIP500-B01-T01257,*,crew,SK-ACT-CREW-OPS,机舱巡查与就地处置技能,0.5455,0.364173,False,1
1,1765830022.7595236,2025-12-15 20:20:22,SHIP500-B01-T01258,F06,maintenance,SK-DIAG-F06,发电机综合故障诊断,0.4545,0.365042,False,0
1,1765830034.980129,2025-12-15 20:20:34,SHIP500-B01-T01259,F06,crew,SK-DIAG-F06,发电机综合故障诊断,0.5455,0.367662,False,1
1,1765830034.980129,2025-12-15 20:20:34,SHIP500-B01-T01259,F11,crew,SK-DIAG-F11,通讯与传感器故障诊断,0.5455,0.367662,False,1
1,1765830034.980129,2025-12-15 20:20:34,SHIP500-B01-T01259,*,crew,SK-ACT-CREW-OPS,机舱巡查与就地处置技能,0.5455,0.367662,False,1
1,1765830047.1548913,2025-12-15 20:20:47,SHIP500-B01-T01260,F06,crew,SK-DIAG-F06,发电机综合故障诊断,0.5455,0.36439,False,1
1,1765830047.1548913,2025-12-15 20:20:47,SHIP500-B01-T01260,F11,crew,SK-DIAG-F11,通讯与传感器故障诊断,0.5455,0.36439,False,1
1,1765830047.1548913,2025-12-15 20:20:47,SHIP500-B01-T01260,*,crew,SK-ACT-CREW-OPS,机舱巡查与就地处置技能,0.5455,0.36439,False,1
1,1765830059.3627875,2025-12-15 20:20:59,SHIP500-B01-T01261,F06,maintenance,SK-DIAG-F06,发电机综合故障诊断,0.4545,0.360288,False,0
1,1765830071.5717604,2025-12-15 20:21:11,SHIP500-B01-T01262,F06,maintenance,SK-DIAG-F06,发电机综合故障诊断,0.4545,0.356656,False,0
1,1765830083.7748618,2025-12-15 20:21:23,SHIP500-B01-T01263,F06,crew,SK-DIAG-F06,发电机综合故障诊断,0.5455,0.363306,False,1
1,1765830083.7748618,2025-12-15 20:21:23,SHIP500-B01-T01263,F11,crew,SK-DIAG-F11,通讯与传感器故障诊断,0.5455,0.363306,False,1
1,1765830083.7748618,2025-12-15 20:21:23,SHIP500-B01-T01263,*,crew,SK-ACT-CREW-OPS,机舱巡查与就地处置技能,0.5455,0.363306,False,1
1,1765830095.994073,2025-12-15 20:21:35,SHIP500-B01-T01264,F06,maintenance,SK-DIAG-F06,发电机综合故障诊断,0.4545,0.362657,False,0
1,1765830108.1868527,2025-12-15 20:21:48,SHIP500-B01-T01265,F06,crew,SK-DIAG-F06,发电机综合故障诊断,0.5455,0.364825,False,1
1,1765830108.1868527,2025-12-15 20:21:48,SHIP500-B01-T01265,F11,crew,SK-DIAG-F11,通讯与传感器故障诊断,0.5455,0.364825,False,1
1,1765830108.1868527,2025-12-15 20:21:48,SHIP500-B01-T01265,*,crew,SK-ACT-CREW-OPS,机舱巡查与就地处置技能,0.5455,0.364825,False,1
1,1765830120.4121904,2025-12-15 20:22:00,SHIP500-B01-T01266,F06,crew,SK-DIAG-F06,发电机综合故障诊断,0.5455,0.361363,False,1
1,1765830120.4121904,2025-12-15 20:22:00,SHIP500-B01-T01266,F11,crew,SK-DIAG-F11,通讯与传感器故障诊断,0.5455,0.361363,False,1
1,1765830120.4121904,2025-12-15 20:22:00,SHIP500-B01-T01266,*,crew,SK-ACT-CREW-OPS,机舱巡查与就地处置技能,0.5455,0.361363,False,1
1,1765830132.5796795,2025-12-15 20:22:12,SHIP500-B01-T01267,F06,crew,SK-DIAG-F06,发电机综合故障诊断,0.5455,0.361363,False,1
1,1765830132.5796795,2025-12-15 20:22:12,SHIP500-B01-T01267,F11,crew,SK-DIAG-F11,通讯与传感器故障诊断,0.5455,0.361363,False,1
1,1765830132.5796795,2025-12-15 20:22:12,SHIP500-B01-T01267,*,crew,SK-ACT-CREW-OPS,机舱巡查与就地处置技能,0.5455,0.361363,False,1
1,1765830144.831674,2025-12-15 20:22:24,SHIP500-B01-T01268,F06,maintenance,SK-DIAG-F06,发电机综合故障诊断,0.4545,0.358788,False,0
1,1765830157.0407662,2025-12-15 20:22:37,SHIP500-B01-T01269,F06,maintenance,SK-DIAG-F06,发电机综合故障诊断,0.4545,0.362225,False,0
1,1765830169.2488954,2025-12-15 20:22:49,SHIP500-B01-T01270,F06,maintenance,SK-DIAG-F06,发电机综合故障诊断,0.4545,0.357934,False,0
1,1765830181.440658,2025-12-15 20:23:01,SHIP500-B01-T01271,F06,maintenance,SK-DIAG-F06,发电机综合故障诊断,0.4545,0.37008,False,0
1,1765830193.6620138,2025-12-15 20:23:13,SHIP500-B01-T01272,F06,crew,SK-DIAG-F06,发电机综合故障诊断,0.5455,0.366787,False,1
1,1765830193.6620138,2025-12-15 20:23:13,SHIP500-B01-T01272,F11,crew,SK-DIAG-F11,通讯与传感器故障诊断,0.5455,0.366787,False,1
1,1765830193.6620138,2025-12-15 20:23:13,SHIP500-B01-T01272,*,crew,SK-ACT-CREW-OPS,机舱巡查与就地处置技能,0.5455,0.366787,False,1
1,1765830205.8662984,2025-12-15 20:23:25,SHIP500-B01-T01273,F06,maintenance,SK-DIAG-F06,发电机综合故障诊断,0.4545,0.370743,False,0
1,1765830218.076214,2025-12-15 20:23:38,SHIP500-B01-T01274,F06,crew,SK-DIAG-F06,发电机综合故障诊断,0.5455,0.367224,False,1
1,1765830218.076214,2025-12-15 20:23:38,SHIP500-B01-T01274,F11,crew,SK-DIAG-F11,通讯与传感器故障诊断,0.5455,0.367224,False,1
1,1765830218.076214,2025-12-15 20:23:38,SHIP500-B01-T01274,*,crew,SK-ACT-CREW-OPS,机舱巡查与就地处置技能,0.5455,0.367224,False,1
1,1765830230.290556,2025-12-15 20:23:50,SHIP500-B01-T01275,F06,crew,SK-DIAG-F06,发电机综合故障诊断,0.5455,0.366787,False,1
1,1765830230.290556,2025-12-15 20:23:50,SHIP500-B01-T01275,F11,crew,SK-DIAG-F11,通讯与传感器故障诊断,0.5455,0.366787,False,1
1,1765830230.290556,2025-12-15 20:23:50,SHIP500-B01-T01275,*,crew,SK-ACT-CREW-OPS,机舱巡查与就地处置技能,0.5455,0.366787,False,1
1,1765830242.507004,2025-12-15 20:24:02,SHIP500-B01-T01276,F06,crew,SK-DIAG-F06,发电机综合故障诊断,0.5455,0.370522,False,1
1,1765830242.507004,2025-12-15 20:24:02,SHIP500-B01-T01276,F11,crew,SK-DIAG-F11,通讯与传感器故障诊断,0.5455,0.370522,False,1
1,1765830242.507004,2025-12-15 20:24:02,SHIP500-B01-T01276,*,crew,SK-ACT-CREW-OPS,机舱巡查与就地处置技能,0.5455,0.370522,False,1
1,1765830254.7113464,2025-12-15 20:24:14,SHIP500-B01-T01277,F06,crew,SK-DIAG-F06,发电机综合故障诊断,0.5455,0.362657,False,1
1,1765830254.7113464,2025-12-15 20:24:14,SHIP500-B01-T01277,F11,crew,SK-DIAG-F11,通讯与传感器故障诊断,0.5455,0.362657,False,1
1,1765830254.7113464,2025-12-15 20:24:14,SHIP500-B01-T01277,*,crew,SK-ACT-CREW-OPS,机舱巡查与就地处置技能,0.5455,0.362657,False,1
1,1765830266.925109,2025-12-15 20:24:26,SHIP500-B01-T01278,F06,maintenance,SK-DIAG-F06,发电机综合故障诊断,0.4545,0.377431,False,0
1,1765830279.1304128,2025-12-15 20:24:39,SHIP500-B01-T01279,F06,crew,SK-DIAG-F06,发电机综合故障诊断,0.5455,0.373404,False,1
1,1765830279.1304128,2025-12-15 20:24:39,SHIP500-B01-T01279,F11,crew,SK-DIAG-F11,通讯与传感器故障诊断,0.5455,0.373404,False,1
1,1765830279.1304128,2025-12-15 20:24:39,SHIP500-B01-T01279,*,crew,SK-ACT-CREW-OPS,机舱巡查与就地处置技能,0.5455,0.373404,False,1
1,1765830291.3364742,2025-12-15 20:24:51,SHIP500-B01-T01280,F06,maintenance,SK-DIAG-F06,发电机综合故障诊断,0.4545,0.374295,False,0
1,1765830303.541638,2025-12-15 20:25:03,SHIP500-B01-T01281,F06,crew,SK-DIAG-F06,发电机综合故障诊断,0.5455,0.374518,False,1
1,1765830303.541638,2025-12-15 20:25:03,SHIP500-B01-T01281,F11,crew,SK-DIAG-F11,通讯与传感器故障诊断,0.5455,0.374518,False,1
1,1765830303.541638,2025-12-15 20:25:03,SHIP500-B01-T01281,*,crew,SK-ACT-CREW-OPS,机舱巡查与就地处置技能,0.5455,0.374518,False,1
1,1765830315.7297688,2025-12-15 20:25:15,SHIP500-B02-T01282,F06,maintenance,SK-DIAG-F06,发电机综合故障诊断,0.4545,0.375188,False,0
1,1765830327.939481,2025-12-15 20:25:27,SHIP500-B02-T01283,F06,maintenance,SK-DIAG-F06,发电机综合故障诊断,0.4545,0.380139,False,0
1,1765830340.147807,2025-12-15 20:25:40,SHIP500-B02-T01284,F06,maintenance,SK-DIAG-F06,发电机综合故障诊断,0.4545,0.378331,False,0
1,1765830352.3517404,2025-12-15 20:25:52,SHIP500-B02-T01285,F06,maintenance,SK-DIAG-F06,发电机综合故障诊断,0.4545,0.386997,False,0
1,1765830364.56252,2025-12-15 20:26:04,SHIP500-B02-T01286,F06,crew,SK-DIAG-F06,发电机综合故障诊断,0.5455,0.386305,False,1
1,1765830364.56252,2025-12-15 20:26:04,SHIP500-B02-T01286,F11,crew,SK-DIAG-F11,通讯与传感器故障诊断,0.5455,0.386305,False,1
1,1765830364.56252,2025-12-15 20:26:04,SHIP500-B02-T01286,*,crew,SK-ACT-CREW-OPS,机舱巡查与就地处置技能,0.5455,0.386305,False,1
1,1765830376.746117,2025-12-15 20:26:16,SHIP500-B02-T01287,F06,crew,SK-DIAG-F06,发电机综合故障诊断,0.5455,0.381274,False,1
1,1765830376.746117,2025-12-15 20:26:16,SHIP500-B02-T01287,F11,crew,SK-DIAG-F11,通讯与传感器故障诊断,0.5455,0.381274,False,1
1,1765830376.746117,2025-12-15 20:26:16,SHIP500-B02-T01287,*,crew,SK-ACT-CREW-OPS,机舱巡查与就地处置技能,0.5455,0.381274,False,1
1,1765830388.9481173,2025-12-15 20:26:28,SHIP500-B02-T01288,F06,crew,SK-DIAG-F06,发电机综合故障诊断,0.5455,0.392806,False,1
1,1765830388.9481173,2025-12-15 20:26:28,SHIP500-B02-T01288,F11,crew,SK-DIAG-F11,通讯与传感器故障诊断,0.5455,0.392806,False,1
1,1765830388.9481173,2025-12-15 20:26:28,SHIP500-B02-T01288,*,crew,SK-ACT-CREW-OPS,机舱巡查与就地处置技能,0.5455,0.392806,False,1
1,1765830401.1900344,2025-12-15 20:26:41,SHIP500-B02-T01289,F06,maintenance,SK-DIAG-F06,发电机综合故障诊断,0.4545,0.404204,False,0
1,1765830413.3891425,2025-12-15 20:26:53,SHIP500-B02-T01290,F06,maintenance,SK-DIAG-F06,发电机综合故障诊断,0.4545,0.397752,False,0
1,1765830425.580273,2025-12-15 20:27:05,SHIP500-B02-T01291,F06,crew,SK-DIAG-F06,发电机综合故障诊断,0.5455,0.40832,False,1
1,1765830425.580273,2025-12-15 20:27:05,SHIP500-B02-T01291,F11,crew,SK-DIAG-F11,通讯与传感器故障诊断,0.5455,0.40832,False,1
1,1765830425.580273,2025-12-15 20:27:05,SHIP500-B02-T01291,*,crew,SK-ACT-CREW-OPS,机舱巡查与就地处置技能,0.5455,0.40832,False,1
1,1765830437.761758,2025-12-15 20:27:17,SHIP500-B02-T01292,F06,maintenance,SK-DIAG-F06,发电机综合故障诊断,0.4545,0.439375,False,0
1,1765830449.9845936,2025-12-15 20:27:29,SHIP500-B02-T01293,F06,maintenance,SK-DIAG-F06,发电机综合故障诊断,0.4545,0.401085,False,0
1,1765830462.197429,2025-12-15 20:27:42,SHIP500-B02-T01294,F06,crew,SK-DIAG-F06,发电机综合故障诊断,0.5455,0.396805,False,1
1,1765830462.197429,2025-12-15 20:27:42,SHIP500-B02-T01294,F11,crew,SK-DIAG-F11,通讯与传感器故障诊断,0.5455,0.396805,False,1
1,1765830462.197429,2025-12-15 20:27:42,SHIP500-B02-T01294,*,crew,SK-ACT-CREW-OPS,机舱巡查与就地处置技能,0.5455,0.396805,False,1
1,1765830474.385707,2025-12-15 20:27:54,SHIP500-B02-T01295,F06,maintenance,SK-DIAG-F06,发电机综合故障诊断,0.4545,0.392572,False,0
1,1765830486.5946329,2025-12-15 20:28:06,SHIP500-B02-T01296,F06,maintenance,SK-DIAG-F06,发电机综合故障诊断,0.4545,0.398702,False,0
1,1765830498.7874868,2025-12-15 20:28:18,SHIP500-B02-T01297,F06,maintenance,SK-DIAG-F06,发电机综合故障诊断,0.4545,0.399415,False,0
1,1765830510.9949985,2025-12-15 20:28:30,SHIP500-B02-T01298,F06,maintenance,SK-DIAG-F06,发电机综合故障诊断,0.4545,0.400368,False,0
1,1765830523.2056563,2025-12-15 20:28:43,SHIP500-B02-T01299,F06,crew,SK-DIAG-F06,发电机综合故障诊断,0.5455,0.392806,False,1
1,1765830523.2056563,2025-12-15 20:28:43,SHIP500-B02-T01299,F11,crew,SK-DIAG-F11,通讯与传感器故障诊断,0.5455,0.392806,False,1
1,1765830523.2056563,2025-12-15 20:28:43,SHIP500-B02-T01299,*,crew,SK-ACT-CREW-OPS,机舱巡查与就地处置技能,0.5455,0.392806,False,1
1,1765830535.3964975,2025-12-15 20:28:55,SHIP500-B02-T01300,F06,crew,SK-DIAG-F06,发电机综合故障诊断,0.5455,0.398227,False,1
1,1765830535.3964975,2025-12-15 20:28:55,SHIP500-B02-T01300,F11,crew,SK-DIAG-F11,通讯与传感器故障诊断,0.5455,0.398227,False,1
1,1765830535.3964975,2025-12-15 20:28:55,SHIP500-B02-T01300,*,crew,SK-ACT-CREW-OPS,机舱巡查与就地处置技能,0.5455,0.398227,False,1
1,1765830547.651121,2025-12-15 20:29:07,SHIP500-B02-T01301,F06,maintenance,SK-DIAG-F06,发电机综合故障诊断,0.4545,0.396569,False,0
1,1765830559.8318348,2025-12-15 20:29:19,SHIP500-B02-T01302,F06,crew,SK-DIAG-F06,发电机综合故障诊断,0.5455,0.39117,False,1
1,1765830559.8318348,2025-12-15 20:29:19,SHIP500-B02-T01302,F11,crew,SK-DIAG-F11,通讯与传感器故障诊断,0.5455,0.39117,False,1
1,1765830559.8318348,2025-12-15 20:29:19,SHIP500-B02-T01302,*,crew,SK-ACT-CREW-OPS,机舱巡查与就地处置技能,0.5455,0.39117,False,1
1,1765830572.036545,2025-12-15 20:29:32,SHIP500-B02-T01303,F06,crew,SK-DIAG-F06,发电机综合故障诊断,0.5455,0.39117,False,1
1,1765830572.036545,2025-12-15 20:29:32,SHIP500-B02-T01303,F11,crew,SK-DIAG-F11,通讯与传感器故障诊断,0.5455,0.39117,False,1
1,1765830572.036545,2025-12-15 20:29:32,SHIP500-B02-T01303,*,crew,SK-ACT-CREW-OPS,机舱巡查与就地处置技能,0.5455,0.39117,False,1
1,1765830584.261525,2025-12-15 20:29:44,SHIP500-B02-T01304,F06,crew,SK-DIAG-F06,发电机综合故障诊断,0.5455,0.392806,False,1
1,1765830584.261525,2025-12-15 20:29:44,SHIP500-B02-T01304,F11,crew,SK-DIAG-F11,通讯与传感器故障诊断,0.5455,0.392806,False,1
1,1765830584.261525,2025-12-15 20:29:44,SHIP500-B02-T01304,*,crew,SK-ACT-CREW-OPS,机舱巡查与就地处置技能,0.5455,0.392806,False,1
1,1765830596.4119942,2025-12-15 20:29:56,SHIP500-B02-T01305,F06,crew,SK-DIAG-F06,发电机综合故障诊断,0.5455,0.389542,False,1
1,1765830596.4119942,2025-12-15 20:29:56,SHIP500-B02-T01305,F11,crew,SK-DIAG-F11,通讯与传感器故障诊断,0.5455,0.389542,False,1
1,1765830596.4119942,2025-12-15 20:29:56,SHIP500-B02-T01305,*,crew,SK-ACT-CREW-OPS,机舱巡查与就地处置技能,0.5455,0.389542,False,1
1,1765830608.5753746,2025-12-15 20:30:08,SHIP500-B02-T01306,F06,crew,SK-DIAG-F06,发电机综合故障诊断,0.5455,0.397515,False,1
1,1765830608.5753746,2025-12-15 20:30:08,SHIP500-B02-T01306,F11,crew,SK-DIAG-F11,通讯与传感器故障诊断,0.5455,0.397515,False,1
1,1765830608.5753746,2025-12-15 20:30:08,SHIP500-B02-T01306,*,crew,SK-ACT-CREW-OPS,机舱巡查与就地处置技能,0.5455,0.397515,False,1
1,1765830620.7772384,2025-12-15 20:30:20,SHIP500-B02-T01307,F06,maintenance,SK-DIAG-F06,发电机综合故障诊断,0.4545,0.403242,False,0
1,1765830632.9502635,2025-12-15 20:30:32,SHIP500-B02-T01308,F06,maintenance,SK-DIAG-F06,发电机综合故障诊断,0.4545,0.413709,False,0
1,1765830645.1505525,2025-12-15 20:30:45,SHIP500-B02-T01309,F06,maintenance,SK-DIAG-F06,发电机综合故障诊断,0.4545,0.425968,False,0
1,1765830657.3341646,2025-12-15 20:30:57,SHIP500-B02-T01310,F06,maintenance,SK-DIAG-F06,发电机综合故障诊断,0.4545,0.434946,False,0
1,1765830669.5210524,2025-12-15 20:31:09,SHIP500-B02-T01311,F06,maintenance,SK-DIAG-F06,发电机综合故障诊断,0.4545,0.446502,False,0
1,1765830681.746396,2025-12-15 20:31:21,SHIP500-B02-T01312,F06,crew,SK-DIAG-F06,发电机综合故障诊断,0.5455,0.452394,False,1
1,1765830681.746396,2025-12-15 20:31:21,SHIP500-B02-T01312,F11,crew,SK-DIAG-F11,通讯与传感器故障诊断,0.5455,0.452394,False,1
1,1765830681.746396,2025-12-15 20:31:21,SHIP500-B02-T01312,*,crew,SK-ACT-CREW-OPS,机舱巡查与就地处置技能,0.5455,0.452394,False,1
1,1765830693.9547856,2025-12-15 20:31:33,SHIP500-B02-T01313,F06,crew,SK-DIAG-F06,发电机综合故障诊断,0.5455,0.42673,False,1
1,1765830693.9547856,2025-12-15 20:31:33,SHIP500-B02-T01313,F11,crew,SK-DIAG-F11,通讯与传感器故障诊断,0.5455,0.42673,False,1
1,1765830693.9547856,2025-12-15 20:31:33,SHIP500-B02-T01313,*,crew,SK-ACT-CREW-OPS,机舱巡查与就地处置技能,0.5455,0.42673,False,1
1,1765830706.1953454,2025-12-15 20:31:46,SHIP500-B02-T01314,F06,maintenance,SK-DIAG-F06,发电机综合故障诊断,0.4545,0.41643,False,0
1,1765830718.4027843,2025-12-15 20:31:58,SHIP500-B02-T01315,F06,maintenance,SK-DIAG-F06,发电机综合故障诊断,0.4545,0.420419,False,0
1,1765830730.6244771,2025-12-15 20:32:10,SHIP500-B02-T01316,F06,maintenance,SK-DIAG-F06,发电机综合故障诊断,0.4545,0.421674,False,0
1,1765830742.8444695,2025-12-15 20:32:22,SHIP500-B02-T01317,F06,maintenance,SK-DIAG-F06,发电机综合故障诊断,0.4545,0.424447,False,0
1,1765830755.062774,2025-12-15 20:32:35,SHIP500-B02-T01318,F06,crew,SK-DIAG-F06,发电机综合故障诊断,0.5455,0.421674,False,1
1,1765830755.062774,2025-12-15 20:32:35,SHIP500-B02-T01318,F11,crew,SK-DIAG-F11,通讯与传感器故障诊断,0.5455,0.421674,False,1
1,1765830755.062774,2025-12-15 20:32:35,SHIP500-B02-T01318,*,crew,SK-ACT-CREW-OPS,机舱巡查与就地处置技能,0.5455,0.421674,False,1
1,1765830767.253584,2025-12-15 20:32:47,SHIP500-B02-T01319,F06,maintenance,SK-DIAG-F06,发电机综合故障诊断,0.4545,0.403723,False,0
1,1765830779.4863777,2025-12-15 20:32:59,SHIP500-B02-T01320,F06,crew,SK-DIAG-F06,发电机综合故障诊断,0.5455,0.40662,False,1
1,1765830779.4863777,2025-12-15 20:32:59,SHIP500-B02-T01320,F11,crew,SK-DIAG-F11,通讯与传感器故障诊断,0.5455,0.40662,False,1
1,1765830779.4863777,2025-12-15 20:32:59,SHIP500-B02-T01320,*,crew,SK-ACT-CREW-OPS,机舱巡查与就地处置技能,0.5455,0.40662,False,1
1,1765830791.681921,2025-12-15 20:33:11,SHIP500-B02-T01321,F06,crew,SK-DIAG-F06,发电机综合故障诊断,0.5455,0.398464,False,1
1,1765830791.681921,2025-12-15 20:33:11,SHIP500-B02-T01321,F11,crew,SK-DIAG-F11,通讯与传感器故障诊断,0.5455,0.398464,False,1
1,1765830791.681921,2025-12-15 20:33:11,SHIP500-B02-T01321,*,crew,SK-ACT-CREW-OPS,机舱巡查与就地处置技能,0.5455,0.398464,False,1
1,1765830803.8603532,2025-12-15 20:33:23,SHIP500-B02-T01322,F06,crew,SK-DIAG-F06,发电机综合故障诊断,0.5455,0.396805,False,1
1,1765830803.8603532,2025-12-15 20:33:23,SHIP500-B02-T01322,F11,crew,SK-DIAG-F11,通讯与传感器故障诊断,0.5455,0.396805,False,1
1,1765830803.8603532,2025-12-15 20:33:23,SHIP500-B02-T01322,*,crew,SK-ACT-CREW-OPS,机舱巡查与就地处置技能,0.5455,0.396805,False,1
1,1765830816.07275,2025-12-15 20:33:36,SHIP500-B02-T01323,F06,maintenance,SK-DIAG-F06,发电机综合故障诊断,0.4545,0.394683,False,0
1,1765830828.2635598,2025-12-15 20:33:48,SHIP500-B02-T01324,F06,maintenance,SK-DIAG-F06,发电机综合故障诊断,0.4545,0.389774,False,0
1,1765830840.4959805,2025-12-15 20:34:00,SHIP500-B02-T01325,F06,crew,SK-DIAG-F06,发电机综合故障诊断,0.5455,0.387227,False,1
1,1765830840.4959805,2025-12-15 20:34:00,SHIP500-B02-T01325,F11,crew,SK-DIAG-F11,通讯与传感器故障诊断,0.5455,0.387227,False,1
1,1765830840.4959805,2025-12-15 20:34:00,SHIP500-B02-T01325,*,crew,SK-ACT-CREW-OPS,机舱巡查与就地处置技能,0.5455,0.387227,False,1
1,1765830852.7251928,2025-12-15 20:34:12,SHIP500-B02-T01326,F06,maintenance,SK-DIAG-F06,发电机综合故障诊断,0.4545,0.38931,False,0
1,1765830864.9236956,2025-12-15 20:34:24,SHIP500-B02-T01327,F06,crew,SK-DIAG-F06,发电机综合故障诊断,0.5455,0.383781,False,1
1,1765830864.9236956,2025-12-15 20:34:24,SHIP500-B02-T01327,F11,crew,SK-DIAG-F11,通讯与传感器故障诊断,0.5455,0.383781,False,1
1,1765830864.9236956,2025-12-15 20:34:24,SHIP500-B02-T01327,*,crew,SK-ACT-CREW-OPS,机舱巡查与就地处置技能,0.5455,0.383781,False,1
1,1765830877.1286612,2025-12-15 20:34:37,SHIP500-B02-T01328,F06,maintenance,SK-DIAG-F06,发电机综合故障诊断,0.4545,0.378557,False,0
1,1765830889.348802,2025-12-15 20:34:49,SHIP500-B02-T01329,F06,crew,SK-DIAG-F06,发电机综合故障诊断,0.5455,0.380593,False,1
1,1765830889.348802,2025-12-15 20:34:49,SHIP500-B02-T01329,F11,crew,SK-DIAG-F11,通讯与传感器故障诊断,0.5455,0.380593,False,1
1,1765830889.348802,2025-12-15 20:34:49,SHIP500-B02-T01329,*,crew,SK-ACT-CREW-OPS,机舱巡查与就地处置技能,0.5455,0.380593,False,1
1,1765830901.5638704,2025-12-15 20:35:01,SHIP500-B02-T01330,F06,maintenance,SK-DIAG-F06,发电机综合故障诊断,0.4545,0.377206,False,0
1,1765830913.780722,2025-12-15 20:35:13,SHIP500-B02-T01331,F06,maintenance,SK-DIAG-F06,发电机综合故障诊断,0.4545,0.377206,False,0
1,1765830925.9824178,2025-12-15 20:35:25,SHIP500-B02-T01332,F06,maintenance,SK-DIAG-F06,发电机综合故障诊断,0.4545,0.371849,False,0
1,1765830938.1625907,2025-12-15 20:35:38,SHIP500-B02-T01333,F06,maintenance,SK-DIAG-F06,发电机综合故障诊断,0.4545,0.372737,False,0
1,1765830950.3603375,2025-12-15 20:35:50,SHIP500-B02-T01334,F06,maintenance,SK-DIAG-F06,发电机综合故障诊断,0.4545,0.371406,False,0
1,1765830962.5656707,2025-12-15 20:36:02,SHIP500-B02-T01335,F06,maintenance,SK-DIAG-F06,发电机综合故障诊断,0.4545,0.370522,False,0
1,1765830974.7787812,2025-12-15 20:36:14,SHIP500-B02-T01336,F06,maintenance,SK-DIAG-F06,发电机综合故障诊断,0.4545,0.376532,False,0
1,1765830986.9820533,2025-12-15 20:36:26,SHIP500-B02-T01337,F06,crew,SK-DIAG-F06,发电机综合故障诊断,0.5455,0.366787,False,1
1,1765830986.9820533,2025-12-15 20:36:26,SHIP500-B02-T01337,F11,crew,SK-DIAG-F11,通讯与传感器故障诊断,0.5455,0.366787,False,1
1,1765830986.9820533,2025-12-15 20:36:26,SHIP500-B02-T01337,*,crew,SK-ACT-CREW-OPS,机舱巡查与就地处置技能,0.5455,0.366787,False,1
1,1765830999.188568,2025-12-15 20:36:39,SHIP500-B02-T01338,F06,maintenance,SK-DIAG-F06,发电机综合故障诊断,0.4545,0.376981,False,0
1,1765831011.3854108,2025-12-15 20:36:51,SHIP500-B02-T01339,F06,maintenance,SK-DIAG-F06,发电机综合故障诊断,0.4545,0.380139,False,0
1,1765831023.606832,2025-12-15 20:37:03,SHIP500-B02-T01340,F06,maintenance,SK-DIAG-F06,发电机综合故障诊断,0.4545,0.380593,False,0
1,1765831035.799077,2025-12-15 20:37:15,SHIP500-B02-T01341,F06,maintenance,SK-DIAG-F06,发电机综合故障诊断,0.4545,0.381956,False,0
1,1765831047.9638343,2025-12-15 20:37:27,SHIP500-B02-T01342,F06,maintenance,SK-DIAG-F06,发电机综合故障诊断,0.4545,0.383781,False,0
1,1765831060.1813946,2025-12-15 20:37:40,SHIP500-B02-T01343,F06,maintenance,SK-DIAG-F06,发电机综合故障诊断,0.4545,0.383781,False,0
1,1765831072.3902986,2025-12-15 20:37:52,SHIP500-B02-T01344,F06,crew,SK-DIAG-F06,发电机综合故障诊断,0.5455,0.388383,False,1
1,1765831072.3902986,2025-12-15 20:37:52,SHIP500-B02-T01344,F11,crew,SK-DIAG-F11,通讯与传感器故障诊断,0.5455,0.388383,False,1
1,1765831072.3902986,2025-12-15 20:37:52,SHIP500-B02-T01344,*,crew,SK-ACT-CREW-OPS,机舱巡查与就地处置技能,0.5455,0.388383,False,1
1,1765831084.596544,2025-12-15 20:38:04,SHIP500-B02-T01345,F06,crew,SK-DIAG-F06,发电机综合故障诊断,0.5455,0.377881,False,1
1,1765831084.596544,2025-12-15 20:38:04,SHIP500-B02-T01345,F11,crew,SK-DIAG-F11,通讯与传感器故障诊断,0.5455,0.377881,False,1
1,1765831084.596544,2025-12-15 20:38:04,SHIP500-B02-T01345,*,crew,SK-ACT-CREW-OPS,机舱巡查与就地处置技能,0.5455,0.377881,False,1
1,1765831096.8096266,2025-12-15 20:38:16,SHIP500-B02-T01346,F06,maintenance,SK-DIAG-F06,发电机综合故障诊断,0.4545,0.380593,False,0
1,1765831109.0238605,2025-12-15 20:38:29,SHIP500-B02-T01347,F06,maintenance,SK-DIAG-F06,发电机综合故障诊断,0.4545,0.385386,False,0
1,1765831121.2333474,2025-12-15 20:38:41,SHIP500-B02-T01348,F06,crew,SK-DIAG-F06,发电机综合故障诊断,0.5455,0.383324,False,1
1,1765831121.2333474,2025-12-15 20:38:41,SHIP500-B02-T01348,F11,crew,SK-DIAG-F11,通讯与传感器故障诊断,0.5455,0.383324,False,1
1,1765831121.2333474,2025-12-15 20:38:41,SHIP500-B02-T01348,*,crew,SK-ACT-CREW-OPS,机舱巡查与就地处置技能,0.5455,0.383324,False,1
1,1765831133.4507086,2025-12-15 20:38:53,SHIP500-B02-T01349,F06,maintenance,SK-DIAG-F06,发电机综合故障诊断,0.4545,0.383553,False,0
1,1765831145.6452446,2025-12-15 20:39:05,SHIP500-B02-T01350,F06,maintenance,SK-DIAG-F06,发电机综合故障诊断,0.4545,0.385845,False,0
1,1765831157.8765862,2025-12-15 20:39:17,SHIP500-B02-T01351,F06,crew,SK-DIAG-F06,发电机综合故障诊断,0.5455,0.392104,False,1
1,1765831157.8765862,2025-12-15 20:39:17,SHIP500-B02-T01351,F11,crew,SK-DIAG-F11,通讯与传感器故障诊断,0.5455,0.392104,False,1
1,1765831157.8765862,2025-12-15 20:39:17,SHIP500-B02-T01351,*,crew,SK-ACT-CREW-OPS,机舱巡查与就地处置技能,0.5455,0.392104,False,1
1,1765831170.086415,2025-12-15 20:39:30,SHIP500-B02-T01352,F06,crew,SK-DIAG-F06,发电机综合故障诊断,0.5455,0.392104,False,1
1,1765831170.086415,2025-12-15 20:39:30,SHIP500-B02-T01352,F11,crew,SK-DIAG-F11,通讯与传感器故障诊断,0.5455,0.392104,False,1
1,1765831170.086415,2025-12-15 20:39:30,SHIP500-B02-T01352,*,crew,SK-ACT-CREW-OPS,机舱巡查与就地处置技能,0.5455,0.392104,False,1
1,1765831182.2911775,2025-12-15 20:39:42,SHIP500-B02-T01353,F06,crew,SK-DIAG-F06,发电机综合故障诊断,0.5455,0.389542,False,1
1,1765831182.2911775,2025-12-15 20:39:42,SHIP500-B02-T01353,F11,crew,SK-DIAG-F11,通讯与传感器故障诊断,0.5455,0.389542,False,1
1,1765831182.2911775,2025-12-15 20:39:42,SHIP500-B02-T01353,*,crew,SK-ACT-CREW-OPS,机舱巡查与就地处置技能,0.5455,0.389542,False,1
1,1765831194.512969,2025-12-15 20:39:54,SHIP500-B02-T01354,F06,crew,SK-DIAG-F06,发电机综合故障诊断,0.5455,0.397515,False,1
1,1765831194.512969,2025-12-15 20:39:54,SHIP500-B02-T01354,F11,crew,SK-DIAG-F11,通讯与传感器故障诊断,0.5455,0.397515,False,1
1,1765831194.512969,2025-12-15 20:39:54,SHIP500-B02-T01354,*,crew,SK-ACT-CREW-OPS,机舱巡查与就地处置技能,0.5455,0.397515,False,1
1,1765831206.754374,2025-12-15 20:40:06,SHIP500-B02-T01355,F06,maintenance,SK-DIAG-F06,发电机综合故障诊断,0.4545,0.393274,False,0
1,1765831218.9348135,2025-12-15 20:40:18,SHIP500-B02-T01356,F06,maintenance,SK-DIAG-F06,发电机综合故障诊断,0.4545,0.403482,False,0
1,1765831231.1392996,2025-12-15 20:40:31,SHIP500-B02-T01357,F06,crew,SK-DIAG-F06,发电机综合故障诊断,0.5455,0.402042,False,1
1,1765831231.1392996,2025-12-15 20:40:31,SHIP500-B02-T01357,F11,crew,SK-DIAG-F11,通讯与传感器故障诊断,0.5455,0.402042,False,1
1,1765831231.1392996,2025-12-15 20:40:31,SHIP500-B02-T01357,*,crew,SK-ACT-CREW-OPS,机舱巡查与就地处置技能,0.5455,0.402042,False,1
1,1765831243.3450174,2025-12-15 20:40:43,SHIP500-B02-T01358,F06,maintenance,SK-DIAG-F06,发电机综合故障诊断,0.4545,0.410516,False,0
1,1765831255.5219374,2025-12-15 20:40:55,SHIP500-B02-T01359,F06,maintenance,SK-DIAG-F06,发电机综合故障诊断,0.4545,0.407591,False,0
1,1765831267.727168,2025-12-15 20:41:07,SHIP500-B02-T01360,F06,crew,SK-DIAG-F06,发电机综合故障诊断,0.5455,0.416926,False,1
1,1765831267.727168,2025-12-15 20:41:07,SHIP500-B02-T01360,F11,crew,SK-DIAG-F11,通讯与传感器故障诊断,0.5455,0.416926,False,1
1,1765831267.727168,2025-12-15 20:41:07,SHIP500-B02-T01360,*,crew,SK-ACT-CREW-OPS,机舱巡查与就地处置技能,0.5455,0.416926,False,1
1,1765831279.9530034,2025-12-15 20:41:19,SHIP500-B02-T01361,F06,crew,SK-DIAG-F06,发电机综合故障诊断,0.5455,0.423184,False,1
1,1765831279.9530034,2025-12-15 20:41:19,SHIP500-B02-T01361,F11,crew,SK-DIAG-F11,通讯与传感器故障诊断,0.5455,0.423184,False,1
1,1765831279.9530034,2025-12-15 20:41:19,SHIP500-B02-T01361,*,crew,SK-ACT-CREW-OPS,机舱巡查与就地处置技能,0.5455,0.423184,False,1
1,1765831292.1464324,2025-12-15 20:41:32,SHIP500-B02-T01362,F06,maintenance,SK-DIAG-F06,发电机综合故障诊断,0.4545,0.424953,False,0
1,1765831304.348257,2025-12-15 20:41:44,SHIP500-B02-T01363,F06,maintenance,SK-DIAG-F06,发电机综合故障诊断,0.4545,0.433135,False,0
1,1765831316.5529668,2025-12-15 20:41:56,SHIP500-B02-T01364,F06,maintenance,SK-DIAG-F06,发电机综合故障诊断,0.4545,0.462205,False,0
1,1765831328.7510471,2025-12-15 20:42:08,SHIP500-B02-T01365,F06,crew,SK-DIAG-F06,发电机综合故障诊断,0.5455,0.42673,False,1
1,1765831328.7510471,2025-12-15 20:42:08,SHIP500-B02-T01365,F11,crew,SK-DIAG-F11,通讯与传感器故障诊断,0.5455,0.42673,False,1
1,1765831328.7510471,2025-12-15 20:42:08,SHIP500-B02-T01365,*,crew,SK-ACT-CREW-OPS,机舱巡查与就地处置技能,0.5455,0.42673,False,1
1,1765831340.9396975,2025-12-15 20:42:20,SHIP500-B02-T01366,F06,maintenance,SK-DIAG-F06,发电机综合故障诊断,0.4545,0.421423,False,0
1,1765831353.1332738,2025-12-15 20:42:33,SHIP500-B02-T01367,F06,crew,SK-DIAG-F06,发电机综合故障诊断,0.5455,0.428003,False,1
1,1765831353.1332738,2025-12-15 20:42:33,SHIP500-B02-T01367,F11,crew,SK-DIAG-F11,通讯与传感器故障诊断,0.5455,0.428003,False,1
1,1765831353.1332738,2025-12-15 20:42:33,SHIP500-B02-T01367,*,crew,SK-ACT-CREW-OPS,机舱巡查与就地处置技能,0.5455,0.428003,False,1
1,1765831365.3352003,2025-12-15 20:42:45,SHIP500-B02-T01368,F06,maintenance,SK-DIAG-F06,发电机综合故障诊断,0.4545,0.421674,False,0
1,1765831377.539863,2025-12-15 20:42:57,SHIP500-B02-T01369,F06,maintenance,SK-DIAG-F06,发电机综合故障诊断,0.4545,0.426476,False,0
1,1765831389.735481,2025-12-15 20:43:09,SHIP500-B02-T01370,F06,maintenance,SK-DIAG-F06,发电机综合故障诊断,0.4545,0.428769,False,0
1,1765831401.9294086,2025-12-15 20:43:21,SHIP500-B02-T01371,F06,crew,SK-DIAG-F06,发电机综合故障诊断,0.5455,0.413462,False,1
1,1765831401.9294086,2025-12-15 20:43:21,SHIP500-B02-T01371,F11,crew,SK-DIAG-F11,通讯与传感器故障诊断,0.5455,0.413462,False,1
1,1765831401.9294086,2025-12-15 20:43:21,SHIP500-B02-T01371,*,crew,SK-ACT-CREW-OPS,机舱巡查与就地处置技能,0.5455,0.413462,False,1
1,1765831414.142875,2025-12-15 20:43:34,SHIP500-B02-T01372,F06,maintenance,SK-DIAG-F06,发电机综合故障诊断,0.4545,0.413955,False,0
1,1765831426.356812,2025-12-15 20:43:46,SHIP500-B02-T01373,F06,maintenance,SK-DIAG-F06,发电机综合故障诊断,0.4545,0.408563,False,0
1,1765831438.532249,2025-12-15 20:43:58,SHIP500-B02-T01374,F06,crew,SK-DIAG-F06,发电机综合故障诊断,0.5455,0.416678,False,1
1,1765831438.532249,2025-12-15 20:43:58,SHIP500-B02-T01374,F11,crew,SK-DIAG-F11,通讯与传感器故障诊断,0.5455,0.416678,False,1
1,1765831438.532249,2025-12-15 20:43:58,SHIP500-B02-T01374,*,crew,SK-ACT-CREW-OPS,机舱巡查与就地处置技能,0.5455,0.416678,False,1
1,1765831450.771961,2025-12-15 20:44:10,SHIP500-B02-T01375,F06,maintenance,SK-DIAG-F06,发电机综合故障诊断,0.4545,0.414449,False,0
1,1765831462.957698,2025-12-15 20:44:22,SHIP500-B02-T01376,F06,crew,SK-DIAG-F06,发电机综合故障诊断,0.5455,0.416926,False,1
1,1765831462.957698,2025-12-15 20:44:22,SHIP500-B02-T01376,F11,crew,SK-DIAG-F11,通讯与传感器故障诊断,0.5455,0.416926,False,1
1,1765831462.957698,2025-12-15 20:44:22,SHIP500-B02-T01376,*,crew,SK-ACT-CREW-OPS,机舱巡查与就地处置技能,0.5455,0.416926,False,1
1,1765831475.1599262,2025-12-15 20:44:35,SHIP500-B02-T01377,F06,crew,SK-DIAG-F06,发电机综合故障诊断,0.5455,0.415686,False,1
1,1765831475.1599262,2025-12-15 20:44:35,SHIP500-B02-T01377,F11,crew,SK-DIAG-F11,通讯与传感器故障诊断,0.5455,0.415686,False,1
1,1765831475.1599262,2025-12-15 20:44:35,SHIP500-B02-T01377,*,crew,SK-ACT-CREW-OPS,机舱巡查与就地处置技能,0.5455,0.415686,False,1
1,1765831487.358976,2025-12-15 20:44:47,SHIP500-B02-T01378,F06,maintenance,SK-DIAG-F06,发电机综合故障诊断,0.4545,0.417423,False,0
1,1765831499.5609956,2025-12-15 20:44:59,SHIP500-B02-T01379,F06,maintenance,SK-DIAG-F06,发电机综合故障诊断,0.4545,0.421674,False,0
1,1765831511.7496972,2025-12-15 20:45:11,SHIP500-B02-T01380,F06,maintenance,SK-DIAG-F06,发电机综合故障诊断,0.4545,0.439375,False,0
1,1765831523.9340763,2025-12-15 20:45:23,SHIP500-B02-T01381,F06,maintenance,SK-DIAG-F06,发电机综合故障诊断,0.4545,0.454015,False,0
1,1765831536.1635385,2025-12-15 20:45:36,SHIP500-B02-T01382,F06,crew,SK-DIAG-F06,发电机综合故障诊断,0.5455,0.467747,False,1
1,1765831536.1635385,2025-12-15 20:45:36,SHIP500-B02-T01382,F11,crew,SK-DIAG-F11,通讯与传感器故障诊断,0.5455,0.467747,False,1
1,1765831536.1635385,2025-12-15 20:45:36,SHIP500-B02-T01382,*,crew,SK-ACT-CREW-OPS,机舱巡查与就地处置技能,0.5455,0.467747,False,1
1,1765831548.330104,2025-12-15 20:45:48,SHIP500-B02-T01383,F06,crew,SK-DIAG-F06,发电机综合故障诊断,0.5455,0.470542,False,1
1,1765831548.330104,2025-12-15 20:45:48,SHIP500-B02-T01383,F11,crew,SK-DIAG-F11,通讯与传感器故障诊断,0.5455,0.470542,False,1
1,1765831548.330104,2025-12-15 20:45:48,SHIP500-B02-T01383,*,crew,SK-ACT-CREW-OPS,机舱巡查与就地处置技能,0.5455,0.470542,False,1
1,1765831560.539219,2025-12-15 20:46:00,SHIP500-B02-T01384,F06,maintenance,SK-DIAG-F06,发电机综合故障诊断,0.4545,0.43391,False,0
1,1765831572.811104,2025-12-15 20:46:12,SHIP500-B02-T01385,F06,crew,SK-DIAG-F06,发电机综合故障诊断,0.5455,0.430049,False,1
1,1765831572.811104,2025-12-15 20:46:12,SHIP500-B02-T01385,F11,crew,SK-DIAG-F11,通讯与传感器故障诊断,0.5455,0.430049,False,1
1,1765831572.811104,2025-12-15 20:46:12,SHIP500-B02-T01385,*,crew,SK-ACT-CREW-OPS,机舱巡查与就地处置技能,0.5455,0.430049,False,1
1,1765831585.0201166,2025-12-15 20:46:25,SHIP500-B02-T01386,F06,crew,SK-DIAG-F06,发电机综合故障诊断,0.5455,0.437806,False,1
1,1765831585.0201166,2025-12-15 20:46:25,SHIP500-B02-T01386,F11,crew,SK-DIAG-F11,通讯与传感器故障诊断,0.5455,0.437806,False,1
1,1765831585.0201166,2025-12-15 20:46:25,SHIP500-B02-T01386,*,crew,SK-ACT-CREW-OPS,机舱巡查与就地处置技能,0.5455,0.437806,False,1
1,1765831597.2638304,2025-12-15 20:46:37,SHIP500-B02-T01387,F06,maintenance,SK-DIAG-F06,发电机综合故障诊断,0.4545,0.444908,False,0
1,1765831609.4442868,2025-12-15 20:46:49,SHIP500-B02-T01388,F06,maintenance,SK-DIAG-F06,发电机综合故障诊断,0.4545,0.445173,False,0
1,1765831621.650899,2025-12-15 20:47:01,SHIP500-B02-T01389,F06,crew,SK-DIAG-F06,发电机综合故障诊断,0.5455,0.431075,False,1
1,1765831621.650899,2025-12-15 20:47:01,SHIP500-B02-T01389,F11,crew,SK-DIAG-F11,通讯与传感器故障诊断,0.5455,0.431075,False,1
1,1765831621.650899,2025-12-15 20:47:01,SHIP500-B02-T01389,*,crew,SK-ACT-CREW-OPS,机舱巡查与就地处置技能,0.5455,0.431075,False,1
1,1765831633.859892,2025-12-15 20:47:13,SHIP500-B02-T01390,F06,maintenance,SK-DIAG-F06,发电机综合故障诊断,0.4545,0.429792,False,0
1,1765831646.0752635,2025-12-15 20:47:26,SHIP500-B02-T01391,F06,maintenance,SK-DIAG-F06,发电机综合故障诊断,0.4545,0.422932,False,0
1,1765831658.3368778,2025-12-15 20:47:38,SHIP500-B02-T01392,F06,maintenance,SK-DIAG-F06,发电机综合故障诊断,0.4545,0.42067,False,0
1,1765831670.5521674,2025-12-15 20:47:50,SHIP500-B02-T01393,F06,crew,SK-DIAG-F06,发电机综合故障诊断,0.5455,0.419168,False,1
1,1765831670.5521674,2025-12-15 20:47:50,SHIP500-B02-T01393,F11,crew,SK-DIAG-F11,通讯与传感器故障诊断,0.5455,0.419168,False,1
1,1765831670.5521674,2025-12-15 20:47:50,SHIP500-B02-T01393,*,crew,SK-ACT-CREW-OPS,机舱巡查与就地处置技能,0.5455,0.419168,False,1
1,1765831682.7630098,2025-12-15 20:48:02,SHIP500-B02-T01394,F06,maintenance,SK-DIAG-F06,发电机综合故障诊断,0.4545,0.418669,False,0
1,1765831694.9530897,2025-12-15 20:48:14,SHIP500-B02-T01395,F06,maintenance,SK-DIAG-F06,发电机综合故障诊断,0.4545,0.413462,False,0
1,1765831707.156314,2025-12-15 20:48:27,SHIP500-B02-T01396,F06,maintenance,SK-DIAG-F06,发电机综合故障诊断,0.4545,0.41297,False,0
1,1765831719.3611147,2025-12-15 20:48:39,SHIP500-B02-T01397,F06,maintenance,SK-DIAG-F06,发电机综合故障诊断,0.4545,0.417423,False,0
1,1765831731.572425,2025-12-15 20:48:51,SHIP500-B02-T01398,F06,maintenance,SK-DIAG-F06,发电机综合故障诊断,0.4545,0.412232,False,0
1,1765831743.7838397,2025-12-15 20:49:03,SHIP500-B02-T01399,F06,maintenance,SK-DIAG-F06,发电机综合故障诊断,0.4545,0.412724,False,0
1,1765831756.0030684,2025-12-15 20:49:16,SHIP500-B02-T01400,F06,maintenance,SK-DIAG-F06,发电机综合故障诊断,0.4545,0.413462,False,0
1,1765831768.2679725,2025-12-15 20:49:28,SHIP500-B02-T01401,F06,crew,SK-DIAG-F06,发电机综合故障诊断,0.5455,0.417672,False,1
1,1765831768.2679725,2025-12-15 20:49:28,SHIP500-B02-T01401,F11,crew,SK-DIAG-F11,通讯与传感器故障诊断,0.5455,0.417672,False,1
1,1765831768.2679725,2025-12-15 20:49:28,SHIP500-B02-T01401,*,crew,SK-ACT-CREW-OPS,机舱巡查与就地处置技能,0.5455,0.417672,False,1
1,1765831780.4621916,2025-12-15 20:49:40,SHIP500-B02-T01402,F06,maintenance,SK-DIAG-F06,发电机综合故障诊断,0.4545,0.418919,False,0
1,1765831792.6640534,2025-12-15 20:49:52,SHIP500-B02-T01403,F06,crew,SK-DIAG-F06,发电机综合故障诊断,0.5455,0.420419,False,1
1,1765831792.6640534,2025-12-15 20:49:52,SHIP500-B02-T01403,F11,crew,SK-DIAG-F11,通讯与传感器故障诊断,0.5455,0.420419,False,1
1,1765831792.6640534,2025-12-15 20:49:52,SHIP500-B02-T01403,*,crew,SK-ACT-CREW-OPS,机舱巡查与就地处置技能,0.5455,0.420419,False,1
1,1765831804.8920956,2025-12-15 20:50:04,SHIP500-B02-T01404,F06,maintenance,SK-DIAG-F06,发电机综合故障诊断,0.4545,0.420169,False,0
1,1765831817.1032565,2025-12-15 20:50:17,SHIP500-B02-T01405,F06,maintenance,SK-DIAG-F06,发电机综合故障诊断,0.4545,0.419168,False,0
1,1765831829.280982,2025-12-15 20:50:29,SHIP500-B02-T01406,F06,maintenance,SK-DIAG-F06,发电机综合故障诊断,0.4545,0.426476,False,0
1,1765831841.5518332,2025-12-15 20:50:41,SHIP500-B02-T01407,F06,crew,SK-DIAG-F06,发电机综合故障诊断,0.5455,0.419668,False,1
1,1765831841.5518332,2025-12-15 20:50:41,SHIP500-B02-T01407,F11,crew,SK-DIAG-F11,通讯与传感器故障诊断,0.5455,0.419668,False,1
1,1765831841.5518332,2025-12-15 20:50:41,SHIP500-B02-T01407,*,crew,SK-ACT-CREW-OPS,机舱巡查与就地处置技能,0.5455,0.419668,False,1
1,1765831853.7704935,2025-12-15 20:50:53,SHIP500-B02-T01408,F06,maintenance,SK-DIAG-F06,发电机综合故障诊断,0.4545,0.4247,False,0
1,1765831866.0002165,2025-12-15 20:51:06,SHIP500-B02-T01409,F06,maintenance,SK-DIAG-F06,发电机综合故障诊断,0.4545,0.427493,False,0
1,1765831878.1937995,2025-12-15 20:51:18,SHIP500-B02-T01410,F06,crew,SK-DIAG-F06,发电机综合故障诊断,0.5455,0.42546,False,1
1,1765831878.1937995,2025-12-15 20:51:18,SHIP500-B02-T01410,F11,crew,SK-DIAG-F11,通讯与传感器故障诊断,0.5455,0.42546,False,1
1,1765831878.1937995,2025-12-15 20:51:18,SHIP500-B02-T01410,*,crew,SK-ACT-CREW-OPS,机舱巡查与就地处置技能,0.5455,0.42546,False,1
1,1765831890.3845663,2025-12-15 20:51:30,SHIP500-B02-T01411,F06,crew,SK-DIAG-F06,发电机综合故障诊断,0.5455,0.438067,False,1
1,1765831890.3845663,2025-12-15 20:51:30,SHIP500-B02-T01411,F11,crew,SK-DIAG-F11,通讯与传感器故障诊断,0.5455,0.438067,False,1
1,1765831890.3845663,2025-12-15 20:51:30,SHIP500-B02-T01411,*,crew,SK-ACT-CREW-OPS,机舱巡查与就地处置技能,0.5455,0.438067,False,1
1,1765831902.578652,2025-12-15 20:51:42,SHIP500-B02-T01412,F06,crew,SK-DIAG-F06,发电机综合故障诊断,0.5455,0.437546,False,1
1,1765831902.578652,2025-12-15 20:51:42,SHIP500-B02-T01412,F11,crew,SK-DIAG-F11,通讯与传感器故障诊断,0.5455,0.437546,False,1
1,1765831902.578652,2025-12-15 20:51:42,SHIP500-B02-T01412,*,crew,SK-ACT-CREW-OPS,机舱巡查与就地处置技能,0.5455,0.437546,False,1
1,1765831914.7933772,2025-12-15 20:51:54,SHIP500-B02-T01413,F06,maintenance,SK-DIAG-F06,发电机综合故障诊断,0.4545,0.437546,False,0
1,1765831926.9801838,2025-12-15 20:52:06,SHIP500-B02-T01414,F06,crew,SK-DIAG-F06,发电机综合故障诊断,0.5455,0.431589,False,1
1,1765831926.9801838,2025-12-15 20:52:06,SHIP500-B02-T01414,F11,crew,SK-DIAG-F11,通讯与传感器故障诊断,0.5455,0.431589,False,1
1,1765831926.9801838,2025-12-15 20:52:06,SHIP500-B02-T01414,*,crew,SK-ACT-CREW-OPS,机舱巡查与就地处置技能,0.5455,0.431589,False,1
1,1765831939.183315,2025-12-15 20:52:19,SHIP500-B02-T01415,F06,maintenance,SK-DIAG-F06,发电机综合故障诊断,0.4545,0.437285,False,0
1,1765831951.3659098,2025-12-15 20:52:31,SHIP500-B02-T01416,F06,maintenance,SK-DIAG-F06,发电机综合故障诊断,0.4545,0.419668,False,0
1,1765831963.5404088,2025-12-15 20:52:43,SHIP500-B02-T01417,F06,crew,SK-DIAG-F06,发电机综合故障诊断,0.5455,0.422177,False,1
1,1765831963.5404088,2025-12-15 20:52:43,SHIP500-B02-T01417,F11,crew,SK-DIAG-F11,通讯与传感器故障诊断,0.5455,0.422177,False,1
1,1765831963.5404088,2025-12-15 20:52:43,SHIP500-B02-T01417,*,crew,SK-ACT-CREW-OPS,机舱巡查与就地处置技能,0.5455,0.422177,False,1
1,1765831975.710216,2025-12-15 20:52:55,SHIP500-B02-T01418,F06,maintenance,SK-DIAG-F06,发电机综合故障诊断,0.4545,0.419418,False,0
1,1765831987.903047,2025-12-15 20:53:07,SHIP500-B02-T01419,F06,crew,SK-DIAG-F06,发电机综合故障诊断,0.5455,0.415934,False,1
1,1765831987.903047,2025-12-15 20:53:07,SHIP500-B02-T01419,F11,crew,SK-DIAG-F11,通讯与传感器故障诊断,0.5455,0.415934,False,1
1,1765831987.903047,2025-12-15 20:53:07,SHIP500-B02-T01419,*,crew,SK-ACT-CREW-OPS,机舱巡查与就地处置技能,0.5455,0.415934,False,1
1,1765832000.097653,2025-12-15 20:53:20,SHIP500-B02-T01420,F06,crew,SK-DIAG-F06,发电机综合故障诊断,0.5455,0.417423,False,1
1,1765832000.097653,2025-12-15 20:53:20,SHIP500-B02-T01420,F11,crew,SK-DIAG-F11,通讯与传感器故障诊断,0.5455,0.417423,False,1
1,1765832000.097653,2025-12-15 20:53:20,SHIP500-B02-T01420,*,crew,SK-ACT-CREW-OPS,机舱巡查与就地处置技能,0.5455,0.417423,False,1
1,1765832012.328057,2025-12-15 20:53:32,SHIP500-B02-T01421,F06,crew,SK-DIAG-F06,发电机综合故障诊断,0.5455,0.41842,False,1
1,1765832012.328057,2025-12-15 20:53:32,SHIP500-B02-T01421,F11,crew,SK-DIAG-F11,通讯与传感器故障诊断,0.5455,0.41842,False,1
1,1765832012.328057,2025-12-15 20:53:32,SHIP500-B02-T01421,*,crew,SK-ACT-CREW-OPS,机舱巡查与就地处置技能,0.5455,0.41842,False,1
1,1765832024.5293314,2025-12-15 20:53:44,SHIP500-B02-T01422,F06,crew,SK-DIAG-F06,发电机综合故障诊断,0.5455,0.411986,False,1
1,1765832024.5293314,2025-12-15 20:53:44,SHIP500-B02-T01422,F11,crew,SK-DIAG-F11,通讯与传感器故障诊断,0.5455,0.411986,False,1
1,1765832024.5293314,2025-12-15 20:53:44,SHIP500-B02-T01422,*,crew,SK-ACT-CREW-OPS,机舱巡查与就地处置技能,0.5455,0.411986,False,1
1,1765832036.721438,2025-12-15 20:53:56,SHIP500-B02-T01423,F06,crew,SK-DIAG-F06,发电机综合故障诊断,0.5455,0.413709,False,1
1,1765832036.721438,2025-12-15 20:53:56,SHIP500-B02-T01423,F11,crew,SK-DIAG-F11,通讯与传感器故障诊断,0.5455,0.413709,False,1
1,1765832036.721438,2025-12-15 20:53:56,SHIP500-B02-T01423,*,crew,SK-ACT-CREW-OPS,机舱巡查与就地处置技能,0.5455,0.413709,False,1
1,1765832048.9264257,2025-12-15 20:54:08,SHIP500-B02-T01424,F06,maintenance,SK-DIAG-F06,发电机综合故障诊断,0.4545,0.41842,False,0
1,1765832061.0807395,2025-12-15 20:54:21,SHIP500-B02-T01425,F06,maintenance,SK-DIAG-F06,发电机综合故障诊断,0.4545,0.416678,False,0
1,1765832073.29296,2025-12-15 20:54:33,SHIP500-B02-T01426,F06,crew,SK-DIAG-F06,发电机综合故障诊断,0.5455,0.411251,False,1
1,1765832073.29296,2025-12-15 20:54:33,SHIP500-B02-T01426,F11,crew,SK-DIAG-F11,通讯与传感器故障诊断,0.5455,0.411251,False,1
1,1765832073.29296,2025-12-15 20:54:33,SHIP500-B02-T01426,*,crew,SK-ACT-CREW-OPS,机舱巡查与就地处置技能,0.5455,0.411251,False,1
1,1765832085.519868,2025-12-15 20:54:45,SHIP500-B02-T01427,F06,maintenance,SK-DIAG-F06,发电机综合故障诊断,0.4545,0.414943,False,0
1,1765832097.6774366,2025-12-15 20:54:57,SHIP500-B02-T01428,F06,crew,SK-DIAG-F06,发电机综合故障诊断,0.5455,0.417672,False,1
1,1765832097.6774366,2025-12-15 20:54:57,SHIP500-B02-T01428,F11,crew,SK-DIAG-F11,通讯与传感器故障诊断,0.5455,0.417672,False,1
1,1765832097.6774366,2025-12-15 20:54:57,SHIP500-B02-T01428,*,crew,SK-ACT-CREW-OPS,机舱巡查与就地处置技能,0.5455,0.417672,False,1
1,1765832109.8601706,2025-12-15 20:55:09,SHIP500-B02-T01429,F06,crew,SK-DIAG-F06,发电机综合故障诊断,0.5455,0.419918,False,1
1,1765832109.8601706,2025-12-15 20:55:09,SHIP500-B02-T01429,F11,crew,SK-DIAG-F11,通讯与传感器故障诊断,0.5455,0.419918,False,1
1,1765832109.8601706,2025-12-15 20:55:09,SHIP500-B02-T01429,*,crew,SK-ACT-CREW-OPS,机舱巡查与就地处置技能,0.5455,0.419918,False,1
1,1765832122.0671153,2025-12-15 20:55:22,SHIP500-B02-T01430,F06,crew,SK-DIAG-F06,发电机综合故障诊断,0.5455,0.416926,False,1
1,1765832122.0671153,2025-12-15 20:55:22,SHIP500-B02-T01430,F11,crew,SK-DIAG-F11,通讯与传感器故障诊断,0.5455,0.416926,False,1
1,1765832122.0671153,2025-12-15 20:55:22,SHIP500-B02-T01430,*,crew,SK-ACT-CREW-OPS,机舱巡查与就地处置技能,0.5455,0.416926,False,1
1,1765832134.285551,2025-12-15 20:55:34,SHIP500-B02-T01431,F06,maintenance,SK-DIAG-F06,发电机综合故障诊断,0.4545,0.423942,False,0
1,1765832146.4729924,2025-12-15 20:55:46,SHIP500-B02-T01432,F06,crew,SK-DIAG-F06,发电机综合故障诊断,0.5455,0.419918,False,1
1,1765832146.4729924,2025-12-15 20:55:46,SHIP500-B02-T01432,F11,crew,SK-DIAG-F11,通讯与传感器故障诊断,0.5455,0.419918,False,1
1,1765832146.4729924,2025-12-15 20:55:46,SHIP500-B02-T01432,*,crew,SK-ACT-CREW-OPS,机舱巡查与就地处置技能,0.5455,0.419918,False,1
1,1765832158.732195,2025-12-15 20:55:58,SHIP500-B02-T01433,F06,maintenance,SK-DIAG-F06,发电机综合故障诊断,0.4545,0.426476,False,0
1,1765832170.9495275,2025-12-15 20:56:10,SHIP500-B02-T01434,F06,crew,SK-DIAG-F06,发电机综合故障诊断,0.5455,0.420169,False,1
1,1765832170.9495275,2025-12-15 20:56:10,SHIP500-B02-T01434,F11,crew,SK-DIAG-F11,通讯与传感器故障诊断,0.5455,0.420169,False,1
1,1765832170.9495275,2025-12-15 20:56:10,SHIP500-B02-T01434,*,crew,SK-ACT-CREW-OPS,机舱巡查与就地处置技能,0.5455,0.420169,False,1
1,1765832183.1873322,2025-12-15 20:56:23,SHIP500-B02-T01435,F06,maintenance,SK-DIAG-F06,发电机综合故障诊断,0.4545,0.436764,False,0
1,1765832195.4146075,2025-12-15 20:56:35,SHIP500-B02-T01436,F06,crew,SK-DIAG-F06,发电机综合故障诊断,0.5455,0.441738,False,1
1,1765832195.4146075,2025-12-15 20:56:35,SHIP500-B02-T01436,F11,crew,SK-DIAG-F11,通讯与传感器故障诊断,0.5455,0.441738,False,1
1,1765832195.4146075,2025-12-15 20:56:35,SHIP500-B02-T01436,*,crew,SK-ACT-CREW-OPS,机舱巡查与就地处置技能,0.5455,0.441738,False,1
1,1765832207.6288445,2025-12-15 20:56:47,SHIP500-B02-T01437,F06,maintenance,SK-DIAG-F06,发电机综合故障诊断,0.4545,0.426222,False,0
1,1765832219.8639748,2025-12-15 20:56:59,SHIP500-B02-T01438,F06,maintenance,SK-DIAG-F06,发电机综合故障诊断,0.4545,0.419918,False,0
1,1765832232.0574486,2025-12-15 20:57:12,SHIP500-B02-T01439,F06,crew,SK-DIAG-F06,发电机综合故障诊断,0.5455,0.433393,False,1
1,1765832232.0574486,2025-12-15 20:57:12,SHIP500-B02-T01439,F11,crew,SK-DIAG-F11,通讯与传感器故障诊断,0.5455,0.433393,False,1
1,1765832232.0574486,2025-12-15 20:57:12,SHIP500-B02-T01439,*,crew,SK-ACT-CREW-OPS,机舱巡查与就地处置技能,0.5455,0.433393,False,1
1,1765832244.2579074,2025-12-15 20:57:24,SHIP500-B02-T01440,F06,maintenance,SK-DIAG-F06,发电机综合故障诊断,0.4545,0.441738,False,0
1,1765832256.481638,2025-12-15 20:57:36,SHIP500-B02-T01441,F06,crew,SK-DIAG-F06,发电机综合故障诊断,0.5455,0.43859,False,1
1,1765832256.481638,2025-12-15 20:57:36,SHIP500-B02-T01441,F11,crew,SK-DIAG-F11,通讯与传感器故障诊断,0.5455,0.43859,False,1
1,1765832256.481638,2025-12-15 20:57:36,SHIP500-B02-T01441,*,crew,SK-ACT-CREW-OPS,机舱巡查与就地处置技能,0.5455,0.43859,False,1
1,1765832268.6942492,2025-12-15 20:57:48,SHIP500-B02-T01442,F06,maintenance,SK-DIAG-F06,发电机综合故障诊断,0.4545,0.432104,False,0
1,1765832280.90408,2025-12-15 20:58:00,SHIP500-B02-T01443,F06,crew,SK-DIAG-F06,发电机综合故障诊断,0.5455,0.429792,False,1
1,1765832280.90408,2025-12-15 20:58:00,SHIP500-B02-T01443,F11,crew,SK-DIAG-F11,通讯与传感器故障诊断,0.5455,0.429792,False,1
1,1765832280.90408,2025-12-15 20:58:00,SHIP500-B02-T01443,*,crew,SK-ACT-CREW-OPS,机舱巡查与就地处置技能,0.5455,0.429792,False,1
1,1765832293.1021352,2025-12-15 20:58:13,SHIP500-B02-T01444,F06,maintenance,SK-DIAG-F06,发电机综合故障诊断,0.4545,0.424194,False,0
1,1765832305.3210917,2025-12-15 20:58:25,SHIP500-B02-T01445,F06,maintenance,SK-DIAG-F06,发电机综合故障诊断,0.4545,0.42673,False,0
1,1765832317.4988768,2025-12-15 20:58:37,SHIP500-B02-T01446,F06,crew,SK-DIAG-F06,发电机综合故障诊断,0.5455,0.411741,False,1
1,1765832317.4988768,2025-12-15 20:58:37,SHIP500-B02-T01446,F11,crew,SK-DIAG-F11,通讯与传感器故障诊断,0.5455,0.411741,False,1
1,1765832317.4988768,2025-12-15 20:58:37,SHIP500-B02-T01446,*,crew,SK-ACT-CREW-OPS,机舱巡查与就地处置技能,0.5455,0.411741,False,1
1,1765832329.7205293,2025-12-15 20:58:49,SHIP500-B02-T01447,F06,maintenance,SK-DIAG-F06,发电机综合故障诊断,0.4545,0.411986,False,0
1,1765832341.927945,2025-12-15 20:59:01,SHIP500-B02-T01448,F06,crew,SK-DIAG-F06,发电机综合故障诊断,0.5455,0.416926,False,1
1,1765832341.927945,2025-12-15 20:59:01,SHIP500-B02-T01448,F11,crew,SK-DIAG-F11,通讯与传感器故障诊断,0.5455,0.416926,False,1
1,1765832341.927945,2025-12-15 20:59:01,SHIP500-B02-T01448,*,crew,SK-ACT-CREW-OPS,机舱巡查与就地处置技能,0.5455,0.416926,False,1
1,1765832354.151595,2025-12-15 20:59:14,SHIP500-B02-T01449,F06,maintenance,SK-DIAG-F06,发电机综合故障诊断,0.4545,0.416926,False,0
1,1765832366.3789356,2025-12-15 20:59:26,SHIP500-B02-T01450,F06,crew,SK-DIAG-F06,发电机综合故障诊断,0.5455,0.414943,False,1
1,1765832366.3789356,2025-12-15 20:59:26,SHIP500-B02-T01450,F11,crew,SK-DIAG-F11,通讯与传感器故障诊断,0.5455,0.414943,False,1
1,1765832366.3789356,2025-12-15 20:59:26,SHIP500-B02-T01450,*,crew,SK-ACT-CREW-OPS,机舱巡查与就地处置技能,0.5455,0.414943,False,1
1,1765832378.6450374,2025-12-15 20:59:38,SHIP500-B02-T01451,F06,crew,SK-DIAG-F06,发电机综合故障诊断,0.5455,0.428258,False,1
1,1765832378.6450374,2025-12-15 20:59:38,SHIP500-B02-T01451,F11,crew,SK-DIAG-F11,通讯与传感器故障诊断,0.5455,0.428258,False,1
1,1765832378.6450374,2025-12-15 20:59:38,SHIP500-B02-T01451,*,crew,SK-ACT-CREW-OPS,机舱巡查与就地处置技能,0.5455,0.428258,False,1
1,1765832390.871602,2025-12-15 20:59:50,SHIP500-B02-T01452,F06,crew,SK-DIAG-F06,发电机综合故障诊断,0.5455,0.440161,False,1
1,1765832390.871602,2025-12-15 20:59:50,SHIP500-B02-T01452,F11,crew,SK-DIAG-F11,通讯与传感器故障诊断,0.5455,0.440161,False,1
1,1765832390.871602,2025-12-15 20:59:50,SHIP500-B02-T01452,*,crew,SK-ACT-CREW-OPS,机舱巡查与就地处置技能,0.5455,0.440161,False,1
1,1765832403.04745,2025-12-15 21:00:03,SHIP500-B02-T01453,F06,crew,SK-DIAG-F06,发电机综合故障诊断,0.5455,0.454285,False,1
1,1765832403.04745,2025-12-15 21:00:03,SHIP500-B02-T01453,F11,crew,SK-DIAG-F11,通讯与传感器故障诊断,0.5455,0.454285,False,1
1,1765832403.04745,2025-12-15 21:00:03,SHIP500-B02-T01453,*,crew,SK-ACT-CREW-OPS,机舱巡查与就地处置技能,0.5455,0.454285,False,1
1,1765832415.2266011,2025-12-15 21:00:15,SHIP500-B02-T01454,F06,crew,SK-DIAG-F06,发电机综合故障诊断,0.5455,0.468025,False,1
1,1765832415.2266011,2025-12-15 21:00:15,SHIP500-B02-T01454,F11,crew,SK-DIAG-F11,通讯与传感器故障诊断,0.5455,0.468025,False,1
1,1765832415.2266011,2025-12-15 21:00:15,SHIP500-B02-T01454,*,crew,SK-ACT-CREW-OPS,机舱巡查与就地处置技能,0.5455,0.468025,False,1
1,1765832427.4119077,2025-12-15 21:00:27,SHIP500-B02-T01455,F06,maintenance,SK-DIAG-F06,发电机综合故障诊断,0.4545,0.473637,False,0
1,1765832439.603306,2025-12-15 21:00:39,SHIP500-B02-T01456,F06,maintenance,SK-DIAG-F06,发电机综合故障诊断,0.4545,0.476752,False,0
1,1765832451.7927103,2025-12-15 21:00:51,SHIP500-B02-T01457,F06,crew,SK-DIAG-F06,发电机综合故障诊断,0.5455,0.443056,False,1
1,1765832451.7927103,2025-12-15 21:00:51,SHIP500-B02-T01457,F11,crew,SK-DIAG-F11,通讯与传感器故障诊断,0.5455,0.443056,False,1
1,1765832451.7927103,2025-12-15 21:00:51,SHIP500-B02-T01457,*,crew,SK-ACT-CREW-OPS,机舱巡查与就地处置技能,0.5455,0.443056,False,1
1,1765832463.9789271,2025-12-15 21:01:03,SHIP500-B02-T01458,F06,crew,SK-DIAG-F06,发电机综合故障诊断,0.5455,0.442001,False,1
1,1765832463.9789271,2025-12-15 21:01:03,SHIP500-B02-T01458,F11,crew,SK-DIAG-F11,通讯与传感器故障诊断,0.5455,0.442001,False,1
1,1765832463.9789271,2025-12-15 21:01:03,SHIP500-B02-T01458,*,crew,SK-ACT-CREW-OPS,机舱巡查与就地处置技能,0.5455,0.442001,False,1
1,1765832476.183283,2025-12-15 21:01:16,SHIP500-B02-T01459,F06,maintenance,SK-DIAG-F06,发电机综合故障诊断,0.4545,0.441738,False,0
1,1765832488.3874931,2025-12-15 21:01:28,SHIP500-B02-T01460,F06,crew,SK-DIAG-F06,发电机综合故障诊断,0.5455,0.440161,False,1
1,1765832488.3874931,2025-12-15 21:01:28,SHIP500-B02-T01460,F11,crew,SK-DIAG-F11,通讯与传感器故障诊断,0.5455,0.440161,False,1
1,1765832488.3874931,2025-12-15 21:01:28,SHIP500-B02-T01460,*,crew,SK-ACT-CREW-OPS,机舱巡查与就地处置技能,0.5455,0.440161,False,1
1,1765832500.5964267,2025-12-15 21:01:40,SHIP500-B02-T01461,F06,maintenance,SK-DIAG-F06,发电机综合故障诊断,0.4545,0.437546,False,0
1,1765832512.7730792,2025-12-15 21:01:52,SHIP500-B02-T01462,F06,crew,SK-DIAG-F06,发电机综合故障诊断,0.5455,0.438851,False,1
1,1765832512.7730792,2025-12-15 21:01:52,SHIP500-B02-T01462,F11,crew,SK-DIAG-F11,通讯与传感器故障诊断,0.5455,0.438851,False,1
1,1765832512.7730792,2025-12-15 21:01:52,SHIP500-B02-T01462,*,crew,SK-ACT-CREW-OPS,机舱巡查与就地处置技能,0.5455,0.438851,False,1
1,1765832524.9843166,2025-12-15 21:02:04,SHIP500-B02-T01463,F06,crew,SK-DIAG-F06,发电机综合故障诊断,0.5455,0.433652,False,1
1,1765832524.9843166,2025-12-15 21:02:04,SHIP500-B02-T01463,F11,crew,SK-DIAG-F11,通讯与传感器故障诊断,0.5455,0.433652,False,1
1,1765832524.9843166,2025-12-15 21:02:04,SHIP500-B02-T01463,*,crew,SK-ACT-CREW-OPS,机舱巡查与就地处置技能,0.5455,0.433652,False,1
1,1765832537.194769,2025-12-15 21:02:17,SHIP500-B02-T01464,F06,crew,SK-DIAG-F06,发电机综合故障诊断,0.5455,0.420419,False,1
1,1765832537.194769,2025-12-15 21:02:17,SHIP500-B02-T01464,F11,crew,SK-DIAG-F11,通讯与传感器故障诊断,0.5455,0.420419,False,1
1,1765832537.194769,2025-12-15 21:02:17,SHIP500-B02-T01464,*,crew,SK-ACT-CREW-OPS,机舱巡查与就地处置技能,0.5455,0.420419,False,1
1,1765832549.3829863,2025-12-15 21:02:29,SHIP500-B02-T01465,F06,crew,SK-DIAG-F06,发电机综合故障诊断,0.5455,0.415934,False,1
1,1765832549.3829863,2025-12-15 21:02:29,SHIP500-B02-T01465,F11,crew,SK-DIAG-F11,通讯与传感器故障诊断,0.5455,0.415934,False,1
1,1765832549.3829863,2025-12-15 21:02:29,SHIP500-B02-T01465,*,crew,SK-ACT-CREW-OPS,机舱巡查与就地处置技能,0.5455,0.415934,False,1
1,1765832561.6148386,2025-12-15 21:02:41,SHIP500-B02-T01466,F06,crew,SK-DIAG-F06,发电机综合故障诊断,0.5455,0.411741,False,1
1,1765832561.6148386,2025-12-15 21:02:41,SHIP500-B02-T01466,F11,crew,SK-DIAG-F11,通讯与传感器故障诊断,0.5455,0.411741,False,1
1,1765832561.6148386,2025-12-15 21:02:41,SHIP500-B02-T01466,*,crew,SK-ACT-CREW-OPS,机舱巡查与就地处置技能,0.5455,0.411741,False,1
1,1765832573.8168569,2025-12-15 21:02:53,SHIP500-B02-T01467,F06,maintenance,SK-DIAG-F06,发电机综合故障诊断,0.4545,0.404686,False,0
1,1765832586.023051,2025-12-15 21:03:06,SHIP500-B02-T01468,F06,crew,SK-DIAG-F06,发电机综合故障诊断,0.5455,0.397042,False,1
1,1765832586.023051,2025-12-15 21:03:06,SHIP500-B02-T01468,F11,crew,SK-DIAG-F11,通讯与传感器故障诊断,0.5455,0.397042,False,1
1,1765832586.023051,2025-12-15 21:03:06,SHIP500-B02-T01468,*,crew,SK-ACT-CREW-OPS,机舱巡查与就地处置技能,0.5455,0.397042,False,1
1,1765832598.230602,2025-12-15 21:03:18,SHIP500-B02-T01469,F06,maintenance,SK-DIAG-F06,发电机综合故障诊断,0.4545,0.400607,False,0
1,1765832610.452838,2025-12-15 21:03:30,SHIP500-B02-T01470,F06,crew,SK-DIAG-F06,发电机综合故障诊断,0.5455,0.399891,False,1
1,1765832610.452838,2025-12-15 21:03:30,SHIP500-B02-T01470,F11,crew,SK-DIAG-F11,通讯与传感器故障诊断,0.5455,0.399891,False,1
1,1765832610.452838,2025-12-15 21:03:30,SHIP500-B02-T01470,*,crew,SK-ACT-CREW-OPS,机舱巡查与就地处置技能,0.5455,0.399891,False,1
1,1765832622.6824827,2025-12-15 21:03:42,SHIP500-B02-T01471,F06,crew,SK-DIAG-F06,发电机综合故障诊断,0.5455,0.393509,False,1
1,1765832622.6824827,2025-12-15 21:03:42,SHIP500-B02-T01471,F11,crew,SK-DIAG-F11,通讯与传感器故障诊断,0.5455,0.393509,False,1
1,1765832622.6824827,2025-12-15 21:03:42,SHIP500-B02-T01471,*,crew,SK-ACT-CREW-OPS,机舱巡查与就地处置技能,0.5455,0.393509,False,1
1,1765832634.8910177,2025-12-15 21:03:54,SHIP500-B02-T01472,F06,crew,SK-DIAG-F06,发电机综合故障诊断,0.5455,0.394448,False,1
1,1765832634.8910177,2025-12-15 21:03:54,SHIP500-B02-T01472,F11,crew,SK-DIAG-F11,通讯与传感器故障诊断,0.5455,0.394448,False,1
1,1765832634.8910177,2025-12-15 21:03:54,SHIP500-B02-T01472,*,crew,SK-ACT-CREW-OPS,机舱巡查与就地处置技能,0.5455,0.394448,False,1
1,1765832647.0811276,2025-12-15 21:04:07,SHIP500-B02-T01473,F06,maintenance,SK-DIAG-F06,发电机综合故障诊断,0.4545,0.394448,False,0
1,1765832659.2666175,2025-12-15 21:04:19,SHIP500-B02-T01474,F06,crew,SK-DIAG-F06,发电机综合故障诊断,0.5455,0.395625,False,1
1,1765832659.2666175,2025-12-15 21:04:19,SHIP500-B02-T01474,F11,crew,SK-DIAG-F11,通讯与传感器故障诊断,0.5455,0.395625,False,1
1,1765832659.2666175,2025-12-15 21:04:19,SHIP500-B02-T01474,*,crew,SK-ACT-CREW-OPS,机舱巡查与就地处置技能,0.5455,0.395625,False,1
1,1765832671.484793,2025-12-15 21:04:31,SHIP500-B02-T01475,F06,crew,SK-DIAG-F06,发电机综合故障诊断,0.5455,0.392806,False,1
1,1765832671.484793,2025-12-15 21:04:31,SHIP500-B02-T01475,F11,crew,SK-DIAG-F11,通讯与传感器故障诊断,0.5455,0.392806,False,1
1,1765832671.484793,2025-12-15 21:04:31,SHIP500-B02-T01475,*,crew,SK-ACT-CREW-OPS,机舱巡查与就地处置技能,0.5455,0.392806,False,1
1,1765832683.681092,2025-12-15 21:04:43,SHIP500-B02-T01476,F06,crew,SK-DIAG-F06,发电机综合故障诊断,0.5455,0.385615,False,1
1,1765832683.681092,2025-12-15 21:04:43,SHIP500-B02-T01476,F11,crew,SK-DIAG-F11,通讯与传感器故障诊断,0.5455,0.385615,False,1
1,1765832683.681092,2025-12-15 21:04:43,SHIP500-B02-T01476,*,crew,SK-ACT-CREW-OPS,机舱巡查与就地处置技能,0.5455,0.385615,False,1
1,1765832695.884025,2025-12-15 21:04:55,SHIP500-B02-T01477,F06,maintenance,SK-DIAG-F06,发电机综合故障诊断,0.4545,0.38264,False,0
1,1765832708.0916705,2025-12-15 21:05:08,SHIP500-B02-T01478,F06,crew,SK-DIAG-F06,发电机综合故障诊断,0.5455,0.390239,False,1
1,1765832708.0916705,2025-12-15 21:05:08,SHIP500-B02-T01478,F11,crew,SK-DIAG-F11,通讯与传感器故障诊断,0.5455,0.390239,False,1
1,1765832708.0916705,2025-12-15 21:05:08,SHIP500-B02-T01478,*,crew,SK-ACT-CREW-OPS,机舱巡查与就地处置技能,0.5455,0.390239,False,1
1,1765832720.281342,2025-12-15 21:05:20,SHIP500-B02-T01479,F06,maintenance,SK-DIAG-F06,发电机综合故障诊断,0.4545,0.381728,False,0
1,1765832732.4925363,2025-12-15 21:05:32,SHIP500-B02-T01480,F06,maintenance,SK-DIAG-F06,发电机综合故障诊断,0.4545,0.382868,False,0
1,1765832744.7252655,2025-12-15 21:05:44,SHIP500-B02-T01481,F06,crew,SK-DIAG-F06,发电机综合故障诊断,0.5455,0.385845,False,1
1,1765832744.7252655,2025-12-15 21:05:44,SHIP500-B02-T01481,F11,crew,SK-DIAG-F11,通讯与传感器故障诊断,0.5455,0.385845,False,1
1,1765832744.7252655,2025-12-15 21:05:44,SHIP500-B02-T01481,*,crew,SK-ACT-CREW-OPS,机舱巡查与就地处置技能,0.5455,0.385845,False,1
1,1765832756.929994,2025-12-15 21:05:56,SHIP500-B02-T01482,F06,maintenance,SK-DIAG-F06,发电机综合故障诊断,0.4545,0.388846,False,0
1,1765832769.1192665,2025-12-15 21:06:09,SHIP500-B02-T01483,F06,maintenance,SK-DIAG-F06,发电机综合故障诊断,0.4545,0.395625,False,0
1,1765832781.309276,2025-12-15 21:06:21,SHIP500-B02-T01484,F06,crew,SK-DIAG-F06,发电机综合故障诊断,0.5455,0.388615,False,1
1,1765832781.309276,2025-12-15 21:06:21,SHIP500-B02-T01484,F11,crew,SK-DIAG-F11,通讯与传感器故障诊断,0.5455,0.388615,False,1
1,1765832781.309276,2025-12-15 21:06:21,SHIP500-B02-T01484,*,crew,SK-ACT-CREW-OPS,机舱巡查与就地处置技能,0.5455,0.388615,False,1
1,1765832793.5386777,2025-12-15 21:06:33,SHIP500-B02-T01485,F06,maintenance,SK-DIAG-F06,发电机综合故障诊断,0.4545,0.386305,False,0
1,1765832805.7565234,2025-12-15 21:06:45,SHIP500-B02-T01486,F06,crew,SK-DIAG-F06,发电机综合故障诊断,0.5455,0.386075,False,1
1,1765832805.7565234,2025-12-15 21:06:45,SHIP500-B02-T01486,F11,crew,SK-DIAG-F11,通讯与传感器故障诊断,0.5455,0.386075,False,1
1,1765832805.7565234,2025-12-15 21:06:45,SHIP500-B02-T01486,*,crew,SK-ACT-CREW-OPS,机舱巡查与就地处置技能,0.5455,0.386075,False,1
1,1765832817.9630673,2025-12-15 21:06:57,SHIP500-B02-T01487,F06,maintenance,SK-DIAG-F06,发电机综合故障诊断,0.4545,0.390239,False,0
1,1765832830.168985,2025-12-15 21:07:10,SHIP500-B02-T01488,F06,crew,SK-DIAG-F06,发电机综合故障诊断,0.5455,0.388383,False,1
1,1765832830.168985,2025-12-15 21:07:10,SHIP500-B02-T01488,F11,crew,SK-DIAG-F11,通讯与传感器故障诊断,0.5455,0.388383,False,1
1,1765832830.168985,2025-12-15 21:07:10,SHIP500-B02-T01488,*,crew,SK-ACT-CREW-OPS,机舱巡查与就地处置技能,0.5455,0.388383,False,1
1,1765832842.3921635,2025-12-15 21:07:22,SHIP500-B02-T01489,F06,maintenance,SK-DIAG-F06,发电机综合故障诊断,0.4545,0.386305,False,0
1,1765832854.5901842,2025-12-15 21:07:34,SHIP500-B02-T01490,F06,maintenance,SK-DIAG-F06,发电机综合故障诊断,0.4545,0.383781,False,0
1,1765832866.799552,2025-12-15 21:07:46,SHIP500-B02-T01491,F06,crew,SK-DIAG-F06,发电机综合故障诊断,0.5455,0.386766,False,1
1,1765832866.799552,2025-12-15 21:07:46,SHIP500-B02-T01491,F11,crew,SK-DIAG-F11,通讯与传感器故障诊断,0.5455,0.386766,False,1
1,1765832866.799552,2025-12-15 21:07:46,SHIP500-B02-T01491,*,crew,SK-ACT-CREW-OPS,机舱巡查与就地处置技能,0.5455,0.386766,False,1
1,1765832879.0355213,2025-12-15 21:07:59,SHIP500-B02-T01492,F06,maintenance,SK-DIAG-F06,发电机综合故障诊断,0.4545,0.382412,False,0
1,1765832891.2488828,2025-12-15 21:08:11,SHIP500-B02-T01493,F06,maintenance,SK-DIAG-F06,发电机综合故障诊断,0.4545,0.386075,False,0
1,1765832903.4565856,2025-12-15 21:08:23,SHIP500-B02-T01494,F06,crew,SK-DIAG-F06,发电机综合故障诊断,0.5455,0.387227,False,1
1,1765832903.4565856,2025-12-15 21:08:23,SHIP500-B02-T01494,F11,crew,SK-DIAG-F11,通讯与传感器故障诊断,0.5455,0.387227,False,1
1,1765832903.4565856,2025-12-15 21:08:23,SHIP500-B02-T01494,*,crew,SK-ACT-CREW-OPS,机舱巡查与就地处置技能,0.5455,0.387227,False,1
1,1765832915.6626985,2025-12-15 21:08:35,SHIP500-B02-T01495,F06,maintenance,SK-DIAG-F06,发电机综合故障诊断,0.4545,0.375412,False,0
1,1765832927.8925617,2025-12-15 21:08:47,SHIP500-B02-T01496,F06,crew,SK-DIAG-F06,发电机综合故障诊断,0.5455,0.380366,False,1
1,1765832927.8925617,2025-12-15 21:08:47,SHIP500-B02-T01496,F11,crew,SK-DIAG-F11,通讯与传感器故障诊断,0.5455,0.380366,False,1
1,1765832927.8925617,2025-12-15 21:08:47,SHIP500-B02-T01496,*,crew,SK-ACT-CREW-OPS,机舱巡查与就地处置技能,0.5455,0.380366,False,1
1,1765832940.0812466,2025-12-15 21:09:00,SHIP500-B02-T01497,F06,crew,SK-DIAG-F06,发电机综合故障诊断,0.5455,0.386536,False,1
1,1765832940.0812466,2025-12-15 21:09:00,SHIP500-B02-T01497,F11,crew,SK-DIAG-F11,通讯与传感器故障诊断,0.5455,0.386536,False,1
1,1765832940.0812466,2025-12-15 21:09:00,SHIP500-B02-T01497,*,crew,SK-ACT-CREW-OPS,机舱巡查与就地处置技能,0.5455,0.386536,False,1
1,1765832952.2985864,2025-12-15 21:09:12,SHIP500-B02-T01498,F06,crew,SK-DIAG-F06,发电机综合故障诊断,0.5455,0.390007,False,1
1,1765832952.2985864,2025-12-15 21:09:12,SHIP500-B02-T01498,F11,crew,SK-DIAG-F11,通讯与传感器故障诊断,0.5455,0.390007,False,1
1,1765832952.2985864,2025-12-15 21:09:12,SHIP500-B02-T01498,*,crew,SK-ACT-CREW-OPS,机舱巡查与就地处置技能,0.5455,0.390007,False,1
1,1765832964.5008996,2025-12-15 21:09:24,SHIP500-B02-T01499,F06,maintenance,SK-DIAG-F06,发电机综合故障诊断,0.4545,0.383781,False,0
1,1765832976.7238028,2025-12-15 21:09:36,SHIP500-B02-T01500,F06,crew,SK-DIAG-F06,发电机综合故障诊断,0.5455,0.394448,False,1
1,1765832976.7238028,2025-12-15 21:09:36,SHIP500-B02-T01500,F11,crew,SK-DIAG-F11,通讯与传感器故障诊断,0.5455,0.394448,False,1
1,1765832976.7238028,2025-12-15 21:09:36,SHIP500-B02-T01500,*,crew,SK-ACT-CREW-OPS,机舱巡查与就地处置技能,0.5455,0.394448,False,1
1,1765832989.01341,2025-12-15 21:09:49,SHIP500-B02-T01501,F06,maintenance,SK-DIAG-F06,发电机综合故障诊断,0.4545,0.395861,False,0
1,1765833001.202794,2025-12-15 21:10:01,SHIP500-B02-T01502,F06,maintenance,SK-DIAG-F06,发电机综合故障诊断,0.4545,0.391637,False,0
1,1765833013.4087317,2025-12-15 21:10:13,SHIP500-B02-T01503,F06,crew,SK-DIAG-F06,发电机综合故障诊断,0.5455,0.401803,False,1
1,1765833013.4087317,2025-12-15 21:10:13,SHIP500-B02-T01503,F11,crew,SK-DIAG-F11,通讯与传感器故障诊断,0.5455,0.401803,False,1
1,1765833013.4087317,2025-12-15 21:10:13,SHIP500-B02-T01503,*,crew,SK-ACT-CREW-OPS,机舱巡查与就地处置技能,0.5455,0.401803,False,1
1,1765833025.646569,2025-12-15 21:10:25,SHIP500-B02-T01504,F06,maintenance,SK-DIAG-F06,发电机综合故障诊断,0.4545,0.405652,False,0
1,1765833037.8308327,2025-12-15 21:10:37,SHIP500-B02-T01505,F06,crew,SK-DIAG-F06,发电机综合故障诊断,0.5455,0.414449,False,1
1,1765833037.8308327,2025-12-15 21:10:37,SHIP500-B02-T01505,F11,crew,SK-DIAG-F11,通讯与传感器故障诊断,0.5455,0.414449,False,1
1,1765833037.8308327,2025-12-15 21:10:37,SHIP500-B02-T01505,*,crew,SK-ACT-CREW-OPS,机舱巡查与就地处置技能,0.5455,0.414449,False,1
1,1765833050.040969,2025-12-15 21:10:50,SHIP500-B02-T01506,F06,crew,SK-DIAG-F06,发电机综合故障诊断,0.5455,0.408077,False,1
1,1765833050.040969,2025-12-15 21:10:50,SHIP500-B02-T01506,F11,crew,SK-DIAG-F11,通讯与传感器故障诊断,0.5455,0.408077,False,1
1,1765833050.040969,2025-12-15 21:10:50,SHIP500-B02-T01506,*,crew,SK-ACT-CREW-OPS,机舱巡查与就地处置技能,0.5455,0.408077,False,1
1,1765833062.247849,2025-12-15 21:11:02,SHIP500-B02-T01507,F06,crew,SK-DIAG-F06,发电机综合故障诊断,0.5455,0.411251,False,1
1,1765833062.247849,2025-12-15 21:11:02,SHIP500-B02-T01507,F11,crew,SK-DIAG-F11,通讯与传感器故障诊断,0.5455,0.411251,False,1
1,1765833062.247849,2025-12-15 21:11:02,SHIP500-B02-T01507,*,crew,SK-ACT-CREW-OPS,机舱巡查与就地处置技能,0.5455,0.411251,False,1
1,1765833074.4782016,2025-12-15 21:11:14,SHIP500-B02-T01508,F06,crew,SK-DIAG-F06,发电机综合故障诊断,0.5455,0.408563,False,1
1,1765833074.4782016,2025-12-15 21:11:14,SHIP500-B02-T01508,F11,crew,SK-DIAG-F11,通讯与传感器故障诊断,0.5455,0.408563,False,1
1,1765833074.4782016,2025-12-15 21:11:14,SHIP500-B02-T01508,*,crew,SK-ACT-CREW-OPS,机舱巡查与就地处置技能,0.5455,0.408563,False,1
1,1765833086.6965714,2025-12-15 21:11:26,SHIP500-B02-T01509,F06,crew,SK-DIAG-F06,发电机综合故障诊断,0.5455,0.425968,False,1
1,1765833086.6965714,2025-12-15 21:11:26,SHIP500-B02-T01509,F11,crew,SK-DIAG-F11,通讯与传感器故障诊断,0.5455,0.425968,False,1
1,1765833086.6965714,2025-12-15 21:11:26,SHIP500-B02-T01509,*,crew,SK-ACT-CREW-OPS,机舱巡查与就地处置技能,0.5455,0.425968,False,1
1,1765833098.9118958,2025-12-15 21:11:38,SHIP500-B02-T01510,F06,maintenance,SK-DIAG-F06,发电机综合故障诊断,0.4545,0.413216,False,0
1,1765833111.1165862,2025-12-15 21:11:51,SHIP500-B02-T01511,F06,maintenance,SK-DIAG-F06,发电机综合故障诊断,0.4545,0.397752,False,0
1,1765833123.3330162,2025-12-15 21:12:03,SHIP500-B02-T01512,F06,maintenance,SK-DIAG-F06,发电机综合故障诊断,0.4545,0.409295,False,0
1,1765833135.5232532,2025-12-15 21:12:15,SHIP500-B02-T01513,F06,maintenance,SK-DIAG-F06,发电机综合故障诊断,0.4545,0.415191,False,0
1,1765833147.7204366,2025-12-15 21:12:27,SHIP500-B02-T01514,F06,crew,SK-DIAG-F06,发电机综合故障诊断,0.5455,0.422177,False,1
1,1765833147.7204366,2025-12-15 21:12:27,SHIP500-B02-T01514,F11,crew,SK-DIAG-F11,通讯与传感器故障诊断,0.5455,0.422177,False,1
1,1765833147.7204366,2025-12-15 21:12:27,SHIP500-B02-T01514,*,crew,SK-ACT-CREW-OPS,机舱巡查与就地处置技能,0.5455,0.422177,False,1
1,1765833159.93932,2025-12-15 21:12:39,SHIP500-B02-T01515,F06,crew,SK-DIAG-F06,发电机综合故障诊断,0.5455,0.410516,False,1
1,1765833159.93932,2025-12-15 21:12:39,SHIP500-B02-T01515,F11,crew,SK-DIAG-F11,通讯与传感器故障诊断,0.5455,0.410516,False,1
1,1765833159.93932,2025-12-15 21:12:39,SHIP500-B02-T01515,*,crew,SK-ACT-CREW-OPS,机舱巡查与就地处置技能,0.5455,0.410516,False,1
1,1765833172.1441245,2025-12-15 21:12:52,SHIP500-B02-T01516,F06,maintenance,SK-DIAG-F06,发电机综合故障诊断,0.4545,0.403723,False,0
1,1765833184.3525548,2025-12-15 21:13:04,SHIP500-B02-T01517,F06,crew,SK-DIAG-F06,发电机综合故障诊断,0.5455,0.397752,False,1
1,1765833184.3525548,2025-12-15 21:13:04,SHIP500-B02-T01517,F11,crew,SK-DIAG-F11,通讯与传感器故障诊断,0.5455,0.397752,False,1
1,1765833184.3525548,2025-12-15 21:13:04,SHIP500-B02-T01517,*,crew,SK-ACT-CREW-OPS,机舱巡查与就地处置技能,0.5455,0.397752,False,1
1,1765833196.53787,2025-12-15 21:13:16,SHIP500-B02-T01518,F06,maintenance,SK-DIAG-F06,发电机综合故障诊断,0.4545,0.403963,False,0
1,1765833208.7386646,2025-12-15 21:13:28,SHIP500-B02-T01519,F06,crew,SK-DIAG-F06,发电机综合故障诊断,0.5455,0.398939,False,1
1,1765833208.7386646,2025-12-15 21:13:28,SHIP500-B02-T01519,F11,crew,SK-DIAG-F11,通讯与传感器故障诊断,0.5455,0.398939,False,1
1,1765833208.7386646,2025-12-15 21:13:28,SHIP500-B02-T01519,*,crew,SK-ACT-CREW-OPS,机舱巡查与就地处置技能,0.5455,0.398939,False,1
1,1765833220.9212391,2025-12-15 21:13:40,SHIP500-B02-T01520,F06,maintenance,SK-DIAG-F06,发电机综合故障诊断,0.4545,0.396333,False,0
1,1765833233.130004,2025-12-15 21:13:53,SHIP500-B02-T01521,F06,crew,SK-DIAG-F06,发电机综合故障诊断,0.5455,0.401803,False,1
1,1765833233.130004,2025-12-15 21:13:53,SHIP500-B02-T01521,F11,crew,SK-DIAG-F11,通讯与传感器故障诊断,0.5455,0.401803,False,1
1,1765833233.130004,2025-12-15 21:13:53,SHIP500-B02-T01521,*,crew,SK-ACT-CREW-OPS,机舱巡查与就地处置技能,0.5455,0.401803,False,1
1,1765833245.34226,2025-12-15 21:14:05,SHIP500-B02-T01522,F06,maintenance,SK-DIAG-F06,发电机综合故障诊断,0.4545,0.395625,False,0
1,1765833257.5321329,2025-12-15 21:14:17,SHIP500-B02-T01523,F06,maintenance,SK-DIAG-F06,发电机综合故障诊断,0.4545,0.406136,False,0
1,1765833269.6917903,2025-12-15 21:14:29,SHIP500-B02-T01524,F06,maintenance,SK-DIAG-F06,发电机综合故障诊断,0.4545,0.407834,False,0
1,1765833281.906275,2025-12-15 21:14:41,SHIP500-B02-T01525,F06,maintenance,SK-DIAG-F06,发电机综合故障诊断,0.4545,0.41643,False,0
1,1765833294.100651,2025-12-15 21:14:54,SHIP500-B02-T01526,F06,maintenance,SK-DIAG-F06,发电机综合故障诊断,0.4545,0.440161,False,0
1,1765833306.3174725,2025-12-15 21:15:06,SHIP500-B02-T01527,F06,maintenance,SK-DIAG-F06,发电机综合故障诊断,0.4545,0.450511,False,0
1,1765833318.5322082,2025-12-15 21:15:18,SHIP500-B02-T01528,F06,maintenance,SK-DIAG-F06,发电机综合故障诊断,0.4545,0.460006,False,0
1,1765833330.7638128,2025-12-15 21:15:30,SHIP500-B02-T01529,F06,maintenance,SK-DIAG-F06,发电机综合故障诊断,0.4545,0.425968,False,0
1,1765833342.975086,2025-12-15 21:15:42,SHIP500-B02-T01530,F06,crew,SK-DIAG-F06,发电机综合故障诊断,0.5455,0.413216,False,1
1,1765833342.975086,2025-12-15 21:15:42,SHIP500-B02-T01530,F11,crew,SK-DIAG-F11,通讯与传感器故障诊断,0.5455,0.413216,False,1
1,1765833342.975086,2025-12-15 21:15:42,SHIP500-B02-T01530,*,crew,SK-ACT-CREW-OPS,机舱巡查与就地处置技能,0.5455,0.413216,False,1
1,1765833355.1772664,2025-12-15 21:15:55,SHIP500-B02-T01531,F06,maintenance,SK-DIAG-F06,发电机综合故障诊断,0.4545,0.416182,False,0
1,1765833367.3826685,2025-12-15 21:16:07,SHIP500-B02-T01532,F06,maintenance,SK-DIAG-F06,发电机综合故障诊断,0.4545,0.423689,False,0
1,1765833379.5621986,2025-12-15 21:16:19,SHIP500-B02-T01533,F06,maintenance,SK-DIAG-F06,发电机综合故障诊断,0.4545,0.427748,False,0
1,1765833391.7655616,2025-12-15 21:16:31,SHIP500-B02-T01534,F06,crew,SK-DIAG-F06,发电机综合故障诊断,0.5455,0.421423,False,1
1,1765833391.7655616,2025-12-15 21:16:31,SHIP500-B02-T01534,F11,crew,SK-DIAG-F11,通讯与传感器故障诊断,0.5455,0.421423,False,1
1,1765833391.7655616,2025-12-15 21:16:31,SHIP500-B02-T01534,*,crew,SK-ACT-CREW-OPS,机舱巡查与就地处置技能,0.5455,0.421423,False,1
1,1765833403.9785185,2025-12-15 21:16:43,SHIP500-B02-T01535,F06,maintenance,SK-DIAG-F06,发电机综合故障诊断,0.4545,0.416182,False,0
1,1765833416.195718,2025-12-15 21:16:56,SHIP500-B02-T01536,F06,crew,SK-DIAG-F06,发电机综合故障诊断,0.5455,0.392338,False,1
1,1765833416.195718,2025-12-15 21:16:56,SHIP500-B02-T01536,F11,crew,SK-DIAG-F11,通讯与传感器故障诊断,0.5455,0.392338,False,1
1,1765833416.195718,2025-12-15 21:16:56,SHIP500-B02-T01536,*,crew,SK-ACT-CREW-OPS,机舱巡查与就地处置技能,0.5455,0.392338,False,1
1,1765833428.3971026,2025-12-15 21:17:08,SHIP500-B02-T01537,F06,crew,SK-DIAG-F06,发电机综合故障诊断,0.5455,0.38792,False,1
1,1765833428.3971026,2025-12-15 21:17:08,SHIP500-B02-T01537,F11,crew,SK-DIAG-F11,通讯与传感器故障诊断,0.5455,0.38792,False,1
1,1765833428.3971026,2025-12-15 21:17:08,SHIP500-B02-T01537,*,crew,SK-ACT-CREW-OPS,机舱巡查与就地处置技能,0.5455,0.38792,False,1
1,1765833440.577573,2025-12-15 21:17:20,SHIP500-B02-T01538,F06,crew,SK-DIAG-F06,发电机综合故障诊断,0.5455,0.39187,False,1
1,1765833440.577573,2025-12-15 21:17:20,SHIP500-B02-T01538,F11,crew,SK-DIAG-F11,通讯与传感器故障诊断,0.5455,0.39187,False,1
1,1765833440.577573,2025-12-15 21:17:20,SHIP500-B02-T01538,*,crew,SK-ACT-CREW-OPS,机舱巡查与就地处置技能,0.5455,0.39187,False,1
1,1765833452.7867942,2025-12-15 21:17:32,SHIP500-B02-T01539,F06,maintenance,SK-DIAG-F06,发电机综合故障诊断,0.4545,0.378783,False,0
1,1765833465.019017,2025-12-15 21:17:45,SHIP500-B02-T01540,F06,crew,SK-DIAG-F06,发电机综合故障诊断,0.5455,0.375635,False,1
1,1765833465.019017,2025-12-15 21:17:45,SHIP500-B02-T01540,F11,crew,SK-DIAG-F11,通讯与传感器故障诊断,0.5455,0.375635,False,1
1,1765833465.019017,2025-12-15 21:17:45,SHIP500-B02-T01540,*,crew,SK-ACT-CREW-OPS,机舱巡查与就地处置技能,0.5455,0.375635,False,1
1,1765833477.226437,2025-12-15 21:17:57,SHIP500-B02-T01541,F06,maintenance,SK-DIAG-F06,发电机综合故障诊断,0.4545,0.374072,False,0
1,1765833489.447379,2025-12-15 21:18:09,SHIP500-B02-T01542,F06,crew,SK-DIAG-F06,发电机综合故障诊断,0.5455,0.36635,False,1
1,1765833489.447379,2025-12-15 21:18:09,SHIP500-B02-T01542,F11,crew,SK-DIAG-F11,通讯与传感器故障诊断,0.5455,0.36635,False,1
1,1765833489.447379,2025-12-15 21:18:09,SHIP500-B02-T01542,*,crew,SK-ACT-CREW-OPS,机舱巡查与就地处置技能,0.5455,0.36635,False,1
1,1765833501.6258817,2025-12-15 21:18:21,SHIP500-B02-T01543,F06,crew,SK-DIAG-F06,发电机综合故障诊断,0.5455,0.369199,False,1
1,1765833501.6258817,2025-12-15 21:18:21,SHIP500-B02-T01543,F11,crew,SK-DIAG-F11,通讯与传感器故障诊断,0.5455,0.369199,False,1
1,1765833501.6258817,2025-12-15 21:18:21,SHIP500-B02-T01543,*,crew,SK-ACT-CREW-OPS,机舱巡查与就地处置技能,0.5455,0.369199,False,1
1,1765833513.8322527,2025-12-15 21:18:33,SHIP500-B02-T01544,F06,crew,SK-DIAG-F06,发电机综合故障诊断,0.5455,0.37008,False,1
1,1765833513.8322527,2025-12-15 21:18:33,SHIP500-B02-T01544,F11,crew,SK-DIAG-F11,通讯与传感器故障诊断,0.5455,0.37008,False,1
1,1765833513.8322527,2025-12-15 21:18:33,SHIP500-B02-T01544,*,crew,SK-ACT-CREW-OPS,机舱巡查与就地处置技能,0.5455,0.37008,False,1
1,1765833526.0716927,2025-12-15 21:18:46,SHIP500-B02-T01545,F06,maintenance,SK-DIAG-F06,发电机综合故障诊断,0.4545,0.36526,False,0
1,1765833538.2918303,2025-12-15 21:18:58,SHIP500-B02-T01546,F06,maintenance,SK-DIAG-F06,发电机综合故障诊断,0.4545,0.366568,False,0
1,1765833550.5112216,2025-12-15 21:19:10,SHIP500-B02-T01547,F06,crew,SK-DIAG-F06,发电机综合故障诊断,0.5455,0.360717,False,1
1,1765833550.5112216,2025-12-15 21:19:10,SHIP500-B02-T01547,F11,crew,SK-DIAG-F11,通讯与传感器故障诊断,0.5455,0.360717,False,1
1,1765833550.5112216,2025-12-15 21:19:10,SHIP500-B02-T01547,*,crew,SK-ACT-CREW-OPS,机舱巡查与就地处置技能,0.5455,0.360717,False,1
1,1765833562.6973598,2025-12-15 21:19:22,SHIP500-B02-T01548,F06,maintenance,SK-DIAG-F06,发电机综合故障诊断,0.4545,0.36309,False,0
1,1765833574.921089,2025-12-15 21:19:34,SHIP500-B02-T01549,F06,crew,SK-DIAG-F06,发电机综合故障诊断,0.5455,0.360717,False,1
1,1765833574.921089,2025-12-15 21:19:34,SHIP500-B02-T01549,F11,crew,SK-DIAG-F11,通讯与传感器故障诊断,0.5455,0.360717,False,1
1,1765833574.921089,2025-12-15 21:19:34,SHIP500-B02-T01549,*,crew,SK-ACT-CREW-OPS,机舱巡查与就地处置技能,0.5455,0.360717,False,1
1,1765833587.127489,2025-12-15 21:19:47,SHIP500-B02-T01550,F06,maintenance,SK-DIAG-F06,发电机综合故障诊断,0.4545,0.357507,False,0
1,1765833599.3956566,2025-12-15 21:19:59,SHIP500-B02-T01551,F06,maintenance,SK-DIAG-F06,发电机综合故障诊断,0.4545,0.357081,False,0
1,1765833611.607406,2025-12-15 21:20:11,SHIP500-B02-T01552,F06,maintenance,SK-DIAG-F06,发电机综合故障诊断,0.4545,0.358788,False,0
1,1765833623.8320796,2025-12-15 21:20:23,SHIP500-B02-T01553,F06,crew,SK-DIAG-F06,发电机综合故障诊断,0.5455,0.359216,False,1
1,1765833623.8320796,2025-12-15 21:20:23,SHIP500-B02-T01553,F11,crew,SK-DIAG-F11,通讯与传感器故障诊断,0.5455,0.359216,False,1
1,1765833623.8320796,2025-12-15 21:20:23,SHIP500-B02-T01553,*,crew,SK-ACT-CREW-OPS,机舱巡查与就地处置技能,0.5455,0.359216,False,1
1,1765833636.0393212,2025-12-15 21:20:36,SHIP500-B02-T01554,F06,maintenance,SK-DIAG-F06,发电机综合故障诊断,0.4545,0.365478,False,0
1,1765833648.2424254,2025-12-15 21:20:48,SHIP500-B02-T01555,F06,crew,SK-DIAG-F06,发电机综合故障诊断,0.5455,0.36201,False,1
1,1765833648.2424254,2025-12-15 21:20:48,SHIP500-B02-T01555,F11,crew,SK-DIAG-F11,通讯与传感器故障诊断,0.5455,0.36201,False,1
1,1765833648.2424254,2025-12-15 21:20:48,SHIP500-B02-T01555,*,crew,SK-ACT-CREW-OPS,机舱巡查与就地处置技能,0.5455,0.36201,False,1
1,1765833660.4803872,2025-12-15 21:21:00,SHIP500-B02-T01556,F06,maintenance,SK-DIAG-F06,发电机综合故障诊断,0.4545,0.367443,False,0
1,1765833672.6950636,2025-12-15 21:21:12,SHIP500-B02-T01557,F06,maintenance,SK-DIAG-F06,发电机综合故障诊断,0.4545,0.360503,False,0
1,1765833684.8884072,2025-12-15 21:21:24,SHIP500-B02-T01558,F06,crew,SK-DIAG-F06,发电机综合故障诊断,0.5455,0.368979,False,1
1,1765833684.8884072,2025-12-15 21:21:24,SHIP500-B02-T01558,F11,crew,SK-DIAG-F11,通讯与传感器故障诊断,0.5455,0.368979,False,1
1,1765833684.8884072,2025-12-15 21:21:24,SHIP500-B02-T01558,*,crew,SK-ACT-CREW-OPS,机舱巡查与就地处置技能,0.5455,0.368979,False,1
1,1765833697.080566,2025-12-15 21:21:37,SHIP500-B02-T01559,F06,maintenance,SK-DIAG-F06,发电机综合故障诊断,0.4545,0.367006,False,0
1,1765833709.283877,2025-12-15 21:21:49,SHIP500-B02-T01560,F06,maintenance,SK-DIAG-F06,发电机综合故障诊断,0.4545,0.366568,False,0
1,1765833721.489738,2025-12-15 21:22:01,SHIP500-B02-T01561,F06,maintenance,SK-DIAG-F06,发电机综合故障诊断,0.4545,0.368101,False,0
1,1765833733.718122,2025-12-15 21:22:13,SHIP500-B02-T01562,F06,maintenance,SK-DIAG-F06,发电机综合故障诊断,0.4545,0.367443,False,0
1,1765833745.9197192,2025-12-15 21:22:25,SHIP500-B02-T01563,F06,maintenance,SK-DIAG-F06,发电机综合故障诊断,0.4545,0.374741,False,0
1,1765833758.112818,2025-12-15 21:22:38,SHIP500-B02-T01564,F06,crew,SK-DIAG-F06,发电机综合故障诊断,0.5455,0.373404,False,1
1,1765833758.112818,2025-12-15 21:22:38,SHIP500-B02-T01564,F11,crew,SK-DIAG-F11,通讯与传感器故障诊断,0.5455,0.373404,False,1
1,1765833758.112818,2025-12-15 21:22:38,SHIP500-B02-T01564,*,crew,SK-ACT-CREW-OPS,机舱巡查与就地处置技能,0.5455,0.373404,False,1
1,1765833770.2820473,2025-12-15 21:22:50,SHIP500-B02-T01565,F06,crew,SK-DIAG-F06,发电机综合故障诊断,0.5455,0.372514,False,1
1,1765833770.2820473,2025-12-15 21:22:50,SHIP500-B02-T01565,F11,crew,SK-DIAG-F11,通讯与传感器故障诊断,0.5455,0.372514,False,1
1,1765833770.2820473,2025-12-15 21:22:50,SHIP500-B02-T01565,*,crew,SK-ACT-CREW-OPS,机舱巡查与就地处置技能,0.5455,0.372514,False,1
1,1765833782.4900875,2025-12-15 21:23:02,SHIP500-B02-T01566,F06,maintenance,SK-DIAG-F06,发电机综合故障诊断,0.4545,0.375188,False,0
1,1765833794.7018611,2025-12-15 21:23:14,SHIP500-B02-T01567,F06,maintenance,SK-DIAG-F06,发电机综合故障诊断,0.4545,0.382184,False,0
1,1765833806.913413,2025-12-15 21:23:26,SHIP500-B02-T01568,F06,crew,SK-DIAG-F06,发电机综合故障诊断,0.5455,0.38264,False,1
1,1765833806.913413,2025-12-15 21:23:26,SHIP500-B02-T01568,F11,crew,SK-DIAG-F11,通讯与传感器故障诊断,0.5455,0.38264,False,1
1,1765833806.913413,2025-12-15 21:23:26,SHIP500-B02-T01568,*,crew,SK-ACT-CREW-OPS,机舱巡查与就地处置技能,0.5455,0.38264,False,1
1,1765833819.069418,2025-12-15 21:23:39,SHIP500-B02-T01569,F06,crew,SK-DIAG-F06,发电机综合故障诊断,0.5455,0.373181,False,1
1,1765833819.069418,2025-12-15 21:23:39,SHIP500-B02-T01569,F11,crew,SK-DIAG-F11,通讯与传感器故障诊断,0.5455,0.373181,False,1
1,1765833819.069418,2025-12-15 21:23:39,SHIP500-B02-T01569,*,crew,SK-ACT-CREW-OPS,机舱巡查与就地处置技能,0.5455,0.373181,False,1
1,1765833831.2739933,2025-12-15 21:23:51,SHIP500-B02-T01570,F06,crew,SK-DIAG-F06,发电机综合故障诊断,0.5455,0.376981,False,1
1,1765833831.2739933,2025-12-15 21:23:51,SHIP500-B02-T01570,F11,crew,SK-DIAG-F11,通讯与传感器故障诊断,0.5455,0.376981,False,1
1,1765833831.2739933,2025-12-15 21:23:51,SHIP500-B02-T01570,*,crew,SK-ACT-CREW-OPS,机舱巡查与就地处置技能,0.5455,0.376981,False,1
1,1765833843.4704342,2025-12-15 21:24:03,SHIP500-B02-T01571,F06,maintenance,SK-DIAG-F06,发电机综合故障诊断,0.4545,0.377431,False,0
1,1765833855.6841986,2025-12-15 21:24:15,SHIP500-B02-T01572,F06,maintenance,SK-DIAG-F06,发电机综合故障诊断,0.4545,0.386766,False,0
1,1765833867.9021008,2025-12-15 21:24:27,SHIP500-B02-T01573,F06,maintenance,SK-DIAG-F06,发电机综合故障诊断,0.4545,0.385156,False,0
1,1765833880.1608253,2025-12-15 21:24:40,SHIP500-B02-T01574,F06,maintenance,SK-DIAG-F06,发电机综合故障诊断,0.4545,0.390007,False,0
1,1765833892.3453157,2025-12-15 21:24:52,SHIP500-B02-T01575,F06,crew,SK-DIAG-F06,发电机综合故障诊断,0.5455,0.396333,False,1
1,1765833892.3453157,2025-12-15 21:24:52,SHIP500-B02-T01575,F11,crew,SK-DIAG-F11,通讯与传感器故障诊断,0.5455,0.396333,False,1
1,1765833892.3453157,2025-12-15 21:24:52,SHIP500-B02-T01575,*,crew,SK-ACT-CREW-OPS,机舱巡查与就地处置技能,0.5455,0.396333,False,1
1,1765833904.5527582,2025-12-15 21:25:04,SHIP500-B02-T01576,F06,crew,SK-DIAG-F06,发电机综合故障诊断,0.5455,0.395861,False,1
1,1765833904.5527582,2025-12-15 21:25:04,SHIP500-B02-T01576,F11,crew,SK-DIAG-F11,通讯与传感器故障诊断,0.5455,0.395861,False,1
1,1765833904.5527582,2025-12-15 21:25:04,SHIP500-B02-T01576,*,crew,SK-ACT-CREW-OPS,机舱巡查与就地处置技能,0.5455,0.395861,False,1
1,1765833916.7495255,2025-12-15 21:25:16,SHIP500-B02-T01577,F06,maintenance,SK-DIAG-F06,发电机综合故障诊断,0.4545,0.397515,False,0
1,1765833928.9510438,2025-12-15 21:25:28,SHIP500-B02-T01578,F06,maintenance,SK-DIAG-F06,发电机综合故障诊断,0.4545,0.400846,False,0
1,1765833941.1592064,2025-12-15 21:25:41,SHIP500-B02-T01579,F06,maintenance,SK-DIAG-F06,发电机综合故障诊断,0.4545,0.411986,False,0
1,1765833953.3391993,2025-12-15 21:25:53,SHIP500-B02-T01580,F06,maintenance,SK-DIAG-F06,发电机综合故障诊断,0.4545,0.447834,False,0
1,1765833965.5645397,2025-12-15 21:26:05,SHIP500-B02-T01581,F06,crew,SK-DIAG-F06,发电机综合故障诊断,0.5455,0.420419,False,1
1,1765833965.5645397,2025-12-15 21:26:05,SHIP500-B02-T01581,F11,crew,SK-DIAG-F11,通讯与传感器故障诊断,0.5455,0.420419,False,1
1,1765833965.5645397,2025-12-15 21:26:05,SHIP500-B02-T01581,*,crew,SK-ACT-CREW-OPS,机舱巡查与就地处置技能,0.5455,0.420419,False,1
1,1765833977.7749195,2025-12-15 21:26:17,SHIP500-B02-T01582,F06,maintenance,SK-DIAG-F06,发电机综合故障诊断,0.4545,0.403482,False,0
1,1765833989.9722135,2025-12-15 21:26:29,SHIP500-B02-T01583,F06,crew,SK-DIAG-F06,发电机综合故障诊断,0.5455,0.402761,False,1
1,1765833989.9722135,2025-12-15 21:26:29,SHIP500-B02-T01583,F11,crew,SK-DIAG-F11,通讯与传感器故障诊断,0.5455,0.402761,False,1
1,1765833989.9722135,2025-12-15 21:26:29,SHIP500-B02-T01583,*,crew,SK-ACT-CREW-OPS,机舱巡查与就地处置技能,0.5455,0.402761,False,1
1,1765834002.1617377,2025-12-15 21:26:42,SHIP500-B02-T01584,F06,maintenance,SK-DIAG-F06,发电机综合故障诊断,0.4545,0.409539,False,0
1,1765834014.372521,2025-12-15 21:26:54,SHIP500-B02-T01585,F06,maintenance,SK-DIAG-F06,发电机综合故障诊断,0.4545,0.413216,False,0
1,1765834026.5731957,2025-12-15 21:27:06,SHIP500-B02-T01586,F06,maintenance,SK-DIAG-F06,发电机综合故障诊断,0.4545,0.402761,False,0
1,1765834038.7709882,2025-12-15 21:27:18,SHIP500-B02-T01587,F06,maintenance,SK-DIAG-F06,发电机综合故障诊断,0.4545,0.402282,False,0
1,1765834050.973941,2025-12-15 21:27:30,SHIP500-B02-T01588,F06,crew,SK-DIAG-F06,发电机综合故障诊断,0.5455,0.399415,False,1
1,1765834050.973941,2025-12-15 21:27:30,SHIP500-B02-T01588,F11,crew,SK-DIAG-F11,通讯与传感器故障诊断,0.5455,0.399415,False,1
1,1765834050.973941,2025-12-15 21:27:30,SHIP500-B02-T01588,*,crew,SK-ACT-CREW-OPS,机舱巡查与就地处置技能,0.5455,0.399415,False,1
1,1765834063.197255,2025-12-15 21:27:43,SHIP500-B02-T01589,F06,maintenance,SK-DIAG-F06,发电机综合故障诊断,0.4545,0.404204,False,0
1,1765834075.3836408,2025-12-15 21:27:55,SHIP500-B02-T01590,F06,maintenance,SK-DIAG-F06,发电机综合故障诊断,0.4545,0.403002,False,0
1,1765834087.6073754,2025-12-15 21:28:07,SHIP500-B02-T01591,F06,maintenance,SK-DIAG-F06,发电机综合故障诊断,0.4545,0.397752,False,0
1,1765834099.8345244,2025-12-15 21:28:19,SHIP500-B02-T01592,F06,crew,SK-DIAG-F06,发电机综合故障诊断,0.5455,0.399891,False,1
1,1765834099.8345244,2025-12-15 21:28:19,SHIP500-B02-T01592,F11,crew,SK-DIAG-F11,通讯与传感器故障诊断,0.5455,0.399891,False,1
1,1765834099.8345244,2025-12-15 21:28:19,SHIP500-B02-T01592,*,crew,SK-ACT-CREW-OPS,机舱巡查与就地处置技能,0.5455,0.399891,False,1
1,1765834112.0455945,2025-12-15 21:28:32,SHIP500-B02-T01593,F06,maintenance,SK-DIAG-F06,发电机综合故障诊断,0.4545,0.401803,False,0
1,1765834124.275433,2025-12-15 21:28:44,SHIP500-B02-T01594,F06,crew,SK-DIAG-F06,发电机综合故障诊断,0.5455,0.401324,False,1
1,1765834124.275433,2025-12-15 21:28:44,SHIP500-B02-T01594,F11,crew,SK-DIAG-F11,通讯与传感器故障诊断,0.5455,0.401324,False,1
1,1765834124.275433,2025-12-15 21:28:44,SHIP500-B02-T01594,*,crew,SK-ACT-CREW-OPS,机舱巡查与就地处置技能,0.5455,0.401324,False,1
1,1765834136.4776957,2025-12-15 21:28:56,SHIP500-B02-T01595,F06,maintenance,SK-DIAG-F06,发电机综合故障诊断,0.4545,0.423689,False,0
1,1765834148.7321608,2025-12-15 21:29:08,SHIP500-B02-T01596,F06,maintenance,SK-DIAG-F06,发电机综合故障诊断,0.4545,0.413955,False,0
1,1765834160.917159,2025-12-15 21:29:20,SHIP500-B02-T01597,F06,maintenance,SK-DIAG-F06,发电机综合故障诊断,0.4545,0.432361,False,0
1,1765834173.1268382,2025-12-15 21:29:33,SHIP500-B02-T01598,F06,maintenance,SK-DIAG-F06,发电机综合故障诊断,0.4545,0.440423,False,0
1,1765834185.3453643,2025-12-15 21:29:45,SHIP500-B02-T01599,F06,crew,SK-DIAG-F06,发电机综合故障诊断,0.5455,0.449706,False,1
1,1765834185.3453643,2025-12-15 21:29:45,SHIP500-B02-T01599,F11,crew,SK-DIAG-F11,通讯与传感器故障诊断,0.5455,0.449706,False,1
1,1765834185.3453643,2025-12-15 21:29:45,SHIP500-B02-T01599,*,crew,SK-ACT-CREW-OPS,机舱巡查与就地处置技能,0.5455,0.449706,False,1
1,1765834197.551647,2025-12-15 21:29:57,SHIP500-B02-T01600,F06,maintenance,SK-DIAG-F06,发电机综合故障诊断,0.4545,0.442528,False,0
1,1765834209.7895937,2025-12-15 21:30:09,SHIP500-B02-T01601,F06,maintenance,SK-DIAG-F06,发电机综合故障诊断,0.4545,0.403002,False,0
1,1765834221.965281,2025-12-15 21:30:21,SHIP500-B02-T01602,F06,maintenance,SK-DIAG-F06,发电机综合故障诊断,0.4545,0.410516,False,0
1,1765834234.1489706,2025-12-15 21:30:34,SHIP500-B02-T01603,F06,crew,SK-DIAG-F06,发电机综合故障诊断,0.5455,0.422932,False,1
1,1765834234.1489706,2025-12-15 21:30:34,SHIP500-B02-T01603,F11,crew,SK-DIAG-F11,通讯与传感器故障诊断,0.5455,0.422932,False,1
1,1765834234.1489706,2025-12-15 21:30:34,SHIP500-B02-T01603,*,crew,SK-ACT-CREW-OPS,机舱巡查与就地处置技能,0.5455,0.422932,False,1
1,1765834246.3402596,2025-12-15 21:30:46,SHIP500-B02-T01604,F06,maintenance,SK-DIAG-F06,发电机综合故障诊断,0.4545,0.420419,False,0
1,1765834258.529689,2025-12-15 21:30:58,SHIP500-B02-T01605,F06,maintenance,SK-DIAG-F06,发电机综合故障诊断,0.4545,0.417921,False,0
1,1765834270.7106009,2025-12-15 21:31:10,SHIP500-B02-T01606,F06,crew,SK-DIAG-F06,发电机综合故障诊断,0.5455,0.414449,False,1
1,1765834270.7106009,2025-12-15 21:31:10,SHIP500-B02-T01606,F11,crew,SK-DIAG-F11,通讯与传感器故障诊断,0.5455,0.414449,False,1
1,1765834270.7106009,2025-12-15 21:31:10,SHIP500-B02-T01606,*,crew,SK-ACT-CREW-OPS,机舱巡查与就地处置技能,0.5455,0.414449,False,1
1,1765834282.8915763,2025-12-15 21:31:22,SHIP500-B02-T01607,F06,crew,SK-DIAG-F06,发电机综合故障诊断,0.5455,0.393978,False,1
1,1765834282.8915763,2025-12-15 21:31:22,SHIP500-B02-T01607,F11,crew,SK-DIAG-F11,通讯与传感器故障诊断,0.5455,0.393978,False,1
1,1765834282.8915763,2025-12-15 21:31:22,SHIP500-B02-T01607,*,crew,SK-ACT-CREW-OPS,机舱巡查与就地处置技能,0.5455,0.393978,False,1
1,1765834295.0966234,2025-12-15 21:31:35,SHIP500-B02-T01608,F06,maintenance,SK-DIAG-F06,发电机综合故障诊断,0.4545,0.386305,False,0
1,1765834307.3067722,2025-12-15 21:31:47,SHIP500-B02-T01609,F06,maintenance,SK-DIAG-F06,发电机综合故障诊断,0.4545,0.38792,False,0
1,1765834319.522266,2025-12-15 21:31:59,SHIP500-B02-T01610,F06,maintenance,SK-DIAG-F06,发电机综合故障诊断,0.4545,0.381047,False,0
1,1765834331.728153,2025-12-15 21:32:11,SHIP500-B02-T01611,F06,crew,SK-DIAG-F06,发电机综合故障诊断,0.5455,0.377656,False,1
1,1765834331.728153,2025-12-15 21:32:11,SHIP500-B02-T01611,F11,crew,SK-DIAG-F11,通讯与传感器故障诊断,0.5455,0.377656,False,1
1,1765834331.728153,2025-12-15 21:32:11,SHIP500-B02-T01611,*,crew,SK-ACT-CREW-OPS,机舱巡查与就地处置技能,0.5455,0.377656,False,1
1,1765834343.905872,2025-12-15 21:32:23,SHIP500-B02-T01612,F06,maintenance,SK-DIAG-F06,发电机综合故障诊断,0.4545,0.377881,False,0
1,1765834356.1296053,2025-12-15 21:32:36,SHIP500-B02-T01613,F06,maintenance,SK-DIAG-F06,发电机综合故障诊断,0.4545,0.381728,False,0
1,1765834368.3546913,2025-12-15 21:32:48,SHIP500-B02-T01614,F06,crew,SK-DIAG-F06,发电机综合故障诊断,0.5455,0.383324,False,1
1,1765834368.3546913,2025-12-15 21:32:48,SHIP500-B02-T01614,F11,crew,SK-DIAG-F11,通讯与传感器故障诊断,0.5455,0.383324,False,1
1,1765834368.3546913,2025-12-15 21:32:48,SHIP500-B02-T01614,*,crew,SK-ACT-CREW-OPS,机舱巡查与就地处置技能,0.5455,0.383324,False,1
1,1765834380.5198207,2025-12-15 21:33:00,SHIP500-B02-T01615,F06,crew,SK-DIAG-F06,发电机综合故障诊断,0.5455,0.377881,False,1
1,1765834380.5198207,2025-12-15 21:33:00,SHIP500-B02-T01615,F11,crew,SK-DIAG-F11,通讯与传感器故障诊断,0.5455,0.377881,False,1
1,1765834380.5198207,2025-12-15 21:33:00,SHIP500-B02-T01615,*,crew,SK-ACT-CREW-OPS,机舱巡查与就地处置技能,0.5455,0.377881,False,1
1,1765834392.735585,2025-12-15 21:33:12,SHIP500-B02-T01616,F06,maintenance,SK-DIAG-F06,发电机综合故障诊断,0.4545,0.377656,False,0
1,1765834404.9530594,2025-12-15 21:33:24,SHIP500-B02-T01617,F06,crew,SK-DIAG-F06,发电机综合故障诊断,0.5455,0.373626,False,1
1,1765834404.9530594,2025-12-15 21:33:24,SHIP500-B02-T01617,F11,crew,SK-DIAG-F11,通讯与传感器故障诊断,0.5455,0.373626,False,1
1,1765834404.9530594,2025-12-15 21:33:24,SHIP500-B02-T01617,*,crew,SK-ACT-CREW-OPS,机舱巡查与就地处置技能,0.5455,0.373626,False,1
1,1765834417.1649678,2025-12-15 21:33:37,SHIP500-B02-T01618,F06,crew,SK-DIAG-F06,发电机综合故障诊断,0.5455,0.375412,False,1
1,1765834417.1649678,2025-12-15 21:33:37,SHIP500-B02-T01618,F11,crew,SK-DIAG-F11,通讯与传感器故障诊断,0.5455,0.375412,False,1
1,1765834417.1649678,2025-12-15 21:33:37,SHIP500-B02-T01618,*,crew,SK-ACT-CREW-OPS,机舱巡查与就地处置技能,0.5455,0.375412,False,1
1,1765834429.3971972,2025-12-15 21:33:49,SHIP500-B02-T01619,F06,maintenance,SK-DIAG-F06,发电机综合故障诊断,0.4545,0.376308,False,0
1,1765834441.6205206,2025-12-15 21:34:01,SHIP500-B02-T01620,F06,maintenance,SK-DIAG-F06,发电机综合故障诊断,0.4545,0.376083,False,0
1,1765834453.844574,2025-12-15 21:34:13,SHIP500-B02-T01621,F06,crew,SK-DIAG-F06,发电机综合故障诊断,0.5455,0.371628,False,1
1,1765834453.844574,2025-12-15 21:34:13,SHIP500-B02-T01621,F11,crew,SK-DIAG-F11,通讯与传感器故障诊断,0.5455,0.371628,False,1
1,1765834453.844574,2025-12-15 21:34:13,SHIP500-B02-T01621,*,crew,SK-ACT-CREW-OPS,机舱巡查与就地处置技能,0.5455,0.371628,False,1
1,1765834466.0371616,2025-12-15 21:34:26,SHIP500-B02-T01622,F06,maintenance,SK-DIAG-F06,发电机综合故障诊断,0.4545,0.374295,False,0
1,1765834478.3205853,2025-12-15 21:34:38,SHIP500-B02-T01623,F06,crew,SK-DIAG-F06,发电机综合故障诊断,0.5455,0.373849,False,1
1,1765834478.3205853,2025-12-15 21:34:38,SHIP500-B02-T01623,F11,crew,SK-DIAG-F11,通讯与传感器故障诊断,0.5455,0.373849,False,1
1,1765834478.3205853,2025-12-15 21:34:38,SHIP500-B02-T01623,*,crew,SK-ACT-CREW-OPS,机舱巡查与就地处置技能,0.5455,0.373849,False,1
1,1765834490.5546937,2025-12-15 21:34:50,SHIP500-B02-T01624,F06,maintenance,SK-DIAG-F06,发电机综合故障诊断,0.4545,0.375859,False,0
1,1765834502.7167878,2025-12-15 21:35:02,SHIP500-B02-T01625,F06,maintenance,SK-DIAG-F06,发电机综合故障诊断,0.4545,0.378557,False,0
1,1765834514.9164965,2025-12-15 21:35:14,SHIP500-B02-T01626,F06,maintenance,SK-DIAG-F06,发电机综合故障诊断,0.4545,0.386997,False,0
1,1765834527.100891,2025-12-15 21:35:27,SHIP500-B02-T01627,F06,crew,SK-DIAG-F06,发电机综合故障诊断,0.5455,0.379008,False,1
1,1765834527.100891,2025-12-15 21:35:27,SHIP500-B02-T01627,F11,crew,SK-DIAG-F11,通讯与传感器故障诊断,0.5455,0.379008,False,1
1,1765834527.100891,2025-12-15 21:35:27,SHIP500-B02-T01627,*,crew,SK-ACT-CREW-OPS,机舱巡查与就地处置技能,0.5455,0.379008,False,1
1,1765834539.3000886,2025-12-15 21:35:39,SHIP500-B02-T01628,F06,maintenance,SK-DIAG-F06,发电机综合故障诊断,0.4545,0.382868,False,0
1,1765834551.5180414,2025-12-15 21:35:51,SHIP500-B02-T01629,F06,maintenance,SK-DIAG-F06,发电机综合故障诊断,0.4545,0.383324,False,0
1,1765834563.760229,2025-12-15 21:36:03,SHIP500-B02-T01630,F06,maintenance,SK-DIAG-F06,发电机综合故障诊断,0.4545,0.384697,False,0
1,1765834575.9570975,2025-12-15 21:36:15,SHIP500-B02-T01631,F06,maintenance,SK-DIAG-F06,发电机综合故障诊断,0.4545,0.388846,False,0
1,1765834588.160885,2025-12-15 21:36:28,SHIP500-B02-T01632,F06,maintenance,SK-DIAG-F06,发电机综合故障诊断,0.4545,0.381728,False,0
1,1765834600.3388796,2025-12-15 21:36:40,SHIP500-B02-T01633,F06,maintenance,SK-DIAG-F06,发电机综合故障诊断,0.4545,0.387689,False,0
1,1765834612.550661,2025-12-15 21:36:52,SHIP500-B02-T01634,F06,crew,SK-DIAG-F06,发电机综合故障诊断,0.5455,0.393274,False,1
1,1765834612.550661,2025-12-15 21:36:52,SHIP500-B02-T01634,F11,crew,SK-DIAG-F11,通讯与传感器故障诊断,0.5455,0.393274,False,1
1,1765834612.550661,2025-12-15 21:36:52,SHIP500-B02-T01634,*,crew,SK-ACT-CREW-OPS,机舱巡查与就地处置技能,0.5455,0.393274,False,1
1,1765834624.8066847,2025-12-15 21:37:04,SHIP500-B02-T01635,F06,crew,SK-DIAG-F06,发电机综合故障诊断,0.5455,0.387458,False,1
1,1765834624.8066847,2025-12-15 21:37:04,SHIP500-B02-T01635,F11,crew,SK-DIAG-F11,通讯与传感器故障诊断,0.5455,0.387458,False,1
1,1765834624.8066847,2025-12-15 21:37:04,SHIP500-B02-T01635,*,crew,SK-ACT-CREW-OPS,机舱巡查与就地处置技能,0.5455,0.387458,False,1
1,1765834637.0123222,2025-12-15 21:37:17,SHIP500-B02-T01636,F06,crew,SK-DIAG-F06,发电机综合故障诊断,0.5455,0.38401,False,1
1,1765834637.0123222,2025-12-15 21:37:17,SHIP500-B02-T01636,F11,crew,SK-DIAG-F11,通讯与传感器故障诊断,0.5455,0.38401,False,1
1,1765834637.0123222,2025-12-15 21:37:17,SHIP500-B02-T01636,*,crew,SK-ACT-CREW-OPS,机舱巡查与就地处置技能,0.5455,0.38401,False,1
1,1765834649.2143335,2025-12-15 21:37:29,SHIP500-B02-T01637,F06,maintenance,SK-DIAG-F06,发电机综合故障诊断,0.4545,0.390937,False,0
1,1765834661.4166644,2025-12-15 21:37:41,SHIP500-B02-T01638,F06,crew,SK-DIAG-F06,发电机综合故障诊断,0.5455,0.396097,False,1
1,1765834661.4166644,2025-12-15 21:37:41,SHIP500-B02-T01638,F11,crew,SK-DIAG-F11,通讯与传感器故障诊断,0.5455,0.396097,False,1
1,1765834661.4166644,2025-12-15 21:37:41,SHIP500-B02-T01638,*,crew,SK-ACT-CREW-OPS,机舱巡查与就地处置技能,0.5455,0.396097,False,1
1,1765834673.62509,2025-12-15 21:37:53,SHIP500-B02-T01639,F06,maintenance,SK-DIAG-F06,发电机综合故障诊断,0.4545,0.392104,False,0
1,1765834685.8309925,2025-12-15 21:38:05,SHIP500-B02-T01640,F06,crew,SK-DIAG-F06,发电机综合故障诊断,0.5455,0.407105,False,1
1,1765834685.8309925,2025-12-15 21:38:05,SHIP500-B02-T01640,F11,crew,SK-DIAG-F11,通讯与传感器故障诊断,0.5455,0.407105,False,1
1,1765834685.8309925,2025-12-15 21:38:05,SHIP500-B02-T01640,*,crew,SK-ACT-CREW-OPS,机舱巡查与就地处置技能,0.5455,0.407105,False,1
1,1765834698.0173836,2025-12-15 21:38:18,SHIP500-B02-T01641,F06,maintenance,SK-DIAG-F06,发电机综合故障诊断,0.4545,0.39799,False,0
1,1765834710.209305,2025-12-15 21:38:30,SHIP500-B02-T01642,F06,maintenance,SK-DIAG-F06,发电机综合故障诊断,0.4545,0.401085,False,0
1,1765834722.417689,2025-12-15 21:38:42,SHIP500-B02-T01643,F06,maintenance,SK-DIAG-F06,发电机综合故障诊断,0.4545,0.403723,False,0
1,1765834734.6264613,2025-12-15 21:38:54,SHIP500-B02-T01644,F06,maintenance,SK-DIAG-F06,发电机综合故障诊断,0.4545,0.406136,False,0
1,1765834746.878325,2025-12-15 21:39:06,SHIP500-B02-T01645,F06,crew,SK-DIAG-F06,发电机综合故障诊断,0.5455,0.410027,False,1
1,1765834746.878325,2025-12-15 21:39:06,SHIP500-B02-T01645,F11,crew,SK-DIAG-F11,通讯与传感器故障诊断,0.5455,0.410027,False,1
1,1765834746.878325,2025-12-15 21:39:06,SHIP500-B02-T01645,*,crew,SK-ACT-CREW-OPS,机舱巡查与就地处置技能,0.5455,0.410027,False,1
1,1765834759.0555518,2025-12-15 21:39:19,SHIP500-B02-T01646,F06,maintenance,SK-DIAG-F06,发电机综合故障诊断,0.4545,0.405169,False,0
1,1765834771.253247,2025-12-15 21:39:31,SHIP500-B02-T01647,F06,maintenance,SK-DIAG-F06,发电机综合故障诊断,0.4545,0.41842,False,0
1,1765834783.503925,2025-12-15 21:39:43,SHIP500-B02-T01648,F06,crew,SK-DIAG-F06,发电机综合故障诊断,0.5455,0.41842,False,1
1,1765834783.503925,2025-12-15 21:39:43,SHIP500-B02-T01648,F11,crew,SK-DIAG-F11,通讯与传感器故障诊断,0.5455,0.41842,False,1
1,1765834783.503925,2025-12-15 21:39:43,SHIP500-B02-T01648,*,crew,SK-ACT-CREW-OPS,机舱巡查与就地处置技能,0.5455,0.41842,False,1
1,1765834795.7124224,2025-12-15 21:39:55,SHIP500-B02-T01649,F06,maintenance,SK-DIAG-F06,发电机综合故障诊断,0.4545,0.427493,False,0
1,1765834807.9182944,2025-12-15 21:40:07,SHIP500-B02-T01650,F06,maintenance,SK-DIAG-F06,发电机综合故障诊断,0.4545,0.440686,False,0
1,1765834820.161914,2025-12-15 21:40:20,SHIP500-B02-T01651,F06,crew,SK-DIAG-F06,发电机综合故障诊断,0.5455,0.443056,False,1
1,1765834820.161914,2025-12-15 21:40:20,SHIP500-B02-T01651,F11,crew,SK-DIAG-F11,通讯与传感器故障诊断,0.5455,0.443056,False,1
1,1765834820.161914,2025-12-15 21:40:20,SHIP500-B02-T01651,*,crew,SK-ACT-CREW-OPS,机舱巡查与就地处置技能,0.5455,0.443056,False,1
1,1765834832.370839,2025-12-15 21:40:32,SHIP500-B02-T01652,F06,crew,SK-DIAG-F06,发电机综合故障诊断,0.5455,0.470542,False,1
1,1765834832.370839,2025-12-15 21:40:32,SHIP500-B02-T01652,F11,crew,SK-DIAG-F11,通讯与传感器故障诊断,0.5455,0.470542,False,1
1,1765834832.370839,2025-12-15 21:40:32,SHIP500-B02-T01652,*,crew,SK-ACT-CREW-OPS,机舱巡查与就地处置技能,0.5455,0.470542,False,1
1,1765834844.5814133,2025-12-15 21:40:44,SHIP500-B02-T01653,F06,crew,SK-DIAG-F06,发电机综合故障诊断,0.5455,0.4247,False,1
1,1765834844.5814133,2025-12-15 21:40:44,SHIP500-B02-T01653,F11,crew,SK-DIAG-F11,通讯与传感器故障诊断,0.5455,0.4247,False,1
1,1765834844.5814133,2025-12-15 21:40:44,SHIP500-B02-T01653,*,crew,SK-ACT-CREW-OPS,机舱巡查与就地处置技能,0.5455,0.4247,False,1
1,1765834856.790784,2025-12-15 21:40:56,SHIP500-B02-T01654,F06,crew,SK-DIAG-F06,发电机综合故障诊断,0.5455,0.440161,False,1
1,1765834856.790784,2025-12-15 21:40:56,SHIP500-B02-T01654,F11,crew,SK-DIAG-F11,通讯与传感器故障诊断,0.5455,0.440161,False,1
1,1765834856.790784,2025-12-15 21:40:56,SHIP500-B02-T01654,*,crew,SK-ACT-CREW-OPS,机舱巡查与就地处置技能,0.5455,0.440161,False,1
1,1765834868.9805906,2025-12-15 21:41:08,SHIP500-B02-T01655,F06,maintenance,SK-DIAG-F06,发电机综合故障诊断,0.4545,0.435464,False,0
1,1765834881.1674118,2025-12-15 21:41:21,SHIP500-B02-T01656,F06,crew,SK-DIAG-F06,发电机综合故障诊断,0.5455,0.443584,False,1
1,1765834881.1674118,2025-12-15 21:41:21,SHIP500-B02-T01656,F11,crew,SK-DIAG-F11,通讯与传感器故障诊断,0.5455,0.443584,False,1
1,1765834881.1674118,2025-12-15 21:41:21,SHIP500-B02-T01656,*,crew,SK-ACT-CREW-OPS,机舱巡查与就地处置技能,0.5455,0.443584,False,1
1,1765834893.3725724,2025-12-15 21:41:33,SHIP500-B02-T01657,F06,maintenance,SK-DIAG-F06,发电机综合故障诊断,0.4545,0.439899,False,0
1,1765834905.5937448,2025-12-15 21:41:45,SHIP500-B02-T01658,F06,crew,SK-DIAG-F06,发电机综合故障诊断,0.5455,0.44597,False,1
1,1765834905.5937448,2025-12-15 21:41:45,SHIP500-B02-T01658,F11,crew,SK-DIAG-F11,通讯与传感器故障诊断,0.5455,0.44597,False,1
1,1765834905.5937448,2025-12-15 21:41:45,SHIP500-B02-T01658,*,crew,SK-ACT-CREW-OPS,机舱巡查与就地处置技能,0.5455,0.44597,False,1
1,1765834917.8038633,2025-12-15 21:41:57,SHIP500-B02-T01659,F06,crew,SK-DIAG-F06,发电机综合故障诊断,0.5455,0.428769,False,1
1,1765834917.8038633,2025-12-15 21:41:57,SHIP500-B02-T01659,F11,crew,SK-DIAG-F11,通讯与传感器故障诊断,0.5455,0.428769,False,1
1,1765834917.8038633,2025-12-15 21:41:57,SHIP500-B02-T01659,*,crew,SK-ACT-CREW-OPS,机舱巡查与就地处置技能,0.5455,0.428769,False,1
1,1765834929.9731696,2025-12-15 21:42:09,SHIP500-B02-T01660,F06,crew,SK-DIAG-F06,发电机综合故障诊断,0.5455,0.423689,False,1
1,1765834929.9731696,2025-12-15 21:42:09,SHIP500-B02-T01660,F11,crew,SK-DIAG-F11,通讯与传感器故障诊断,0.5455,0.423689,False,1
1,1765834929.9731696,2025-12-15 21:42:09,SHIP500-B02-T01660,*,crew,SK-ACT-CREW-OPS,机舱巡查与就地处置技能,0.5455,0.423689,False,1
1,1765834942.1522117,2025-12-15 21:42:22,SHIP500-B02-T01661,F06,maintenance,SK-DIAG-F06,发电机综合故障诊断,0.4545,0.42067,False,0
1,1765834954.3675811,2025-12-15 21:42:34,SHIP500-B02-T01662,F06,crew,SK-DIAG-F06,发电机综合故障诊断,0.5455,0.419918,False,1
1,1765834954.3675811,2025-12-15 21:42:34,SHIP500-B02-T01662,F11,crew,SK-DIAG-F11,通讯与传感器故障诊断,0.5455,0.419918,False,1
1,1765834954.3675811,2025-12-15 21:42:34,SHIP500-B02-T01662,*,crew,SK-ACT-CREW-OPS,机舱巡查与就地处置技能,0.5455,0.419918,False,1
1,1765834966.5378745,2025-12-15 21:42:46,SHIP500-B02-T01663,F06,maintenance,SK-DIAG-F06,发电机综合故障诊断,0.4545,0.424953,False,0
1,1765834978.756382,2025-12-15 21:42:58,SHIP500-B02-T01664,F06,maintenance,SK-DIAG-F06,发电机综合故障诊断,0.4545,0.429281,False,0
1,1765834990.988491,2025-12-15 21:43:10,SHIP500-B02-T01665,F06,maintenance,SK-DIAG-F06,发电机综合故障诊断,0.4545,0.428769,False,0
1,1765835003.1855762,2025-12-15 21:43:23,SHIP500-B02-T01666,F06,crew,SK-DIAG-F06,发电机综合故障诊断,0.5455,0.438328,False,1
1,1765835003.1855762,2025-12-15 21:43:23,SHIP500-B02-T01666,F11,crew,SK-DIAG-F11,通讯与传感器故障诊断,0.5455,0.438328,False,1
1,1765835003.1855762,2025-12-15 21:43:23,SHIP500-B02-T01666,*,crew,SK-ACT-CREW-OPS,机舱巡查与就地处置技能,0.5455,0.438328,False,1
1,1765835015.3918283,2025-12-15 21:43:35,SHIP500-B02-T01667,F06,maintenance,SK-DIAG-F06,发电机综合故障诊断,0.4545,0.434169,False,0
1,1765835027.59905,2025-12-15 21:43:47,SHIP500-B02-T01668,F06,maintenance,SK-DIAG-F06,发电机综合故障诊断,0.4545,0.440423,False,0
1,1765835039.8115797,2025-12-15 21:43:59,SHIP500-B02-T01669,F06,crew,SK-DIAG-F06,发电机综合故障诊断,0.5455,0.457818,False,1
1,1765835039.8115797,2025-12-15 21:43:59,SHIP500-B02-T01669,F11,crew,SK-DIAG-F11,通讯与传感器故障诊断,0.5455,0.457818,False,1
1,1765835039.8115797,2025-12-15 21:43:59,SHIP500-B02-T01669,*,crew,SK-ACT-CREW-OPS,机舱巡查与就地处置技能,0.5455,0.457818,False,1
1,1765835052.0139802,2025-12-15 21:44:12,SHIP500-B02-T01670,F06,crew,SK-DIAG-F06,发电机综合故障诊断,0.5455,0.465522,False,1
1,1765835052.0139802,2025-12-15 21:44:12,SHIP500-B02-T01670,F11,crew,SK-DIAG-F11,通讯与传感器故障诊断,0.5455,0.465522,False,1
1,1765835052.0139802,2025-12-15 21:44:12,SHIP500-B02-T01670,*,crew,SK-ACT-CREW-OPS,机舱巡查与就地处置技能,0.5455,0.465522,False,1
1,1765835064.2324543,2025-12-15 21:44:24,SHIP500-B02-T01671,F06,maintenance,SK-DIAG-F06,发电机综合故障诊断,0.4545,0.470262,False,0
1,1765835076.4428778,2025-12-15 21:44:36,SHIP500-B02-T01672,F06,maintenance,SK-DIAG-F06,发电机综合故障诊断,0.4545,0.436504,False,0
1,1765835088.653999,2025-12-15 21:44:48,SHIP500-B02-T01673,F06,maintenance,SK-DIAG-F06,发电机综合故障诊断,0.4545,0.434687,False,0
1,1765835100.856,2025-12-15 21:45:00,SHIP500-B02-T01674,F06,maintenance,SK-DIAG-F06,发电机综合故障诊断,0.4545,0.438328,False,0
1,1765835113.0717378,2025-12-15 21:45:13,SHIP500-B02-T01675,F06,maintenance,SK-DIAG-F06,发电机综合故障诊断,0.4545,0.447301,False,0
1,1765835125.2799206,2025-12-15 21:45:25,SHIP500-B02-T01676,F06,maintenance,SK-DIAG-F06,发电机综合故障诊断,0.4545,0.448101,False,0
1,1765835137.4836452,2025-12-15 21:45:37,SHIP500-B02-T01677,F06,maintenance,SK-DIAG-F06,发电机综合故障诊断,0.4545,0.442264,False,0
1,1765835149.6873767,2025-12-15 21:45:49,SHIP500-B02-T01678,F06,crew,SK-DIAG-F06,发电机综合故障诊断,0.5455,0.430049,False,1
1,1765835149.6873767,2025-12-15 21:45:49,SHIP500-B02-T01678,F11,crew,SK-DIAG-F11,通讯与传感器故障诊断,0.5455,0.430049,False,1
1,1765835149.6873767,2025-12-15 21:45:49,SHIP500-B02-T01678,*,crew,SK-ACT-CREW-OPS,机舱巡查与就地处置技能,0.5455,0.430049,False,1
1,1765835161.8947418,2025-12-15 21:46:01,SHIP500-B02-T01679,F06,crew,SK-DIAG-F06,发电机综合故障诊断,0.5455,0.420419,False,1
1,1765835161.8947418,2025-12-15 21:46:01,SHIP500-B02-T01679,F11,crew,SK-DIAG-F11,通讯与传感器故障诊断,0.5455,0.420419,False,1
1,1765835161.8947418,2025-12-15 21:46:01,SHIP500-B02-T01679,*,crew,SK-ACT-CREW-OPS,机舱巡查与就地处置技能,0.5455,0.420419,False,1
1,1765835174.097936,2025-12-15 21:46:14,SHIP500-B02-T01680,F06,maintenance,SK-DIAG-F06,发电机综合故障诊断,0.4545,0.406863,False,0
1,1765835186.3060286,2025-12-15 21:46:26,SHIP500-B02-T01681,F06,crew,SK-DIAG-F06,发电机综合故障诊断,0.5455,0.411496,False,1
1,1765835186.3060286,2025-12-15 21:46:26,SHIP500-B02-T01681,F11,crew,SK-DIAG-F11,通讯与传感器故障诊断,0.5455,0.411496,False,1
1,1765835186.3060286,2025-12-15 21:46:26,SHIP500-B02-T01681,*,crew,SK-ACT-CREW-OPS,机舱巡查与就地处置技能,0.5455,0.411496,False,1
1,1765835198.5231175,2025-12-15 21:46:38,SHIP500-B02-T01682,F06,maintenance,SK-DIAG-F06,发电机综合故障诊断,0.4545,0.410516,False,0
1,1765835210.7299044,2025-12-15 21:46:50,SHIP500-B02-T01683,F06,crew,SK-DIAG-F06,发电机综合故障诊断,0.5455,0.409539,False,1
1,1765835210.7299044,2025-12-15 21:46:50,SHIP500-B02-T01683,F11,crew,SK-DIAG-F11,通讯与传感器故障诊断,0.5455,0.409539,False,1
1,1765835210.7299044,2025-12-15 21:46:50,SHIP500-B02-T01683,*,crew,SK-ACT-CREW-OPS,机舱巡查与就地处置技能,0.5455,0.409539,False,1
1,1765835223.3045373,2025-12-15 21:47:03,SHIP500-B02-T01684,F06,crew,SK-DIAG-F06,发电机综合故障诊断,0.5455,0.40832,False,1
1,1765835223.3045373,2025-12-15 21:47:03,SHIP500-B02-T01684,F11,crew,SK-DIAG-F11,通讯与传感器故障诊断,0.5455,0.40832,False,1
1,1765835223.3045373,2025-12-15 21:47:03,SHIP500-B02-T01684,*,crew,SK-ACT-CREW-OPS,机舱巡查与就地处置技能,0.5455,0.40832,False,1
1,1765835235.4616852,2025-12-15 21:47:15,SHIP500-B02-T01685,F06,crew,SK-DIAG-F06,发电机综合故障诊断,0.5455,0.400846,False,1
1,1765835235.4616852,2025-12-15 21:47:15,SHIP500-B02-T01685,F11,crew,SK-DIAG-F11,通讯与传感器故障诊断,0.5455,0.400846,False,1
1,1765835235.4616852,2025-12-15 21:47:15,SHIP500-B02-T01685,*,crew,SK-ACT-CREW-OPS,机舱巡查与就地处置技能,0.5455,0.400846,False,1
1,1765835247.6851869,2025-12-15 21:47:27,SHIP500-B02-T01686,F06,crew,SK-DIAG-F06,发电机综合故障诊断,0.5455,0.402761,False,1
1,1765835247.6851869,2025-12-15 21:47:27,SHIP500-B02-T01686,F11,crew,SK-DIAG-F11,通讯与传感器故障诊断,0.5455,0.402761,False,1
1,1765835247.6851869,2025-12-15 21:47:27,SHIP500-B02-T01686,*,crew,SK-ACT-CREW-OPS,机舱巡查与就地处置技能,0.5455,0.402761,False,1
1,1765835259.8696735,2025-12-15 21:47:39,SHIP500-B02-T01687,F06,crew,SK-DIAG-F06,发电机综合故障诊断,0.5455,0.403723,False,1
1,1765835259.8696735,2025-12-15 21:47:39,SHIP500-B02-T01687,F11,crew,SK-DIAG-F11,通讯与传感器故障诊断,0.5455,0.403723,False,1
1,1765835259.8696735,2025-12-15 21:47:39,SHIP500-B02-T01687,*,crew,SK-ACT-CREW-OPS,机舱巡查与就地处置技能,0.5455,0.403723,False,1
1,1765835272.080553,2025-12-15 21:47:52,SHIP500-B02-T01688,F06,crew,SK-DIAG-F06,发电机综合故障诊断,0.5455,0.402042,False,1
1,1765835272.080553,2025-12-15 21:47:52,SHIP500-B02-T01688,F11,crew,SK-DIAG-F11,通讯与传感器故障诊断,0.5455,0.402042,False,1
1,1765835272.080553,2025-12-15 21:47:52,SHIP500-B02-T01688,*,crew,SK-ACT-CREW-OPS,机舱巡查与就地处置技能,0.5455,0.402042,False,1
1,1765835284.2982953,2025-12-15 21:48:04,SHIP500-B02-T01689,F06,crew,SK-DIAG-F06,发电机综合故障诊断,0.5455,0.398464,False,1
1,1765835284.2982953,2025-12-15 21:48:04,SHIP500-B02-T01689,F11,crew,SK-DIAG-F11,通讯与传感器故障诊断,0.5455,0.398464,False,1
1,1765835284.2982953,2025-12-15 21:48:04,SHIP500-B02-T01689,*,crew,SK-ACT-CREW-OPS,机舱巡查与就地处置技能,0.5455,0.398464,False,1
1,1765835296.471324,2025-12-15 21:48:16,SHIP500-B02-T01690,F06,crew,SK-DIAG-F06,发电机综合故障诊断,0.5455,0.399415,False,1
1,1765835296.471324,2025-12-15 21:48:16,SHIP500-B02-T01690,F11,crew,SK-DIAG-F11,通讯与传感器故障诊断,0.5455,0.399415,False,1
1,1765835296.471324,2025-12-15 21:48:16,SHIP500-B02-T01690,*,crew,SK-ACT-CREW-OPS,机舱巡查与就地处置技能,0.5455,0.399415,False,1
1,1765835308.6691673,2025-12-15 21:48:28,SHIP500-B02-T01691,F06,maintenance,SK-DIAG-F06,发电机综合故障诊断,0.4545,0.397515,False,0
1,1765835320.875335,2025-12-15 21:48:40,SHIP500-B02-T01692,F06,maintenance,SK-DIAG-F06,发电机综合故障诊断,0.4545,0.401085,False,0
1,1765835333.108481,2025-12-15 21:48:53,SHIP500-B02-T01693,F06,crew,SK-DIAG-F06,发电机综合故障诊断,0.5455,0.39799,False,1
1,1765835333.108481,2025-12-15 21:48:53,SHIP500-B02-T01693,F11,crew,SK-DIAG-F11,通讯与传感器故障诊断,0.5455,0.39799,False,1
1,1765835333.108481,2025-12-15 21:48:53,SHIP500-B02-T01693,*,crew,SK-ACT-CREW-OPS,机舱巡查与就地处置技能,0.5455,0.39799,False,1
1,1765835345.2965124,2025-12-15 21:49:05,SHIP500-B02-T01694,F06,maintenance,SK-DIAG-F06,发电机综合故障诊断,0.4545,0.399891,False,0
1,1765835357.486994,2025-12-15 21:49:17,SHIP500-B02-T01695,F06,maintenance,SK-DIAG-F06,发电机综合故障诊断,0.4545,0.400368,False,0
1,1765835369.693451,2025-12-15 21:49:29,SHIP500-B02-T01696,F06,maintenance,SK-DIAG-F06,发电机综合故障诊断,0.4545,0.397279,False,0
1,1765835381.8965998,2025-12-15 21:49:41,SHIP500-B02-T01697,F06,maintenance,SK-DIAG-F06,发电机综合故障诊断,0.4545,0.403482,False,0
1,1765835394.1104362,2025-12-15 21:49:54,SHIP500-B02-T01698,F06,maintenance,SK-DIAG-F06,发电机综合故障诊断,0.4545,0.40832,False,0
1,1765835406.3150213,2025-12-15 21:50:06,SHIP500-B02-T01699,F06,maintenance,SK-DIAG-F06,发电机综合故障诊断,0.4545,0.408563,False,0
1,1765835418.4976332,2025-12-15 21:50:18,SHIP500-B02-T01700,F06,crew,SK-DIAG-F06,发电机综合故障诊断,0.5455,0.405652,False,1
1,1765835418.4976332,2025-12-15 21:50:18,SHIP500-B02-T01700,F11,crew,SK-DIAG-F11,通讯与传感器故障诊断,0.5455,0.405652,False,1
1,1765835418.4976332,2025-12-15 21:50:18,SHIP500-B02-T01700,*,crew,SK-ACT-CREW-OPS,机舱巡查与就地处置技能,0.5455,0.405652,False,1
1,1765835430.7726383,2025-12-15 21:50:30,SHIP500-B02-T01701,F06,maintenance,SK-DIAG-F06,发电机综合故障诊断,0.4545,0.418669,False,0
1,1765835442.965085,2025-12-15 21:50:42,SHIP500-B02-T01702,F06,maintenance,SK-DIAG-F06,发电机综合故障诊断,0.4545,0.417175,False,0
1,1765835455.1551692,2025-12-15 21:50:55,SHIP500-B02-T01703,F06,maintenance,SK-DIAG-F06,发电机综合故障诊断,0.4545,0.426476,False,0
1,1765835467.3483374,2025-12-15 21:51:07,SHIP500-B02-T01704,F06,maintenance,SK-DIAG-F06,发电机综合故障诊断,0.4545,0.419918,False,0
1,1765835479.54779,2025-12-15 21:51:19,SHIP500-B02-T01705,F06,maintenance,SK-DIAG-F06,发电机综合故障诊断,0.4545,0.41842,False,0
1,1765835491.7378826,2025-12-15 21:51:31,SHIP500-B02-T01706,F06,maintenance,SK-DIAG-F06,发电机综合故障诊断,0.4545,0.42546,False,0
1,1765835503.9539068,2025-12-15 21:51:43,SHIP500-B02-T01707,F06,crew,SK-DIAG-F06,发电机综合故障诊断,0.5455,0.431332,False,1
1,1765835503.9539068,2025-12-15 21:51:43,SHIP500-B02-T01707,F11,crew,SK-DIAG-F11,通讯与传感器故障诊断,0.5455,0.431332,False,1
1,1765835503.9539068,2025-12-15 21:51:43,SHIP500-B02-T01707,*,crew,SK-ACT-CREW-OPS,机舱巡查与就地处置技能,0.5455,0.431332,False,1
1,1765835516.157447,2025-12-15 21:51:56,SHIP500-B02-T01708,F06,maintenance,SK-DIAG-F06,发电机综合故障诊断,0.4545,0.431075,False,0
1,1765835528.377756,2025-12-15 21:52:08,SHIP500-B02-T01709,F06,maintenance,SK-DIAG-F06,发电机综合故障诊断,0.4545,0.428769,False,0
1,1765835540.5516248,2025-12-15 21:52:20,SHIP500-B02-T01710,F06,maintenance,SK-DIAG-F06,发电机综合故障诊断,0.4545,0.428003,False,0
1,1765835552.7690015,2025-12-15 21:52:32,SHIP500-B02-T01711,F06,maintenance,SK-DIAG-F06,发电机综合故障诊断,0.4545,0.42067,False,0
1,1765835564.9618392,2025-12-15 21:52:44,SHIP500-B02-T01712,F06,maintenance,SK-DIAG-F06,发电机综合故障诊断,0.4545,0.430305,False,0
1,1765835577.1774647,2025-12-15 21:52:57,SHIP500-B02-T01713,F06,maintenance,SK-DIAG-F06,发电机综合故障诊断,0.4545,0.433393,False,0
1,1765835589.3887837,2025-12-15 21:53:09,SHIP500-B02-T01714,F06,maintenance,SK-DIAG-F06,发电机综合故障诊断,0.4545,0.437806,False,0
1,1765835601.5921383,2025-12-15 21:53:21,SHIP500-B02-T01715,F06,maintenance,SK-DIAG-F06,发电机综合故障诊断,0.4545,0.435464,False,0
1,1765835613.7919674,2025-12-15 21:53:33,SHIP500-B02-T01716,F06,maintenance,SK-DIAG-F06,发电机综合故障诊断,0.4545,0.440161,False,0
1,1765835625.9743285,2025-12-15 21:53:45,SHIP500-B02-T01717,F06,crew,SK-DIAG-F06,发电机综合故障诊断,0.5455,0.443584,False,1
1,1765835625.9743285,2025-12-15 21:53:45,SHIP500-B02-T01717,F11,crew,SK-DIAG-F11,通讯与传感器故障诊断,0.5455,0.443584,False,1
1,1765835625.9743285,2025-12-15 21:53:45,SHIP500-B02-T01717,*,crew,SK-ACT-CREW-OPS,机舱巡查与就地处置技能,0.5455,0.443584,False,1
1,1765835638.179,2025-12-15 21:53:58,SHIP500-B02-T01718,F06,maintenance,SK-DIAG-F06,发电机综合故障诊断,0.4545,0.446236,False,0
1,1765835650.4319336,2025-12-15 21:54:10,SHIP500-B02-T01719,F06,maintenance,SK-DIAG-F06,发电机综合故障诊断,0.4545,0.44332,False,0
1,1765835662.6268551,2025-12-15 21:54:22,SHIP500-B02-T01720,F06,crew,SK-DIAG-F06,发电机综合故障诊断,0.5455,0.454285,False,1
1,1765835662.6268551,2025-12-15 21:54:22,SHIP500-B02-T01720,F11,crew,SK-DIAG-F11,通讯与传感器故障诊断,0.5455,0.454285,False,1
1,1765835662.6268551,2025-12-15 21:54:22,SHIP500-B02-T01720,*,crew,SK-ACT-CREW-OPS,机舱巡查与就地处置技能,0.5455,0.454285,False,1
1,1765835674.8342266,2025-12-15 21:54:34,SHIP500-B02-T01721,F06,maintenance,SK-DIAG-F06,发电机综合故障诊断,0.4545,0.478175,False,0
1,1765835687.059887,2025-12-15 21:54:47,SHIP500-B02-T01722,F06,crew,SK-DIAG-F06,发电机综合故障诊断,0.5455,0.446236,False,1
1,1765835687.059887,2025-12-15 21:54:47,SHIP500-B02-T01722,F11,crew,SK-DIAG-F11,通讯与传感器故障诊断,0.5455,0.446236,False,1
1,1765835687.059887,2025-12-15 21:54:47,SHIP500-B02-T01722,*,crew,SK-ACT-CREW-OPS,机舱巡查与就地处置技能,0.5455,0.446236,False,1
1,1765835699.2788894,2025-12-15 21:54:59,SHIP500-B02-T01723,F06,maintenance,SK-DIAG-F06,发电机综合故障诊断,0.4545,0.444113,False,0
1,1765835711.477865,2025-12-15 21:55:11,SHIP500-B02-T01724,F06,maintenance,SK-DIAG-F06,发电机综合故障诊断,0.4545,0.449974,False,0
1,1765835723.689047,2025-12-15 21:55:23,SHIP500-B02-T01725,F06,crew,SK-DIAG-F06,发电机综合故障诊断,0.5455,0.46028,False,1
1,1765835723.689047,2025-12-15 21:55:23,SHIP500-B02-T01725,F11,crew,SK-DIAG-F11,通讯与传感器故障诊断,0.5455,0.46028,False,1
1,1765835723.689047,2025-12-15 21:55:23,SHIP500-B02-T01725,*,crew,SK-ACT-CREW-OPS,机舱巡查与就地处置技能,0.5455,0.46028,False,1
1,1765835735.8822775,2025-12-15 21:55:35,SHIP500-B02-T01726,F06,maintenance,SK-DIAG-F06,发电机综合故障诊断,0.4545,0.458091,False,0
1,1765835748.0914664,2025-12-15 21:55:48,SHIP500-B02-T01727,F06,maintenance,SK-DIAG-F06,发电机综合故障诊断,0.4545,0.454827,False,0
1,1765835760.3361387,2025-12-15 21:56:00,SHIP500-B02-T01728,F06,maintenance,SK-DIAG-F06,发电机综合故障诊断,0.4545,0.440948,False,0
1,1765835772.5490222,2025-12-15 21:56:12,SHIP500-B02-T01729,F06,maintenance,SK-DIAG-F06,发电机综合故障诊断,0.4545,0.431589,False,0
1,1765835784.7761662,2025-12-15 21:56:24,SHIP500-B02-T01730,F06,crew,SK-DIAG-F06,发电机综合故障诊断,0.5455,0.431332,False,1
1,1765835784.7761662,2025-12-15 21:56:24,SHIP500-B02-T01730,F11,crew,SK-DIAG-F11,通讯与传感器故障诊断,0.5455,0.431332,False,1
1,1765835784.7761662,2025-12-15 21:56:24,SHIP500-B02-T01730,*,crew,SK-ACT-CREW-OPS,机舱巡查与就地处置技能,0.5455,0.431332,False,1
1,1765835796.9821432,2025-12-15 21:56:36,SHIP500-B02-T01731,F06,crew,SK-DIAG-F06,发电机综合故障诊断,0.5455,0.427748,False,1
1,1765835796.9821432,2025-12-15 21:56:36,SHIP500-B02-T01731,F11,crew,SK-DIAG-F11,通讯与传感器故障诊断,0.5455,0.427748,False,1
1,1765835796.9821432,2025-12-15 21:56:36,SHIP500-B02-T01731,*,crew,SK-ACT-CREW-OPS,机舱巡查与就地处置技能,0.5455,0.427748,False,1
1,1765835809.1911628,2025-12-15 21:56:49,SHIP500-B02-T01732,F06,maintenance,SK-DIAG-F06,发电机综合故障诊断,0.4545,0.42673,False,0
1,1765835821.3900013,2025-12-15 21:57:01,SHIP500-B02-T01733,F06,maintenance,SK-DIAG-F06,发电机综合故障诊断,0.4545,0.426222,False,0
1,1765835833.588292,2025-12-15 21:57:13,SHIP500-B02-T01734,F06,crew,SK-DIAG-F06,发电机综合故障诊断,0.5455,0.427493,False,1
1,1765835833.588292,2025-12-15 21:57:13,SHIP500-B02-T01734,F11,crew,SK-DIAG-F11,通讯与传感器故障诊断,0.5455,0.427493,False,1
1,1765835833.588292,2025-12-15 21:57:13,SHIP500-B02-T01734,*,crew,SK-ACT-CREW-OPS,机舱巡查与就地处置技能,0.5455,0.427493,False,1
1,1765835845.801567,2025-12-15 21:57:25,SHIP500-B02-T01735,F06,maintenance,SK-DIAG-F06,发电机综合故障诊断,0.4545,0.434687,False,0
1,1765835858.0063317,2025-12-15 21:57:38,SHIP500-B02-T01736,F06,maintenance,SK-DIAG-F06,发电机综合故障诊断,0.4545,0.442264,False,0
1,1765835870.1969986,2025-12-15 21:57:50,SHIP500-B02-T01737,F06,crew,SK-DIAG-F06,发电机综合故障诊断,0.5455,0.442001,False,1
1,1765835870.1969986,2025-12-15 21:57:50,SHIP500-B02-T01737,F11,crew,SK-DIAG-F11,通讯与传感器故障诊断,0.5455,0.442001,False,1
1,1765835870.1969986,2025-12-15 21:57:50,SHIP500-B02-T01737,*,crew,SK-ACT-CREW-OPS,机舱巡查与就地处置技能,0.5455,0.442001,False,1
1,1765835882.4163897,2025-12-15 21:58:02,SHIP500-B02-T01738,F06,crew,SK-DIAG-F06,发电机综合故障诊断,0.5455,0.454285,False,1
1,1765835882.4163897,2025-12-15 21:58:02,SHIP500-B02-T01738,F11,crew,SK-DIAG-F11,通讯与传感器故障诊断,0.5455,0.454285,False,1
1,1765835882.4163897,2025-12-15 21:58:02,SHIP500-B02-T01738,*,crew,SK-ACT-CREW-OPS,机舱巡查与就地处置技能,0.5455,0.454285,False,1
1,1765835894.626689,2025-12-15 21:58:14,SHIP500-B02-T01739,F06,maintenance,SK-DIAG-F06,发电机综合故障诊断,0.4545,0.476752,False,0
1,1765835906.8286114,2025-12-15 21:58:26,SHIP500-B02-T01740,F06,crew,SK-DIAG-F06,发电机综合故障诊断,0.5455,0.481033,False,1
1,1765835906.8286114,2025-12-15 21:58:26,SHIP500-B02-T01740,F11,crew,SK-DIAG-F11,通讯与传感器故障诊断,0.5455,0.481033,False,1
1,1765835906.8286114,2025-12-15 21:58:26,SHIP500-B02-T01740,*,crew,SK-ACT-CREW-OPS,机舱巡查与就地处置技能,0.5455,0.481033,False,1
1,1765835919.037514,2025-12-15 21:58:39,SHIP500-B02-T01741,F06,crew,SK-DIAG-F06,发电机综合故障诊断,0.5455,0.483044,False,1
1,1765835919.037514,2025-12-15 21:58:39,SHIP500-B02-T01741,F11,crew,SK-DIAG-F11,通讯与传感器故障诊断,0.5455,0.483044,False,1
1,1765835919.037514,2025-12-15 21:58:39,SHIP500-B02-T01741,*,crew,SK-ACT-CREW-OPS,机舱巡查与就地处置技能,0.5455,0.483044,False,1
1,1765835931.2413085,2025-12-15 21:58:51,SHIP500-B02-T01742,F06,maintenance,SK-DIAG-F06,发电机综合故障诊断,0.4545,0.448368,False,0
1,1765835943.4248078,2025-12-15 21:59:03,SHIP500-B02-T01743,F06,crew,SK-DIAG-F06,发电机综合故障诊断,0.5455,0.448101,False,1
1,1765835943.4248078,2025-12-15 21:59:03,SHIP500-B02-T01743,F11,crew,SK-DIAG-F11,通讯与传感器故障诊断,0.5455,0.448101,False,1
1,1765835943.4248078,2025-12-15 21:59:03,SHIP500-B02-T01743,*,crew,SK-ACT-CREW-OPS,机舱巡查与就地处置技能,0.5455,0.448101,False,1
1,1765835955.621145,2025-12-15 21:59:15,SHIP500-B02-T01744,F06,crew,SK-DIAG-F06,发电机综合故障诊断,0.5455,0.454827,False,1
1,1765835955.621145,2025-12-15 21:59:15,SHIP500-B02-T01744,F11,crew,SK-DIAG-F11,通讯与传感器故障诊断,0.5455,0.454827,False,1
1,1765835955.621145,2025-12-15 21:59:15,SHIP500-B02-T01744,*,crew,SK-ACT-CREW-OPS,机舱巡查与就地处置技能,0.5455,0.454827,False,1
1,1765835967.8336296,2025-12-15 21:59:27,SHIP500-B02-T01745,F06,maintenance,SK-DIAG-F06,发电机综合故障诊断,0.4545,0.46028,False,0
1,1765835980.0139396,2025-12-15 21:59:40,SHIP500-B02-T01746,F06,maintenance,SK-DIAG-F06,发电机综合故障诊断,0.4545,0.461929,False,0
1,1765835992.3039954,2025-12-15 21:59:52,SHIP500-B02-T01747,F06,maintenance,SK-DIAG-F06,发电机综合故障诊断,0.4545,0.451855,False,0
1,1765836004.509367,2025-12-15 22:00:04,SHIP500-B02-T01748,F06,crew,SK-DIAG-F06,发电机综合故障诊断,0.5455,0.440686,False,1
1,1765836004.509367,2025-12-15 22:00:04,SHIP500-B02-T01748,F11,crew,SK-DIAG-F11,通讯与传感器故障诊断,0.5455,0.440686,False,1
1,1765836004.509367,2025-12-15 22:00:04,SHIP500-B02-T01748,*,crew,SK-ACT-CREW-OPS,机舱巡查与就地处置技能,0.5455,0.440686,False,1
1,1765836016.6893487,2025-12-15 22:00:16,SHIP500-B02-T01749,F06,crew,SK-DIAG-F06,发电机综合故障诊断,0.5455,0.4247,False,1
1,1765836016.6893487,2025-12-15 22:00:16,SHIP500-B02-T01749,F11,crew,SK-DIAG-F11,通讯与传感器故障诊断,0.5455,0.4247,False,1
1,1765836016.6893487,2025-12-15 22:00:16,SHIP500-B02-T01749,*,crew,SK-ACT-CREW-OPS,机舱巡查与就地处置技能,0.5455,0.4247,False,1
1,1765836028.8852887,2025-12-15 22:00:28,SHIP500-B02-T01750,F06,crew,SK-DIAG-F06,发电机综合故障诊断,0.5455,0.425714,False,1
1,1765836028.8852887,2025-12-15 22:00:28,SHIP500-B02-T01750,F11,crew,SK-DIAG-F11,通讯与传感器故障诊断,0.5455,0.425714,False,1
1,1765836028.8852887,2025-12-15 22:00:28,SHIP500-B02-T01750,*,crew,SK-ACT-CREW-OPS,机舱巡查与就地处置技能,0.5455,0.425714,False,1
1,1765836041.1322482,2025-12-15 22:00:41,SHIP500-B02-T01751,F06,maintenance,SK-DIAG-F06,发电机综合故障诊断,0.4545,0.421674,False,0
1,1765836053.3192449,2025-12-15 22:00:53,SHIP500-B02-T01752,F06,maintenance,SK-DIAG-F06,发电机综合故障诊断,0.4545,0.419418,False,0
1,1765836065.4953237,2025-12-15 22:01:05,SHIP500-B02-T01753,F06,maintenance,SK-DIAG-F06,发电机综合故障诊断,0.4545,0.416678,False,0
1,1765836077.6850946,2025-12-15 22:01:17,SHIP500-B02-T01754,F06,crew,SK-DIAG-F06,发电机综合故障诊断,0.5455,0.430562,False,1
1,1765836077.6850946,2025-12-15 22:01:17,SHIP500-B02-T01754,F11,crew,SK-DIAG-F11,通讯与传感器故障诊断,0.5455,0.430562,False,1
1,1765836077.6850946,2025-12-15 22:01:17,SHIP500-B02-T01754,*,crew,SK-ACT-CREW-OPS,机舱巡查与就地处置技能,0.5455,0.430562,False,1
1,1765836089.874493,2025-12-15 22:01:29,SHIP500-B02-T01755,F06,crew,SK-DIAG-F06,发电机综合故障诊断,0.5455,0.409051,False,1
1,1765836089.874493,2025-12-15 22:01:29,SHIP500-B02-T01755,F11,crew,SK-DIAG-F11,通讯与传感器故障诊断,0.5455,0.409051,False,1
1,1765836089.874493,2025-12-15 22:01:29,SHIP500-B02-T01755,*,crew,SK-ACT-CREW-OPS,机舱巡查与就地处置技能,0.5455,0.409051,False,1
1,1765836102.0732477,2025-12-15 22:01:42,SHIP500-B02-T01756,F06,crew,SK-DIAG-F06,发电机综合故障诊断,0.5455,0.411251,False,1
1,1765836102.0732477,2025-12-15 22:01:42,SHIP500-B02-T01756,F11,crew,SK-DIAG-F11,通讯与传感器故障诊断,0.5455,0.411251,False,1
1,1765836102.0732477,2025-12-15 22:01:42,SHIP500-B02-T01756,*,crew,SK-ACT-CREW-OPS,机舱巡查与就地处置技能,0.5455,0.411251,False,1
1,1765836114.2758794,2025-12-15 22:01:54,SHIP500-B02-T01757,F06,crew,SK-DIAG-F06,发电机综合故障诊断,0.5455,0.411251,False,1
1,1765836114.2758794,2025-12-15 22:01:54,SHIP500-B02-T01757,F11,crew,SK-DIAG-F11,通讯与传感器故障诊断,0.5455,0.411251,False,1
1,1765836114.2758794,2025-12-15 22:01:54,SHIP500-B02-T01757,*,crew,SK-ACT-CREW-OPS,机舱巡查与就地处置技能,0.5455,0.411251,False,1
1,1765836126.5153005,2025-12-15 22:02:06,SHIP500-B02-T01758,F06,crew,SK-DIAG-F06,发电机综合故障诊断,0.5455,0.413955,False,1
1,1765836126.5153005,2025-12-15 22:02:06,SHIP500-B02-T01758,F11,crew,SK-DIAG-F11,通讯与传感器故障诊断,0.5455,0.413955,False,1
1,1765836126.5153005,2025-12-15 22:02:06,SHIP500-B02-T01758,*,crew,SK-ACT-CREW-OPS,机舱巡查与就地处置技能,0.5455,0.413955,False,1
1,1765836138.7123244,2025-12-15 22:02:18,SHIP500-B02-T01759,F06,crew,SK-DIAG-F06,发电机综合故障诊断,0.5455,0.411251,False,1
1,1765836138.7123244,2025-12-15 22:02:18,SHIP500-B02-T01759,F11,crew,SK-DIAG-F11,通讯与传感器故障诊断,0.5455,0.411251,False,1
1,1765836138.7123244,2025-12-15 22:02:18,SHIP500-B02-T01759,*,crew,SK-ACT-CREW-OPS,机舱巡查与就地处置技能,0.5455,0.411251,False,1
1,1765836150.920513,2025-12-15 22:02:30,SHIP500-B02-T01760,F06,maintenance,SK-DIAG-F06,发电机综合故障诊断,0.4545,0.40832,False,0
1,1765836163.132108,2025-12-15 22:02:43,SHIP500-B02-T01761,F06,maintenance,SK-DIAG-F06,发电机综合故障诊断,0.4545,0.406863,False,0
1,1765836175.3355317,2025-12-15 22:02:55,SHIP500-B02-T01762,F06,crew,SK-DIAG-F06,发电机综合故障诊断,0.5455,0.404928,False,1
1,1765836175.3355317,2025-12-15 22:02:55,SHIP500-B02-T01762,F11,crew,SK-DIAG-F11,通讯与传感器故障诊断,0.5455,0.404928,False,1
1,1765836175.3355317,2025-12-15 22:02:55,SHIP500-B02-T01762,*,crew,SK-ACT-CREW-OPS,机舱巡查与就地处置技能,0.5455,0.404928,False,1
1,1765836187.531463,2025-12-15 22:03:07,SHIP500-B02-T01763,F06,maintenance,SK-DIAG-F06,发电机综合故障诊断,0.4545,0.402761,False,0
1,1765836199.7258496,2025-12-15 22:03:19,SHIP500-B02-T01764,F06,crew,SK-DIAG-F06,发电机综合故障诊断,0.5455,0.398702,False,1
1,1765836199.7258496,2025-12-15 22:03:19,SHIP500-B02-T01764,F11,crew,SK-DIAG-F11,通讯与传感器故障诊断,0.5455,0.398702,False,1
1,1765836199.7258496,2025-12-15 22:03:19,SHIP500-B02-T01764,*,crew,SK-ACT-CREW-OPS,机舱巡查与就地处置技能,0.5455,0.398702,False,1
1,1765836211.9817097,2025-12-15 22:03:31,SHIP500-B02-T01765,F06,maintenance,SK-DIAG-F06,发电机综合故障诊断,0.4545,0.396097,False,0
1,1765836224.186627,2025-12-15 22:03:44,SHIP500-B02-T01766,F06,maintenance,SK-DIAG-F06,发电机综合故障诊断,0.4545,0.398464,False,0
1,1765836236.407055,2025-12-15 22:03:56,SHIP500-B02-T01767,F06,maintenance,SK-DIAG-F06,发电机综合故障诊断,0.4545,0.392806,False,0
1,1765836248.638394,2025-12-15 22:04:08,SHIP500-B02-T01768,F06,crew,SK-DIAG-F06,发电机综合故障诊断,0.5455,0.389078,False,1
1,1765836248.638394,2025-12-15 22:04:08,SHIP500-B02-T01768,F11,crew,SK-DIAG-F11,通讯与传感器故障诊断,0.5455,0.389078,False,1
1,1765836248.638394,2025-12-15 22:04:08,SHIP500-B02-T01768,*,crew,SK-ACT-CREW-OPS,机舱巡查与就地处置技能,0.5455,0.389078,False,1
1,1765836260.8423903,2025-12-15 22:04:20,SHIP500-B02-T01769,F06,maintenance,SK-DIAG-F06,发电机综合故障诊断,0.4545,0.396333,False,0
1,1765836273.057559,2025-12-15 22:04:33,SHIP500-B02-T01770,F06,maintenance,SK-DIAG-F06,发电机综合故障诊断,0.4545,0.390704,False,0
1,1765836285.2662168,2025-12-15 22:04:45,SHIP500-B02-T01771,F06,maintenance,SK-DIAG-F06,发电机综合故障诊断,0.4545,0.393978,False,0
1,1765836297.4737782,2025-12-15 22:04:57,SHIP500-B02-T01772,F06,maintenance,SK-DIAG-F06,发电机综合故障诊断,0.4545,0.387458,False,0
1,1765836309.6829169,2025-12-15 22:05:09,SHIP500-B02-T01773,F06,maintenance,SK-DIAG-F06,发电机综合故障诊断,0.4545,0.383553,False,0
1,1765836321.884574,2025-12-15 22:05:21,SHIP500-B02-T01774,F06,maintenance,SK-DIAG-F06,发电机综合故障诊断,0.4545,0.393274,False,0
1,1765836334.1463056,2025-12-15 22:05:34,SHIP500-B02-T01775,F06,crew,SK-DIAG-F06,发电机综合故障诊断,0.5455,0.396097,False,1
1,1765836334.1463056,2025-12-15 22:05:34,SHIP500-B02-T01775,F11,crew,SK-DIAG-F11,通讯与传感器故障诊断,0.5455,0.396097,False,1
1,1765836334.1463056,2025-12-15 22:05:34,SHIP500-B02-T01775,*,crew,SK-ACT-CREW-OPS,机舱巡查与就地处置技能,0.5455,0.396097,False,1
1,1765836346.3736534,2025-12-15 22:05:46,SHIP500-B02-T01776,F06,maintenance,SK-DIAG-F06,发电机综合故障诊断,0.4545,0.38931,False,0
1,1765836358.565296,2025-12-15 22:05:58,SHIP500-B02-T01777,F06,maintenance,SK-DIAG-F06,发电机综合故障诊断,0.4545,0.388383,False,0
1,1765836370.7601604,2025-12-15 22:06:10,SHIP500-B02-T01778,F06,crew,SK-DIAG-F06,发电机综合故障诊断,0.5455,0.389078,False,1
1,1765836370.7601604,2025-12-15 22:06:10,SHIP500-B02-T01778,F11,crew,SK-DIAG-F11,通讯与传感器故障诊断,0.5455,0.389078,False,1
1,1765836370.7601604,2025-12-15 22:06:10,SHIP500-B02-T01778,*,crew,SK-ACT-CREW-OPS,机舱巡查与就地处置技能,0.5455,0.389078,False,1
1,1765836382.9730968,2025-12-15 22:06:22,SHIP500-B02-T01779,F06,maintenance,SK-DIAG-F06,发电机综合故障诊断,0.4545,0.389542,False,0
1,1765836395.196008,2025-12-15 22:06:35,SHIP500-B02-T01780,F06,crew,SK-DIAG-F06,发电机综合故障诊断,0.5455,0.382184,False,1
1,1765836395.196008,2025-12-15 22:06:35,SHIP500-B02-T01780,F11,crew,SK-DIAG-F11,通讯与传感器故障诊断,0.5455,0.382184,False,1
1,1765836395.196008,2025-12-15 22:06:35,SHIP500-B02-T01780,*,crew,SK-ACT-CREW-OPS,机舱巡查与就地处置技能,0.5455,0.382184,False,1
1,1765836407.4108012,2025-12-15 22:06:47,SHIP500-B02-T01781,F06,maintenance,SK-DIAG-F06,发电机综合故障诊断,0.4545,0.388152,False,0
1,1765836419.5939808,2025-12-15 22:06:59,SHIP500-B02-T01782,F06,maintenance,SK-DIAG-F06,发电机综合故障诊断,0.4545,0.389078,False,0
1,1765836431.78869,2025-12-15 22:07:11,SHIP500-B02-T01783,F06,crew,SK-DIAG-F06,发电机综合故障诊断,0.5455,0.393743,False,1
1,1765836431.78869,2025-12-15 22:07:11,SHIP500-B02-T01783,F11,crew,SK-DIAG-F11,通讯与传感器故障诊断,0.5455,0.393743,False,1
1,1765836431.78869,2025-12-15 22:07:11,SHIP500-B02-T01783,*,crew,SK-ACT-CREW-OPS,机舱巡查与就地处置技能,0.5455,0.393743,False,1
1,1765836443.988687,2025-12-15 22:07:23,SHIP500-B02-T01784,F06,crew,SK-DIAG-F06,发电机综合故障诊断,0.5455,0.397752,False,1
1,1765836443.988687,2025-12-15 22:07:23,SHIP500-B02-T01784,F11,crew,SK-DIAG-F11,通讯与传感器故障诊断,0.5455,0.397752,False,1
1,1765836443.988687,2025-12-15 22:07:23,SHIP500-B02-T01784,*,crew,SK-ACT-CREW-OPS,机舱巡查与就地处置技能,0.5455,0.397752,False,1
1,1765836456.2085822,2025-12-15 22:07:36,SHIP500-B02-T01785,F06,maintenance,SK-DIAG-F06,发电机综合故障诊断,0.4545,0.395861,False,0
1,1765836468.4204566,2025-12-15 22:07:48,SHIP500-B02-T01786,F06,maintenance,SK-DIAG-F06,发电机综合故障诊断,0.4545,0.394213,False,0
1,1765836480.6310165,2025-12-15 22:08:00,SHIP500-B02-T01787,F06,crew,SK-DIAG-F06,发电机综合故障诊断,0.5455,0.395861,False,1
1,1765836480.6310165,2025-12-15 22:08:00,SHIP500-B02-T01787,F11,crew,SK-DIAG-F11,通讯与传感器故障诊断,0.5455,0.395861,False,1
1,1765836480.6310165,2025-12-15 22:08:00,SHIP500-B02-T01787,*,crew,SK-ACT-CREW-OPS,机舱巡查与就地处置技能,0.5455,0.395861,False,1
1,1765836492.8377464,2025-12-15 22:08:12,SHIP500-B02-T01788,F06,crew,SK-DIAG-F06,发电机综合故障诊断,0.5455,0.393509,False,1
1,1765836492.8377464,2025-12-15 22:08:12,SHIP500-B02-T01788,F11,crew,SK-DIAG-F11,通讯与传感器故障诊断,0.5455,0.393509,False,1
1,1765836492.8377464,2025-12-15 22:08:12,SHIP500-B02-T01788,*,crew,SK-ACT-CREW-OPS,机舱巡查与就地处置技能,0.5455,0.393509,False,1
1,1765836505.0507982,2025-12-15 22:08:25,SHIP500-B02-T01789,F06,maintenance,SK-DIAG-F06,发电机综合故障诊断,0.4545,0.398702,False,0
1,1765836517.2708263,2025-12-15 22:08:37,SHIP500-B02-T01790,F06,crew,SK-DIAG-F06,发电机综合故障诊断,0.5455,0.402761,False,1
1,1765836517.2708263,2025-12-15 22:08:37,SHIP500-B02-T01790,F11,crew,SK-DIAG-F11,通讯与传感器故障诊断,0.5455,0.402761,False,1
1,1765836517.2708263,2025-12-15 22:08:37,SHIP500-B02-T01790,*,crew,SK-ACT-CREW-OPS,机舱巡查与就地处置技能,0.5455,0.402761,False,1
1,1765836529.4730735,2025-12-15 22:08:49,SHIP500-B02-T01791,F06,crew,SK-DIAG-F06,发电机综合故障诊断,0.5455,0.40662,False,1
1,1765836529.4730735,2025-12-15 22:08:49,SHIP500-B02-T01791,F11,crew,SK-DIAG-F11,通讯与传感器故障诊断,0.5455,0.40662,False,1
1,1765836529.4730735,2025-12-15 22:08:49,SHIP500-B02-T01791,*,crew,SK-ACT-CREW-OPS,机舱巡查与就地处置技能,0.5455,0.40662,False,1
1,1765836541.6904068,2025-12-15 22:09:01,SHIP500-B02-T01792,F06,crew,SK-DIAG-F06,发电机综合故障诊断,0.5455,0.40832,False,1
1,1765836541.6904068,2025-12-15 22:09:01,SHIP500-B02-T01792,F11,crew,SK-DIAG-F11,通讯与传感器故障诊断,0.5455,0.40832,False,1
1,1765836541.6904068,2025-12-15 22:09:01,SHIP500-B02-T01792,*,crew,SK-ACT-CREW-OPS,机舱巡查与就地处置技能,0.5455,0.40832,False,1
1,1765836553.9123073,2025-12-15 22:09:13,SHIP500-B02-T01793,F06,crew,SK-DIAG-F06,发电机综合故障诊断,0.5455,0.407348,False,1
1,1765836553.9123073,2025-12-15 22:09:13,SHIP500-B02-T01793,F11,crew,SK-DIAG-F11,通讯与传感器故障诊断,0.5455,0.407348,False,1
1,1765836553.9123073,2025-12-15 22:09:13,SHIP500-B02-T01793,*,crew,SK-ACT-CREW-OPS,机舱巡查与就地处置技能,0.5455,0.407348,False,1
1,1765836566.1259725,2025-12-15 22:09:26,SHIP500-B02-T01794,F06,maintenance,SK-DIAG-F06,发电机综合故障诊断,0.4545,0.439637,False,0
1,1765836578.3222342,2025-12-15 22:09:38,SHIP500-B02-T01795,F06,crew,SK-DIAG-F06,发电机综合故障诊断,0.5455,0.400846,False,1
1,1765836578.3222342,2025-12-15 22:09:38,SHIP500-B02-T01795,F11,crew,SK-DIAG-F11,通讯与传感器故障诊断,0.5455,0.400846,False,1
1,1765836578.3222342,2025-12-15 22:09:38,SHIP500-B02-T01795,*,crew,SK-ACT-CREW-OPS,机舱巡查与就地处置技能,0.5455,0.400846,False,1
1,1765836590.5265062,2025-12-15 22:09:50,SHIP500-B02-T01796,F06,crew,SK-DIAG-F06,发电机综合故障诊断,0.5455,0.399891,False,1
1,1765836590.5265062,2025-12-15 22:09:50,SHIP500-B02-T01796,F11,crew,SK-DIAG-F11,通讯与传感器故障诊断,0.5455,0.399891,False,1
1,1765836590.5265062,2025-12-15 22:09:50,SHIP500-B02-T01796,*,crew,SK-ACT-CREW-OPS,机舱巡查与就地处置技能,0.5455,0.399891,False,1
1,1765836602.7068129,2025-12-15 22:10:02,SHIP500-B02-T01797,F06,maintenance,SK-DIAG-F06,发电机综合故障诊断,0.4545,0.410271,False,0
1,1765836614.9159958,2025-12-15 22:10:14,SHIP500-B02-T01798,F06,maintenance,SK-DIAG-F06,发电机综合故障诊断,0.4545,0.429536,False,0
1,1765836627.1283054,2025-12-15 22:10:27,SHIP500-B02-T01799,F06,maintenance,SK-DIAG-F06,发电机综合故障诊断,0.4545,0.425968,False,0
1,1765836639.361513,2025-12-15 22:10:39,SHIP500-B02-T01800,F06,maintenance,SK-DIAG-F06,发电机综合故障诊断,0.4545,0.423437,False,0
1,1765836651.6356914,2025-12-15 22:10:51,SHIP500-B02-T01801,F06,maintenance,SK-DIAG-F06,发电机综合故障诊断,0.4545,0.405652,False,0
1,1765836663.8255188,2025-12-15 22:11:03,SHIP500-B02-T01802,F06,crew,SK-DIAG-F06,发电机综合故障诊断,0.5455,0.409539,False,1
1,1765836663.8255188,2025-12-15 22:11:03,SHIP500-B02-T01802,F11,crew,SK-DIAG-F11,通讯与传感器故障诊断,0.5455,0.409539,False,1
1,1765836663.8255188,2025-12-15 22:11:03,SHIP500-B02-T01802,*,crew,SK-ACT-CREW-OPS,机舱巡查与就地处置技能,0.5455,0.409539,False,1
1,1765836676.072049,2025-12-15 22:11:16,SHIP500-B02-T01803,F06,maintenance,SK-DIAG-F06,发电机综合故障诊断,0.4545,0.406378,False,0
1,1765836688.2578242,2025-12-15 22:11:28,SHIP500-B02-T01804,F06,maintenance,SK-DIAG-F06,发电机综合故障诊断,0.4545,0.408807,False,0
1,1765836700.4615111,2025-12-15 22:11:40,SHIP500-B02-T01805,F06,crew,SK-DIAG-F06,发电机综合故障诊断,0.5455,0.420169,False,1
1,1765836700.4615111,2025-12-15 22:11:40,SHIP500-B02-T01805,F11,crew,SK-DIAG-F11,通讯与传感器故障诊断,0.5455,0.420169,False,1
1,1765836700.4615111,2025-12-15 22:11:40,SHIP500-B02-T01805,*,crew,SK-ACT-CREW-OPS,机舱巡查与就地处置技能,0.5455,0.420169,False,1
1,1765836712.647151,2025-12-15 22:11:52,SHIP500-B02-T01806,F06,crew,SK-DIAG-F06,发电机综合故障诊断,0.5455,0.409783,False,1
1,1765836712.647151,2025-12-15 22:11:52,SHIP500-B02-T01806,F11,crew,SK-DIAG-F11,通讯与传感器故障诊断,0.5455,0.409783,False,1
1,1765836712.647151,2025-12-15 22:11:52,SHIP500-B02-T01806,*,crew,SK-ACT-CREW-OPS,机舱巡查与就地处置技能,0.5455,0.409783,False,1
1,1765836724.8548782,2025-12-15 22:12:04,SHIP500-B02-T01807,F06,crew,SK-DIAG-F06,发电机综合故障诊断,0.5455,0.414696,False,1
1,1765836724.8548782,2025-12-15 22:12:04,SHIP500-B02-T01807,F11,crew,SK-DIAG-F11,通讯与传感器故障诊断,0.5455,0.414696,False,1
1,1765836724.8548782,2025-12-15 22:12:04,SHIP500-B02-T01807,*,crew,SK-ACT-CREW-OPS,机舱巡查与就地处置技能,0.5455,0.414696,False,1
1,1765836737.090059,2025-12-15 22:12:17,SHIP500-B02-T01808,F06,maintenance,SK-DIAG-F06,发电机综合故障诊断,0.4545,0.415934,False,0
1,1765836749.2827678,2025-12-15 22:12:29,SHIP500-B02-T01809,F06,maintenance,SK-DIAG-F06,发电机综合故障诊断,0.4545,0.419168,False,0
1,1765836761.4650087,2025-12-15 22:12:41,SHIP500-B02-T01810,F06,crew,SK-DIAG-F06,发电机综合故障诊断,0.5455,0.43391,False,1
1,1765836761.4650087,2025-12-15 22:12:41,SHIP500-B02-T01810,F11,crew,SK-DIAG-F11,通讯与传感器故障诊断,0.5455,0.43391,False,1
1,1765836761.4650087,2025-12-15 22:12:41,SHIP500-B02-T01810,*,crew,SK-ACT-CREW-OPS,机舱巡查与就地处置技能,0.5455,0.43391,False,1
1,1765836773.668174,2025-12-15 22:12:53,SHIP500-B02-T01811,F06,maintenance,SK-DIAG-F06,发电机综合故障诊断,0.4545,0.453744,False,0
1,1765836785.8806927,2025-12-15 22:13:05,SHIP500-B02-T01812,F06,maintenance,SK-DIAG-F06,发电机综合故障诊断,0.4545,0.461104,False,0
1,1765836798.084447,2025-12-15 22:13:18,SHIP500-B02-T01813,F06,crew,SK-DIAG-F06,发电机综合故障诊断,0.5455,0.449706,False,1
1,1765836798.084447,2025-12-15 22:13:18,SHIP500-B02-T01813,F11,crew,SK-DIAG-F11,通讯与传感器故障诊断,0.5455,0.449706,False,1
1,1765836798.084447,2025-12-15 22:13:18,SHIP500-B02-T01813,*,crew,SK-ACT-CREW-OPS,机舱巡查与就地处置技能,0.5455,0.449706,False,1
1,1765836810.2818477,2025-12-15 22:13:30,SHIP500-B02-T01814,F06,maintenance,SK-DIAG-F06,发电机综合故障诊断,0.4545,0.434428,False,0
1,1765836822.4831157,2025-12-15 22:13:42,SHIP500-B02-T01815,F06,maintenance,SK-DIAG-F06,发电机综合故障诊断,0.4545,0.422428,False,0
1,1765836834.732643,2025-12-15 22:13:54,SHIP500-B02-T01816,F06,crew,SK-DIAG-F06,发电机综合故障诊断,0.5455,0.431332,False,1
1,1765836834.732643,2025-12-15 22:13:54,SHIP500-B02-T01816,F11,crew,SK-DIAG-F11,通讯与传感器故障诊断,0.5455,0.431332,False,1
1,1765836834.732643,2025-12-15 22:13:54,SHIP500-B02-T01816,*,crew,SK-ACT-CREW-OPS,机舱巡查与就地处置技能,0.5455,0.431332,False,1
1,1765836846.9573233,2025-12-15 22:14:06,SHIP500-B02-T01817,F06,crew,SK-DIAG-F06,发电机综合故障诊断,0.5455,0.427239,False,1
1,1765836846.9573233,2025-12-15 22:14:06,SHIP500-B02-T01817,F11,crew,SK-DIAG-F11,通讯与传感器故障诊断,0.5455,0.427239,False,1
1,1765836846.9573233,2025-12-15 22:14:06,SHIP500-B02-T01817,*,crew,SK-ACT-CREW-OPS,机舱巡查与就地处置技能,0.5455,0.427239,False,1
1,1765836859.1759996,2025-12-15 22:14:19,SHIP500-B02-T01818,F06,crew,SK-DIAG-F06,发电机综合故障诊断,0.5455,0.434428,False,1
1,1765836859.1759996,2025-12-15 22:14:19,SHIP500-B02-T01818,F11,crew,SK-DIAG-F11,通讯与传感器故障诊断,0.5455,0.434428,False,1
1,1765836859.1759996,2025-12-15 22:14:19,SHIP500-B02-T01818,*,crew,SK-ACT-CREW-OPS,机舱巡查与就地处置技能,0.5455,0.434428,False,1
1,1765836871.393081,2025-12-15 22:14:31,SHIP500-B02-T01819,F06,crew,SK-DIAG-F06,发电机综合故障诊断,0.5455,0.424194,False,1
1,1765836871.393081,2025-12-15 22:14:31,SHIP500-B02-T01819,F11,crew,SK-DIAG-F11,通讯与传感器故障诊断,0.5455,0.424194,False,1
1,1765836871.393081,2025-12-15 22:14:31,SHIP500-B02-T01819,*,crew,SK-ACT-CREW-OPS,机舱巡查与就地处置技能,0.5455,0.424194,False,1
1,1765836883.631394,2025-12-15 22:14:43,SHIP500-B02-T01820,F06,crew,SK-DIAG-F06,发电机综合故障诊断,0.5455,0.39799,False,1
1,1765836883.631394,2025-12-15 22:14:43,SHIP500-B02-T01820,F11,crew,SK-DIAG-F11,通讯与传感器故障诊断,0.5455,0.39799,False,1
1,1765836883.631394,2025-12-15 22:14:43,SHIP500-B02-T01820,*,crew,SK-ACT-CREW-OPS,机舱巡查与就地处置技能,0.5455,0.39799,False,1
1,1765836895.819712,2025-12-15 22:14:55,SHIP500-B02-T01821,F06,maintenance,SK-DIAG-F06,发电机综合故障诊断,0.4545,0.39117,False,0
1,1765836908.0386384,2025-12-15 22:15:08,SHIP500-B02-T01822,F06,maintenance,SK-DIAG-F06,发电机综合故障诊断,0.4545,0.396097,False,0
1,1765836920.23707,2025-12-15 22:15:20,SHIP500-B02-T01823,F06,maintenance,SK-DIAG-F06,发电机综合故障诊断,0.4545,0.399653,False,0
1,1765836932.4493425,2025-12-15 22:15:32,SHIP500-B02-T01824,F06,crew,SK-DIAG-F06,发电机综合故障诊断,0.5455,0.392572,False,1
1,1765836932.4493425,2025-12-15 22:15:32,SHIP500-B02-T01824,F11,crew,SK-DIAG-F11,通讯与传感器故障诊断,0.5455,0.392572,False,1
1,1765836932.4493425,2025-12-15 22:15:32,SHIP500-B02-T01824,*,crew,SK-ACT-CREW-OPS,机舱巡查与就地处置技能,0.5455,0.392572,False,1
1,1765836944.6394277,2025-12-15 22:15:44,SHIP500-B02-T01825,F06,crew,SK-DIAG-F06,发电机综合故障诊断,0.5455,0.38401,False,1
1,1765836944.6394277,2025-12-15 22:15:44,SHIP500-B02-T01825,F11,crew,SK-DIAG-F11,通讯与传感器故障诊断,0.5455,0.38401,False,1
1,1765836944.6394277,2025-12-15 22:15:44,SHIP500-B02-T01825,*,crew,SK-ACT-CREW-OPS,机舱巡查与就地处置技能,0.5455,0.38401,False,1
1,1765836956.8508868,2025-12-15 22:15:56,SHIP500-B02-T01826,F06,maintenance,SK-DIAG-F06,发电机综合故障诊断,0.4545,0.38264,False,0
1,1765836969.0575335,2025-12-15 22:16:09,SHIP500-B02-T01827,F06,maintenance,SK-DIAG-F06,发电机综合故障诊断,0.4545,0.387458,False,0
1,1765836981.2556984,2025-12-15 22:16:21,SHIP500-B02-T01828,F06,crew,SK-DIAG-F06,发电机综合故障诊断,0.5455,0.381274,False,1
1,1765836981.2556984,2025-12-15 22:16:21,SHIP500-B02-T01828,F11,crew,SK-DIAG-F11,通讯与传感器故障诊断,0.5455,0.381274,False,1
1,1765836981.2556984,2025-12-15 22:16:21,SHIP500-B02-T01828,*,crew,SK-ACT-CREW-OPS,机舱巡查与就地处置技能,0.5455,0.381274,False,1
1,1765836993.4609263,2025-12-15 22:16:33,SHIP500-B02-T01829,F06,crew,SK-DIAG-F06,发电机综合故障诊断,0.5455,0.378783,False,1
1,1765836993.4609263,2025-12-15 22:16:33,SHIP500-B02-T01829,F11,crew,SK-DIAG-F11,通讯与传感器故障诊断,0.5455,0.378783,False,1
1,1765836993.4609263,2025-12-15 22:16:33,SHIP500-B02-T01829,*,crew,SK-ACT-CREW-OPS,机舱巡查与就地处置技能,0.5455,0.378783,False,1
1,1765837005.681532,2025-12-15 22:16:45,SHIP500-B02-T01830,F06,crew,SK-DIAG-F06,发电机综合故障诊断,0.5455,0.378783,False,1
1,1765837005.681532,2025-12-15 22:16:45,SHIP500-B02-T01830,F11,crew,SK-DIAG-F11,通讯与传感器故障诊断,0.5455,0.378783,False,1
1,1765837005.681532,2025-12-15 22:16:45,SHIP500-B02-T01830,*,crew,SK-ACT-CREW-OPS,机舱巡查与就地处置技能,0.5455,0.378783,False,1
1,1765837017.8952398,2025-12-15 22:16:57,SHIP500-B02-T01831,F06,maintenance,SK-DIAG-F06,发电机综合故障诊断,0.4545,0.376532,False,0
1,1765837030.0986793,2025-12-15 22:17:10,SHIP500-B02-T01832,F06,crew,SK-DIAG-F06,发电机综合故障诊断,0.5455,0.379008,False,1
1,1765837030.0986793,2025-12-15 22:17:10,SHIP500-B02-T01832,F11,crew,SK-DIAG-F11,通讯与传感器故障诊断,0.5455,0.379008,False,1
1,1765837030.0986793,2025-12-15 22:17:10,SHIP500-B02-T01832,*,crew,SK-ACT-CREW-OPS,机舱巡查与就地处置技能,0.5455,0.379008,False,1
1,1765837042.2954135,2025-12-15 22:17:22,SHIP500-B02-T01833,F06,crew,SK-DIAG-F06,发电机综合故障诊断,0.5455,0.374741,False,1
1,1765837042.2954135,2025-12-15 22:17:22,SHIP500-B02-T01833,F11,crew,SK-DIAG-F11,通讯与传感器故障诊断,0.5455,0.374741,False,1
1,1765837042.2954135,2025-12-15 22:17:22,SHIP500-B02-T01833,*,crew,SK-ACT-CREW-OPS,机舱巡查与就地处置技能,0.5455,0.374741,False,1
1,1765837054.4928117,2025-12-15 22:17:34,SHIP500-B02-T01834,F06,crew,SK-DIAG-F06,发电机综合故障诊断,0.5455,0.373404,False,1
1,1765837054.4928117,2025-12-15 22:17:34,SHIP500-B02-T01834,F11,crew,SK-DIAG-F11,通讯与传感器故障诊断,0.5455,0.373404,False,1
1,1765837054.4928117,2025-12-15 22:17:34,SHIP500-B02-T01834,*,crew,SK-ACT-CREW-OPS,机舱巡查与就地处置技能,0.5455,0.373404,False,1
1,1765837066.695752,2025-12-15 22:17:46,SHIP500-B02-T01835,F06,crew,SK-DIAG-F06,发电机综合故障诊断,0.5455,0.379913,False,1
1,1765837066.695752,2025-12-15 22:17:46,SHIP500-B02-T01835,F11,crew,SK-DIAG-F11,通讯与传感器故障诊断,0.5455,0.379913,False,1
1,1765837066.695752,2025-12-15 22:17:46,SHIP500-B02-T01835,*,crew,SK-ACT-CREW-OPS,机舱巡查与就地处置技能,0.5455,0.379913,False,1
1,1765837078.903471,2025-12-15 22:17:58,SHIP500-B02-T01836,F06,crew,SK-DIAG-F06,发电机综合故障诊断,0.5455,0.381501,False,1
1,1765837078.903471,2025-12-15 22:17:58,SHIP500-B02-T01836,F11,crew,SK-DIAG-F11,通讯与传感器故障诊断,0.5455,0.381501,False,1
1,1765837078.903471,2025-12-15 22:17:58,SHIP500-B02-T01836,*,crew,SK-ACT-CREW-OPS,机舱巡查与就地处置技能,0.5455,0.381501,False,1
1,1765837091.1113844,2025-12-15 22:18:11,SHIP500-B02-T01837,F06,maintenance,SK-DIAG-F06,发电机综合故障诊断,0.4545,0.381956,False,0
1,1765837103.3189125,2025-12-15 22:18:23,SHIP500-B02-T01838,F06,maintenance,SK-DIAG-F06,发电机综合故障诊断,0.4545,0.38931,False,0
1,1765837115.5357392,2025-12-15 22:18:35,SHIP500-B02-T01839,F06,maintenance,SK-DIAG-F06,发电机综合故障诊断,0.4545,0.381274,False,0
1,1765837127.704749,2025-12-15 22:18:47,SHIP500-B02-T01840,F06,crew,SK-DIAG-F06,发电机综合故障诊断,0.5455,0.383096,False,1
1,1765837127.704749,2025-12-15 22:18:47,SHIP500-B02-T01840,F11,crew,SK-DIAG-F11,通讯与传感器故障诊断,0.5455,0.383096,False,1
1,1765837127.704749,2025-12-15 22:18:47,SHIP500-B02-T01840,*,crew,SK-ACT-CREW-OPS,机舱巡查与就地处置技能,0.5455,0.383096,False,1
1,1765837139.9049418,2025-12-15 22:18:59,SHIP500-B02-T01841,F06,maintenance,SK-DIAG-F06,发电机综合故障诊断,0.4545,0.393509,False,0
1,1765837152.107568,2025-12-15 22:19:12,SHIP500-B02-T01842,F06,maintenance,SK-DIAG-F06,发电机综合故障诊断,0.4545,0.383781,False,0
1,1765837164.3117702,2025-12-15 22:19:24,SHIP500-B02-T01843,F06,maintenance,SK-DIAG-F06,发电机综合故障诊断,0.4545,0.386305,False,0
1,1765837176.5126746,2025-12-15 22:19:36,SHIP500-B02-T01844,F06,crew,SK-DIAG-F06,发电机综合故障诊断,0.5455,0.382868,False,1
1,1765837176.5126746,2025-12-15 22:19:36,SHIP500-B02-T01844,F11,crew,SK-DIAG-F11,通讯与传感器故障诊断,0.5455,0.382868,False,1
1,1765837176.5126746,2025-12-15 22:19:36,SHIP500-B02-T01844,*,crew,SK-ACT-CREW-OPS,机舱巡查与就地处置技能,0.5455,0.382868,False,1
1,1765837188.7265284,2025-12-15 22:19:48,SHIP500-B02-T01845,F06,maintenance,SK-DIAG-F06,发电机综合故障诊断,0.4545,0.392338,False,0
1,1765837200.9185948,2025-12-15 22:20:00,SHIP500-B02-T01846,F06,maintenance,SK-DIAG-F06,发电机综合故障诊断,0.4545,0.386305,False,0
1,1765837213.1219494,2025-12-15 22:20:13,SHIP500-B02-T01847,F06,maintenance,SK-DIAG-F06,发电机综合故障诊断,0.4545,0.383324,False,0
1,1765837225.3490334,2025-12-15 22:20:25,SHIP500-B02-T01848,F06,crew,SK-DIAG-F06,发电机综合故障诊断,0.5455,0.381728,False,1
1,1765837225.3490334,2025-12-15 22:20:25,SHIP500-B02-T01848,F11,crew,SK-DIAG-F11,通讯与传感器故障诊断,0.5455,0.381728,False,1
1,1765837225.3490334,2025-12-15 22:20:25,SHIP500-B02-T01848,*,crew,SK-ACT-CREW-OPS,机舱巡查与就地处置技能,0.5455,0.381728,False,1
1,1765837237.5338967,2025-12-15 22:20:37,SHIP500-B02-T01849,F06,maintenance,SK-DIAG-F06,发电机综合故障诊断,0.4545,0.393509,False,0
1,1765837249.7310095,2025-12-15 22:20:49,SHIP500-B02-T01850,F06,maintenance,SK-DIAG-F06,发电机综合故障诊断,0.4545,0.385845,False,0
1,1765837261.968554,2025-12-15 22:21:01,SHIP500-B02-T01851,F06,maintenance,SK-DIAG-F06,发电机综合故障诊断,0.4545,0.390937,False,0
1,1765837274.1621883,2025-12-15 22:21:14,SHIP500-B02-T01852,F06,maintenance,SK-DIAG-F06,发电机综合故障诊断,0.4545,0.392806,False,0
1,1765837286.380053,2025-12-15 22:21:26,SHIP500-B02-T01853,F06,crew,SK-DIAG-F06,发电机综合故障诊断,0.5455,0.392806,False,1
1,1765837286.380053,2025-12-15 22:21:26,SHIP500-B02-T01853,F11,crew,SK-DIAG-F11,通讯与传感器故障诊断,0.5455,0.392806,False,1
1,1765837286.380053,2025-12-15 22:21:26,SHIP500-B02-T01853,*,crew,SK-ACT-CREW-OPS,机舱巡查与就地处置技能,0.5455,0.392806,False,1
1,1765837298.5851717,2025-12-15 22:21:38,SHIP500-B02-T01854,F06,maintenance,SK-DIAG-F06,发电机综合故障诊断,0.4545,0.397515,False,0
1,1765837310.781313,2025-12-15 22:21:50,SHIP500-B02-T01855,F06,crew,SK-DIAG-F06,发电机综合故障诊断,0.5455,0.388846,False,1
1,1765837310.781313,2025-12-15 22:21:50,SHIP500-B02-T01855,F11,crew,SK-DIAG-F11,通讯与传感器故障诊断,0.5455,0.388846,False,1
1,1765837310.781313,2025-12-15 22:21:50,SHIP500-B02-T01855,*,crew,SK-ACT-CREW-OPS,机舱巡查与就地处置技能,0.5455,0.388846,False,1
1,1765837322.9701536,2025-12-15 22:22:02,SHIP500-B02-T01856,F06,maintenance,SK-DIAG-F06,发电机综合故障诊断,0.4545,0.40662,False,0
1,1765837335.1679473,2025-12-15 22:22:15,SHIP500-B02-T01857,F06,maintenance,SK-DIAG-F06,发电机综合故障诊断,0.4545,0.401803,False,0
1,1765837347.3735292,2025-12-15 22:22:27,SHIP500-B02-T01858,F06,maintenance,SK-DIAG-F06,发电机综合故障诊断,0.4545,0.405652,False,0
1,1765837359.5867057,2025-12-15 22:22:39,SHIP500-B02-T01859,F06,crew,SK-DIAG-F06,发电机综合故障诊断,0.5455,0.41643,False,1
1,1765837359.5867057,2025-12-15 22:22:39,SHIP500-B02-T01859,F11,crew,SK-DIAG-F11,通讯与传感器故障诊断,0.5455,0.41643,False,1
1,1765837359.5867057,2025-12-15 22:22:39,SHIP500-B02-T01859,*,crew,SK-ACT-CREW-OPS,机舱巡查与就地处置技能,0.5455,0.41643,False,1
1,1765837371.806541,2025-12-15 22:22:51,SHIP500-B02-T01860,F06,maintenance,SK-DIAG-F06,发电机综合故障诊断,0.4545,0.433135,False,0
1,1765837384.0542204,2025-12-15 22:23:04,SHIP500-B02-T01861,F06,crew,SK-DIAG-F06,发电机综合故障诊断,0.5455,0.441738,False,1
1,1765837384.0542204,2025-12-15 22:23:04,SHIP500-B02-T01861,F11,crew,SK-DIAG-F11,通讯与传感器故障诊断,0.5455,0.441738,False,1
1,1765837384.0542204,2025-12-15 22:23:04,SHIP500-B02-T01861,*,crew,SK-ACT-CREW-OPS,机舱巡查与就地处置技能,0.5455,0.441738,False,1
1,1765837396.2440598,2025-12-15 22:23:16,SHIP500-B02-T01862,F06,maintenance,SK-DIAG-F06,发电机综合故障诊断,0.4545,0.414202,False,0
1,1765837408.4515226,2025-12-15 22:23:28,SHIP500-B02-T01863,F06,crew,SK-DIAG-F06,发电机综合故障诊断,0.5455,0.404928,False,1
1,1765837408.4515226,2025-12-15 22:23:28,SHIP500-B02-T01863,F11,crew,SK-DIAG-F11,通讯与传感器故障诊断,0.5455,0.404928,False,1
1,1765837408.4515226,2025-12-15 22:23:28,SHIP500-B02-T01863,*,crew,SK-ACT-CREW-OPS,机舱巡查与就地处置技能,0.5455,0.404928,False,1
1,1765837420.6573863,2025-12-15 22:23:40,SHIP500-B02-T01864,F06,crew,SK-DIAG-F06,发电机综合故障诊断,0.5455,0.412232,False,1
1,1765837420.6573863,2025-12-15 22:23:40,SHIP500-B02-T01864,F11,crew,SK-DIAG-F11,通讯与传感器故障诊断,0.5455,0.412232,False,1
1,1765837420.6573863,2025-12-15 22:23:40,SHIP500-B02-T01864,*,crew,SK-ACT-CREW-OPS,机舱巡查与就地处置技能,0.5455,0.412232,False,1
1,1765837432.8421073,2025-12-15 22:23:52,SHIP500-B02-T01865,F06,maintenance,SK-DIAG-F06,发电机综合故障诊断,0.4545,0.41297,False,0
1,1765837445.047115,2025-12-15 22:24:05,SHIP500-B02-T01866,F06,maintenance,SK-DIAG-F06,发电机综合故障诊断,0.4545,0.41297,False,0
1,1765837457.2361996,2025-12-15 22:24:17,SHIP500-B02-T01867,F06,crew,SK-DIAG-F06,发电机综合故障诊断,0.5455,0.406378,False,1
1,1765837457.2361996,2025-12-15 22:24:17,SHIP500-B02-T01867,F11,crew,SK-DIAG-F11,通讯与传感器故障诊断,0.5455,0.406378,False,1
1,1765837457.2361996,2025-12-15 22:24:17,SHIP500-B02-T01867,*,crew,SK-ACT-CREW-OPS,机舱巡查与就地处置技能,0.5455,0.406378,False,1
1,1765837469.439179,2025-12-15 22:24:29,SHIP500-B02-T01868,F06,maintenance,SK-DIAG-F06,发电机综合故障诊断,0.4545,0.406863,False,0
1,1765837481.6477084,2025-12-15 22:24:41,SHIP500-B02-T01869,F06,maintenance,SK-DIAG-F06,发电机综合故障诊断,0.4545,0.409539,False,0
1,1765837493.8848262,2025-12-15 22:24:53,SHIP500-B02-T01870,F06,crew,SK-DIAG-F06,发电机综合故障诊断,0.5455,0.408563,False,1
1,1765837493.8848262,2025-12-15 22:24:53,SHIP500-B02-T01870,F11,crew,SK-DIAG-F11,通讯与传感器故障诊断,0.5455,0.408563,False,1
1,1765837493.8848262,2025-12-15 22:24:53,SHIP500-B02-T01870,*,crew,SK-ACT-CREW-OPS,机舱巡查与就地处置技能,0.5455,0.408563,False,1
1,1765837506.0907686,2025-12-15 22:25:06,SHIP500-B02-T01871,F06,maintenance,SK-DIAG-F06,发电机综合故障诊断,0.4545,0.399653,False,0
1,1765837518.2858784,2025-12-15 22:25:18,SHIP500-B02-T01872,F06,maintenance,SK-DIAG-F06,发电机综合故障诊断,0.4545,0.407834,False,0
1,1765837530.4986024,2025-12-15 22:25:30,SHIP500-B02-T01873,F06,maintenance,SK-DIAG-F06,发电机综合故障诊断,0.4545,0.399415,False,0
1,1765837542.7040353,2025-12-15 22:25:42,SHIP500-B02-T01874,F06,maintenance,SK-DIAG-F06,发电机综合故障诊断,0.4545,0.403723,False,0
1,1765837554.8862774,2025-12-15 22:25:54,SHIP500-B02-T01875,F06,crew,SK-DIAG-F06,发电机综合故障诊断,0.5455,0.406136,False,1
1,1765837554.8862774,2025-12-15 22:25:54,SHIP500-B02-T01875,F11,crew,SK-DIAG-F11,通讯与传感器故障诊断,0.5455,0.406136,False,1
1,1765837554.8862774,2025-12-15 22:25:54,SHIP500-B02-T01875,*,crew,SK-ACT-CREW-OPS,机舱巡查与就地处置技能,0.5455,0.406136,False,1
1,1765837567.0899365,2025-12-15 22:26:07,SHIP500-B02-T01876,F06,crew,SK-DIAG-F06,发电机综合故障诊断,0.5455,0.41297,False,1
1,1765837567.0899365,2025-12-15 22:26:07,SHIP500-B02-T01876,F11,crew,SK-DIAG-F11,通讯与传感器故障诊断,0.5455,0.41297,False,1
1,1765837567.0899365,2025-12-15 22:26:07,SHIP500-B02-T01876,*,crew,SK-ACT-CREW-OPS,机舱巡查与就地处置技能,0.5455,0.41297,False,1
1,1765837579.297902,2025-12-15 22:26:19,SHIP500-B02-T01877,F06,maintenance,SK-DIAG-F06,发电机综合故障诊断,0.4545,0.414943,False,0
1,1765837591.5021353,2025-12-15 22:26:31,SHIP500-B02-T01878,F06,crew,SK-DIAG-F06,发电机综合故障诊断,0.5455,0.425968,False,1
1,1765837591.5021353,2025-12-15 22:26:31,SHIP500-B02-T01878,F11,crew,SK-DIAG-F11,通讯与传感器故障诊断,0.5455,0.425968,False,1
1,1765837591.5021353,2025-12-15 22:26:31,SHIP500-B02-T01878,*,crew,SK-ACT-CREW-OPS,机舱巡查与就地处置技能,0.5455,0.425968,False,1
1,1765837603.714865,2025-12-15 22:26:43,SHIP500-B02-T01879,F06,maintenance,SK-DIAG-F06,发电机综合故障诊断,0.4545,0.445173,False,0
1,1765837615.9136057,2025-12-15 22:26:55,SHIP500-B02-T01880,F06,maintenance,SK-DIAG-F06,发电机综合故障诊断,0.4545,0.457546,False,0
1,1765837628.1215138,2025-12-15 22:27:08,SHIP500-B02-T01881,F06,maintenance,SK-DIAG-F06,发电机综合故障诊断,0.4545,0.473919,False,0
1,1765837640.325667,2025-12-15 22:27:20,SHIP500-B02-T01882,F06,maintenance,SK-DIAG-F06,发电机综合故障诊断,0.4545,0.434169,False,0
1,1765837652.5256832,2025-12-15 22:27:32,SHIP500-B02-T01883,F06,crew,SK-DIAG-F06,发电机综合故障诊断,0.5455,0.412478,False,1
1,1765837652.5256832,2025-12-15 22:27:32,SHIP500-B02-T01883,F11,crew,SK-DIAG-F11,通讯与传感器故障诊断,0.5455,0.412478,False,1
1,1765837652.5256832,2025-12-15 22:27:32,SHIP500-B02-T01883,*,crew,SK-ACT-CREW-OPS,机舱巡查与就地处置技能,0.5455,0.412478,False,1
1,1765837664.725979,2025-12-15 22:27:44,SHIP500-B02-T01884,F06,maintenance,SK-DIAG-F06,发电机综合故障诊断,0.4545,0.425207,False,0
1,1765837676.9839003,2025-12-15 22:27:56,SHIP500-B02-T01885,F06,maintenance,SK-DIAG-F06,发电机综合故障诊断,0.4545,0.429025,False,0
1,1765837689.195751,2025-12-15 22:28:09,SHIP500-B02-T01886,F06,maintenance,SK-DIAG-F06,发电机综合故障诊断,0.4545,0.427239,False,0
1,1765837701.3903563,2025-12-15 22:28:21,SHIP500-B02-T01887,F06,maintenance,SK-DIAG-F06,发电机综合故障诊断,0.4545,0.421674,False,0
1,1765837713.5815244,2025-12-15 22:28:33,SHIP500-B02-T01888,F06,crew,SK-DIAG-F06,发电机综合故障诊断,0.5455,0.413462,False,1
1,1765837713.5815244,2025-12-15 22:28:33,SHIP500-B02-T01888,F11,crew,SK-DIAG-F11,通讯与传感器故障诊断,0.5455,0.413462,False,1
1,1765837713.5815244,2025-12-15 22:28:33,SHIP500-B02-T01888,*,crew,SK-ACT-CREW-OPS,机舱巡查与就地处置技能,0.5455,0.413462,False,1
1,1765837725.7893846,2025-12-15 22:28:45,SHIP500-B02-T01889,F06,crew,SK-DIAG-F06,发电机综合故障诊断,0.5455,0.400368,False,1
1,1765837725.7893846,2025-12-15 22:28:45,SHIP500-B02-T01889,F11,crew,SK-DIAG-F11,通讯与传感器故障诊断,0.5455,0.400368,False,1
1,1765837725.7893846,2025-12-15 22:28:45,SHIP500-B02-T01889,*,crew,SK-ACT-CREW-OPS,机舱巡查与就地处置技能,0.5455,0.400368,False,1
1,1765837738.013383,2025-12-15 22:28:58,SHIP500-B02-T01890,F06,crew,SK-DIAG-F06,发电机综合故障诊断,0.5455,0.392104,False,1
1,1765837738.013383,2025-12-15 22:28:58,SHIP500-B02-T01890,F11,crew,SK-DIAG-F11,通讯与传感器故障诊断,0.5455,0.392104,False,1
1,1765837738.013383,2025-12-15 22:28:58,SHIP500-B02-T01890,*,crew,SK-ACT-CREW-OPS,机舱巡查与就地处置技能,0.5455,0.392104,False,1
1,1765837750.2018025,2025-12-15 22:29:10,SHIP500-B02-T01891,F06,crew,SK-DIAG-F06,发电机综合故障诊断,0.5455,0.392104,False,1
1,1765837750.2018025,2025-12-15 22:29:10,SHIP500-B02-T01891,F11,crew,SK-DIAG-F11,通讯与传感器故障诊断,0.5455,0.392104,False,1
1,1765837750.2018025,2025-12-15 22:29:10,SHIP500-B02-T01891,*,crew,SK-ACT-CREW-OPS,机舱巡查与就地处置技能,0.5455,0.392104,False,1
1,1765837762.3848965,2025-12-15 22:29:22,SHIP500-B02-T01892,F06,maintenance,SK-DIAG-F06,发电机综合故障诊断,0.4545,0.386997,False,0
1,1765837774.5786986,2025-12-15 22:29:34,SHIP500-B02-T01893,F06,maintenance,SK-DIAG-F06,发电机综合故障诊断,0.4545,0.392806,False,0
1,1765837786.7869875,2025-12-15 22:29:46,SHIP500-B02-T01894,F06,maintenance,SK-DIAG-F06,发电机综合故障诊断,0.4545,0.386766,False,0
1,1765837799.032332,2025-12-15 22:29:59,SHIP500-B02-T01895,F06,maintenance,SK-DIAG-F06,发电机综合故障诊断,0.4545,0.388615,False,0
1,1765837811.2070892,2025-12-15 22:30:11,SHIP500-B02-T01896,F06,maintenance,SK-DIAG-F06,发电机综合故障诊断,0.4545,0.390704,False,0
1,1765837823.3714826,2025-12-15 22:30:23,SHIP500-B02-T01897,F06,maintenance,SK-DIAG-F06,发电机综合故障诊断,0.4545,0.378331,False,0
1,1765837835.5596306,2025-12-15 22:30:35,SHIP500-B02-T01898,F06,crew,SK-DIAG-F06,发电机综合故障诊断,0.5455,0.376756,False,1
1,1765837835.5596306,2025-12-15 22:30:35,SHIP500-B02-T01898,F11,crew,SK-DIAG-F11,通讯与传感器故障诊断,0.5455,0.376756,False,1
1,1765837835.5596306,2025-12-15 22:30:35,SHIP500-B02-T01898,*,crew,SK-ACT-CREW-OPS,机舱巡查与就地处置技能,0.5455,0.376756,False,1
1,1765837847.7555835,2025-12-15 22:30:47,SHIP500-B02-T01899,F06,maintenance,SK-DIAG-F06,发电机综合故障诊断,0.4545,0.376756,False,0
1,1765837859.9230354,2025-12-15 22:30:59,SHIP500-B02-T01900,F06,maintenance,SK-DIAG-F06,发电机综合故障诊断,0.4545,0.378331,False,0
1,1765837872.1807497,2025-12-15 22:31:12,SHIP500-B02-T01901,F06,maintenance,SK-DIAG-F06,发电机综合故障诊断,0.4545,0.379234,False,0
1,1765837884.4047506,2025-12-15 22:31:24,SHIP500-B02-T01902,F06,crew,SK-DIAG-F06,发电机综合故障诊断,0.5455,0.383096,False,1
1,1765837884.4047506,2025-12-15 22:31:24,SHIP500-B02-T01902,F11,crew,SK-DIAG-F11,通讯与传感器故障诊断,0.5455,0.383096,False,1
1,1765837884.4047506,2025-12-15 22:31:24,SHIP500-B02-T01902,*,crew,SK-ACT-CREW-OPS,机舱巡查与就地处置技能,0.5455,0.383096,False,1
1,1765837896.620082,2025-12-15 22:31:36,SHIP500-B02-T01903,F06,maintenance,SK-DIAG-F06,发电机综合故障诊断,0.4545,0.388615,False,0
1,1765837908.812788,2025-12-15 22:31:48,SHIP500-B02-T01904,F06,maintenance,SK-DIAG-F06,发电机综合故障诊断,0.4545,0.390704,False,0
1,1765837921.0437536,2025-12-15 22:32:01,SHIP500-B02-T01905,F06,maintenance,SK-DIAG-F06,发电机综合故障诊断,0.4545,0.390239,False,0
1,1765837933.2427175,2025-12-15 22:32:13,SHIP500-B02-T01906,F06,crew,SK-DIAG-F06,发电机综合故障诊断,0.5455,0.39304,False,1
1,1765837933.2427175,2025-12-15 22:32:13,SHIP500-B02-T01906,F11,crew,SK-DIAG-F11,通讯与传感器故障诊断,0.5455,0.39304,False,1
1,1765837933.2427175,2025-12-15 22:32:13,SHIP500-B02-T01906,*,crew,SK-ACT-CREW-OPS,机舱巡查与就地处置技能,0.5455,0.39304,False,1
1,1765837945.446723,2025-12-15 22:32:25,SHIP500-B02-T01907,F06,crew,SK-DIAG-F06,发电机综合故障诊断,0.5455,0.399415,False,1
1,1765837945.446723,2025-12-15 22:32:25,SHIP500-B02-T01907,F11,crew,SK-DIAG-F11,通讯与传感器故障诊断,0.5455,0.399415,False,1
1,1765837945.446723,2025-12-15 22:32:25,SHIP500-B02-T01907,*,crew,SK-ACT-CREW-OPS,机舱巡查与就地处置技能,0.5455,0.399415,False,1
1,1765837957.6546998,2025-12-15 22:32:37,SHIP500-B02-T01908,F06,crew,SK-DIAG-F06,发电机综合故障诊断,0.5455,0.398227,False,1
1,1765837957.6546998,2025-12-15 22:32:37,SHIP500-B02-T01908,F11,crew,SK-DIAG-F11,通讯与传感器故障诊断,0.5455,0.398227,False,1
1,1765837957.6546998,2025-12-15 22:32:37,SHIP500-B02-T01908,*,crew,SK-ACT-CREW-OPS,机舱巡查与就地处置技能,0.5455,0.398227,False,1
1,1765837969.862847,2025-12-15 22:32:49,SHIP500-B02-T01909,F06,maintenance,SK-DIAG-F06,发电机综合故障诊断,0.4545,0.404686,False,0
1,1765837982.0663583,2025-12-15 22:33:02,SHIP500-B02-T01910,F06,crew,SK-DIAG-F06,发电机综合故障诊断,0.5455,0.401085,False,1
1,1765837982.0663583,2025-12-15 22:33:02,SHIP500-B02-T01910,F11,crew,SK-DIAG-F11,通讯与传感器故障诊断,0.5455,0.401085,False,1
1,1765837982.0663583,2025-12-15 22:33:02,SHIP500-B02-T01910,*,crew,SK-ACT-CREW-OPS,机舱巡查与就地处置技能,0.5455,0.401085,False,1
1,1765837994.2663045,2025-12-15 22:33:14,SHIP500-B02-T01911,F06,crew,SK-DIAG-F06,发电机综合故障诊断,0.5455,0.399415,False,1
1,1765837994.2663045,2025-12-15 22:33:14,SHIP500-B02-T01911,F11,crew,SK-DIAG-F11,通讯与传感器故障诊断,0.5455,0.399415,False,1
1,1765837994.2663045,2025-12-15 22:33:14,SHIP500-B02-T01911,*,crew,SK-ACT-CREW-OPS,机舱巡查与就地处置技能,0.5455,0.399415,False,1
1,1765838006.470246,2025-12-15 22:33:26,SHIP500-B02-T01912,F06,maintenance,SK-DIAG-F06,发电机综合故障诊断,0.4545,0.400368,False,0
1,1765838018.662856,2025-12-15 22:33:38,SHIP500-B02-T01913,F06,maintenance,SK-DIAG-F06,发电机综合故障诊断,0.4545,0.406863,False,0
1,1765838030.875762,2025-12-15 22:33:50,SHIP500-B02-T01914,F06,maintenance,SK-DIAG-F06,发电机综合故障诊断,0.4545,0.408807,False,0
1,1765838043.084082,2025-12-15 22:34:03,SHIP500-B02-T01915,F06,crew,SK-DIAG-F06,发电机综合故障诊断,0.5455,0.407834,False,1
1,1765838043.084082,2025-12-15 22:34:03,SHIP500-B02-T01915,F11,crew,SK-DIAG-F11,通讯与传感器故障诊断,0.5455,0.407834,False,1
1,1765838043.084082,2025-12-15 22:34:03,SHIP500-B02-T01915,*,crew,SK-ACT-CREW-OPS,机舱巡查与就地处置技能,0.5455,0.407834,False,1
1,1765838055.2786312,2025-12-15 22:34:15,SHIP500-B02-T01916,F06,crew,SK-DIAG-F06,发电机综合故障诊断,0.5455,0.410516,False,1
1,1765838055.2786312,2025-12-15 22:34:15,SHIP500-B02-T01916,F11,crew,SK-DIAG-F11,通讯与传感器故障诊断,0.5455,0.410516,False,1
1,1765838055.2786312,2025-12-15 22:34:15,SHIP500-B02-T01916,*,crew,SK-ACT-CREW-OPS,机舱巡查与就地处置技能,0.5455,0.410516,False,1
1,1765838067.478248,2025-12-15 22:34:27,SHIP500-B02-T01917,F06,crew,SK-DIAG-F06,发电机综合故障诊断,0.5455,0.404445,False,1
1,1765838067.478248,2025-12-15 22:34:27,SHIP500-B02-T01917,F11,crew,SK-DIAG-F11,通讯与传感器故障诊断,0.5455,0.404445,False,1
1,1765838067.478248,2025-12-15 22:34:27,SHIP500-B02-T01917,*,crew,SK-ACT-CREW-OPS,机舱巡查与就地处置技能,0.5455,0.404445,False,1
1,1765838079.6822455,2025-12-15 22:34:39,SHIP500-B02-T01918,F06,maintenance,SK-DIAG-F06,发电机综合故障诊断,0.4545,0.416926,False,0
1,1765838091.9431942,2025-12-15 22:34:51,SHIP500-B02-T01919,F06,maintenance,SK-DIAG-F06,发电机综合故障诊断,0.4545,0.418919,False,0
1,1765838104.1447942,2025-12-15 22:35:04,SHIP500-B02-T01920,F06,maintenance,SK-DIAG-F06,发电机综合故障诊断,0.4545,0.416182,False,0
1,1765838116.322947,2025-12-15 22:35:16,SHIP500-B02-T01921,F06,maintenance,SK-DIAG-F06,发电机综合故障诊断,0.4545,0.423437,False,0
1,1765838128.530136,2025-12-15 22:35:28,SHIP500-B02-T01922,F06,crew,SK-DIAG-F06,发电机综合故障诊断,0.5455,0.421925,False,1
1,1765838128.530136,2025-12-15 22:35:28,SHIP500-B02-T01922,F11,crew,SK-DIAG-F11,通讯与传感器故障诊断,0.5455,0.421925,False,1
1,1765838128.530136,2025-12-15 22:35:28,SHIP500-B02-T01922,*,crew,SK-ACT-CREW-OPS,机舱巡查与就地处置技能,0.5455,0.421925,False,1
1,1765838140.7393322,2025-12-15 22:35:40,SHIP500-B03-T01923,F06,maintenance,SK-DIAG-F06,发电机综合故障诊断,0.4545,0.430562,False,0
1,1765838152.9625323,2025-12-15 22:35:52,SHIP500-B03-T01924,F06,crew,SK-DIAG-F06,发电机综合故障诊断,0.5455,0.4247,False,1
1,1765838152.9625323,2025-12-15 22:35:52,SHIP500-B03-T01924,F11,crew,SK-DIAG-F11,通讯与传感器故障诊断,0.5455,0.4247,False,1
1,1765838152.9625323,2025-12-15 22:35:52,SHIP500-B03-T01924,*,crew,SK-ACT-CREW-OPS,机舱巡查与就地处置技能,0.5455,0.4247,False,1
1,1765838165.237454,2025-12-15 22:36:05,SHIP500-B03-T01925,F06,crew,SK-DIAG-F06,发电机综合故障诊断,0.5455,0.440686,False,1
1,1765838165.237454,2025-12-15 22:36:05,SHIP500-B03-T01925,F11,crew,SK-DIAG-F11,通讯与传感器故障诊断,0.5455,0.440686,False,1
1,1765838165.237454,2025-12-15 22:36:05,SHIP500-B03-T01925,*,crew,SK-ACT-CREW-OPS,机舱巡查与就地处置技能,0.5455,0.440686,False,1
1,1765838177.435923,2025-12-15 22:36:17,SHIP500-B03-T01926,F06,crew,SK-DIAG-F06,发电机综合故障诊断,0.5455,0.436764,False,1
1,1765838177.435923,2025-12-15 22:36:17,SHIP500-B03-T01926,F11,crew,SK-DIAG-F11,通讯与传感器故障诊断,0.5455,0.436764,False,1
1,1765838177.435923,2025-12-15 22:36:17,SHIP500-B03-T01926,*,crew,SK-ACT-CREW-OPS,机舱巡查与就地处置技能,0.5455,0.436764,False,1
1,1765838189.6564896,2025-12-15 22:36:29,SHIP500-B03-T01927,F06,crew,SK-DIAG-F06,发电机综合故障诊断,0.5455,0.445438,False,1
1,1765838189.6564896,2025-12-15 22:36:29,SHIP500-B03-T01927,F11,crew,SK-DIAG-F11,通讯与传感器故障诊断,0.5455,0.445438,False,1
1,1765838189.6564896,2025-12-15 22:36:29,SHIP500-B03-T01927,*,crew,SK-ACT-CREW-OPS,机舱巡查与就地处置技能,0.5455,0.445438,False,1
1,1765838201.861081,2025-12-15 22:36:41,SHIP500-B03-T01928,F06,crew,SK-DIAG-F06,发电机综合故障诊断,0.5455,0.444643,False,1
1,1765838201.861081,2025-12-15 22:36:41,SHIP500-B03-T01928,F11,crew,SK-DIAG-F11,通讯与传感器故障诊断,0.5455,0.444643,False,1
1,1765838201.861081,2025-12-15 22:36:41,SHIP500-B03-T01928,*,crew,SK-ACT-CREW-OPS,机舱巡查与就地处置技能,0.5455,0.444643,False,1
1,1765838214.0860531,2025-12-15 22:36:54,SHIP500-B03-T01929,F06,crew,SK-DIAG-F06,发电机综合故障诊断,0.5455,0.460829,False,1
1,1765838214.0860531,2025-12-15 22:36:54,SHIP500-B03-T01929,F11,crew,SK-DIAG-F11,通讯与传感器故障诊断,0.5455,0.460829,False,1
1,1765838214.0860531,2025-12-15 22:36:54,SHIP500-B03-T01929,*,crew,SK-ACT-CREW-OPS,机舱巡查与就地处置技能,0.5455,0.460829,False,1
1,1765838226.2953217,2025-12-15 22:37:06,SHIP500-B03-T01930,F06,maintenance,SK-DIAG-F06,发电机综合故障诊断,0.4545,0.479031,False,0
1,1765838238.490792,2025-12-15 22:37:18,SHIP500-B03-T01931,F06,crew,SK-DIAG-F06,发电机综合故障诊断,0.5455,0.438851,False,1
1,1765838238.490792,2025-12-15 22:37:18,SHIP500-B03-T01931,F11,crew,SK-DIAG-F11,通讯与传感器故障诊断,0.5455,0.438851,False,1
1,1765838238.490792,2025-12-15 22:37:18,SHIP500-B03-T01931,*,crew,SK-ACT-CREW-OPS,机舱巡查与就地处置技能,0.5455,0.438851,False,1
1,1765838250.7049546,2025-12-15 22:37:30,SHIP500-B03-T01932,F06,maintenance,SK-DIAG-F06,发电机综合故障诊断,0.4545,0.439375,False,0
1,1765838262.9156768,2025-12-15 22:37:42,SHIP500-B03-T01933,F06,maintenance,SK-DIAG-F06,发电机综合故障诊断,0.4545,0.442264,False,0
1,1765838275.126281,2025-12-15 22:37:55,SHIP500-B03-T01934,F06,maintenance,SK-DIAG-F06,发电机综合故障诊断,0.4545,0.44917,False,0
1,1765838287.3369105,2025-12-15 22:38:07,SHIP500-B03-T01935,F06,maintenance,SK-DIAG-F06,发电机综合故障诊断,0.4545,0.442792,False,0
1,1765838299.5089548,2025-12-15 22:38:19,SHIP500-B03-T01936,F06,crew,SK-DIAG-F06,发电机综合故障诊断,0.5455,0.436764,False,1
1,1765838299.5089548,2025-12-15 22:38:19,SHIP500-B03-T01936,F11,crew,SK-DIAG-F11,通讯与传感器故障诊断,0.5455,0.436764,False,1
1,1765838299.5089548,2025-12-15 22:38:19,SHIP500-B03-T01936,*,crew,SK-ACT-CREW-OPS,机舱巡查与就地处置技能,0.5455,0.436764,False,1
1,1765838311.696323,2025-12-15 22:38:31,SHIP500-B03-T01937,F06,maintenance,SK-DIAG-F06,发电机综合故障诊断,0.4545,0.435724,False,0
1,1765838323.881407,2025-12-15 22:38:43,SHIP500-B03-T01938,F06,maintenance,SK-DIAG-F06,发电机综合故障诊断,0.4545,0.436504,False,0
1,1765838336.0869212,2025-12-15 22:38:56,SHIP500-B03-T01939,F06,crew,SK-DIAG-F06,发电机综合故障诊断,0.5455,0.433393,False,1
1,1765838336.0869212,2025-12-15 22:38:56,SHIP500-B03-T01939,F11,crew,SK-DIAG-F11,通讯与传感器故障诊断,0.5455,0.433393,False,1
1,1765838336.0869212,2025-12-15 22:38:56,SHIP500-B03-T01939,*,crew,SK-ACT-CREW-OPS,机舱巡查与就地处置技能,0.5455,0.433393,False,1
1,1765838348.284973,2025-12-15 22:39:08,SHIP500-B03-T01940,F06,crew,SK-DIAG-F06,发电机综合故障诊断,0.5455,0.436764,False,1
1,1765838348.284973,2025-12-15 22:39:08,SHIP500-B03-T01940,F11,crew,SK-DIAG-F11,通讯与传感器故障诊断,0.5455,0.436764,False,1
1,1765838348.284973,2025-12-15 22:39:08,SHIP500-B03-T01940,*,crew,SK-ACT-CREW-OPS,机舱巡查与就地处置技能,0.5455,0.436764,False,1
1,1765838360.486694,2025-12-15 22:39:20,SHIP500-B03-T01941,F06,crew,SK-DIAG-F06,发电机综合故障诊断,0.5455,0.435205,False,1
1,1765838360.486694,2025-12-15 22:39:20,SHIP500-B03-T01941,F11,crew,SK-DIAG-F11,通讯与传感器故障诊断,0.5455,0.435205,False,1
1,1765838360.486694,2025-12-15 22:39:20,SHIP500-B03-T01941,*,crew,SK-ACT-CREW-OPS,机舱巡查与就地处置技能,0.5455,0.435205,False,1
1,1765838372.7079556,2025-12-15 22:39:32,SHIP500-B03-T01942,F06,maintenance,SK-DIAG-F06,发电机综合故障诊断,0.4545,0.431589,False,0
1,1765838384.9232533,2025-12-15 22:39:44,SHIP500-B03-T01943,F06,crew,SK-DIAG-F06,发电机综合故障诊断,0.5455,0.437546,False,1
1,1765838384.9232533,2025-12-15 22:39:44,SHIP500-B03-T01943,F11,crew,SK-DIAG-F11,通讯与传感器故障诊断,0.5455,0.437546,False,1
1,1765838384.9232533,2025-12-15 22:39:44,SHIP500-B03-T01943,*,crew,SK-ACT-CREW-OPS,机舱巡查与就地处置技能,0.5455,0.437546,False,1
1,1765838397.1369195,2025-12-15 22:39:57,SHIP500-B03-T01944,F06,maintenance,SK-DIAG-F06,发电机综合故障诊断,0.4545,0.432877,False,0
1,1765838409.357865,2025-12-15 22:40:09,SHIP500-B03-T01945,F06,maintenance,SK-DIAG-F06,发电机综合故障诊断,0.4545,0.436244,False,0
1,1765838421.5666342,2025-12-15 22:40:21,SHIP500-B03-T01946,F06,maintenance,SK-DIAG-F06,发电机综合故障诊断,0.4545,0.454827,False,0
1,1765838433.8043947,2025-12-15 22:40:33,SHIP500-B03-T01947,F06,maintenance,SK-DIAG-F06,发电机综合故障诊断,0.4545,0.468863,False,0
1,1765838446.0331354,2025-12-15 22:40:46,SHIP500-B03-T01948,F06,maintenance,SK-DIAG-F06,发电机综合故障诊断,0.4545,0.477605,False,0
1,1765838458.2335377,2025-12-15 22:40:58,SHIP500-B03-T01949,F06,maintenance,SK-DIAG-F06,发电机综合故障诊断,0.4545,0.492344,False,0
1,1765838470.438553,2025-12-15 22:41:10,SHIP500-B03-T01950,F06,crew,SK-DIAG-F06,发电机综合故障诊断,0.5455,0.442528,False,1
1,1765838470.438553,2025-12-15 22:41:10,SHIP500-B03-T01950,F11,crew,SK-DIAG-F11,通讯与传感器故障诊断,0.5455,0.442528,False,1
1,1765838470.438553,2025-12-15 22:41:10,SHIP500-B03-T01950,*,crew,SK-ACT-CREW-OPS,机舱巡查与就地处置技能,0.5455,0.442528,False,1
1,1765838482.7037425,2025-12-15 22:41:22,SHIP500-B03-T01951,F06,crew,SK-DIAG-F06,发电机综合故障诊断,0.5455,0.446502,False,1
1,1765838482.7037425,2025-12-15 22:41:22,SHIP500-B03-T01951,F11,crew,SK-DIAG-F11,通讯与传感器故障诊断,0.5455,0.446502,False,1
1,1765838482.7037425,2025-12-15 22:41:22,SHIP500-B03-T01951,*,crew,SK-ACT-CREW-OPS,机舱巡查与就地处置技能,0.5455,0.446502,False,1
1,1765838494.93198,2025-12-15 22:41:34,SHIP500-B03-T01952,F06,crew,SK-DIAG-F06,发电机综合故障诊断,0.5455,0.444113,False,1
1,1765838494.93198,2025-12-15 22:41:34,SHIP500-B03-T01952,F11,crew,SK-DIAG-F11,通讯与传感器故障诊断,0.5455,0.444113,False,1
1,1765838494.93198,2025-12-15 22:41:34,SHIP500-B03-T01952,*,crew,SK-ACT-CREW-OPS,机舱巡查与就地处置技能,0.5455,0.444113,False,1
1,1765838507.2338853,2025-12-15 22:41:47,SHIP500-B03-T01953,F06,crew,SK-DIAG-F06,发电机综合故障诊断,0.5455,0.452394,False,1
1,1765838507.2338853,2025-12-15 22:41:47,SHIP500-B03-T01953,F11,crew,SK-DIAG-F11,通讯与传感器故障诊断,0.5455,0.452394,False,1
1,1765838507.2338853,2025-12-15 22:41:47,SHIP500-B03-T01953,*,crew,SK-ACT-CREW-OPS,机舱巡查与就地处置技能,0.5455,0.452394,False,1
1,1765838519.444882,2025-12-15 22:41:59,SHIP500-B03-T01954,F06,maintenance,SK-DIAG-F06,发电机综合故障诊断,0.4545,0.455369,False,0
1,1765838531.6789918,2025-12-15 22:42:11,SHIP500-B03-T01955,F06,maintenance,SK-DIAG-F06,发电机综合故障诊断,0.4545,0.449438,False,0
1,1765838543.8976133,2025-12-15 22:42:23,SHIP500-B03-T01956,F06,crew,SK-DIAG-F06,发电机综合故障诊断,0.5455,0.444643,False,1
1,1765838543.8976133,2025-12-15 22:42:23,SHIP500-B03-T01956,F11,crew,SK-DIAG-F11,通讯与传感器故障诊断,0.5455,0.444643,False,1
1,1765838543.8976133,2025-12-15 22:42:23,SHIP500-B03-T01956,*,crew,SK-ACT-CREW-OPS,机舱巡查与就地处置技能,0.5455,0.444643,False,1
1,1765838556.111187,2025-12-15 22:42:36,SHIP500-B03-T01957,F06,maintenance,SK-DIAG-F06,发电机综合故障诊断,0.4545,0.432877,False,0
1,1765838568.3304365,2025-12-15 22:42:48,SHIP500-B03-T01958,F06,maintenance,SK-DIAG-F06,发电机综合故障诊断,0.4545,0.426984,False,0
1,1765838580.536465,2025-12-15 22:43:00,SHIP500-B03-T01959,F06,crew,SK-DIAG-F06,发电机综合故障诊断,0.5455,0.431332,False,1
1,1765838580.536465,2025-12-15 22:43:00,SHIP500-B03-T01959,F11,crew,SK-DIAG-F11,通讯与传感器故障诊断,0.5455,0.431332,False,1
1,1765838580.536465,2025-12-15 22:43:00,SHIP500-B03-T01959,*,crew,SK-ACT-CREW-OPS,机舱巡查与就地处置技能,0.5455,0.431332,False,1
1,1765838592.7128558,2025-12-15 22:43:12,SHIP500-B03-T01960,F06,crew,SK-DIAG-F06,发电机综合故障诊断,0.5455,0.42546,False,1
1,1765838592.7128558,2025-12-15 22:43:12,SHIP500-B03-T01960,F11,crew,SK-DIAG-F11,通讯与传感器故障诊断,0.5455,0.42546,False,1
1,1765838592.7128558,2025-12-15 22:43:12,SHIP500-B03-T01960,*,crew,SK-ACT-CREW-OPS,机舱巡查与就地处置技能,0.5455,0.42546,False,1
1,1765838604.9210083,2025-12-15 22:43:24,SHIP500-B03-T01961,F06,crew,SK-DIAG-F06,发电机综合故障诊断,0.5455,0.431846,False,1
1,1765838604.9210083,2025-12-15 22:43:24,SHIP500-B03-T01961,F11,crew,SK-DIAG-F11,通讯与传感器故障诊断,0.5455,0.431846,False,1
1,1765838604.9210083,2025-12-15 22:43:24,SHIP500-B03-T01961,*,crew,SK-ACT-CREW-OPS,机舱巡查与就地处置技能,0.5455,0.431846,False,1
1,1765838617.1105194,2025-12-15 22:43:37,SHIP500-B03-T01962,F06,maintenance,SK-DIAG-F06,发电机综合故障诊断,0.4545,0.438328,False,0
1,1765838629.3179183,2025-12-15 22:43:49,SHIP500-B03-T01963,F06,maintenance,SK-DIAG-F06,发电机综合故障诊断,0.4545,0.419168,False,0
1,1765838641.5224433,2025-12-15 22:44:01,SHIP500-B03-T01964,F06,maintenance,SK-DIAG-F06,发电机综合故障诊断,0.4545,0.422932,False,0
1,1765838653.7468486,2025-12-15 22:44:13,SHIP500-B03-T01965,F06,crew,SK-DIAG-F06,发电机综合故障诊断,0.5455,0.419418,False,1
1,1765838653.7468486,2025-12-15 22:44:13,SHIP500-B03-T01965,F11,crew,SK-DIAG-F11,通讯与传感器故障诊断,0.5455,0.419418,False,1
1,1765838653.7468486,2025-12-15 22:44:13,SHIP500-B03-T01965,*,crew,SK-ACT-CREW-OPS,机舱巡查与就地处置技能,0.5455,0.419418,False,1
1,1765838665.9699042,2025-12-15 22:44:25,SHIP500-B03-T01966,F06,maintenance,SK-DIAG-F06,发电机综合故障诊断,0.4545,0.414202,False,0
1,1765838678.1728044,2025-12-15 22:44:38,SHIP500-B03-T01967,F06,maintenance,SK-DIAG-F06,发电机综合故障诊断,0.4545,0.419168,False,0
1,1765838690.3784502,2025-12-15 22:44:50,SHIP500-B03-T01968,F06,crew,SK-DIAG-F06,发电机综合故障诊断,0.5455,0.412232,False,1
1,1765838690.3784502,2025-12-15 22:44:50,SHIP500-B03-T01968,F11,crew,SK-DIAG-F11,通讯与传感器故障诊断,0.5455,0.412232,False,1
1,1765838690.3784502,2025-12-15 22:44:50,SHIP500-B03-T01968,*,crew,SK-ACT-CREW-OPS,机舱巡查与就地处置技能,0.5455,0.412232,False,1
1,1765838702.5847435,2025-12-15 22:45:02,SHIP500-B03-T01969,F06,maintenance,SK-DIAG-F06,发电机综合故障诊断,0.4545,0.419168,False,0
1,1765838714.773408,2025-12-15 22:45:14,SHIP500-B03-T01970,F06,maintenance,SK-DIAG-F06,发电机综合故障诊断,0.4545,0.416678,False,0
1,1765838726.9773045,2025-12-15 22:45:26,SHIP500-B03-T01971,F06,crew,SK-DIAG-F06,发电机综合故障诊断,0.5455,0.417921,False,1
1,1765838726.9773045,2025-12-15 22:45:26,SHIP500-B03-T01971,F11,crew,SK-DIAG-F11,通讯与传感器故障诊断,0.5455,0.417921,False,1
1,1765838726.9773045,2025-12-15 22:45:26,SHIP500-B03-T01971,*,crew,SK-ACT-CREW-OPS,机舱巡查与就地处置技能,0.5455,0.417921,False,1
1,1765838739.173017,2025-12-15 22:45:39,SHIP500-B03-T01972,F06,maintenance,SK-DIAG-F06,发电机综合故障诊断,0.4545,0.425968,False,0
1,1765838751.3832693,2025-12-15 22:45:51,SHIP500-B03-T01973,F06,maintenance,SK-DIAG-F06,发电机综合故障诊断,0.4545,0.429792,False,0
1,1765838763.6008832,2025-12-15 22:46:03,SHIP500-B03-T01974,F06,crew,SK-DIAG-F06,发电机综合故障诊断,0.5455,0.429536,False,1
1,1765838763.6008832,2025-12-15 22:46:03,SHIP500-B03-T01974,F11,crew,SK-DIAG-F11,通讯与传感器故障诊断,0.5455,0.429536,False,1
1,1765838763.6008832,2025-12-15 22:46:03,SHIP500-B03-T01974,*,crew,SK-ACT-CREW-OPS,机舱巡查与就地处置技能,0.5455,0.429536,False,1
1,1765838775.7918873,2025-12-15 22:46:15,SHIP500-B03-T01975,F06,maintenance,SK-DIAG-F06,发电机综合故障诊断,0.4545,0.433393,False,0
1,1765838787.9864922,2025-12-15 22:46:27,SHIP500-B03-T01976,F06,maintenance,SK-DIAG-F06,发电机综合故障诊断,0.4545,0.430305,False,0
1,1765838800.1904085,2025-12-15 22:46:40,SHIP500-B03-T01977,F06,maintenance,SK-DIAG-F06,发电机综合故障诊断,0.4545,0.431075,False,0
1,1765838812.409922,2025-12-15 22:46:52,SHIP500-B03-T01978,F06,crew,SK-DIAG-F06,发电机综合故障诊断,0.5455,0.434169,False,1
1,1765838812.409922,2025-12-15 22:46:52,SHIP500-B03-T01978,F11,crew,SK-DIAG-F11,通讯与传感器故障诊断,0.5455,0.434169,False,1
1,1765838812.409922,2025-12-15 22:46:52,SHIP500-B03-T01978,*,crew,SK-ACT-CREW-OPS,机舱巡查与就地处置技能,0.5455,0.434169,False,1
1,1765838824.628369,2025-12-15 22:47:04,SHIP500-B03-T01979,F06,maintenance,SK-DIAG-F06,发电机综合故障诊断,0.4545,0.435205,False,0
1,1765838836.820862,2025-12-15 22:47:16,SHIP500-B03-T01980,F06,maintenance,SK-DIAG-F06,发电机综合故障诊断,0.4545,0.443056,False,0
1,1765838849.0340254,2025-12-15 22:47:29,SHIP500-B03-T01981,F06,maintenance,SK-DIAG-F06,发电机综合故障诊断,0.4545,0.437024,False,0
1,1765838861.2860196,2025-12-15 22:47:41,SHIP500-B03-T01982,F06,maintenance,SK-DIAG-F06,发电机综合故障诊断,0.4545,0.445173,False,0
1,1765838873.4789977,2025-12-15 22:47:53,SHIP500-B03-T01983,F06,crew,SK-DIAG-F06,发电机综合故障诊断,0.5455,0.448101,False,1
1,1765838873.4789977,2025-12-15 22:47:53,SHIP500-B03-T01983,F11,crew,SK-DIAG-F11,通讯与传感器故障诊断,0.5455,0.448101,False,1
1,1765838873.4789977,2025-12-15 22:47:53,SHIP500-B03-T01983,*,crew,SK-ACT-CREW-OPS,机舱巡查与就地处置技能,0.5455,0.448101,False,1
1,1765838885.691397,2025-12-15 22:48:05,SHIP500-B03-T01984,F06,crew,SK-DIAG-F06,发电机综合故障诊断,0.5455,0.447301,False,1
1,1765838885.691397,2025-12-15 22:48:05,SHIP500-B03-T01984,F11,crew,SK-DIAG-F11,通讯与传感器故障诊断,0.5455,0.447301,False,1
1,1765838885.691397,2025-12-15 22:48:05,SHIP500-B03-T01984,*,crew,SK-ACT-CREW-OPS,机舱巡查与就地处置技能,0.5455,0.447301,False,1
1,1765838897.87463,2025-12-15 22:48:17,SHIP500-B03-T01985,F06,maintenance,SK-DIAG-F06,发电机综合故障诊断,0.4545,0.444113,False,0
1,1765838910.073275,2025-12-15 22:48:30,SHIP500-B03-T01986,F06,crew,SK-DIAG-F06,发电机综合故障诊断,0.5455,0.441738,False,1
1,1765838910.073275,2025-12-15 22:48:30,SHIP500-B03-T01986,F11,crew,SK-DIAG-F11,通讯与传感器故障诊断,0.5455,0.441738,False,1
1,1765838910.073275,2025-12-15 22:48:30,SHIP500-B03-T01986,*,crew,SK-ACT-CREW-OPS,机舱巡查与就地处置技能,0.5455,0.441738,False,1
1,1765838922.2460444,2025-12-15 22:48:42,SHIP500-B03-T01987,F06,maintenance,SK-DIAG-F06,发电机综合故障诊断,0.4545,0.446502,False,0
1,1765838934.4328914,2025-12-15 22:48:54,SHIP500-B03-T01988,F06,crew,SK-DIAG-F06,发电机综合故障诊断,0.5455,0.448903,False,1
1,1765838934.4328914,2025-12-15 22:48:54,SHIP500-B03-T01988,F11,crew,SK-DIAG-F11,通讯与传感器故障诊断,0.5455,0.448903,False,1
1,1765838934.4328914,2025-12-15 22:48:54,SHIP500-B03-T01988,*,crew,SK-ACT-CREW-OPS,机舱巡查与就地处置技能,0.5455,0.448903,False,1
1,1765838946.666982,2025-12-15 22:49:06,SHIP500-B03-T01989,F06,maintenance,SK-DIAG-F06,发电机综合故障诊断,0.4545,0.448635,False,0
1,1765838958.8644433,2025-12-15 22:49:18,SHIP500-B03-T01990,F06,crew,SK-DIAG-F06,发电机综合故障诊断,0.5455,0.453744,False,1
1,1765838958.8644433,2025-12-15 22:49:18,SHIP500-B03-T01990,F11,crew,SK-DIAG-F11,通讯与传感器故障诊断,0.5455,0.453744,False,1
1,1765838958.8644433,2025-12-15 22:49:18,SHIP500-B03-T01990,*,crew,SK-ACT-CREW-OPS,机舱巡查与就地处置技能,0.5455,0.453744,False,1
1,1765838971.0687296,2025-12-15 22:49:31,SHIP500-B03-T01991,F06,crew,SK-DIAG-F06,发电机综合故障诊断,0.5455,0.450242,False,1
1,1765838971.0687296,2025-12-15 22:49:31,SHIP500-B03-T01991,F11,crew,SK-DIAG-F11,通讯与传感器故障诊断,0.5455,0.450242,False,1
1,1765838971.0687296,2025-12-15 22:49:31,SHIP500-B03-T01991,*,crew,SK-ACT-CREW-OPS,机舱巡查与就地处置技能,0.5455,0.450242,False,1
1,1765838983.251722,2025-12-15 22:49:43,SHIP500-B03-T01992,F06,maintenance,SK-DIAG-F06,发电机综合故障诊断,0.4545,0.457818,False,0
1,1765838995.4340987,2025-12-15 22:49:55,SHIP500-B03-T01993,F06,crew,SK-DIAG-F06,发电机综合故障诊断,0.5455,0.460829,False,1
1,1765838995.4340987,2025-12-15 22:49:55,SHIP500-B03-T01993,F11,crew,SK-DIAG-F11,通讯与传感器故障诊断,0.5455,0.460829,False,1
1,1765838995.4340987,2025-12-15 22:49:55,SHIP500-B03-T01993,*,crew,SK-ACT-CREW-OPS,机舱巡查与就地处置技能,0.5455,0.460829,False,1
1,1765839007.621348,2025-12-15 22:50:07,SHIP500-B03-T01994,F06,crew,SK-DIAG-F06,发电机综合故障诊断,0.5455,0.461929,False,1
1,1765839007.621348,2025-12-15 22:50:07,SHIP500-B03-T01994,F11,crew,SK-DIAG-F11,通讯与传感器故障诊断,0.5455,0.461929,False,1
1,1765839007.621348,2025-12-15 22:50:07,SHIP500-B03-T01994,*,crew,SK-ACT-CREW-OPS,机舱巡查与就地处置技能,0.5455,0.461929,False,1
1,1765839019.8117964,2025-12-15 22:50:19,SHIP500-B03-T01995,F06,maintenance,SK-DIAG-F06,发电机综合故障诊断,0.4545,0.463584,False,0
1,1765839032.051965,2025-12-15 22:50:32,SHIP500-B03-T01996,F06,maintenance,SK-DIAG-F06,发电机综合故障诊断,0.4545,0.473919,False,0
1,1765839044.285788,2025-12-15 22:50:44,SHIP500-B03-T01997,F06,maintenance,SK-DIAG-F06,发电机综合故障诊断,0.4545,0.480174,False,0
1,1765839056.4791863,2025-12-15 22:50:56,SHIP500-B03-T01998,F06,crew,SK-DIAG-F06,发电机综合故障诊断,0.5455,0.495582,False,1
1,1765839056.4791863,2025-12-15 22:50:56,SHIP500-B03-T01998,F11,crew,SK-DIAG-F11,通讯与传感器故障诊断,0.5455,0.495582,False,1
1,1765839056.4791863,2025-12-15 22:50:56,SHIP500-B03-T01998,*,crew,SK-ACT-CREW-OPS,机舱巡查与就地处置技能,0.5455,0.495582,False,1
1,1765839068.6458297,2025-12-15 22:51:08,SHIP500-B03-T01999,F06,maintenance,SK-DIAG-F06,发电机综合故障诊断,0.4545,0.477036,False,0
1,1765839080.836917,2025-12-15 22:51:20,SHIP500-B03-T02000,F06,maintenance,SK-DIAG-F06,发电机综合故障诊断,0.4545,0.474767,False,0
1,1765839093.065244,2025-12-15 22:51:33,SHIP500-B03-T02001,F06,maintenance,SK-DIAG-F06,发电机综合故障诊断,0.4545,0.479031,False,0
1,1765839105.2752073,2025-12-15 22:51:45,SHIP500-B03-T02002,F06,maintenance,SK-DIAG-F06,发电机综合故障诊断,0.4545,0.504522,False,0
1,1765839117.477548,2025-12-15 22:51:57,SHIP500-B03-T02003,F06,maintenance,SK-DIAG-F06,发电机综合故障诊断,0.4545,0.497061,False,0
1,1765839129.6884954,2025-12-15 22:52:09,SHIP500-B03-T02004,F06,crew,SK-DIAG-F06,发电机综合故障诊断,0.5455,0.493813,False,1
1,1765839129.6884954,2025-12-15 22:52:09,SHIP500-B03-T02004,F11,crew,SK-DIAG-F11,通讯与传感器故障诊断,0.5455,0.493813,False,1
1,1765839129.6884954,2025-12-15 22:52:09,SHIP500-B03-T02004,*,crew,SK-ACT-CREW-OPS,机舱巡查与就地处置技能,0.5455,0.493813,False,1
1,1765839141.8608384,2025-12-15 22:52:21,SHIP500-B03-T02005,F06,crew,SK-DIAG-F06,发电机综合故障诊断,0.5455,0.485931,False,1
1,1765839141.8608384,2025-12-15 22:52:21,SHIP500-B03-T02005,F11,crew,SK-DIAG-F11,通讯与传感器故障诊断,0.5455,0.485931,False,1
1,1765839141.8608384,2025-12-15 22:52:21,SHIP500-B03-T02005,*,crew,SK-ACT-CREW-OPS,机舱巡查与就地处置技能,0.5455,0.485931,False,1
1,1765839154.0494146,2025-12-15 22:52:34,SHIP500-B03-T02006,F06,crew,SK-DIAG-F06,发电机综合故障诊断,0.5455,0.48132,False,1
1,1765839154.0494146,2025-12-15 22:52:34,SHIP500-B03-T02006,F11,crew,SK-DIAG-F11,通讯与传感器故障诊断,0.5455,0.48132,False,1
1,1765839154.0494146,2025-12-15 22:52:34,SHIP500-B03-T02006,*,crew,SK-ACT-CREW-OPS,机舱巡查与就地处置技能,0.5455,0.48132,False,1
1,1765839166.276348,2025-12-15 22:52:46,SHIP500-B03-T02007,F06,maintenance,SK-DIAG-F06,发电机综合故障诊断,0.4545,0.472228,False,0
1,1765839178.4981887,2025-12-15 22:52:58,SHIP500-B03-T02008,F06,maintenance,SK-DIAG-F06,发电机综合故障诊断,0.4545,0.468863,False,0
1,1765839190.706021,2025-12-15 22:53:10,SHIP500-B03-T02009,F06,crew,SK-DIAG-F06,发电机综合故障诊断,0.5455,0.468863,False,1
1,1765839190.706021,2025-12-15 22:53:10,SHIP500-B03-T02009,F11,crew,SK-DIAG-F11,通讯与传感器故障诊断,0.5455,0.468863,False,1
1,1765839190.706021,2025-12-15 22:53:10,SHIP500-B03-T02009,*,crew,SK-ACT-CREW-OPS,机舱巡查与就地处置技能,0.5455,0.468863,False,1
1,1765839202.918186,2025-12-15 22:53:22,SHIP500-B03-T02010,F06,crew,SK-DIAG-F06,发电机综合故障诊断,0.5455,0.467189,False,1
1,1765839202.918186,2025-12-15 22:53:22,SHIP500-B03-T02010,F11,crew,SK-DIAG-F11,通讯与传感器故障诊断,0.5455,0.467189,False,1
1,1765839202.918186,2025-12-15 22:53:22,SHIP500-B03-T02010,*,crew,SK-ACT-CREW-OPS,机舱巡查与就地处置技能,0.5455,0.467189,False,1
1,1765839215.099263,2025-12-15 22:53:35,SHIP500-B03-T02011,F06,maintenance,SK-DIAG-F06,发电机综合故障诊断,0.4545,0.469702,False,0
1,1765839227.3529997,2025-12-15 22:53:47,SHIP500-B03-T02012,F06,crew,SK-DIAG-F06,发电机综合故障诊断,0.5455,0.468863,False,1
1,1765839227.3529997,2025-12-15 22:53:47,SHIP500-B03-T02012,F11,crew,SK-DIAG-F11,通讯与传感器故障诊断,0.5455,0.468863,False,1
1,1765839227.3529997,2025-12-15 22:53:47,SHIP500-B03-T02012,*,crew,SK-ACT-CREW-OPS,机舱巡查与就地处置技能,0.5455,0.468863,False,1
1,1765839239.5416844,2025-12-15 22:53:59,SHIP500-B03-T02013,F06,crew,SK-DIAG-F06,发电机综合故障诊断,0.5455,0.47505,False,1
1,1765839239.5416844,2025-12-15 22:53:59,SHIP500-B03-T02013,F11,crew,SK-DIAG-F11,通讯与传感器故障诊断,0.5455,0.47505,False,1
1,1765839239.5416844,2025-12-15 22:53:59,SHIP500-B03-T02013,*,crew,SK-ACT-CREW-OPS,机舱巡查与就地处置技能,0.5455,0.47505,False,1
1,1765839251.750283,2025-12-15 22:54:11,SHIP500-B03-T02014,F06,maintenance,SK-DIAG-F06,发电机综合故障诊断,0.4545,0.490002,False,0
1,1765839263.967832,2025-12-15 22:54:23,SHIP500-B03-T02015,F06,crew,SK-DIAG-F06,发电机综合故障诊断,0.5455,0.499139,False,1
1,1765839263.967832,2025-12-15 22:54:23,SHIP500-B03-T02015,F11,crew,SK-DIAG-F11,通讯与传感器故障诊断,0.5455,0.499139,False,1
1,1765839263.967832,2025-12-15 22:54:23,SHIP500-B03-T02015,*,crew,SK-ACT-CREW-OPS,机舱巡查与就地处置技能,0.5455,0.499139,False,1
1,1765839276.176282,2025-12-15 22:54:36,SHIP500-B03-T02016,F06,crew,SK-DIAG-F06,发电机综合故障诊断,0.5455,0.502422,False,1
1,1765839276.176282,2025-12-15 22:54:36,SHIP500-B03-T02016,F11,crew,SK-DIAG-F11,通讯与传感器故障诊断,0.5455,0.502422,False,1
1,1765839276.176282,2025-12-15 22:54:36,SHIP500-B03-T02016,*,crew,SK-ACT-CREW-OPS,机舱巡查与就地处置技能,0.5455,0.502422,False,1
1,1765839288.3612032,2025-12-15 22:54:48,SHIP500-B03-T02017,F06,maintenance,SK-DIAG-F06,发电机综合故障诊断,0.4545,0.501225,False,0
1,1765839300.5554118,2025-12-15 22:55:00,SHIP500-B03-T02018,F06,crew,SK-DIAG-F06,发电机综合故障诊断,0.5455,0.469702,False,1
1,1765839300.5554118,2025-12-15 22:55:00,SHIP500-B03-T02018,F11,crew,SK-DIAG-F11,通讯与传感器故障诊断,0.5455,0.469702,False,1
1,1765839300.5554118,2025-12-15 22:55:00,SHIP500-B03-T02018,*,crew,SK-ACT-CREW-OPS,机舱巡查与就地处置技能,0.5455,0.469702,False,1
1,1765839312.7631035,2025-12-15 22:55:12,SHIP500-B03-T02019,F06,maintenance,SK-DIAG-F06,发电机综合故障诊断,0.4545,0.470823,False,0
1,1765839324.967839,2025-12-15 22:55:24,SHIP500-B03-T02020,F06,maintenance,SK-DIAG-F06,发电机综合故障诊断,0.4545,0.479888,False,0
1,1765839337.1819415,2025-12-15 22:55:37,SHIP500-B03-T02021,F06,maintenance,SK-DIAG-F06,发电机综合故障诊断,0.4545,0.486221,False,0
1,1765839349.3998902,2025-12-15 22:55:49,SHIP500-B03-T02022,F06,crew,SK-DIAG-F06,发电机综合故障诊断,0.5455,0.479888,False,1
1,1765839349.3998902,2025-12-15 22:55:49,SHIP500-B03-T02022,F11,crew,SK-DIAG-F11,通讯与传感器故障诊断,0.5455,0.479888,False,1
1,1765839349.3998902,2025-12-15 22:55:49,SHIP500-B03-T02022,*,crew,SK-ACT-CREW-OPS,机舱巡查与就地处置技能,0.5455,0.479888,False,1
1,1765839361.6058414,2025-12-15 22:56:01,SHIP500-B03-T02023,F06,maintenance,SK-DIAG-F06,发电机综合故障诊断,0.4545,0.476468,False,0
1,1765839373.7982054,2025-12-15 22:56:13,SHIP500-B03-T02024,F06,crew,SK-DIAG-F06,发电机综合故障诊断,0.5455,0.46386,False,1
1,1765839373.7982054,2025-12-15 22:56:13,SHIP500-B03-T02024,F11,crew,SK-DIAG-F11,通讯与传感器故障诊断,0.5455,0.46386,False,1
1,1765839373.7982054,2025-12-15 22:56:13,SHIP500-B03-T02024,*,crew,SK-ACT-CREW-OPS,机舱巡查与就地处置技能,0.5455,0.46386,False,1
1,1765839386.0156486,2025-12-15 22:56:26,SHIP500-B03-T02025,F06,maintenance,SK-DIAG-F06,发电机综合故障诊断,0.4545,0.458638,False,0
1,1765839398.2272644,2025-12-15 22:56:38,SHIP500-B03-T02026,F06,crew,SK-DIAG-F06,发电机综合故障诊断,0.5455,0.447301,False,1
1,1765839398.2272644,2025-12-15 22:56:38,SHIP500-B03-T02026,F11,crew,SK-DIAG-F11,通讯与传感器故障诊断,0.5455,0.447301,False,1
1,1765839398.2272644,2025-12-15 22:56:38,SHIP500-B03-T02026,*,crew,SK-ACT-CREW-OPS,机舱巡查与就地处置技能,0.5455,0.447301,False,1
1,1765839410.4288616,2025-12-15 22:56:50,SHIP500-B03-T02027,F06,crew,SK-DIAG-F06,发电机综合故障诊断,0.5455,0.448903,False,1
1,1765839410.4288616,2025-12-15 22:56:50,SHIP500-B03-T02027,F11,crew,SK-DIAG-F11,通讯与传感器故障诊断,0.5455,0.448903,False,1
1,1765839410.4288616,2025-12-15 22:56:50,SHIP500-B03-T02027,*,crew,SK-ACT-CREW-OPS,机舱巡查与就地处置技能,0.5455,0.448903,False,1
1,1765839422.608467,2025-12-15 22:57:02,SHIP500-B03-T02028,F06,maintenance,SK-DIAG-F06,发电机综合故障诊断,0.4545,0.435724,False,0
1,1765839434.774659,2025-12-15 22:57:14,SHIP500-B03-T02029,F06,maintenance,SK-DIAG-F06,发电机综合故障诊断,0.4545,0.436504,False,0
1,1765839446.995894,2025-12-15 22:57:26,SHIP500-B03-T02030,F06,crew,SK-DIAG-F06,发电机综合故障诊断,0.5455,0.432361,False,1
1,1765839446.995894,2025-12-15 22:57:26,SHIP500-B03-T02030,F11,crew,SK-DIAG-F11,通讯与传感器故障诊断,0.5455,0.432361,False,1
1,1765839446.995894,2025-12-15 22:57:26,SHIP500-B03-T02030,*,crew,SK-ACT-CREW-OPS,机舱巡查与就地处置技能,0.5455,0.432361,False,1
1,1765839459.2137055,2025-12-15 22:57:39,SHIP500-B03-T02031,F06,maintenance,SK-DIAG-F06,发电机综合故障诊断,0.4545,0.427748,False,0
1,1765839471.4202063,2025-12-15 22:57:51,SHIP500-B03-T02032,F06,crew,SK-DIAG-F06,发电机综合故障诊断,0.5455,0.425968,False,1
1,1765839471.4202063,2025-12-15 22:57:51,SHIP500-B03-T02032,F11,crew,SK-DIAG-F11,通讯与传感器故障诊断,0.5455,0.425968,False,1
1,1765839471.4202063,2025-12-15 22:57:51,SHIP500-B03-T02032,*,crew,SK-ACT-CREW-OPS,机舱巡查与就地处置技能,0.5455,0.425968,False,1
1,1765839483.581719,2025-12-15 22:58:03,SHIP500-B03-T02033,F06,maintenance,SK-DIAG-F06,发电机综合故障诊断,0.4545,0.429792,False,0
1,1765839495.7502768,2025-12-15 22:58:15,SHIP500-B03-T02034,F06,crew,SK-DIAG-F06,发电机综合故障诊断,0.5455,0.432877,False,1
1,1765839495.7502768,2025-12-15 22:58:15,SHIP500-B03-T02034,F11,crew,SK-DIAG-F11,通讯与传感器故障诊断,0.5455,0.432877,False,1
1,1765839495.7502768,2025-12-15 22:58:15,SHIP500-B03-T02034,*,crew,SK-ACT-CREW-OPS,机舱巡查与就地处置技能,0.5455,0.432877,False,1
1,1765839507.944794,2025-12-15 22:58:27,SHIP500-B03-T02035,F06,maintenance,SK-DIAG-F06,发电机综合故障诊断,0.4545,0.428769,False,0
1,1765839520.1842191,2025-12-15 22:58:40,SHIP500-B03-T02036,F06,maintenance,SK-DIAG-F06,发电机综合故障诊断,0.4545,0.424194,False,0
1,1765839532.392877,2025-12-15 22:58:52,SHIP500-B03-T02037,F06,maintenance,SK-DIAG-F06,发电机综合故障诊断,0.4545,0.422428,False,0
1,1765839544.626556,2025-12-15 22:59:04,SHIP500-B03-T02038,F06,crew,SK-DIAG-F06,发电机综合故障诊断,0.5455,0.429025,False,1
1,1765839544.626556,2025-12-15 22:59:04,SHIP500-B03-T02038,F11,crew,SK-DIAG-F11,通讯与传感器故障诊断,0.5455,0.429025,False,1
1,1765839544.626556,2025-12-15 22:59:04,SHIP500-B03-T02038,*,crew,SK-ACT-CREW-OPS,机舱巡查与就地处置技能,0.5455,0.429025,False,1
1,1765839556.8296256,2025-12-15 22:59:16,SHIP500-B03-T02039,F06,maintenance,SK-DIAG-F06,发电机综合故障诊断,0.4545,0.437285,False,0
1,1765839569.0403707,2025-12-15 22:59:29,SHIP500-B03-T02040,F06,crew,SK-DIAG-F06,发电机综合故障诊断,0.5455,0.42546,False,1
1,1765839569.0403707,2025-12-15 22:59:29,SHIP500-B03-T02040,F11,crew,SK-DIAG-F11,通讯与传感器故障诊断,0.5455,0.42546,False,1
1,1765839569.0403707,2025-12-15 22:59:29,SHIP500-B03-T02040,*,crew,SK-ACT-CREW-OPS,机舱巡查与就地处置技能,0.5455,0.42546,False,1
1,1765839581.2522054,2025-12-15 22:59:41,SHIP500-B03-T02041,F06,maintenance,SK-DIAG-F06,发电机综合故障诊断,0.4545,0.423942,False,0
1,1765839593.4735668,2025-12-15 22:59:53,SHIP500-B03-T02042,F06,crew,SK-DIAG-F06,发电机综合故障诊断,0.5455,0.42673,False,1
1,1765839593.4735668,2025-12-15 22:59:53,SHIP500-B03-T02042,F11,crew,SK-DIAG-F11,通讯与传感器故障诊断,0.5455,0.42673,False,1
1,1765839593.4735668,2025-12-15 22:59:53,SHIP500-B03-T02042,*,crew,SK-ACT-CREW-OPS,机舱巡查与就地处置技能,0.5455,0.42673,False,1
1,1765839605.69741,2025-12-15 23:00:05,SHIP500-B03-T02043,F06,crew,SK-DIAG-F06,发电机综合故障诊断,0.5455,0.426222,False,1
1,1765839605.69741,2025-12-15 23:00:05,SHIP500-B03-T02043,F11,crew,SK-DIAG-F11,通讯与传感器故障诊断,0.5455,0.426222,False,1
1,1765839605.69741,2025-12-15 23:00:05,SHIP500-B03-T02043,*,crew,SK-ACT-CREW-OPS,机舱巡查与就地处置技能,0.5455,0.426222,False,1
1,1765839617.864698,2025-12-15 23:00:17,SHIP500-B03-T02044,F06,maintenance,SK-DIAG-F06,发电机综合故障诊断,0.4545,0.42546,False,0
1,1765839630.0560727,2025-12-15 23:00:30,SHIP500-B03-T02045,F06,crew,SK-DIAG-F06,发电机综合故障诊断,0.5455,0.4247,False,1
1,1765839630.0560727,2025-12-15 23:00:30,SHIP500-B03-T02045,F11,crew,SK-DIAG-F11,通讯与传感器故障诊断,0.5455,0.4247,False,1
1,1765839630.0560727,2025-12-15 23:00:30,SHIP500-B03-T02045,*,crew,SK-ACT-CREW-OPS,机舱巡查与就地处置技能,0.5455,0.4247,False,1
1,1765839642.2160666,2025-12-15 23:00:42,SHIP500-B03-T02046,F06,maintenance,SK-DIAG-F06,发电机综合故障诊断,0.4545,0.424953,False,0
1,1765839654.4054463,2025-12-15 23:00:54,SHIP500-B03-T02047,F06,maintenance,SK-DIAG-F06,发电机综合故障诊断,0.4545,0.427239,False,0
1,1765839666.5861616,2025-12-15 23:01:06,SHIP500-B03-T02048,F06,crew,SK-DIAG-F06,发电机综合故障诊断,0.5455,0.422177,False,1
1,1765839666.5861616,2025-12-15 23:01:06,SHIP500-B03-T02048,F11,crew,SK-DIAG-F11,通讯与传感器故障诊断,0.5455,0.422177,False,1
1,1765839666.5861616,2025-12-15 23:01:06,SHIP500-B03-T02048,*,crew,SK-ACT-CREW-OPS,机舱巡查与就地处置技能,0.5455,0.422177,False,1
1,1765839678.7617128,2025-12-15 23:01:18,SHIP500-B03-T02049,F06,maintenance,SK-DIAG-F06,发电机综合故障诊断,0.4545,0.422428,False,0
1,1765839691.0010822,2025-12-15 23:01:31,SHIP500-B03-T02050,F06,crew,SK-DIAG-F06,发电机综合故障诊断,0.5455,0.423184,False,1
1,1765839691.0010822,2025-12-15 23:01:31,SHIP500-B03-T02050,F11,crew,SK-DIAG-F11,通讯与传感器故障诊断,0.5455,0.423184,False,1
1,1765839691.0010822,2025-12-15 23:01:31,SHIP500-B03-T02050,*,crew,SK-ACT-CREW-OPS,机舱巡查与就地处置技能,0.5455,0.423184,False,1
1,1765839703.2639515,2025-12-15 23:01:43,SHIP500-B03-T02051,F06,crew,SK-DIAG-F06,发电机综合故障诊断,0.5455,0.428003,False,1
1,1765839703.2639515,2025-12-15 23:01:43,SHIP500-B03-T02051,F11,crew,SK-DIAG-F11,通讯与传感器故障诊断,0.5455,0.428003,False,1
1,1765839703.2639515,2025-12-15 23:01:43,SHIP500-B03-T02051,*,crew,SK-ACT-CREW-OPS,机舱巡查与就地处置技能,0.5455,0.428003,False,1
1,1765839715.4705966,2025-12-15 23:01:55,SHIP500-B03-T02052,F06,maintenance,SK-DIAG-F06,发电机综合故障诊断,0.4545,0.427748,False,0
1,1765839727.6779256,2025-12-15 23:02:07,SHIP500-B03-T02053,F06,maintenance,SK-DIAG-F06,发电机综合故障诊断,0.4545,0.428258,False,0
1,1765839739.9430728,2025-12-15 23:02:19,SHIP500-B03-T02054,F06,maintenance,SK-DIAG-F06,发电机综合故障诊断,0.4545,0.426984,False,0
1,1765839752.1501417,2025-12-15 23:02:32,SHIP500-B03-T02055,F06,maintenance,SK-DIAG-F06,发电机综合故障诊断,0.4545,0.431075,False,0
1,1765839764.3458238,2025-12-15 23:02:44,SHIP500-B03-T02056,F06,maintenance,SK-DIAG-F06,发电机综合故障诊断,0.4545,0.427239,False,0
1,1765839776.54864,2025-12-15 23:02:56,SHIP500-B03-T02057,F06,maintenance,SK-DIAG-F06,发电机综合故障诊断,0.4545,0.430049,False,0
1,1765839788.7323923,2025-12-15 23:03:08,SHIP500-B03-T02058,F06,crew,SK-DIAG-F06,发电机综合故障诊断,0.5455,0.443056,False,1
1,1765839788.7323923,2025-12-15 23:03:08,SHIP500-B03-T02058,F11,crew,SK-DIAG-F11,通讯与传感器故障诊断,0.5455,0.443056,False,1
1,1765839788.7323923,2025-12-15 23:03:08,SHIP500-B03-T02058,*,crew,SK-ACT-CREW-OPS,机舱巡查与就地处置技能,0.5455,0.443056,False,1
1,1765839800.921574,2025-12-15 23:03:20,SHIP500-B03-T02059,F06,crew,SK-DIAG-F06,发电机综合故障诊断,0.5455,0.433652,False,1
1,1765839800.921574,2025-12-15 23:03:20,SHIP500-B03-T02059,F11,crew,SK-DIAG-F11,通讯与传感器故障诊断,0.5455,0.433652,False,1
1,1765839800.921574,2025-12-15 23:03:20,SHIP500-B03-T02059,*,crew,SK-ACT-CREW-OPS,机舱巡查与就地处置技能,0.5455,0.433652,False,1
1,1765839813.135226,2025-12-15 23:03:33,SHIP500-B03-T02060,F06,crew,SK-DIAG-F06,发电机综合故障诊断,0.5455,0.434946,False,1
1,1765839813.135226,2025-12-15 23:03:33,SHIP500-B03-T02060,F11,crew,SK-DIAG-F11,通讯与传感器故障诊断,0.5455,0.434946,False,1
1,1765839813.135226,2025-12-15 23:03:33,SHIP500-B03-T02060,*,crew,SK-ACT-CREW-OPS,机舱巡查与就地处置技能,0.5455,0.434946,False,1
1,1765839825.3419118,2025-12-15 23:03:45,SHIP500-B03-T02061,F06,maintenance,SK-DIAG-F06,发电机综合故障诊断,0.4545,0.433135,False,0
1,1765839837.561388,2025-12-15 23:03:57,SHIP500-B03-T02062,F06,crew,SK-DIAG-F06,发电机综合故障诊断,0.5455,0.443056,False,1
1,1765839837.561388,2025-12-15 23:03:57,SHIP500-B03-T02062,F11,crew,SK-DIAG-F11,通讯与传感器故障诊断,0.5455,0.443056,False,1
1,1765839837.561388,2025-12-15 23:03:57,SHIP500-B03-T02062,*,crew,SK-ACT-CREW-OPS,机舱巡查与就地处置技能,0.5455,0.443056,False,1
1,1765839849.7700057,2025-12-15 23:04:09,SHIP500-B03-T02063,F06,maintenance,SK-DIAG-F06,发电机综合故障诊断,0.4545,0.442528,False,0
1,1765839861.9387453,2025-12-15 23:04:21,SHIP500-B03-T02064,F06,maintenance,SK-DIAG-F06,发电机综合故障诊断,0.4545,0.443849,False,0
1,1765839874.1283836,2025-12-15 23:04:34,SHIP500-B03-T02065,F06,crew,SK-DIAG-F06,发电机综合故障诊断,0.5455,0.452934,False,1
1,1765839874.1283836,2025-12-15 23:04:34,SHIP500-B03-T02065,F11,crew,SK-DIAG-F11,通讯与传感器故障诊断,0.5455,0.452934,False,1
1,1765839874.1283836,2025-12-15 23:04:34,SHIP500-B03-T02065,*,crew,SK-ACT-CREW-OPS,机舱巡查与就地处置技能,0.5455,0.452934,False,1
1,1765839886.3262415,2025-12-15 23:04:46,SHIP500-B03-T02066,F06,maintenance,SK-DIAG-F06,发电机综合故障诊断,0.4545,0.467189,False,0
1,1765839898.5278163,2025-12-15 23:04:58,SHIP500-B03-T02067,F06,maintenance,SK-DIAG-F06,发电机综合故障诊断,0.4545,0.478175,False,0
1,1765839910.7305672,2025-12-15 23:05:10,SHIP500-B03-T02068,F06,maintenance,SK-DIAG-F06,发电机综合故障诊断,0.4545,0.442792,False,0
1,1765839922.913299,2025-12-15 23:05:22,SHIP500-B03-T02069,F06,crew,SK-DIAG-F06,发电机综合故障诊断,0.5455,0.450779,False,1
1,1765839922.913299,2025-12-15 23:05:22,SHIP500-B03-T02069,F11,crew,SK-DIAG-F11,通讯与传感器故障诊断,0.5455,0.450779,False,1
1,1765839922.913299,2025-12-15 23:05:22,SHIP500-B03-T02069,*,crew,SK-ACT-CREW-OPS,机舱巡查与就地处置技能,0.5455,0.450779,False,1
1,1765839935.112632,2025-12-15 23:05:35,SHIP500-B03-T02070,F06,maintenance,SK-DIAG-F06,发电机综合故障诊断,0.4545,0.460555,False,0
1,1765839947.3226483,2025-12-15 23:05:47,SHIP500-B03-T02071,F06,maintenance,SK-DIAG-F06,发电机综合故障诊断,0.4545,0.456728,False,0
1,1765839959.553924,2025-12-15 23:05:59,SHIP500-B03-T02072,F06,crew,SK-DIAG-F06,发电机综合故障诊断,0.5455,0.468863,False,1
1,1765839959.553924,2025-12-15 23:05:59,SHIP500-B03-T02072,F11,crew,SK-DIAG-F11,通讯与传感器故障诊断,0.5455,0.468863,False,1
1,1765839959.553924,2025-12-15 23:05:59,SHIP500-B03-T02072,*,crew,SK-ACT-CREW-OPS,机舱巡查与就地处置技能,0.5455,0.468863,False,1
1,1765839971.763116,2025-12-15 23:06:11,SHIP500-B03-T02073,F06,crew,SK-DIAG-F06,发电机综合故障诊断,0.5455,0.445173,False,1
1,1765839971.763116,2025-12-15 23:06:11,SHIP500-B03-T02073,F11,crew,SK-DIAG-F11,通讯与传感器故障诊断,0.5455,0.445173,False,1
1,1765839971.763116,2025-12-15 23:06:11,SHIP500-B03-T02073,*,crew,SK-ACT-CREW-OPS,机舱巡查与就地处置技能,0.5455,0.445173,False,1
1,1765839983.9383402,2025-12-15 23:06:23,SHIP500-B03-T02074,F06,crew,SK-DIAG-F06,发电机综合故障诊断,0.5455,0.447034,False,1
1,1765839983.9383402,2025-12-15 23:06:23,SHIP500-B03-T02074,F11,crew,SK-DIAG-F11,通讯与传感器故障诊断,0.5455,0.447034,False,1
1,1765839983.9383402,2025-12-15 23:06:23,SHIP500-B03-T02074,*,crew,SK-ACT-CREW-OPS,机舱巡查与就地处置技能,0.5455,0.447034,False,1
1,1765839996.126425,2025-12-15 23:06:36,SHIP500-B03-T02075,F06,crew,SK-DIAG-F06,发电机综合故障诊断,0.5455,0.443584,False,1
1,1765839996.126425,2025-12-15 23:06:36,SHIP500-B03-T02075,F11,crew,SK-DIAG-F11,通讯与传感器故障诊断,0.5455,0.443584,False,1
1,1765839996.126425,2025-12-15 23:06:36,SHIP500-B03-T02075,*,crew,SK-ACT-CREW-OPS,机舱巡查与就地处置技能,0.5455,0.443584,False,1
1,1765840008.350418,2025-12-15 23:06:48,SHIP500-B03-T02076,F06,maintenance,SK-DIAG-F06,发电机综合故障诊断,0.4545,0.429536,False,0
1,1765840020.5463233,2025-12-15 23:07:00,SHIP500-B03-T02077,F06,maintenance,SK-DIAG-F06,发电机综合故障诊断,0.4545,0.435205,False,0
1,1765840032.751527,2025-12-15 23:07:12,SHIP500-B03-T02078,F06,maintenance,SK-DIAG-F06,发电机综合故障诊断,0.4545,0.433135,False,0
1,1765840045.0367572,2025-12-15 23:07:25,SHIP500-B03-T02079,F06,crew,SK-DIAG-F06,发电机综合故障诊断,0.5455,0.430049,False,1
1,1765840045.0367572,2025-12-15 23:07:25,SHIP500-B03-T02079,F11,crew,SK-DIAG-F11,通讯与传感器故障诊断,0.5455,0.430049,False,1
1,1765840045.0367572,2025-12-15 23:07:25,SHIP500-B03-T02079,*,crew,SK-ACT-CREW-OPS,机舱巡查与就地处置技能,0.5455,0.430049,False,1
1,1765840057.2644255,2025-12-15 23:07:37,SHIP500-B03-T02080,F06,maintenance,SK-DIAG-F06,发电机综合故障诊断,0.4545,0.429536,False,0
1,1765840069.456901,2025-12-15 23:07:49,SHIP500-B03-T02081,F06,maintenance,SK-DIAG-F06,发电机综合故障诊断,0.4545,0.439113,False,0
1,1765840081.6602373,2025-12-15 23:08:01,SHIP500-B03-T02082,F06,crew,SK-DIAG-F06,发电机综合故障诊断,0.5455,0.440948,False,1
1,1765840081.6602373,2025-12-15 23:08:01,SHIP500-B03-T02082,F11,crew,SK-DIAG-F11,通讯与传感器故障诊断,0.5455,0.440948,False,1
1,1765840081.6602373,2025-12-15 23:08:01,SHIP500-B03-T02082,*,crew,SK-ACT-CREW-OPS,机舱巡查与就地处置技能,0.5455,0.440948,False,1
1,1765840093.8946147,2025-12-15 23:08:13,SHIP500-B03-T02083,F06,maintenance,SK-DIAG-F06,发电机综合故障诊断,0.4545,0.452125,False,0
1,1765840106.1281345,2025-12-15 23:08:26,SHIP500-B03-T02084,F06,crew,SK-DIAG-F06,发电机综合故障诊断,0.5455,0.462756,False,1
1,1765840106.1281345,2025-12-15 23:08:26,SHIP500-B03-T02084,F11,crew,SK-DIAG-F11,通讯与传感器故障诊断,0.5455,0.462756,False,1
1,1765840106.1281345,2025-12-15 23:08:26,SHIP500-B03-T02084,*,crew,SK-ACT-CREW-OPS,机舱巡查与就地处置技能,0.5455,0.462756,False,1
1,1765840118.331437,2025-12-15 23:08:38,SHIP500-B03-T02085,F06,crew,SK-DIAG-F06,发电机综合故障诊断,0.5455,0.476184,False,1
1,1765840118.331437,2025-12-15 23:08:38,SHIP500-B03-T02085,F11,crew,SK-DIAG-F11,通讯与传感器故障诊断,0.5455,0.476184,False,1
1,1765840118.331437,2025-12-15 23:08:38,SHIP500-B03-T02085,*,crew,SK-ACT-CREW-OPS,机舱巡查与就地处置技能,0.5455,0.476184,False,1
1,1765840130.5404031,2025-12-15 23:08:50,SHIP500-B03-T02086,F06,maintenance,SK-DIAG-F06,发电机综合故障诊断,0.4545,0.482181,False,0
1,1765840191.5613637,2025-12-15 23:09:51,SHIP500-B03-T02091,F06,maintenance,SK-DIAG-F06,发电机综合故障诊断,0.4545,0.46469,False,0
1,1765840228.1471117,2025-12-15 23:10:28,SHIP500-B03-T02094,F06,maintenance,SK-DIAG-F06,发电机综合故障诊断,0.4545,0.435724,False,0
1,1765840240.3560908,2025-12-15 23:10:40,SHIP500-B03-T02095,F06,maintenance,SK-DIAG-F06,发电机综合故障诊断,0.4545,0.425207,False,0
1,1765840289.1671414,2025-12-15 23:11:29,SHIP500-B03-T02099,F06,maintenance,SK-DIAG-F06,发电机综合故障诊断,0.4545,0.437285,False,0
1,1765840338.084962,2025-12-15 23:12:18,SHIP500-B03-T02103,F06,maintenance,SK-DIAG-F06,发电机综合故障诊断,0.4545,0.432619,False,0
1,1765840386.959693,2025-12-15 23:13:06,SHIP500-B03-T02107,F06,maintenance,SK-DIAG-F06,发电机综合故障诊断,0.4545,0.428003,False,0
1,1765845451.7924938,2025-12-16 00:37:31,SHIP500-B03-T02522,F06,maintenance,SK-DIAG-F06,发电机综合故障诊断,0.4545,0.598276,False,0
1,1765845451.7924938,2025-12-16 00:37:31,SHIP500-B03-T02522,F10,maintenance,SK-DIAG-F10,气缸排温异常诊断,0.4545,0.598276,False,0
1,1765845463.997574,2025-12-16 00:37:43,SHIP500-B03-T02523,F06,maintenance,SK-DIAG-F06,发电机综合故障诊断,0.4545,0.607256,True,0
1,1765845463.997574,2025-12-16 00:37:43,SHIP500-B03-T02523,F10,maintenance,SK-DIAG-F10,气缸排温异常诊断,0.4545,0.607256,True,0
1,1765845476.2122874,2025-12-16 00:37:56,SHIP500-B03-T02524,F06,crew,SK-DIAG-F06,发电机综合故障诊断,0.7273,0.609068,True,1
1,1765845476.2122874,2025-12-16 00:37:56,SHIP500-B03-T02524,F10,crew,SK-DIAG-F10,气缸排温异常诊断,0.7273,0.609068,True,1
1,1765845476.2122874,2025-12-16 00:37:56,SHIP500-B03-T02524,*,crew,SK-ACT-CREW-OPS,机舱巡查与就地处置技能,0.7273,0.609068,True,1
1,1765845488.4561846,2025-12-16 00:38:08,SHIP500-B03-T02525,F06,captain,SK-DIAG-F06,发电机综合故障诊断,0.9091,0.619686,True,1
1,1765845488.4561846,2025-12-16 00:38:08,SHIP500-B03-T02525,F10,captain,SK-DIAG-F10,气缸排温异常诊断,0.9091,0.619686,True,1
1,1765845488.4561846,2025-12-16 00:38:08,SHIP500-B03-T02525,*,captain,SK-ACT-CAPTAIN-CMD,应急指挥与决策技能,0.9091,0.619686,True,1
1,1765845500.6415136,2025-12-16 00:38:20,SHIP500-B03-T02526,F06,captain,SK-DIAG-F06,发电机综合故障诊断,0.9091,0.620425,True,1
1,1765845500.6415136,2025-12-16 00:38:20,SHIP500-B03-T02526,F10,captain,SK-DIAG-F10,气缸排温异常诊断,0.9091,0.620425,True,1
1,1765845500.6415136,2025-12-16 00:38:20,SHIP500-B03-T02526,*,captain,SK-ACT-CAPTAIN-CMD,应急指挥与决策技能,0.9091,0.620425,True,1
1,1765845512.8610637,2025-12-16 00:38:32,SHIP500-B03-T02527,F06,captain,SK-DIAG-F06,发电机综合故障诊断,0.9091,0.604368,True,1
1,1765845512.8610637,2025-12-16 00:38:32,SHIP500-B03-T02527,F10,captain,SK-DIAG-F10,气缸排温异常诊断,0.9091,0.604368,True,1
1,1765845512.8610637,2025-12-16 00:38:32,SHIP500-B03-T02527,*,captain,SK-ACT-CAPTAIN-CMD,应急指挥与决策技能,0.9091,0.604368,True,1
1,1765845525.0722268,2025-12-16 00:38:45,SHIP500-B03-T02528,F06,captain,SK-DIAG-F06,发电机综合故障诊断,0.9091,0.574173,False,1
1,1765845525.0722268,2025-12-16 00:38:45,SHIP500-B03-T02528,F10,captain,SK-DIAG-F10,气缸排温异常诊断,0.9091,0.574173,False,1
1,1765845525.0722268,2025-12-16 00:38:45,SHIP500-B03-T02528,*,captain,SK-ACT-CAPTAIN-CMD,应急指挥与决策技能,0.9091,0.574173,False,1
1,1765845537.2664757,2025-12-16 00:38:57,SHIP500-B03-T02529,F06,captain,SK-DIAG-F06,发电机综合故障诊断,0.9091,0.563663,False,1
1,1765845537.2664757,2025-12-16 00:38:57,SHIP500-B03-T02529,F10,captain,SK-DIAG-F10,气缸排温异常诊断,0.9091,0.563663,False,1
1,1765845537.2664757,2025-12-16 00:38:57,SHIP500-B03-T02529,*,captain,SK-ACT-CAPTAIN-CMD,应急指挥与决策技能,0.9091,0.563663,False,1
1,1765845549.4367182,2025-12-16 00:39:09,SHIP500-B03-T02530,F06,captain,SK-DIAG-F06,发电机综合故障诊断,0.9091,0.567709,False,1
1,1765845549.4367182,2025-12-16 00:39:09,SHIP500-B03-T02530,F10,captain,SK-DIAG-F10,气缸排温异常诊断,0.9091,0.567709,False,1
1,1765845549.4367182,2025-12-16 00:39:09,SHIP500-B03-T02530,*,captain,SK-ACT-CAPTAIN-CMD,应急指挥与决策技能,0.9091,0.567709,False,1
1,1765845561.6130023,2025-12-16 00:39:21,SHIP500-B03-T02531,F06,captain,SK-DIAG-F06,发电机综合故障诊断,0.9091,0.570422,False,1
1,1765845561.6130023,2025-12-16 00:39:21,SHIP500-B03-T02531,F10,captain,SK-DIAG-F10,气缸排温异常诊断,0.9091,0.570422,False,1
1,1765845561.6130023,2025-12-16 00:39:21,SHIP500-B03-T02531,*,captain,SK-ACT-CAPTAIN-CMD,应急指挥与决策技能,0.9091,0.570422,False,1
1,1765845573.8239436,2025-12-16 00:39:33,SHIP500-B03-T02532,F06,captain,SK-DIAG-F06,发电机综合故障诊断,0.9091,0.572465,False,1
1,1765845573.8239436,2025-12-16 00:39:33,SHIP500-B03-T02532,F10,captain,SK-DIAG-F10,气缸排温异常诊断,0.9091,0.572465,False,1
1,1765845573.8239436,2025-12-16 00:39:33,SHIP500-B03-T02532,*,captain,SK-ACT-CAPTAIN-CMD,应急指挥与决策技能,0.9091,0.572465,False,1
1,1765845586.0336995,2025-12-16 00:39:46,SHIP500-B03-T02533,F06,captain,SK-DIAG-F06,发电机综合故障诊断,0.9091,0.578639,False,1
1,1765845586.0336995,2025-12-16 00:39:46,SHIP500-B03-T02533,F10,captain,SK-DIAG-F10,气缸排温异常诊断,0.9091,0.578639,False,1
1,1765845586.0336995,2025-12-16 00:39:46,SHIP500-B03-T02533,*,captain,SK-ACT-CAPTAIN-CMD,应急指挥与决策技能,0.9091,0.578639,False,1
1,1765845598.240346,2025-12-16 00:39:58,SHIP500-B03-T02534,F06,captain,SK-DIAG-F06,发电机综合故障诊断,1.0,0.574516,False,1
1,1765845598.240346,2025-12-16 00:39:58,SHIP500-B03-T02534,F10,captain,SK-DIAG-F10,气缸排温异常诊断,1.0,0.574516,False,1
1,1765845598.240346,2025-12-16 00:39:58,SHIP500-B03-T02534,F11,captain,SK-DIAG-F11,通讯与传感器故障诊断,1.0,0.574516,False,1
1,1765845598.240346,2025-12-16 00:39:58,SHIP500-B03-T02534,*,captain,SK-ACT-CAPTAIN-CMD,应急指挥与决策技能,1.0,0.574516,False,1
1,1765845610.4606037,2025-12-16 00:40:10,SHIP500-B03-T02535,F06,captain,SK-DIAG-F06,发电机综合故障诊断,0.9091,0.577605,False,1
1,1765845610.4606037,2025-12-16 00:40:10,SHIP500-B03-T02535,F10,captain,SK-DIAG-F10,气缸排温异常诊断,0.9091,0.577605,False,1
1,1765845610.4606037,2025-12-16 00:40:10,SHIP500-B03-T02535,*,captain,SK-ACT-CAPTAIN-CMD,应急指挥与决策技能,0.9091,0.577605,False,1
1,1765845622.63542,2025-12-16 00:40:22,SHIP500-B03-T02536,F06,captain,SK-DIAG-F06,发电机综合故障诊断,0.9091,0.573148,False,1
1,1765845622.63542,2025-12-16 00:40:22,SHIP500-B03-T02536,F10,captain,SK-DIAG-F10,气缸排温异常诊断,0.9091,0.573148,False,1
1,1765845622.63542,2025-12-16 00:40:22,SHIP500-B03-T02536,*,captain,SK-ACT-CAPTAIN-CMD,应急指挥与决策技能,0.9091,0.573148,False,1
1,1765845634.8459544,2025-12-16 00:40:34,SHIP500-B03-T02537,F06,captain,SK-DIAG-F06,发电机综合故障诊断,0.9091,0.571102,False,1
1,1765845634.8459544,2025-12-16 00:40:34,SHIP500-B03-T02537,F10,captain,SK-DIAG-F10,气缸排温异常诊断,0.9091,0.571102,False,1
1,1765845634.8459544,2025-12-16 00:40:34,SHIP500-B03-T02537,*,captain,SK-ACT-CAPTAIN-CMD,应急指挥与决策技能,0.9091,0.571102,False,1
1,1765845647.054397,2025-12-16 00:40:47,SHIP500-B03-T02538,F06,captain,SK-DIAG-F06,发电机综合故障诊断,0.9091,0.57623,False,1
1,1765845647.054397,2025-12-16 00:40:47,SHIP500-B03-T02538,F10,captain,SK-DIAG-F10,气缸排温异常诊断,0.9091,0.57623,False,1
1,1765845647.054397,2025-12-16 00:40:47,SHIP500-B03-T02538,*,captain,SK-ACT-CAPTAIN-CMD,应急指挥与决策技能,0.9091,0.57623,False,1
1,1765845659.259072,2025-12-16 00:40:59,SHIP500-B03-T02539,F06,captain,SK-DIAG-F06,发电机综合故障诊断,0.9091,0.572806,False,1
1,1765845659.259072,2025-12-16 00:40:59,SHIP500-B03-T02539,F10,captain,SK-DIAG-F10,气缸排温异常诊断,0.9091,0.572806,False,1
1,1765845659.259072,2025-12-16 00:40:59,SHIP500-B03-T02539,*,captain,SK-ACT-CAPTAIN-CMD,应急指挥与决策技能,0.9091,0.572806,False,1
1,1765845671.4592931,2025-12-16 00:41:11,SHIP500-B03-T02540,F06,captain,SK-DIAG-F06,发电机综合故障诊断,0.9091,0.572465,False,1
1,1765845671.4592931,2025-12-16 00:41:11,SHIP500-B03-T02540,F10,captain,SK-DIAG-F10,气缸排温异常诊断,0.9091,0.572465,False,1
1,1765845671.4592931,2025-12-16 00:41:11,SHIP500-B03-T02540,*,captain,SK-ACT-CAPTAIN-CMD,应急指挥与决策技能,0.9091,0.572465,False,1
1,1765845683.657328,2025-12-16 00:41:23,SHIP500-B03-T02541,F06,captain,SK-DIAG-F06,发电机综合故障诊断,0.9091,0.571102,False,1
1,1765845683.657328,2025-12-16 00:41:23,SHIP500-B03-T02541,F10,captain,SK-DIAG-F10,气缸排温异常诊断,0.9091,0.571102,False,1
1,1765845683.657328,2025-12-16 00:41:23,SHIP500-B03-T02541,*,captain,SK-ACT-CAPTAIN-CMD,应急指挥与决策技能,0.9091,0.571102,False,1
1,1765845695.8578472,2025-12-16 00:41:35,SHIP500-B03-T02542,F06,captain,SK-DIAG-F06,发电机综合故障诊断,1.0,0.574173,False,1
1,1765845695.8578472,2025-12-16 00:41:35,SHIP500-B03-T02542,F10,captain,SK-DIAG-F10,气缸排温异常诊断,1.0,0.574173,False,1
1,1765845695.8578472,2025-12-16 00:41:35,SHIP500-B03-T02542,F11,captain,SK-DIAG-F11,通讯与传感器故障诊断,1.0,0.574173,False,1
1,1765845695.8578472,2025-12-16 00:41:35,SHIP500-B03-T02542,*,captain,SK-ACT-CAPTAIN-CMD,应急指挥与决策技能,1.0,0.574173,False,1
1,1765845708.0669465,2025-12-16 00:41:48,SHIP500-B03-T02543,F06,captain,SK-DIAG-F06,发电机综合故障诊断,0.9091,0.571783,False,1
1,1765845708.0669465,2025-12-16 00:41:48,SHIP500-B03-T02543,F10,captain,SK-DIAG-F10,气缸排温异常诊断,0.9091,0.571783,False,1
1,1765845708.0669465,2025-12-16 00:41:48,SHIP500-B03-T02543,*,captain,SK-ACT-CAPTAIN-CMD,应急指挥与决策技能,0.9091,0.571783,False,1
1,1765845720.2730536,2025-12-16 00:42:00,SHIP500-B03-T02544,F06,crew,SK-DIAG-F06,发电机综合故障诊断,0.7273,0.571102,False,1
1,1765845720.2730536,2025-12-16 00:42:00,SHIP500-B03-T02544,F10,crew,SK-DIAG-F10,气缸排温异常诊断,0.7273,0.571102,False,1
1,1765845720.2730536,2025-12-16 00:42:00,SHIP500-B03-T02544,*,crew,SK-ACT-CREW-OPS,机舱巡查与就地处置技能,0.7273,0.571102,False,1
2,1765846244.8554747,2025-12-16 00:50:44,SHIP500-B04-T02587,F02,captain,SK-DIAG-F02,滑油系统故障诊断,0.4545,0.586625,False,0
2,1765846257.0620573,2025-12-16 00:50:57,SHIP500-B04-T02588,F02,captain,SK-DIAG-F02,滑油系统故障诊断,0.4545,0.584183,False,0
2,1765846354.7975464,2025-12-16 00:52:34,SHIP500-B04-T02596,F02,captain,SK-DIAG-F02,滑油系统故障诊断,0.4545,0.576917,False,0
2,1765846367.0080984,2025-12-16 00:52:47,SHIP500-B04-T02597,F02,captain,SK-DIAG-F02,滑油系统故障诊断,0.4545,0.570762,False,0
2,1765846550.0926938,2025-12-16 00:55:50,SHIP500-B04-T02612,F02,captain,SK-DIAG-F02,滑油系统故障诊断,0.4545,0.553016,False,0
2,1765846562.3246994,2025-12-16 00:56:02,SHIP500-B04-T02613,F02,captain,SK-DIAG-F02,滑油系统故障诊断,0.4545,0.553016,False,0
2,1765846574.5339549,2025-12-16 00:56:14,SHIP500-B04-T02614,F02,captain,SK-DIAG-F02,滑油系统故障诊断,0.4545,0.548421,False,0
2,1765846647.7792275,2025-12-16 00:57:27,SHIP500-B04-T02620,F02,captain,SK-DIAG-F02,滑油系统故障诊断,0.4545,0.550386,False,0
2,1765846672.2004387,2025-12-16 00:57:52,SHIP500-B04-T02622,F02,captain,SK-DIAG-F02,滑油系统故障诊断,0.4545,0.557317,False,0
2,1765846696.5587838,2025-12-16 00:58:16,SHIP500-B04-T02624,F02,captain,SK-DIAG-F02,滑油系统故障诊断,0.4545,0.551042,False,0
2,1765846721.0033903,2025-12-16 00:58:41,SHIP500-B04-T02626,F02,captain,SK-DIAG-F02,滑油系统故障诊断,0.4545,0.550386,False,0
2,1765846745.4084334,2025-12-16 00:59:05,SHIP500-B04-T02628,F02,captain,SK-DIAG-F02,滑油系统故障诊断,0.4545,0.547768,False,0
2,1765846879.5465326,2025-12-16 01:01:19,SHIP500-B04-T02639,F02,captain,SK-DIAG-F02,滑油系统故障诊断,0.4545,0.514849,False,0
2,1765846989.4322364,2025-12-16 01:03:09,SHIP500-B04-T02648,F02,captain,SK-DIAG-F02,滑油系统故障诊断,0.4545,0.495287,False,0
2,1765847074.8461952,2025-12-16 01:04:34,SHIP500-B04-T02655,F02,captain,SK-DIAG-F02,滑油系统故障诊断,0.4545,0.485063,False,0
2,1765847087.0668993,2025-12-16 01:04:47,SHIP500-B04-T02656,F02,captain,SK-DIAG-F02,滑油系统故障诊断,0.4545,0.495287,False,0
2,1765847270.0894897,2025-12-16 01:07:50,SHIP500-B04-T02671,F02,captain,SK-DIAG-F02,滑油系统故障诊断,0.4545,0.488544,False,0
2,1765847306.6818764,2025-12-16 01:08:26,SHIP500-B04-T02674,F02,captain,SK-DIAG-F02,滑油系统故障诊断,0.4545,0.484197,False,0
2,1765847318.883505,2025-12-16 01:08:38,SHIP500-B04-T02675,F02,captain,SK-DIAG-F02,滑油系统故障诊断,0.4545,0.478175,False,0
2,1765847355.4743428,2025-12-16 01:09:15,SHIP500-B04-T02678,F02,captain,SK-DIAG-F02,滑油系统故障诊断,0.4545,0.484774,False,0
2,1765847465.303612,2025-12-16 01:11:05,SHIP500-B04-T02687,F02,captain,SK-DIAG-F02,滑油系统故障诊断,0.4545,0.486221,False,0
2,1765847477.5113811,2025-12-16 01:11:17,SHIP500-B04-T02688,F02,captain,SK-DIAG-F02,滑油系统故障诊断,0.4545,0.476184,False,0
2,1765847489.741211,2025-12-16 01:11:29,SHIP500-B04-T02689,F02,captain,SK-DIAG-F02,滑油系统故障诊断,0.4545,0.488544,False,0
2,1765847501.9507835,2025-12-16 01:11:41,SHIP500-B04-T02690,F02,captain,SK-DIAG-F02,滑油系统故障诊断,0.4545,0.491465,False,0
2,1765847526.3563433,2025-12-16 01:12:06,SHIP500-B04-T02692,F02,captain,SK-DIAG-F02,滑油系统故障诊断,0.4545,0.484774,False,0
2,1765847550.7410944,2025-12-16 01:12:30,SHIP500-B04-T02694,F02,captain,SK-DIAG-F02,滑油系统故障诊断,0.4545,0.480174,False,0
2,1765847660.6027105,2025-12-16 01:14:20,SHIP500-B04-T02703,F02,captain,SK-DIAG-F02,滑油系统故障诊断,0.4545,0.454015,False,0
2,1765847672.7970312,2025-12-16 01:14:32,SHIP500-B04-T02704,F02,captain,SK-DIAG-F02,滑油系统故障诊断,0.4545,0.46248,False,0
2,1765847685.003775,2025-12-16 01:14:45,SHIP500-B04-T02705,F02,captain,SK-DIAG-F02,滑油系统故障诊断,0.4545,0.463308,False,0
2,1765847697.2109184,2025-12-16 01:14:57,SHIP500-B04-T02706,F02,captain,SK-DIAG-F02,滑油系统故障诊断,0.4545,0.455369,False,0
2,1765847782.6029491,2025-12-16 01:16:22,SHIP500-B04-T02713,F02,captain,SK-DIAG-F02,滑油系统故障诊断,0.4545,0.455369,False,0
2,1765847794.837471,2025-12-16 01:16:34,SHIP500-B04-T02714,F02,captain,SK-DIAG-F02,滑油系统故障诊断,0.4545,0.449438,False,0
2,1765847819.2335749,2025-12-16 01:16:59,SHIP500-B04-T02716,F02,captain,SK-DIAG-F02,滑油系统故障诊断,0.4545,0.462756,False,0
2,1765847855.8340142,2025-12-16 01:17:35,SHIP500-B04-T02719,F02,captain,SK-DIAG-F02,滑油系统故障诊断,0.4545,0.46386,False,0
2,1765847868.0564325,2025-12-16 01:17:48,SHIP500-B04-T02720,F02,captain,SK-DIAG-F02,滑油系统故障诊断,0.4545,0.459458,False,0
2,1765847892.4237847,2025-12-16 01:18:12,SHIP500-B04-T02722,F02,captain,SK-DIAG-F02,滑油系统故障诊断,0.4545,0.459732,False,0
2,1765847977.833277,2025-12-16 01:19:37,SHIP500-B04-T02729,F02,captain,SK-DIAG-F02,滑油系统故障诊断,0.4545,0.463584,False,0
2,1765848075.3896842,2025-12-16 01:21:15,SHIP500-B04-T02737,F02,captain,SK-DIAG-F02,滑油系统故障诊断,0.4545,0.449706,False,0
2,1765848087.598908,2025-12-16 01:21:27,SHIP500-B04-T02738,F02,captain,SK-DIAG-F02,滑油系统故障诊断,0.4545,0.456728,False,0
2,1765848099.8653688,2025-12-16 01:21:39,SHIP500-B04-T02739,F02,captain,SK-DIAG-F02,滑油系统故障诊断,0.4545,0.459458,False,0
2,1765848124.2792704,2025-12-16 01:22:04,SHIP500-B04-T02741,F02,captain,SK-DIAG-F02,滑油系统故障诊断,0.4545,0.446236,False,0
2,1765848136.4664805,2025-12-16 01:22:16,SHIP500-B04-T02742,F02,captain,SK-DIAG-F02,滑油系统故障诊断,0.4545,0.462205,False,0
2,1765848148.660649,2025-12-16 01:22:28,SHIP500-B04-T02743,F02,captain,SK-DIAG-F02,滑油系统故障诊断,0.4545,0.455098,False,0
2,1765848185.2445478,2025-12-16 01:23:05,SHIP500-B04-T02746,F02,captain,SK-DIAG-F02,滑油系统故障诊断,0.4545,0.461379,False,0
2,1765848221.876682,2025-12-16 01:23:41,SHIP500-B04-T02749,F02,captain,SK-DIAG-F02,滑油系统故障诊断,0.4545,0.477036,False,0
2,1765848246.3633823,2025-12-16 01:24:06,SHIP500-B04-T02751,F02,captain,SK-DIAG-F02,滑油系统故障诊断,0.4545,0.469142,False,0
2,1765848258.5536118,2025-12-16 01:24:18,SHIP500-B04-T02752,F02,captain,SK-DIAG-F02,滑油系统故障诊断,0.4545,0.456728,False,0
2,1765848282.9385526,2025-12-16 01:24:42,SHIP500-B04-T02754,F02,captain,SK-DIAG-F02,滑油系统故障诊断,0.4545,0.465799,False,0
2,1765848331.698212,2025-12-16 01:25:31,SHIP500-B04-T02758,F02,captain,SK-DIAG-F02,滑油系统故障诊断,0.4545,0.452664,False,0
2,1765848343.8993552,2025-12-16 01:25:43,SHIP500-B04-T02759,F02,captain,SK-DIAG-F02,滑油系统故障诊断,0.4545,0.452934,False,0
2,1765848356.1020093,2025-12-16 01:25:56,SHIP500-B04-T02760,F02,captain,SK-DIAG-F02,滑油系统故障诊断,0.4545,0.44597,False,0
2,1765848417.1038094,2025-12-16 01:26:57,SHIP500-B04-T02765,F02,captain,SK-DIAG-F02,滑油系统故障诊断,0.4545,0.441474,False,0
2,1765848453.684724,2025-12-16 01:27:33,SHIP500-B04-T02768,F02,captain,SK-DIAG-F02,滑油系统故障诊断,0.4545,0.43391,False,0
2,1765848465.910355,2025-12-16 01:27:45,SHIP500-B04-T02769,F02,captain,SK-DIAG-F02,滑油系统故障诊断,0.4545,0.44332,False,0
2,1765848478.1164734,2025-12-16 01:27:58,SHIP500-B04-T02770,F02,captain,SK-DIAG-F02,滑油系统故障诊断,0.4545,0.457273,False,0
2,1765848514.7636592,2025-12-16 01:28:34,SHIP500-B04-T02773,F02,captain,SK-DIAG-F02,滑油系统故障诊断,0.4545,0.446502,False,0
2,1765848612.3434255,2025-12-16 01:30:12,SHIP500-B04-T02781,F02,captain,SK-DIAG-F02,滑油系统故障诊断,0.4545,0.460829,False,0
2,1765848636.6998131,2025-12-16 01:30:36,SHIP500-B04-T02783,F02,captain,SK-DIAG-F02,滑油系统故障诊断,0.4545,0.431075,False,0
2,1765848648.869509,2025-12-16 01:30:48,SHIP500-B04-T02784,F02,captain,SK-DIAG-F02,滑油系统故障诊断,0.4545,0.468025,False,0
2,1765848685.4933245,2025-12-16 01:31:25,SHIP500-B04-T02787,F02,captain,SK-DIAG-F02,滑油系统故障诊断,0.4545,0.454556,False,0
2,1765848758.7245748,2025-12-16 01:32:38,SHIP500-B04-T02793,F02,captain,SK-DIAG-F02,滑油系统故障诊断,0.4545,0.464413,False,0
2,1765848770.923097,2025-12-16 01:32:50,SHIP500-B04-T02794,F02,captain,SK-DIAG-F02,滑油系统故障诊断,0.4545,0.451586,False,0
2,1765848783.1183736,2025-12-16 01:33:03,SHIP500-B04-T02795,F02,captain,SK-DIAG-F02,滑油系统故障诊断,0.4545,0.461929,False,0
2,1765848795.3873315,2025-12-16 01:33:15,SHIP500-B04-T02796,F02,captain,SK-DIAG-F02,滑油系统故障诊断,0.4545,0.458638,False,0
2,1765848844.2153952,2025-12-16 01:34:04,SHIP500-B04-T02800,F02,captain,SK-DIAG-F02,滑油系统故障诊断,0.4545,0.456184,False,0
2,1765848880.8594952,2025-12-16 01:34:40,SHIP500-B04-T02803,F02,captain,SK-DIAG-F02,滑油系统故障诊断,0.4545,0.454015,False,0
2,1765848893.046061,2025-12-16 01:34:53,SHIP500-B04-T02804,F02,captain,SK-DIAG-F02,滑油系统故障诊断,0.4545,0.451048,False,0
2,1765848941.8385816,2025-12-16 01:35:41,SHIP500-B04-T02808,F02,captain,SK-DIAG-F02,滑油系统故障诊断,0.4545,0.449974,False,0
2,1765848954.0235133,2025-12-16 01:35:54,SHIP500-B04-T02809,F02,captain,SK-DIAG-F02,滑油系统故障诊断,0.4545,0.458091,False,0
2,1765848990.5811543,2025-12-16 01:36:30,SHIP500-B04-T02812,F02,captain,SK-DIAG-F02,滑油系统故障诊断,0.4545,0.467747,False,0
2,1765849002.8217912,2025-12-16 01:36:42,SHIP500-B04-T02813,F02,captain,SK-DIAG-F02,滑油系统故障诊断,0.4545,0.471104,False,0
2,1765849027.223842,2025-12-16 01:37:07,SHIP500-B04-T02815,F02,captain,SK-DIAG-F02,滑油系统故障诊断,0.4545,0.482756,False,0
2,1765849075.9832144,2025-12-16 01:37:55,SHIP500-B04-T02819,F02,captain,SK-DIAG-F02,滑油系统故障诊断,0.4545,0.46469,False,0
2,1765849137.022822,2025-12-16 01:38:57,SHIP500-B04-T02824,F02,captain,SK-DIAG-F02,滑油系统故障诊断,0.4545,0.460555,False,0
2,1765849173.5856822,2025-12-16 01:39:33,SHIP500-B04-T02827,F02,captain,SK-DIAG-F02,滑油系统故障诊断,0.4545,0.448903,False,0
2,1765849234.5994303,2025-12-16 01:40:34,SHIP500-B04-T02832,F02,captain,SK-DIAG-F02,滑油系统故障诊断,0.4545,0.451048,False,0
2,1765849258.9902864,2025-12-16 01:40:58,SHIP500-B04-T02834,F02,captain,SK-DIAG-F02,滑油系统故障诊断,0.4545,0.447034,False,0
2,1765849271.1959765,2025-12-16 01:41:11,SHIP500-B04-T02835,F02,captain,SK-DIAG-F02,滑油系统故障诊断,0.4545,0.457546,False,0
2,1765849307.7475548,2025-12-16 01:41:47,SHIP500-B04-T02838,F02,captain,SK-DIAG-F02,滑油系统故障诊断,0.4545,0.463032,False,0
2,1765849393.141161,2025-12-16 01:43:13,SHIP500-B04-T02845,F02,captain,SK-DIAG-F02,滑油系统故障诊断,0.4545,0.460555,False,0
2,1765849405.3417575,2025-12-16 01:43:25,SHIP500-B04-T02846,F02,captain,SK-DIAG-F02,滑油系统故障诊断,0.4545,0.448368,False,0
2,1765849466.3950496,2025-12-16 01:44:26,SHIP500-B04-T02851,F02,captain,SK-DIAG-F02,滑油系统故障诊断,0.4545,0.459458,False,0
2,1765849527.3594637,2025-12-16 01:45:27,SHIP500-B04-T02856,F02,captain,SK-DIAG-F02,滑油系统故障诊断,0.4545,0.484774,False,0
2,1765849539.5661104,2025-12-16 01:45:39,SHIP500-B04-T02857,F02,captain,SK-DIAG-F02,滑油系统故障诊断,0.4545,0.467747,False,0
2,1765849563.9935937,2025-12-16 01:46:03,SHIP500-B04-T02859,F02,captain,SK-DIAG-F02,滑油系统故障诊断,0.4545,0.480174,False,0
2,1765849576.2074015,2025-12-16 01:46:16,SHIP500-B04-T02860,F02,captain,SK-DIAG-F02,滑油系统故障诊断,0.4545,0.485931,False,0
2,1765849600.5917976,2025-12-16 01:46:40,SHIP500-B04-T02862,F02,captain,SK-DIAG-F02,滑油系统故障诊断,0.4545,0.488544,False,0
2,1765849612.7782788,2025-12-16 01:46:52,SHIP500-B04-T02863,F02,captain,SK-DIAG-F02,滑油系统故障诊断,0.4545,0.481607,False,0
2,1765849624.9932263,2025-12-16 01:47:04,SHIP500-B04-T02864,F02,captain,SK-DIAG-F02,滑油系统故障诊断,0.4545,0.492051,False,0
2,1765849722.585317,2025-12-16 01:48:42,SHIP500-B04-T02872,F02,captain,SK-DIAG-F02,滑油系统故障诊断,0.4545,0.462205,False,0
2,1765849771.4539232,2025-12-16 01:49:31,SHIP500-B04-T02876,F02,captain,SK-DIAG-F02,滑油系统故障诊断,0.4545,0.474202,False,0
2,1765849795.8611434,2025-12-16 01:49:55,SHIP500-B04-T02878,F02,captain,SK-DIAG-F02,滑油系统故障诊断,0.4545,0.465799,False,0
2,1765849808.0556664,2025-12-16 01:50:08,SHIP500-B04-T02879,F02,captain,SK-DIAG-F02,滑油系统故障诊断,0.4545,0.487091,False,0
2,1765849844.6612115,2025-12-16 01:50:44,SHIP500-B04-T02882,F02,captain,SK-DIAG-F02,滑油系统故障诊断,0.4545,0.485931,False,0
2,1765849869.100805,2025-12-16 01:51:09,SHIP500-B04-T02884,F02,captain,SK-DIAG-F02,滑油系统故障诊断,0.4545,0.473637,False,0
2,1765849881.2531676,2025-12-16 01:51:21,SHIP500-B04-T02885,F02,captain,SK-DIAG-F02,滑油系统故障诊断,0.4545,0.485642,False,0
2,1765849917.854229,2025-12-16 01:51:57,SHIP500-B04-T02888,F02,captain,SK-DIAG-F02,滑油系统故障诊断,0.4545,0.488544,False,0
2,1765849930.071033,2025-12-16 01:52:10,SHIP500-B04-T02889,F02,captain,SK-DIAG-F02,滑油系统故障诊断,0.4545,0.48046,False,0
2,1765850027.6695285,2025-12-16 01:53:47,SHIP500-B04-T02897,F02,captain,SK-DIAG-F02,滑油系统故障诊断,0.4545,0.46386,False,0
2,1765850039.9187384,2025-12-16 01:53:59,SHIP500-B04-T02898,F02,captain,SK-DIAG-F02,滑油系统故障诊断,0.4545,0.454285,False,0
2,1765850052.148558,2025-12-16 01:54:12,SHIP500-B04-T02899,F02,captain,SK-DIAG-F02,滑油系统故障诊断,0.4545,0.442528,False,0
2,1765850064.3298595,2025-12-16 01:54:24,SHIP500-B04-T02900,F02,captain,SK-DIAG-F02,滑油系统故障诊断,0.4545,0.455098,False,0
2,1765850076.5882268,2025-12-16 01:54:36,SHIP500-B04-T02901,F02,captain,SK-DIAG-F02,滑油系统故障诊断,0.4545,0.440161,False,0
2,1765850101.0303843,2025-12-16 01:55:01,SHIP500-B04-T02903,F02,captain,SK-DIAG-F02,滑油系统故障诊断,0.4545,0.438067,False,0
2,1765850137.6123538,2025-12-16 01:55:37,SHIP500-B04-T02906,F02,captain,SK-DIAG-F02,滑油系统故障诊断,0.4545,0.450779,False,0
2,1765850174.1863186,2025-12-16 01:56:14,SHIP500-B04-T02909,F02,captain,SK-DIAG-F02,滑油系统故障诊断,0.4545,0.442264,False,0
2,1765850198.5700524,2025-12-16 01:56:38,SHIP500-B04-T02911,F02,captain,SK-DIAG-F02,滑油系统故障诊断,0.4545,0.444378,False,0
2,1765850223.0518858,2025-12-16 01:57:03,SHIP500-B04-T02913,F02,captain,SK-DIAG-F02,滑油系统故障诊断,0.4545,0.451048,False,0
2,1765850235.2636716,2025-12-16 01:57:15,SHIP500-B04-T02914,F02,captain,SK-DIAG-F02,滑油系统故障诊断,0.4545,0.475334,False,0
2,1765850247.4748578,2025-12-16 01:57:27,SHIP500-B04-T02915,F02,captain,SK-DIAG-F02,滑油系统故障诊断,0.4545,0.454015,False,0
2,1765850259.6861458,2025-12-16 01:57:39,SHIP500-B04-T02916,F02,captain,SK-DIAG-F02,滑油系统故障诊断,0.4545,0.464137,False,0
2,1765850296.307511,2025-12-16 01:58:16,SHIP500-B04-T02919,F02,captain,SK-DIAG-F02,滑油系统故障诊断,0.4545,0.470823,False,0
2,1765850345.3734162,2025-12-16 01:59:05,SHIP500-B04-T02923,F02,captain,SK-DIAG-F02,滑油系统故障诊断,0.4545,0.473073,False,0
2,1765850479.4693491,2025-12-16 02:01:19,SHIP500-B04-T02934,F02,captain,SK-DIAG-F02,滑油系统故障诊断,0.4545,0.482468,False,0
2,1765850491.6663651,2025-12-16 02:01:31,SHIP500-B04-T02935,F02,captain,SK-DIAG-F02,滑油系统故障诊断,0.4545,0.481033,False,0
2,1765850516.0182545,2025-12-16 02:01:56,SHIP500-B04-T02937,F02,captain,SK-DIAG-F02,滑油系统故障诊断,0.4545,0.470262,False,0
2,1765850552.5655844,2025-12-16 02:02:32,SHIP500-B04-T02940,F02,captain,SK-DIAG-F02,滑油系统故障诊断,0.4545,0.447034,False,0
2,1765850589.1994386,2025-12-16 02:03:09,SHIP500-B04-T02943,F02,captain,SK-DIAG-F02,滑油系统故障诊断,0.4545,0.459185,False,0
2,1765850601.42497,2025-12-16 02:03:21,SHIP500-B04-T02944,F02,captain,SK-DIAG-F02,滑油系统故障诊断,0.4545,0.459185,False,0
2,1765850662.447678,2025-12-16 02:04:22,SHIP500-B04-T02949,F02,captain,SK-DIAG-F02,滑油系统故障诊断,0.4545,0.484197,False,0
2,1765850674.650507,2025-12-16 02:04:34,SHIP500-B04-T02950,F02,captain,SK-DIAG-F02,滑油系统故障诊断,0.4545,0.479316,False,0
2,1765850686.9179122,2025-12-16 02:04:46,SHIP500-B04-T02951,F02,captain,SK-DIAG-F02,滑油系统故障诊断,0.4545,0.477321,False,0
2,1765850760.1298273,2025-12-16 02:06:00,SHIP500-B04-T02957,F02,captain,SK-DIAG-F02,滑油系统故障诊断,0.4545,0.466355,False,0
2,1765850772.362363,2025-12-16 02:06:12,SHIP500-B04-T02958,F02,captain,SK-DIAG-F02,滑油系统故障诊断,0.4545,0.470262,False,0
2,1765850821.198738,2025-12-16 02:07:01,SHIP500-B04-T02962,F02,captain,SK-DIAG-F02,滑油系统故障诊断,0.4545,0.449974,False,0
2,1765850857.8228538,2025-12-16 02:07:37,SHIP500-B04-T02965,F02,captain,SK-DIAG-F02,滑油系统故障诊断,0.4545,0.457546,False,0
2,1765850870.0016215,2025-12-16 02:07:50,SHIP500-B04-T02966,F02,captain,SK-DIAG-F02,滑油系统故障诊断,0.4545,0.440161,False,0
2,1765850882.2057498,2025-12-16 02:08:02,SHIP500-B04-T02967,F02,captain,SK-DIAG-F02,滑油系统故障诊断,0.4545,0.448903,False,0
2,1765850918.7773826,2025-12-16 02:08:38,SHIP500-B04-T02970,F02,captain,SK-DIAG-F02,滑油系统故障诊断,0.4545,0.435205,False,0
2,1765850992.0479908,2025-12-16 02:09:52,SHIP500-B04-T02976,F02,captain,SK-DIAG-F02,滑油系统故障诊断,0.4545,0.436244,False,0
2,1765851004.271169,2025-12-16 02:10:04,SHIP500-B04-T02977,F02,captain,SK-DIAG-F02,滑油系统故障诊断,0.4545,0.444908,False,0
2,1765851016.4398448,2025-12-16 02:10:16,SHIP500-B04-T02978,F02,captain,SK-DIAG-F02,滑油系统故障诊断,0.4545,0.443584,False,0
2,1765851028.6656291,2025-12-16 02:10:28,SHIP500-B04-T02979,F02,captain,SK-DIAG-F02,滑油系统故障诊断,0.4545,0.438328,False,0
2,1765851053.058016,2025-12-16 02:10:53,SHIP500-B04-T02981,F02,captain,SK-DIAG-F02,滑油系统故障诊断,0.4545,0.443056,False,0
2,1765851065.2711294,2025-12-16 02:11:05,SHIP500-B04-T02982,F02,captain,SK-DIAG-F02,滑油系统故障诊断,0.4545,0.450242,False,0
2,1765851089.737561,2025-12-16 02:11:29,SHIP500-B04-T02984,F02,captain,SK-DIAG-F02,滑油系统故障诊断,0.4545,0.46469,False,0
2,1765851101.9404502,2025-12-16 02:11:41,SHIP500-B04-T02985,F02,captain,SK-DIAG-F02,滑油系统故障诊断,0.4545,0.452664,False,0
2,1765851126.3718784,2025-12-16 02:12:06,SHIP500-B04-T02987,F02,captain,SK-DIAG-F02,滑油系统故障诊断,0.4545,0.463308,False,0
2,1765851162.9826348,2025-12-16 02:12:42,SHIP500-B04-T02990,F02,captain,SK-DIAG-F02,滑油系统故障诊断,0.4545,0.465799,False,0
2,1765851175.1841042,2025-12-16 02:12:55,SHIP500-B04-T02991,F02,captain,SK-DIAG-F02,滑油系统故障诊断,0.4545,0.471104,False,0
2,1765851187.4125464,2025-12-16 02:13:07,SHIP500-B04-T02992,F02,captain,SK-DIAG-F02,滑油系统故障诊断,0.4545,0.473919,False,0
2,1765851236.248746,2025-12-16 02:13:56,SHIP500-B04-T02996,F02,captain,SK-DIAG-F02,滑油系统故障诊断,0.4545,0.477036,False,0
2,1765851260.6808262,2025-12-16 02:14:20,SHIP500-B04-T02998,F02,captain,SK-DIAG-F02,滑油系统故障诊断,0.4545,0.469142,False,0
2,1765851321.727069,2025-12-16 02:15:21,SHIP500-B04-T03003,F02,captain,SK-DIAG-F02,滑油系统故障诊断,0.4545,0.462205,False,0
2,1765851333.9354925,2025-12-16 02:15:33,SHIP500-B04-T03004,F02,captain,SK-DIAG-F02,滑油系统故障诊断,0.4545,0.482181,False,0
2,1765851394.9544542,2025-12-16 02:16:34,SHIP500-B04-T03009,F02,captain,SK-DIAG-F02,滑油系统故障诊断,0.4545,0.466911,False,0
2,1765851443.7772768,2025-12-16 02:17:23,SHIP500-B04-T03013,F02,captain,SK-DIAG-F02,滑油系统故障诊断,0.4545,0.48971,False,0
2,1765851480.3885102,2025-12-16 02:18:00,SHIP500-B04-T03016,F02,captain,SK-DIAG-F02,滑油系统故障诊断,0.4545,0.476184,False,0
2,1765851504.7826197,2025-12-16 02:18:24,SHIP500-B04-T03018,F02,captain,SK-DIAG-F02,滑油系统故障诊断,0.4545,0.503021,False,0
2,1765851516.9788914,2025-12-16 02:18:36,SHIP500-B04-T03019,F02,captain,SK-DIAG-F02,滑油系统故障诊断,0.5455,0.498842,False,1
2,1765851516.9788914,2025-12-16 02:18:36,SHIP500-B04-T03019,F06,captain,SK-DIAG-F06,发电机综合故障诊断,0.5455,0.498842,False,1
2,1765851516.9788914,2025-12-16 02:18:36,SHIP500-B04-T03019,F11,captain,SK-DIAG-F11,通讯与传感器故障诊断,0.5455,0.498842,False,1
2,1765851516.9788914,2025-12-16 02:18:36,SHIP500-B04-T03019,*,captain,SK-ACT-CAPTAIN-CMD,应急指挥与决策技能,0.5455,0.498842,False,1
2,1765851529.1906462,2025-12-16 02:18:49,SHIP500-B04-T03020,F02,captain,SK-DIAG-F02,滑油系统故障诊断,0.4545,0.582098,False,0
2,1765851541.395495,2025-12-16 02:19:01,SHIP500-B04-T03021,F02,captain,SK-DIAG-F02,滑油系统故障诊断,0.4545,0.606532,True,0
2,1765851553.578287,2025-12-16 02:19:13,SHIP500-B04-T03022,F02,captain,SK-DIAG-F02,滑油系统故障诊断,0.5455,0.630488,True,1
2,1765851553.578287,2025-12-16 02:19:13,SHIP500-B04-T03022,F06,captain,SK-DIAG-F06,发电机综合故障诊断,0.5455,0.630488,True,1
2,1765851553.578287,2025-12-16 02:19:13,SHIP500-B04-T03022,F11,captain,SK-DIAG-F11,通讯与传感器故障诊断,0.5455,0.630488,True,1
2,1765851553.578287,2025-12-16 02:19:13,SHIP500-B04-T03022,*,captain,SK-ACT-CAPTAIN-CMD,应急指挥与决策技能,0.5455,0.630488,True,1
2,1765851565.7588367,2025-12-16 02:19:25,SHIP500-B04-T03023,F02,captain,SK-DIAG-F02,滑油系统故障诊断,0.5455,0.649171,True,1
2,1765851565.7588367,2025-12-16 02:19:25,SHIP500-B04-T03023,F06,captain,SK-DIAG-F06,发电机综合故障诊断,0.5455,0.649171,True,1
2,1765851565.7588367,2025-12-16 02:19:25,SHIP500-B04-T03023,F11,captain,SK-DIAG-F11,通讯与传感器故障诊断,0.5455,0.649171,True,1
2,1765851565.7588367,2025-12-16 02:19:25,SHIP500-B04-T03023,*,captain,SK-ACT-CAPTAIN-CMD,应急指挥与决策技能,0.5455,0.649171,True,1
2,1765851577.9483943,2025-12-16 02:19:37,SHIP500-B04-T03024,F02,captain,SK-DIAG-F02,滑油系统故障诊断,0.5455,0.668009,True,1
2,1765851577.9483943,2025-12-16 02:19:37,SHIP500-B04-T03024,F06,captain,SK-DIAG-F06,发电机综合故障诊断,0.5455,0.668009,True,1
2,1765851577.9483943,2025-12-16 02:19:37,SHIP500-B04-T03024,F11,captain,SK-DIAG-F11,通讯与传感器故障诊断,0.5455,0.668009,True,1
2,1765851577.9483943,2025-12-16 02:19:37,SHIP500-B04-T03024,*,captain,SK-ACT-CAPTAIN-CMD,应急指挥与决策技能,0.5455,0.668009,True,1
2,1765851590.1524315,2025-12-16 02:19:50,SHIP500-B04-T03025,F02,captain,SK-DIAG-F02,滑油系统故障诊断,0.4545,0.664831,True,0
2,1765851602.3851662,2025-12-16 02:20:02,SHIP500-B04-T03026,F02,captain,SK-DIAG-F02,滑油系统故障诊断,0.4545,0.674811,True,0
2,1765851614.57644,2025-12-16 02:20:14,SHIP500-B04-T03027,F02,captain,SK-DIAG-F02,滑油系统故障诊断,0.5455,0.67844,True,1
2,1765851614.57644,2025-12-16 02:20:14,SHIP500-B04-T03027,F06,captain,SK-DIAG-F06,发电机综合故障诊断,0.5455,0.67844,True,1
2,1765851614.57644,2025-12-16 02:20:14,SHIP500-B04-T03027,F11,captain,SK-DIAG-F11,通讯与传感器故障诊断,0.5455,0.67844,True,1
2,1765851614.57644,2025-12-16 02:20:14,SHIP500-B04-T03027,*,captain,SK-ACT-CAPTAIN-CMD,应急指挥与决策技能,0.5455,0.67844,True,1
2,1765851626.7779405,2025-12-16 02:20:26,SHIP500-B04-T03028,F02,captain,SK-DIAG-F02,滑油系统故障诊断,0.5455,0.671601,True,1
2,1765851626.7779405,2025-12-16 02:20:26,SHIP500-B04-T03028,F06,captain,SK-DIAG-F06,发电机综合故障诊断,0.5455,0.671601,True,1
2,1765851626.7779405,2025-12-16 02:20:26,SHIP500-B04-T03028,F11,captain,SK-DIAG-F11,通讯与传感器故障诊断,0.5455,0.671601,True,1
2,1765851626.7779405,2025-12-16 02:20:26,SHIP500-B04-T03028,*,captain,SK-ACT-CAPTAIN-CMD,应急指挥与决策技能,0.5455,0.671601,True,1
2,1765851639.0007086,2025-12-16 02:20:39,SHIP500-B04-T03029,F02,captain,SK-DIAG-F02,滑油系统故障诊断,0.5455,0.672402,True,1
2,1765851639.0007086,2025-12-16 02:20:39,SHIP500-B04-T03029,F06,captain,SK-DIAG-F06,发电机综合故障诊断,0.5455,0.672402,True,1
2,1765851639.0007086,2025-12-16 02:20:39,SHIP500-B04-T03029,F11,captain,SK-DIAG-F11,通讯与传感器故障诊断,0.5455,0.672402,True,1
2,1765851639.0007086,2025-12-16 02:20:39,SHIP500-B04-T03029,*,captain,SK-ACT-CAPTAIN-CMD,应急指挥与决策技能,0.5455,0.672402,True,1
2,1765851651.209339,2025-12-16 02:20:51,SHIP500-B04-T03030,F02,captain,SK-DIAG-F02,滑油系统故障诊断,0.5455,0.670401,True,1
2,1765851651.209339,2025-12-16 02:20:51,SHIP500-B04-T03030,F06,captain,SK-DIAG-F06,发电机综合故障诊断,0.5455,0.670401,True,1
2,1765851651.209339,2025-12-16 02:20:51,SHIP500-B04-T03030,F11,captain,SK-DIAG-F11,通讯与传感器故障诊断,0.5455,0.670401,True,1
2,1765851651.209339,2025-12-16 02:20:51,SHIP500-B04-T03030,*,captain,SK-ACT-CAPTAIN-CMD,应急指挥与决策技能,0.5455,0.670401,True,1
2,1765851663.4075236,2025-12-16 02:21:03,SHIP500-B04-T03031,F02,captain,SK-DIAG-F02,滑油系统故障诊断,0.5455,0.671601,True,1
2,1765851663.4075236,2025-12-16 02:21:03,SHIP500-B04-T03031,F06,captain,SK-DIAG-F06,发电机综合故障诊断,0.5455,0.671601,True,1
2,1765851663.4075236,2025-12-16 02:21:03,SHIP500-B04-T03031,F11,captain,SK-DIAG-F11,通讯与传感器故障诊断,0.5455,0.671601,True,1
2,1765851663.4075236,2025-12-16 02:21:03,SHIP500-B04-T03031,*,captain,SK-ACT-CAPTAIN-CMD,应急指挥与决策技能,0.5455,0.671601,True,1
2,1765851675.5811973,2025-12-16 02:21:15,SHIP500-B04-T03032,F02,captain,SK-DIAG-F02,滑油系统故障诊断,0.5455,0.667213,True,1
2,1765851675.5811973,2025-12-16 02:21:15,SHIP500-B04-T03032,F06,captain,SK-DIAG-F06,发电机综合故障诊断,0.5455,0.667213,True,1
2,1765851675.5811973,2025-12-16 02:21:15,SHIP500-B04-T03032,F11,captain,SK-DIAG-F11,通讯与传感器故障诊断,0.5455,0.667213,True,1
2,1765851675.5811973,2025-12-16 02:21:15,SHIP500-B04-T03032,*,captain,SK-ACT-CAPTAIN-CMD,应急指挥与决策技能,0.5455,0.667213,True,1
2,1765851687.7704902,2025-12-16 02:21:27,SHIP500-B04-T03033,F02,captain,SK-DIAG-F02,滑油系统故障诊断,0.4545,0.669204,True,0
2,1765851699.9812255,2025-12-16 02:21:39,SHIP500-B04-T03034,F02,captain,SK-DIAG-F02,滑油系统故障诊断,0.4545,0.668407,True,0
2,1765851712.2280746,2025-12-16 02:21:52,SHIP500-B04-T03035,F02,captain,SK-DIAG-F02,滑油系统故障诊断,0.4545,0.668407,True,0
2,1765851724.4433997,2025-12-16 02:22:04,SHIP500-B04-T03036,F02,captain,SK-DIAG-F02,滑油系统故障诊断,0.5455,0.666815,True,1
2,1765851724.4433997,2025-12-16 02:22:04,SHIP500-B04-T03036,F06,captain,SK-DIAG-F06,发电机综合故障诊断,0.5455,0.666815,True,1
2,1765851724.4433997,2025-12-16 02:22:04,SHIP500-B04-T03036,F11,captain,SK-DIAG-F11,通讯与传感器故障诊断,0.5455,0.666815,True,1
2,1765851724.4433997,2025-12-16 02:22:04,SHIP500-B04-T03036,*,captain,SK-ACT-CAPTAIN-CMD,应急指挥与决策技能,0.5455,0.666815,True,1
2,1765851736.6328034,2025-12-16 02:22:16,SHIP500-B04-T03037,F02,captain,SK-DIAG-F02,滑油系统故障诊断,0.4545,0.66404,True,0
2,1765851748.8135736,2025-12-16 02:22:28,SHIP500-B04-T03038,F02,captain,SK-DIAG-F02,滑油系统故障诊断,0.5455,0.663249,True,1
2,1765851748.8135736,2025-12-16 02:22:28,SHIP500-B04-T03038,F06,captain,SK-DIAG-F06,发电机综合故障诊断,0.5455,0.663249,True,1
2,1765851748.8135736,2025-12-16 02:22:28,SHIP500-B04-T03038,F11,captain,SK-DIAG-F11,通讯与传感器故障诊断,0.5455,0.663249,True,1
2,1765851748.8135736,2025-12-16 02:22:28,SHIP500-B04-T03038,*,captain,SK-ACT-CAPTAIN-CMD,应急指挥与决策技能,0.5455,0.663249,True,1
2,1765851761.0199225,2025-12-16 02:22:41,SHIP500-B04-T03039,F02,captain,SK-DIAG-F02,滑油系统故障诊断,0.5455,0.65813,True,1
2,1765851761.0199225,2025-12-16 02:22:41,SHIP500-B04-T03039,F06,captain,SK-DIAG-F06,发电机综合故障诊断,0.5455,0.65813,True,1
2,1765851761.0199225,2025-12-16 02:22:41,SHIP500-B04-T03039,F11,captain,SK-DIAG-F11,通讯与传感器故障诊断,0.5455,0.65813,True,1
2,1765851761.0199225,2025-12-16 02:22:41,SHIP500-B04-T03039,*,captain,SK-ACT-CAPTAIN-CMD,应急指挥与决策技能,0.5455,0.65813,True,1
2,1765851773.192227,2025-12-16 02:22:53,SHIP500-B04-T03040,F02,captain,SK-DIAG-F02,滑油系统故障诊断,0.4545,0.657346,True,0
2,1765851785.417746,2025-12-16 02:23:05,SHIP500-B04-T03041,F02,captain,SK-DIAG-F02,滑油系统故障诊断,0.4545,0.659701,True,0
2,1765851797.6235037,2025-12-16 02:23:17,SHIP500-B04-T03042,F02,captain,SK-DIAG-F02,滑油系统故障诊断,0.5455,0.649945,True,1
2,1765851797.6235037,2025-12-16 02:23:17,SHIP500-B04-T03042,F06,captain,SK-DIAG-F06,发电机综合故障诊断,0.5455,0.649945,True,1
2,1765851797.6235037,2025-12-16 02:23:17,SHIP500-B04-T03042,F11,captain,SK-DIAG-F11,通讯与传感器故障诊断,0.5455,0.649945,True,1
2,1765851797.6235037,2025-12-16 02:23:17,SHIP500-B04-T03042,*,captain,SK-ACT-CAPTAIN-CMD,应急指挥与决策技能,0.5455,0.649945,True,1
2,1765851809.8259163,2025-12-16 02:23:29,SHIP500-B04-T03043,F02,captain,SK-DIAG-F02,滑油系统故障诊断,0.4545,0.651885,True,0
2,1765851822.0425391,2025-12-16 02:23:42,SHIP500-B04-T03044,F02,captain,SK-DIAG-F02,滑油系统故障诊断,0.5455,0.646083,True,1
2,1765851822.0425391,2025-12-16 02:23:42,SHIP500-B04-T03044,F06,captain,SK-DIAG-F06,发电机综合故障诊断,0.5455,0.646083,True,1
2,1765851822.0425391,2025-12-16 02:23:42,SHIP500-B04-T03044,F11,captain,SK-DIAG-F11,通讯与传感器故障诊断,0.5455,0.646083,True,1
2,1765851822.0425391,2025-12-16 02:23:42,SHIP500-B04-T03044,*,captain,SK-ACT-CAPTAIN-CMD,应急指挥与决策技能,0.5455,0.646083,True,1
2,1765851834.273102,2025-12-16 02:23:54,SHIP500-B04-T03045,F02,captain,SK-DIAG-F02,滑油系统故障诊断,0.4545,0.647239,True,0
2,1765851846.4944146,2025-12-16 02:24:06,SHIP500-B04-T03046,F02,captain,SK-DIAG-F02,滑油系统故障诊断,0.4545,0.644161,True,0
2,1765851858.6925778,2025-12-16 02:24:18,SHIP500-B04-T03047,F02,captain,SK-DIAG-F02,滑油系统故障诊断,0.5455,0.645698,True,1
2,1765851858.6925778,2025-12-16 02:24:18,SHIP500-B04-T03047,F06,captain,SK-DIAG-F06,发电机综合故障诊断,0.5455,0.645698,True,1
2,1765851858.6925778,2025-12-16 02:24:18,SHIP500-B04-T03047,F11,captain,SK-DIAG-F11,通讯与传感器故障诊断,0.5455,0.645698,True,1
2,1765851858.6925778,2025-12-16 02:24:18,SHIP500-B04-T03047,*,captain,SK-ACT-CAPTAIN-CMD,应急指挥与决策技能,0.5455,0.645698,True,1
2,1765851870.887745,2025-12-16 02:24:30,SHIP500-B04-T03048,F02,captain,SK-DIAG-F02,滑油系统故障诊断,0.5455,0.643394,True,1
2,1765851870.887745,2025-12-16 02:24:30,SHIP500-B04-T03048,F06,captain,SK-DIAG-F06,发电机综合故障诊断,0.5455,0.643394,True,1
2,1765851870.887745,2025-12-16 02:24:30,SHIP500-B04-T03048,F11,captain,SK-DIAG-F11,通讯与传感器故障诊断,0.5455,0.643394,True,1
2,1765851870.887745,2025-12-16 02:24:30,SHIP500-B04-T03048,*,captain,SK-ACT-CAPTAIN-CMD,应急指挥与决策技能,0.5455,0.643394,True,1
2,1765851883.0944924,2025-12-16 02:24:43,SHIP500-B04-T03049,F02,captain,SK-DIAG-F02,滑油系统故障诊断,0.5455,0.644161,True,1
2,1765851883.0944924,2025-12-16 02:24:43,SHIP500-B04-T03049,F06,captain,SK-DIAG-F06,发电机综合故障诊断,0.5455,0.644161,True,1
2,1765851883.0944924,2025-12-16 02:24:43,SHIP500-B04-T03049,F11,captain,SK-DIAG-F11,通讯与传感器故障诊断,0.5455,0.644161,True,1
2,1765851883.0944924,2025-12-16 02:24:43,SHIP500-B04-T03049,*,captain,SK-ACT-CAPTAIN-CMD,应急指挥与决策技能,0.5455,0.644161,True,1
2,1765851895.3009157,2025-12-16 02:24:55,SHIP500-B04-T03050,F02,captain,SK-DIAG-F02,滑油系统故障诊断,0.5455,0.643394,True,1
2,1765851895.3009157,2025-12-16 02:24:55,SHIP500-B04-T03050,F06,captain,SK-DIAG-F06,发电机综合故障诊断,0.5455,0.643394,True,1
2,1765851895.3009157,2025-12-16 02:24:55,SHIP500-B04-T03050,F11,captain,SK-DIAG-F11,通讯与传感器故障诊断,0.5455,0.643394,True,1
2,1765851895.3009157,2025-12-16 02:24:55,SHIP500-B04-T03050,*,captain,SK-ACT-CAPTAIN-CMD,应急指挥与决策技能,0.5455,0.643394,True,1
2,1765851907.5162177,2025-12-16 02:25:07,SHIP500-B04-T03051,F02,captain,SK-DIAG-F02,滑油系统故障诊断,0.5455,0.646854,True,1
2,1765851907.5162177,2025-12-16 02:25:07,SHIP500-B04-T03051,F06,captain,SK-DIAG-F06,发电机综合故障诊断,0.5455,0.646854,True,1
2,1765851907.5162177,2025-12-16 02:25:07,SHIP500-B04-T03051,F11,captain,SK-DIAG-F11,通讯与传感器故障诊断,0.5455,0.646854,True,1
2,1765851907.5162177,2025-12-16 02:25:07,SHIP500-B04-T03051,*,captain,SK-ACT-CAPTAIN-CMD,应急指挥与决策技能,0.5455,0.646854,True,1
2,1765851919.7815487,2025-12-16 02:25:19,SHIP500-B04-T03052,F02,captain,SK-DIAG-F02,滑油系统故障诊断,0.5455,0.643394,True,1
2,1765851919.7815487,2025-12-16 02:25:19,SHIP500-B04-T03052,F06,captain,SK-DIAG-F06,发电机综合故障诊断,0.5455,0.643394,True,1
2,1765851919.7815487,2025-12-16 02:25:19,SHIP500-B04-T03052,F11,captain,SK-DIAG-F11,通讯与传感器故障诊断,0.5455,0.643394,True,1
2,1765851919.7815487,2025-12-16 02:25:19,SHIP500-B04-T03052,*,captain,SK-ACT-CAPTAIN-CMD,应急指挥与决策技能,0.5455,0.643394,True,1
2,1765851931.9842565,2025-12-16 02:25:31,SHIP500-B04-T03053,F02,captain,SK-DIAG-F02,滑油系统故障诊断,0.5455,0.643777,True,1
2,1765851931.9842565,2025-12-16 02:25:31,SHIP500-B04-T03053,F06,captain,SK-DIAG-F06,发电机综合故障诊断,0.5455,0.643777,True,1
2,1765851931.9842565,2025-12-16 02:25:31,SHIP500-B04-T03053,F11,captain,SK-DIAG-F11,通讯与传感器故障诊断,0.5455,0.643777,True,1
2,1765851931.9842565,2025-12-16 02:25:31,SHIP500-B04-T03053,*,captain,SK-ACT-CAPTAIN-CMD,应急指挥与决策技能,0.5455,0.643777,True,1
2,1765851944.176234,2025-12-16 02:25:44,SHIP500-B04-T03054,F02,captain,SK-DIAG-F02,滑油系统故障诊断,0.5455,0.65461,True,1
2,1765851944.176234,2025-12-16 02:25:44,SHIP500-B04-T03054,F06,captain,SK-DIAG-F06,发电机综合故障诊断,0.5455,0.65461,True,1
2,1765851944.176234,2025-12-16 02:25:44,SHIP500-B04-T03054,F11,captain,SK-DIAG-F11,通讯与传感器故障诊断,0.5455,0.65461,True,1
2,1765851944.176234,2025-12-16 02:25:44,SHIP500-B04-T03054,*,captain,SK-ACT-CAPTAIN-CMD,应急指挥与决策技能,0.5455,0.65461,True,1
2,1765851956.3694458,2025-12-16 02:25:56,SHIP500-B04-T03055,F02,captain,SK-DIAG-F02,滑油系统故障诊断,0.5455,0.656563,True,1
2,1765851956.3694458,2025-12-16 02:25:56,SHIP500-B04-T03055,F06,captain,SK-DIAG-F06,发电机综合故障诊断,0.5455,0.656563,True,1
2,1765851956.3694458,2025-12-16 02:25:56,SHIP500-B04-T03055,F11,captain,SK-DIAG-F11,通讯与传感器故障诊断,0.5455,0.656563,True,1
2,1765851956.3694458,2025-12-16 02:25:56,SHIP500-B04-T03055,*,captain,SK-ACT-CAPTAIN-CMD,应急指挥与决策技能,0.5455,0.656563,True,1
2,1765851968.541301,2025-12-16 02:26:08,SHIP500-B04-T03056,F02,captain,SK-DIAG-F02,滑油系统故障诊断,0.4545,0.655781,True,0
2,1765851980.7499974,2025-12-16 02:26:20,SHIP500-B04-T03057,F02,captain,SK-DIAG-F02,滑油系统故障诊断,0.5455,0.653051,True,1
2,1765851980.7499974,2025-12-16 02:26:20,SHIP500-B04-T03057,F06,captain,SK-DIAG-F06,发电机综合故障诊断,0.5455,0.653051,True,1
2,1765851980.7499974,2025-12-16 02:26:20,SHIP500-B04-T03057,F11,captain,SK-DIAG-F11,通讯与传感器故障诊断,0.5455,0.653051,True,1
2,1765851980.7499974,2025-12-16 02:26:20,SHIP500-B04-T03057,*,captain,SK-ACT-CAPTAIN-CMD,应急指挥与决策技能,0.5455,0.653051,True,1
2,1765851992.9575346,2025-12-16 02:26:32,SHIP500-B04-T03058,F02,captain,SK-DIAG-F02,滑油系统故障诊断,0.5455,0.651108,True,1
2,1765851992.9575346,2025-12-16 02:26:32,SHIP500-B04-T03058,F06,captain,SK-DIAG-F06,发电机综合故障诊断,0.5455,0.651108,True,1
2,1765851992.9575346,2025-12-16 02:26:32,SHIP500-B04-T03058,F11,captain,SK-DIAG-F11,通讯与传感器故障诊断,0.5455,0.651108,True,1
2,1765851992.9575346,2025-12-16 02:26:32,SHIP500-B04-T03058,*,captain,SK-ACT-CAPTAIN-CMD,应急指挥与决策技能,0.5455,0.651108,True,1
2,1765852005.157551,2025-12-16 02:26:45,SHIP500-B04-T03059,F02,captain,SK-DIAG-F02,滑油系统故障诊断,0.4545,0.65539,True,0
2,1765852017.3494098,2025-12-16 02:26:57,SHIP500-B04-T03060,F02,captain,SK-DIAG-F02,滑油系统故障诊断,0.5455,0.670801,True,1
2,1765852017.3494098,2025-12-16 02:26:57,SHIP500-B04-T03060,F06,captain,SK-DIAG-F06,发电机综合故障诊断,0.5455,0.670801,True,1
2,1765852017.3494098,2025-12-16 02:26:57,SHIP500-B04-T03060,F11,captain,SK-DIAG-F11,通讯与传感器故障诊断,0.5455,0.670801,True,1
2,1765852017.3494098,2025-12-16 02:26:57,SHIP500-B04-T03060,*,captain,SK-ACT-CAPTAIN-CMD,应急指挥与决策技能,0.5455,0.670801,True,1
2,1765852029.567623,2025-12-16 02:27:09,SHIP500-B04-T03061,F02,captain,SK-DIAG-F02,滑油系统故障诊断,0.4545,0.670002,True,0
2,1765852041.781202,2025-12-16 02:27:21,SHIP500-B04-T03062,F02,captain,SK-DIAG-F02,滑油系统故障诊断,0.4545,0.672001,True,0
2,1765852053.9905224,2025-12-16 02:27:33,SHIP500-B04-T03063,F02,captain,SK-DIAG-F02,滑油系统故障诊断,0.4545,0.670801,True,0
2,1765852066.197738,2025-12-16 02:27:46,SHIP500-B04-T03064,F02,captain,SK-DIAG-F02,滑油系统故障诊断,0.5455,0.666418,True,1
2,1765852066.197738,2025-12-16 02:27:46,SHIP500-B04-T03064,F06,captain,SK-DIAG-F06,发电机综合故障诊断,0.5455,0.666418,True,1
2,1765852066.197738,2025-12-16 02:27:46,SHIP500-B04-T03064,F11,captain,SK-DIAG-F11,通讯与传感器故障诊断,0.5455,0.666418,True,1
2,1765852066.197738,2025-12-16 02:27:46,SHIP500-B04-T03064,*,captain,SK-ACT-CAPTAIN-CMD,应急指挥与决策技能,0.5455,0.666418,True,1
2,1765852078.3764725,2025-12-16 02:27:58,SHIP500-B04-T03065,F02,captain,SK-DIAG-F02,滑油系统故障诊断,0.5455,0.656954,True,1
2,1765852078.3764725,2025-12-16 02:27:58,SHIP500-B04-T03065,F06,captain,SK-DIAG-F06,发电机综合故障诊断,0.5455,0.656954,True,1
2,1765852078.3764725,2025-12-16 02:27:58,SHIP500-B04-T03065,F11,captain,SK-DIAG-F11,通讯与传感器故障诊断,0.5455,0.656954,True,1
2,1765852078.3764725,2025-12-16 02:27:58,SHIP500-B04-T03065,*,captain,SK-ACT-CAPTAIN-CMD,应急指挥与决策技能,0.5455,0.656954,True,1
2,1765852737.2709312,2025-12-16 02:38:57,SHIP500-B04-T03119,F06,crew,SK-DIAG-F06,发电机综合故障诊断,0.5455,0.643394,True,1
2,1765852737.2709312,2025-12-16 02:38:57,SHIP500-B04-T03119,F10,crew,SK-DIAG-F10,气缸排温异常诊断,0.5455,0.643394,True,1
2,1765852737.2709312,2025-12-16 02:38:57,SHIP500-B04-T03119,*,crew,SK-ACT-CREW-OPS,机舱巡查与就地处置技能,0.5455,0.643394,True,1
2,1765852749.4642222,2025-12-16 02:39:09,SHIP500-B04-T03120,F06,crew,SK-DIAG-F06,发电机综合故障诊断,0.5455,0.634257,True,1
2,1765852749.4642222,2025-12-16 02:39:09,SHIP500-B04-T03120,F10,crew,SK-DIAG-F10,气缸排温异常诊断,0.5455,0.634257,True,1
2,1765852749.4642222,2025-12-16 02:39:09,SHIP500-B04-T03120,*,crew,SK-ACT-CREW-OPS,机舱巡查与就地处置技能,0.5455,0.634257,True,1
2,1765852761.6551323,2025-12-16 02:39:21,SHIP500-B04-T03121,F06,crew,SK-DIAG-F06,发电机综合故障诊断,0.5455,0.627864,True,1
2,1765852761.6551323,2025-12-16 02:39:21,SHIP500-B04-T03121,F10,crew,SK-DIAG-F10,气缸排温异常诊断,0.5455,0.627864,True,1
2,1765852761.6551323,2025-12-16 02:39:21,SHIP500-B04-T03121,*,crew,SK-ACT-CREW-OPS,机舱巡查与就地处置技能,0.5455,0.627864,True,1
2,1765852773.8776176,2025-12-16 02:39:33,SHIP500-B04-T03122,F06,crew,SK-DIAG-F06,发电机综合故障诊断,0.5455,0.601852,True,1
2,1765852773.8776176,2025-12-16 02:39:33,SHIP500-B04-T03122,F10,crew,SK-DIAG-F10,气缸排温异常诊断,0.5455,0.601852,True,1
2,1765852773.8776176,2025-12-16 02:39:33,SHIP500-B04-T03122,*,crew,SK-ACT-CREW-OPS,机舱巡查与就地处置技能,0.5455,0.601852,True,1
2,1765852786.0668528,2025-12-16 02:39:46,SHIP500-B04-T03123,F06,crew,SK-DIAG-F06,发电机综合故障诊断,0.5455,0.600419,True,1
2,1765852786.0668528,2025-12-16 02:39:46,SHIP500-B04-T03123,F10,crew,SK-DIAG-F10,气缸排温异常诊断,0.5455,0.600419,True,1
2,1765852786.0668528,2025-12-16 02:39:46,SHIP500-B04-T03123,*,crew,SK-ACT-CREW-OPS,机舱巡查与就地处置技能,0.5455,0.600419,True,1
2,1765852798.2616386,2025-12-16 02:39:58,SHIP500-B04-T03124,F06,crew,SK-DIAG-F06,发电机综合故障诊断,0.6364,0.600419,True,1
2,1765852798.2616386,2025-12-16 02:39:58,SHIP500-B04-T03124,F10,crew,SK-DIAG-F10,气缸排温异常诊断,0.6364,0.600419,True,1
2,1765852798.2616386,2025-12-16 02:39:58,SHIP500-B04-T03124,F11,crew,SK-DIAG-F11,通讯与传感器故障诊断,0.6364,0.600419,True,1
2,1765852798.2616386,2025-12-16 02:39:58,SHIP500-B04-T03124,*,crew,SK-ACT-CREW-OPS,机舱巡查与就地处置技能,0.6364,0.600419,True,1
2,1765852810.463021,2025-12-16 02:40:10,SHIP500-B04-T03125,F06,crew,SK-DIAG-F06,发电机综合故障诊断,0.6364,0.600777,True,1
2,1765852810.463021,2025-12-16 02:40:10,SHIP500-B04-T03125,F10,crew,SK-DIAG-F10,气缸排温异常诊断,0.6364,0.600777,True,1
2,1765852810.463021,2025-12-16 02:40:10,SHIP500-B04-T03125,F11,crew,SK-DIAG-F11,通讯与传感器故障诊断,0.6364,0.600777,True,1
2,1765852810.463021,2025-12-16 02:40:10,SHIP500-B04-T03125,*,crew,SK-ACT-CREW-OPS,机舱巡查与就地处置技能,0.6364,0.600777,True,1
2,1765852822.6323714,2025-12-16 02:40:22,SHIP500-B04-T03126,F06,crew,SK-DIAG-F06,发电机综合故障诊断,0.6364,0.602929,True,1
2,1765852822.6323714,2025-12-16 02:40:22,SHIP500-B04-T03126,F10,crew,SK-DIAG-F10,气缸排温异常诊断,0.6364,0.602929,True,1
2,1765852822.6323714,2025-12-16 02:40:22,SHIP500-B04-T03126,F11,crew,SK-DIAG-F11,通讯与传感器故障诊断,0.6364,0.602929,True,1
2,1765852822.6323714,2025-12-16 02:40:22,SHIP500-B04-T03126,*,crew,SK-ACT-CREW-OPS,机舱巡查与就地处置技能,0.6364,0.602929,True,1
2,1765852834.831376,2025-12-16 02:40:34,SHIP500-B04-T03127,F06,crew,SK-DIAG-F06,发电机综合故障诊断,0.5455,0.602929,True,1
2,1765852834.831376,2025-12-16 02:40:34,SHIP500-B04-T03127,F10,crew,SK-DIAG-F10,气缸排温异常诊断,0.5455,0.602929,True,1
2,1765852834.831376,2025-12-16 02:40:34,SHIP500-B04-T03127,*,crew,SK-ACT-CREW-OPS,机舱巡查与就地处置技能,0.5455,0.602929,True,1
2,1765852847.0452466,2025-12-16 02:40:47,SHIP500-B04-T03128,F06,crew,SK-DIAG-F06,发电机综合故障诊断,0.6364,0.604368,True,1
2,1765852847.0452466,2025-12-16 02:40:47,SHIP500-B04-T03128,F10,crew,SK-DIAG-F10,气缸排温异常诊断,0.6364,0.604368,True,1
2,1765852847.0452466,2025-12-16 02:40:47,SHIP500-B04-T03128,F11,crew,SK-DIAG-F11,通讯与传感器故障诊断,0.6364,0.604368,True,1
2,1765852847.0452466,2025-12-16 02:40:47,SHIP500-B04-T03128,*,crew,SK-ACT-CREW-OPS,机舱巡查与就地处置技能,0.6364,0.604368,True,1
2,1765852859.2530572,2025-12-16 02:40:59,SHIP500-B04-T03129,F06,crew,SK-DIAG-F06,发电机综合故障诊断,0.6364,0.604007,True,1
2,1765852859.2530572,2025-12-16 02:40:59,SHIP500-B04-T03129,F10,crew,SK-DIAG-F10,气缸排温异常诊断,0.6364,0.604007,True,1
2,1765852859.2530572,2025-12-16 02:40:59,SHIP500-B04-T03129,F11,crew,SK-DIAG-F11,通讯与传感器故障诊断,0.6364,0.604007,True,1
2,1765852859.2530572,2025-12-16 02:40:59,SHIP500-B04-T03129,*,crew,SK-ACT-CREW-OPS,机舱巡查与就地处置技能,0.6364,0.604007,True,1
2,1765852871.432468,2025-12-16 02:41:11,SHIP500-B04-T03130,F06,crew,SK-DIAG-F06,发电机综合故障诊断,0.5455,0.605449,True,1
2,1765852871.432468,2025-12-16 02:41:11,SHIP500-B04-T03130,F10,crew,SK-DIAG-F10,气缸排温异常诊断,0.5455,0.605449,True,1
2,1765852871.432468,2025-12-16 02:41:11,SHIP500-B04-T03130,*,crew,SK-ACT-CREW-OPS,机舱巡查与就地处置技能,0.5455,0.605449,True,1
2,1765852883.6143656,2025-12-16 02:41:23,SHIP500-B04-T03131,F06,crew,SK-DIAG-F06,发电机综合故障诊断,0.5455,0.614171,True,1
2,1765852883.6143656,2025-12-16 02:41:23,SHIP500-B04-T03131,F10,crew,SK-DIAG-F10,气缸排温异常诊断,0.5455,0.614171,True,1
2,1765852883.6143656,2025-12-16 02:41:23,SHIP500-B04-T03131,*,crew,SK-ACT-CREW-OPS,机舱巡查与就地处置技能,0.5455,0.614171,True,1
2,1765852895.8154268,2025-12-16 02:41:35,SHIP500-B04-T03132,F06,crew,SK-DIAG-F06,发电机综合故障诊断,0.5455,0.604007,True,1
2,1765852895.8154268,2025-12-16 02:41:35,SHIP500-B04-T03132,F10,crew,SK-DIAG-F10,气缸排温异常诊断,0.5455,0.604007,True,1
2,1765852895.8154268,2025-12-16 02:41:35,SHIP500-B04-T03132,*,crew,SK-ACT-CREW-OPS,机舱巡查与就地处置技能,0.5455,0.604007,True,1
2,1765852908.033563,2025-12-16 02:41:48,SHIP500-B04-T03133,F06,crew,SK-DIAG-F06,发电机综合故障诊断,0.6364,0.608342,True,1
2,1765852908.033563,2025-12-16 02:41:48,SHIP500-B04-T03133,F10,crew,SK-DIAG-F10,气缸排温异常诊断,0.6364,0.608342,True,1
2,1765852908.033563,2025-12-16 02:41:48,SHIP500-B04-T03133,F11,crew,SK-DIAG-F11,通讯与传感器故障诊断,0.6364,0.608342,True,1
2,1765852908.033563,2025-12-16 02:41:48,SHIP500-B04-T03133,*,crew,SK-ACT-CREW-OPS,机舱巡查与就地处置技能,0.6364,0.608342,True,1
2,1765852920.2340086,2025-12-16 02:42:00,SHIP500-B04-T03134,F06,crew,SK-DIAG-F06,发电机综合故障诊断,0.5455,0.597207,False,1
2,1765852920.2340086,2025-12-16 02:42:00,SHIP500-B04-T03134,F10,crew,SK-DIAG-F10,气缸排温异常诊断,0.5455,0.597207,False,1
2,1765852920.2340086,2025-12-16 02:42:00,SHIP500-B04-T03134,*,crew,SK-ACT-CREW-OPS,机舱巡查与就地处置技能,0.5455,0.597207,False,1
2,1765852932.4263985,2025-12-16 02:42:12,SHIP500-B04-T03135,F06,crew,SK-DIAG-F06,发电机综合故障诊断,0.5455,0.603288,True,1
2,1765852932.4263985,2025-12-16 02:42:12,SHIP500-B04-T03135,F10,crew,SK-DIAG-F10,气缸排温异常诊断,0.5455,0.603288,True,1
2,1765852932.4263985,2025-12-16 02:42:12,SHIP500-B04-T03135,*,crew,SK-ACT-CREW-OPS,机舱巡查与就地处置技能,0.5455,0.603288,True,1
2,1765852944.5837965,2025-12-16 02:42:24,SHIP500-B04-T03136,F06,crew,SK-DIAG-F06,发电机综合故障诊断,0.6364,0.607256,True,1
2,1765852944.5837965,2025-12-16 02:42:24,SHIP500-B04-T03136,F10,crew,SK-DIAG-F10,气缸排温异常诊断,0.6364,0.607256,True,1
2,1765852944.5837965,2025-12-16 02:42:24,SHIP500-B04-T03136,F11,crew,SK-DIAG-F11,通讯与传感器故障诊断,0.6364,0.607256,True,1
2,1765852944.5837965,2025-12-16 02:42:24,SHIP500-B04-T03136,*,crew,SK-ACT-CREW-OPS,机舱巡查与就地处置技能,0.6364,0.607256,True,1
2,1765852956.7727294,2025-12-16 02:42:36,SHIP500-B04-T03137,F06,crew,SK-DIAG-F06,发电机综合故障诊断,0.6364,0.585926,False,1
2,1765852956.7727294,2025-12-16 02:42:36,SHIP500-B04-T03137,F10,crew,SK-DIAG-F10,气缸排温异常诊断,0.6364,0.585926,False,1
2,1765852956.7727294,2025-12-16 02:42:36,SHIP500-B04-T03137,F11,crew,SK-DIAG-F11,通讯与传感器故障诊断,0.6364,0.585926,False,1
2,1765852956.7727294,2025-12-16 02:42:36,SHIP500-B04-T03137,*,crew,SK-ACT-CREW-OPS,机舱巡查与就地处置技能,0.6364,0.585926,False,1
2,1765852968.9849036,2025-12-16 02:42:48,SHIP500-B04-T03138,F06,crew,SK-DIAG-F06,发电机综合故障诊断,0.6364,0.584531,False,1
2,1765852968.9849036,2025-12-16 02:42:48,SHIP500-B04-T03138,F10,crew,SK-DIAG-F10,气缸排温异常诊断,0.6364,0.584531,False,1
2,1765852968.9849036,2025-12-16 02:42:48,SHIP500-B04-T03138,F11,crew,SK-DIAG-F11,通讯与传感器故障诊断,0.6364,0.584531,False,1
2,1765852968.9849036,2025-12-16 02:42:48,SHIP500-B04-T03138,*,crew,SK-ACT-CREW-OPS,机舱巡查与就地处置技能,0.6364,0.584531,False,1
2,1765852981.1735427,2025-12-16 02:43:01,SHIP500-B04-T03139,F06,crew,SK-DIAG-F06,发电机综合故障诊断,0.6364,0.575544,False,1
2,1765852981.1735427,2025-12-16 02:43:01,SHIP500-B04-T03139,F10,crew,SK-DIAG-F10,气缸排温异常诊断,0.6364,0.575544,False,1
2,1765852981.1735427,2025-12-16 02:43:01,SHIP500-B04-T03139,F11,crew,SK-DIAG-F11,通讯与传感器故障诊断,0.6364,0.575544,False,1
2,1765852981.1735427,2025-12-16 02:43:01,SHIP500-B04-T03139,*,crew,SK-ACT-CREW-OPS,机舱巡查与就地处置技能,0.6364,0.575544,False,1
2,1765852993.363962,2025-12-16 02:43:13,SHIP500-B04-T03140,F06,crew,SK-DIAG-F06,发电机综合故障诊断,0.5455,0.56737,False,1
2,1765852993.363962,2025-12-16 02:43:13,SHIP500-B04-T03140,F10,crew,SK-DIAG-F10,气缸排温异常诊断,0.5455,0.56737,False,1
2,1765852993.363962,2025-12-16 02:43:13,SHIP500-B04-T03140,*,crew,SK-ACT-CREW-OPS,机舱巡查与就地处置技能,0.5455,0.56737,False,1
2,1765853005.5578716,2025-12-16 02:43:25,SHIP500-B04-T03141,F06,crew,SK-DIAG-F06,发电机综合故障诊断,0.5455,0.580712,False,1
2,1765853005.5578716,2025-12-16 02:43:25,SHIP500-B04-T03141,F10,crew,SK-DIAG-F10,气缸排温异常诊断,0.5455,0.580712,False,1
2,1765853005.5578716,2025-12-16 02:43:25,SHIP500-B04-T03141,*,crew,SK-ACT-CREW-OPS,机舱巡查与就地处置技能,0.5455,0.580712,False,1
2,1765853017.807487,2025-12-16 02:43:37,SHIP500-B04-T03142,F06,crew,SK-DIAG-F06,发电机综合故障诊断,0.5455,0.573489,False,1
2,1765853017.807487,2025-12-16 02:43:37,SHIP500-B04-T03142,F10,crew,SK-DIAG-F10,气缸排温异常诊断,0.5455,0.573489,False,1
2,1765853017.807487,2025-12-16 02:43:37,SHIP500-B04-T03142,*,crew,SK-ACT-CREW-OPS,机舱巡查与就地处置技能,0.5455,0.573489,False,1
2,1765853030.0133097,2025-12-16 02:43:50,SHIP500-B04-T03143,F06,crew,SK-DIAG-F06,发电机综合故障诊断,0.5455,0.553016,False,1
2,1765853030.0133097,2025-12-16 02:43:50,SHIP500-B04-T03143,F10,crew,SK-DIAG-F10,气缸排温异常诊断,0.5455,0.553016,False,1
2,1765853030.0133097,2025-12-16 02:43:50,SHIP500-B04-T03143,*,crew,SK-ACT-CREW-OPS,机舱巡查与就地处置技能,0.5455,0.553016,False,1
2,1765853042.2200727,2025-12-16 02:44:02,SHIP500-B04-T03144,F06,crew,SK-DIAG-F06,发电机综合故障诊断,0.6364,0.554666,False,1
2,1765853042.2200727,2025-12-16 02:44:02,SHIP500-B04-T03144,F10,crew,SK-DIAG-F10,气缸排温异常诊断,0.6364,0.554666,False,1
2,1765853042.2200727,2025-12-16 02:44:02,SHIP500-B04-T03144,F11,crew,SK-DIAG-F11,通讯与传感器故障诊断,0.6364,0.554666,False,1
2,1765853042.2200727,2025-12-16 02:44:02,SHIP500-B04-T03144,*,crew,SK-ACT-CREW-OPS,机舱巡查与就地处置技能,0.6364,0.554666,False,1
2,1765853054.4202182,2025-12-16 02:44:14,SHIP500-B04-T03145,F06,crew,SK-DIAG-F06,发电机综合故障诊断,0.6364,0.557982,False,1
2,1765853054.4202182,2025-12-16 02:44:14,SHIP500-B04-T03145,F10,crew,SK-DIAG-F10,气缸排温异常诊断,0.6364,0.557982,False,1
2,1765853054.4202182,2025-12-16 02:44:14,SHIP500-B04-T03145,F11,crew,SK-DIAG-F11,通讯与传感器故障诊断,0.6364,0.557982,False,1
2,1765853054.4202182,2025-12-16 02:44:14,SHIP500-B04-T03145,*,crew,SK-ACT-CREW-OPS,机舱巡查与就地处置技能,0.6364,0.557982,False,1
2,1765853066.6001122,2025-12-16 02:44:26,SHIP500-B04-T03146,F06,crew,SK-DIAG-F06,发电机综合故障诊断,0.5455,0.55898,False,1
2,1765853066.6001122,2025-12-16 02:44:26,SHIP500-B04-T03146,F10,crew,SK-DIAG-F10,气缸排温异常诊断,0.5455,0.55898,False,1
2,1765853066.6001122,2025-12-16 02:44:26,SHIP500-B04-T03146,*,crew,SK-ACT-CREW-OPS,机舱巡查与就地处置技能,0.5455,0.55898,False,1
2,1765853078.8302362,2025-12-16 02:44:38,SHIP500-B04-T03147,F06,crew,SK-DIAG-F06,发电机综合故障诊断,0.5455,0.574516,False,1
2,1765853078.8302362,2025-12-16 02:44:38,SHIP500-B04-T03147,F10,crew,SK-DIAG-F10,气缸排温异常诊断,0.5455,0.574516,False,1
2,1765853078.8302362,2025-12-16 02:44:38,SHIP500-B04-T03147,*,crew,SK-ACT-CREW-OPS,机舱巡查与就地处置技能,0.5455,0.574516,False,1
2,1765853091.0345588,2025-12-16 02:44:51,SHIP500-B04-T03148,F10,maintenance,SK-DIAG-F10,气缸排温异常诊断,0.4545,0.537101,False,0
2,1765853103.2733407,2025-12-16 02:45:03,SHIP500-B04-T03149,F10,maintenance,SK-DIAG-F10,气缸排温异常诊断,0.4545,0.521643,False,0
2,1765853115.4166243,2025-12-16 02:45:15,SHIP500-B04-T03150,F10,maintenance,SK-DIAG-F10,气缸排温异常诊断,0.4545,0.54257,False,0
2,1765853127.6397765,2025-12-16 02:45:27,SHIP500-B04-T03151,F06,crew,SK-DIAG-F06,发电机综合故障诊断,0.5455,0.517926,False,1
2,1765853127.6397765,2025-12-16 02:45:27,SHIP500-B04-T03151,F10,crew,SK-DIAG-F10,气缸排温异常诊断,0.5455,0.517926,False,1
2,1765853127.6397765,2025-12-16 02:45:27,SHIP500-B04-T03151,F11,crew,SK-DIAG-F11,通讯与传感器故障诊断,0.5455,0.517926,False,1
2,1765853127.6397765,2025-12-16 02:45:27,SHIP500-B04-T03151,*,crew,SK-ACT-CREW-OPS,机舱巡查与就地处置技能,0.5455,0.517926,False,1
2,1765853139.8817277,2025-12-16 02:45:39,SHIP500-B04-T03152,F10,maintenance,SK-DIAG-F10,气缸排温异常诊断,0.4545,0.526641,False,0
2,1765853152.0867162,2025-12-16 02:45:52,SHIP500-B04-T03153,F06,crew,SK-DIAG-F06,发电机综合故障诊断,0.5455,0.500032,False,1
2,1765853152.0867162,2025-12-16 02:45:52,SHIP500-B04-T03153,F10,crew,SK-DIAG-F10,气缸排温异常诊断,0.5455,0.500032,False,1
2,1765853152.0867162,2025-12-16 02:45:52,SHIP500-B04-T03153,F11,crew,SK-DIAG-F11,通讯与传感器故障诊断,0.5455,0.500032,False,1
2,1765853152.0867162,2025-12-16 02:45:52,SHIP500-B04-T03153,*,crew,SK-ACT-CREW-OPS,机舱巡查与就地处置技能,0.5455,0.500032,False,1
2,1765853164.2946002,2025-12-16 02:46:04,SHIP500-B04-T03154,F06,crew,SK-DIAG-F06,发电机综合故障诊断,0.5455,0.51179,False,1
2,1765853164.2946002,2025-12-16 02:46:04,SHIP500-B04-T03154,F10,crew,SK-DIAG-F10,气缸排温异常诊断,0.5455,0.51179,False,1
2,1765853164.2946002,2025-12-16 02:46:04,SHIP500-B04-T03154,F11,crew,SK-DIAG-F11,通讯与传感器故障诊断,0.5455,0.51179,False,1
2,1765853164.2946002,2025-12-16 02:46:04,SHIP500-B04-T03154,*,crew,SK-ACT-CREW-OPS,机舱巡查与就地处置技能,0.5455,0.51179,False,1
2,1765853176.4884942,2025-12-16 02:46:16,SHIP500-B04-T03155,F06,crew,SK-DIAG-F06,发电机综合故障诊断,0.5455,0.503921,False,1
2,1765853176.4884942,2025-12-16 02:46:16,SHIP500-B04-T03155,F10,crew,SK-DIAG-F10,气缸排温异常诊断,0.5455,0.503921,False,1
2,1765853176.4884942,2025-12-16 02:46:16,SHIP500-B04-T03155,F11,crew,SK-DIAG-F11,通讯与传感器故障诊断,0.5455,0.503921,False,1
2,1765853176.4884942,2025-12-16 02:46:16,SHIP500-B04-T03155,*,crew,SK-ACT-CREW-OPS,机舱巡查与就地处置技能,0.5455,0.503921,False,1
2,1765853188.6822517,2025-12-16 02:46:28,SHIP500-B04-T03156,F06,crew,SK-DIAG-F06,发电机综合故障诊断,0.5455,0.509052,False,1
2,1765853188.6822517,2025-12-16 02:46:28,SHIP500-B04-T03156,F10,crew,SK-DIAG-F10,气缸排温异常诊断,0.5455,0.509052,False,1
2,1765853188.6822517,2025-12-16 02:46:28,SHIP500-B04-T03156,F11,crew,SK-DIAG-F11,通讯与传感器故障诊断,0.5455,0.509052,False,1
2,1765853188.6822517,2025-12-16 02:46:28,SHIP500-B04-T03156,*,crew,SK-ACT-CREW-OPS,机舱巡查与就地处置技能,0.5455,0.509052,False,1
2,1765853200.8932903,2025-12-16 02:46:40,SHIP500-B04-T03157,F06,crew,SK-DIAG-F06,发电机综合故障诊断,0.5455,0.51118,False,1
2,1765853200.8932903,2025-12-16 02:46:40,SHIP500-B04-T03157,F10,crew,SK-DIAG-F10,气缸排温异常诊断,0.5455,0.51118,False,1
2,1765853200.8932903,2025-12-16 02:46:40,SHIP500-B04-T03157,F11,crew,SK-DIAG-F11,通讯与传感器故障诊断,0.5455,0.51118,False,1
2,1765853200.8932903,2025-12-16 02:46:40,SHIP500-B04-T03157,*,crew,SK-ACT-CREW-OPS,机舱巡查与就地处置技能,0.5455,0.51118,False,1
2,1765853213.1144085,2025-12-16 02:46:53,SHIP500-B04-T03158,F10,maintenance,SK-DIAG-F10,气缸排温异常诊断,0.4545,0.509659,False,0
2,1765853225.3904214,2025-12-16 02:47:05,SHIP500-B04-T03159,F10,maintenance,SK-DIAG-F10,气缸排温异常诊断,0.4545,0.499734,False,0
2,1765853237.580651,2025-12-16 02:47:17,SHIP500-B04-T03160,F10,maintenance,SK-DIAG-F10,气缸排温异常诊断,0.4545,0.503921,False,0
2,1765853249.78129,2025-12-16 02:47:29,SHIP500-B04-T03161,F10,maintenance,SK-DIAG-F10,气缸排温异常诊断,0.4545,0.504522,False,0
2,1765853261.9442618,2025-12-16 02:47:41,SHIP500-B04-T03162,F10,maintenance,SK-DIAG-F10,气缸排温异常诊断,0.4545,0.509963,False,0
2,1765853274.1635854,2025-12-16 02:47:54,SHIP500-B04-T03163,F06,crew,SK-DIAG-F06,发电机综合故障诊断,0.5455,0.517001,False,1
2,1765853274.1635854,2025-12-16 02:47:54,SHIP500-B04-T03163,F10,crew,SK-DIAG-F10,气缸排温异常诊断,0.5455,0.517001,False,1
2,1765853274.1635854,2025-12-16 02:47:54,SHIP500-B04-T03163,F11,crew,SK-DIAG-F11,通讯与传感器故障诊断,0.5455,0.517001,False,1
2,1765853274.1635854,2025-12-16 02:47:54,SHIP500-B04-T03163,*,crew,SK-ACT-CREW-OPS,机舱巡查与就地处置技能,0.5455,0.517001,False,1
2,1765853286.435613,2025-12-16 02:48:06,SHIP500-B04-T03164,F10,maintenance,SK-DIAG-F10,气缸排温异常诊断,0.4545,0.5124,False,0
2,1765853298.6242113,2025-12-16 02:48:18,SHIP500-B04-T03165,F06,crew,SK-DIAG-F06,发电机综合故障诊断,0.5455,0.488544,False,1
2,1765853298.6242113,2025-12-16 02:48:18,SHIP500-B04-T03165,F10,crew,SK-DIAG-F10,气缸排温异常诊断,0.5455,0.488544,False,1
2,1765853298.6242113,2025-12-16 02:48:18,SHIP500-B04-T03165,F11,crew,SK-DIAG-F11,通讯与传感器故障诊断,0.5455,0.488544,False,1
2,1765853298.6242113,2025-12-16 02:48:18,SHIP500-B04-T03165,*,crew,SK-ACT-CREW-OPS,机舱巡查与就地处置技能,0.5455,0.488544,False,1
2,1765853310.819014,2025-12-16 02:48:30,SHIP500-B04-T03166,F06,crew,SK-DIAG-F06,发电机综合故障诊断,0.5455,0.495878,False,1
2,1765853310.819014,2025-12-16 02:48:30,SHIP500-B04-T03166,F10,crew,SK-DIAG-F10,气缸排温异常诊断,0.5455,0.495878,False,1
2,1765853310.819014,2025-12-16 02:48:30,SHIP500-B04-T03166,F11,crew,SK-DIAG-F11,通讯与传感器故障诊断,0.5455,0.495878,False,1
2,1765853310.819014,2025-12-16 02:48:30,SHIP500-B04-T03166,*,crew,SK-ACT-CREW-OPS,机舱巡查与就地处置技能,0.5455,0.495878,False,1
2,1765853323.026273,2025-12-16 02:48:43,SHIP500-B04-T03167,F10,maintenance,SK-DIAG-F10,气缸排温异常诊断,0.4545,0.502122,False,0
2,1765853335.2134612,2025-12-16 02:48:55,SHIP500-B04-T03168,F10,maintenance,SK-DIAG-F10,气缸排温异常诊断,0.4545,0.484197,False,0
2,1765853347.4207177,2025-12-16 02:49:07,SHIP500-B04-T03169,F06,crew,SK-DIAG-F06,发电机综合故障诊断,0.5455,0.500628,False,1
2,1765853347.4207177,2025-12-16 02:49:07,SHIP500-B04-T03169,F10,crew,SK-DIAG-F10,气缸排温异常诊断,0.5455,0.500628,False,1
2,1765853347.4207177,2025-12-16 02:49:07,SHIP500-B04-T03169,F11,crew,SK-DIAG-F11,通讯与传感器故障诊断,0.5455,0.500628,False,1
2,1765853347.4207177,2025-12-16 02:49:07,SHIP500-B04-T03169,*,crew,SK-ACT-CREW-OPS,机舱巡查与就地处置技能,0.5455,0.500628,False,1
2,1765853359.611385,2025-12-16 02:49:19,SHIP500-B04-T03170,F06,crew,SK-DIAG-F06,发电机综合故障诊断,0.5455,0.484485,False,1
2,1765853359.611385,2025-12-16 02:49:19,SHIP500-B04-T03170,F10,crew,SK-DIAG-F10,气缸排温异常诊断,0.5455,0.484485,False,1
2,1765853359.611385,2025-12-16 02:49:19,SHIP500-B04-T03170,F11,crew,SK-DIAG-F11,通讯与传感器故障诊断,0.5455,0.484485,False,1
2,1765853359.611385,2025-12-16 02:49:19,SHIP500-B04-T03170,*,crew,SK-ACT-CREW-OPS,机舱巡查与就地处置技能,0.5455,0.484485,False,1
2,1765853371.7755165,2025-12-16 02:49:31,SHIP500-B04-T03171,F06,crew,SK-DIAG-F06,发电机综合故障诊断,0.5455,0.47505,False,1
2,1765853371.7755165,2025-12-16 02:49:31,SHIP500-B04-T03171,F10,crew,SK-DIAG-F10,气缸排温异常诊断,0.5455,0.47505,False,1
2,1765853371.7755165,2025-12-16 02:49:31,SHIP500-B04-T03171,F11,crew,SK-DIAG-F11,通讯与传感器故障诊断,0.5455,0.47505,False,1
2,1765853371.7755165,2025-12-16 02:49:31,SHIP500-B04-T03171,*,crew,SK-ACT-CREW-OPS,机舱巡查与就地处置技能,0.5455,0.47505,False,1
2,1765853383.9986446,2025-12-16 02:49:43,SHIP500-B04-T03172,F06,crew,SK-DIAG-F06,发电机综合故障诊断,0.5455,0.477321,False,1
2,1765853383.9986446,2025-12-16 02:49:43,SHIP500-B04-T03172,F10,crew,SK-DIAG-F10,气缸排温异常诊断,0.5455,0.477321,False,1
2,1765853383.9986446,2025-12-16 02:49:43,SHIP500-B04-T03172,F11,crew,SK-DIAG-F11,通讯与传感器故障诊断,0.5455,0.477321,False,1
2,1765853383.9986446,2025-12-16 02:49:43,SHIP500-B04-T03172,*,crew,SK-ACT-CREW-OPS,机舱巡查与就地处置技能,0.5455,0.477321,False,1
2,1765853396.2063005,2025-12-16 02:49:56,SHIP500-B04-T03173,F10,maintenance,SK-DIAG-F10,气缸排温异常诊断,0.4545,0.472791,False,0
2,1765853408.415484,2025-12-16 02:50:08,SHIP500-B04-T03174,F10,maintenance,SK-DIAG-F10,气缸排温异常诊断,0.4545,0.467189,False,0
2,1765853420.6238992,2025-12-16 02:50:20,SHIP500-B04-T03175,F10,maintenance,SK-DIAG-F10,气缸排温异常诊断,0.4545,0.47505,False,0
2,1765853432.8246424,2025-12-16 02:50:32,SHIP500-B04-T03176,F06,crew,SK-DIAG-F06,发电机综合故障诊断,0.5455,0.467747,False,1
2,1765853432.8246424,2025-12-16 02:50:32,SHIP500-B04-T03176,F10,crew,SK-DIAG-F10,气缸排温异常诊断,0.5455,0.467747,False,1
2,1765853432.8246424,2025-12-16 02:50:32,SHIP500-B04-T03176,F11,crew,SK-DIAG-F11,通讯与传感器故障诊断,0.5455,0.467747,False,1
2,1765853432.8246424,2025-12-16 02:50:32,SHIP500-B04-T03176,*,crew,SK-ACT-CREW-OPS,机舱巡查与就地处置技能,0.5455,0.467747,False,1
2,1765853445.013033,2025-12-16 02:50:45,SHIP500-B04-T03177,F10,maintenance,SK-DIAG-F10,气缸排温异常诊断,0.4545,0.459732,False,0
2,1765853457.2218924,2025-12-16 02:50:57,SHIP500-B04-T03178,F10,maintenance,SK-DIAG-F10,气缸排温异常诊断,0.4545,0.466355,False,0
2,1765853469.418273,2025-12-16 02:51:09,SHIP500-B04-T03179,F10,maintenance,SK-DIAG-F10,气缸排温异常诊断,0.4545,0.453474,False,0
2,1765853481.6242614,2025-12-16 02:51:21,SHIP500-B04-T03180,F10,maintenance,SK-DIAG-F10,气缸排温异常诊断,0.4545,0.450511,False,0
2,1765853493.8202803,2025-12-16 02:51:33,SHIP500-B04-T03181,F10,maintenance,SK-DIAG-F10,气缸排温异常诊断,0.4545,0.487962,False,0
2,1765853506.0258453,2025-12-16 02:51:46,SHIP500-B04-T03182,F06,crew,SK-DIAG-F06,发电机综合故障诊断,0.5455,0.447567,False,1
2,1765853506.0258453,2025-12-16 02:51:46,SHIP500-B04-T03182,F10,crew,SK-DIAG-F10,气缸排温异常诊断,0.5455,0.447567,False,1
2,1765853506.0258453,2025-12-16 02:51:46,SHIP500-B04-T03182,F11,crew,SK-DIAG-F11,通讯与传感器故障诊断,0.5455,0.447567,False,1
2,1765853506.0258453,2025-12-16 02:51:46,SHIP500-B04-T03182,*,crew,SK-ACT-CREW-OPS,机舱巡查与就地处置技能,0.5455,0.447567,False,1
2,1765853518.2330637,2025-12-16 02:51:58,SHIP500-B04-T03183,F10,maintenance,SK-DIAG-F10,气缸排温异常诊断,0.4545,0.449706,False,0
2,1765853530.4408312,2025-12-16 02:52:10,SHIP500-B04-T03184,F10,maintenance,SK-DIAG-F10,气缸排温异常诊断,0.4545,0.460829,False,0
2,1765853542.6277523,2025-12-16 02:52:22,SHIP500-B04-T03185,F06,crew,SK-DIAG-F06,发电机综合故障诊断,0.5455,0.437806,False,1
2,1765853542.6277523,2025-12-16 02:52:22,SHIP500-B04-T03185,F10,crew,SK-DIAG-F10,气缸排温异常诊断,0.5455,0.437806,False,1
2,1765853542.6277523,2025-12-16 02:52:22,SHIP500-B04-T03185,F11,crew,SK-DIAG-F11,通讯与传感器故障诊断,0.5455,0.437806,False,1
2,1765853542.6277523,2025-12-16 02:52:22,SHIP500-B04-T03185,*,crew,SK-ACT-CREW-OPS,机舱巡查与就地处置技能,0.5455,0.437806,False,1
2,1765853554.8144722,2025-12-16 02:52:34,SHIP500-B04-T03186,F10,maintenance,SK-DIAG-F10,气缸排温异常诊断,0.4545,0.465522,False,0
2,1765853567.017237,2025-12-16 02:52:47,SHIP500-B04-T03187,F10,maintenance,SK-DIAG-F10,气缸排温异常诊断,0.4545,0.433135,False,0
2,1765853579.2409668,2025-12-16 02:52:59,SHIP500-B04-T03188,F10,maintenance,SK-DIAG-F10,气缸排温异常诊断,0.4545,0.440161,False,0
2,1765853591.44552,2025-12-16 02:53:11,SHIP500-B04-T03189,F10,maintenance,SK-DIAG-F10,气缸排温异常诊断,0.4545,0.437285,False,0
2,1765853603.6404471,2025-12-16 02:53:23,SHIP500-B04-T03190,F06,crew,SK-DIAG-F06,发电机综合故障诊断,0.5455,0.430562,False,1
2,1765853603.6404471,2025-12-16 02:53:23,SHIP500-B04-T03190,F10,crew,SK-DIAG-F10,气缸排温异常诊断,0.5455,0.430562,False,1
2,1765853603.6404471,2025-12-16 02:53:23,SHIP500-B04-T03190,F11,crew,SK-DIAG-F11,通讯与传感器故障诊断,0.5455,0.430562,False,1
2,1765853603.6404471,2025-12-16 02:53:23,SHIP500-B04-T03190,*,crew,SK-ACT-CREW-OPS,机舱巡查与就地处置技能,0.5455,0.430562,False,1
2,1765853615.8370216,2025-12-16 02:53:35,SHIP500-B04-T03191,F10,maintenance,SK-DIAG-F10,气缸排温异常诊断,0.4545,0.437806,False,0
2,1765853628.050963,2025-12-16 02:53:48,SHIP500-B04-T03192,F10,maintenance,SK-DIAG-F10,气缸排温异常诊断,0.4545,0.453744,False,0
2,1765853640.259559,2025-12-16 02:54:00,SHIP500-B04-T03193,F10,maintenance,SK-DIAG-F10,气缸排温异常诊断,0.4545,0.433652,False,0
2,1765853652.4555566,2025-12-16 02:54:12,SHIP500-B04-T03194,F10,maintenance,SK-DIAG-F10,气缸排温异常诊断,0.4545,0.466633,False,0
2,1765853664.6359303,2025-12-16 02:54:24,SHIP500-B04-T03195,F10,maintenance,SK-DIAG-F10,气缸排温异常诊断,0.4545,0.490002,False,0
2,1765853676.8442678,2025-12-16 02:54:36,SHIP500-B04-T03196,F10,maintenance,SK-DIAG-F10,气缸排温异常诊断,0.4545,0.442001,False,0
2,1765853689.049403,2025-12-16 02:54:49,SHIP500-B04-T03197,F10,maintenance,SK-DIAG-F10,气缸排温异常诊断,0.4545,0.449974,False,0
2,1765853701.261695,2025-12-16 02:55:01,SHIP500-B04-T03198,F10,maintenance,SK-DIAG-F10,气缸排温异常诊断,0.4545,0.450242,False,0
2,1765853713.482082,2025-12-16 02:55:13,SHIP500-B04-T03199,F10,maintenance,SK-DIAG-F10,气缸排温异常诊断,0.4545,0.47505,False,0
2,1765853725.6645036,2025-12-16 02:55:25,SHIP500-B04-T03200,F06,crew,SK-DIAG-F06,发电机综合故障诊断,0.5455,0.455913,False,1
2,1765853725.6645036,2025-12-16 02:55:25,SHIP500-B04-T03200,F10,crew,SK-DIAG-F10,气缸排温异常诊断,0.5455,0.455913,False,1
2,1765853725.6645036,2025-12-16 02:55:25,SHIP500-B04-T03200,F11,crew,SK-DIAG-F11,通讯与传感器故障诊断,0.5455,0.455913,False,1
2,1765853725.6645036,2025-12-16 02:55:25,SHIP500-B04-T03200,*,crew,SK-ACT-CREW-OPS,机舱巡查与就地处置技能,0.5455,0.455913,False,1
2,1765853737.9187405,2025-12-16 02:55:37,SHIP500-B04-T03201,F06,crew,SK-DIAG-F06,发电机综合故障诊断,0.5455,0.450242,False,1
2,1765853737.9187405,2025-12-16 02:55:37,SHIP500-B04-T03201,F10,crew,SK-DIAG-F10,气缸排温异常诊断,0.5455,0.450242,False,1
2,1765853737.9187405,2025-12-16 02:55:37,SHIP500-B04-T03201,F11,crew,SK-DIAG-F11,通讯与传感器故障诊断,0.5455,0.450242,False,1
2,1765853737.9187405,2025-12-16 02:55:37,SHIP500-B04-T03201,*,crew,SK-ACT-CREW-OPS,机舱巡查与就地处置技能,0.5455,0.450242,False,1
2,1765853750.1222866,2025-12-16 02:55:50,SHIP500-B04-T03202,F06,crew,SK-DIAG-F06,发电机综合故障诊断,0.5455,0.451317,False,1
2,1765853750.1222866,2025-12-16 02:55:50,SHIP500-B04-T03202,F10,crew,SK-DIAG-F10,气缸排温异常诊断,0.5455,0.451317,False,1
2,1765853750.1222866,2025-12-16 02:55:50,SHIP500-B04-T03202,F11,crew,SK-DIAG-F11,通讯与传感器故障诊断,0.5455,0.451317,False,1
2,1765853750.1222866,2025-12-16 02:55:50,SHIP500-B04-T03202,*,crew,SK-ACT-CREW-OPS,机舱巡查与就地处置技能,0.5455,0.451317,False,1
2,1765853762.3302228,2025-12-16 02:56:02,SHIP500-B04-T03203,F10,maintenance,SK-DIAG-F10,气缸排温异常诊断,0.4545,0.450779,False,0
2,1765853774.5618415,2025-12-16 02:56:14,SHIP500-B04-T03204,F06,crew,SK-DIAG-F06,发电机综合故障诊断,0.5455,0.462205,False,1
2,1765853774.5618415,2025-12-16 02:56:14,SHIP500-B04-T03204,F10,crew,SK-DIAG-F10,气缸排温异常诊断,0.5455,0.462205,False,1
2,1765853774.5618415,2025-12-16 02:56:14,SHIP500-B04-T03204,F11,crew,SK-DIAG-F11,通讯与传感器故障诊断,0.5455,0.462205,False,1
2,1765853774.5618415,2025-12-16 02:56:14,SHIP500-B04-T03204,*,crew,SK-ACT-CREW-OPS,机舱巡查与就地处置技能,0.5455,0.462205,False,1
2,1765853786.7599576,2025-12-16 02:56:26,SHIP500-B05-T03205,F10,maintenance,SK-DIAG-F10,气缸排温异常诊断,0.4545,0.467468,False,0
2,1765853798.9504318,2025-12-16 02:56:38,SHIP500-B05-T03206,F06,crew,SK-DIAG-F06,发电机综合故障诊断,0.5455,0.471104,False,1
2,1765853798.9504318,2025-12-16 02:56:38,SHIP500-B05-T03206,F10,crew,SK-DIAG-F10,气缸排温异常诊断,0.5455,0.471104,False,1
2,1765853798.9504318,2025-12-16 02:56:38,SHIP500-B05-T03206,F11,crew,SK-DIAG-F11,通讯与传感器故障诊断,0.5455,0.471104,False,1
2,1765853798.9504318,2025-12-16 02:56:38,SHIP500-B05-T03206,*,crew,SK-ACT-CREW-OPS,机舱巡查与就地处置技能,0.5455,0.471104,False,1
2,1765853811.127308,2025-12-16 02:56:51,SHIP500-B05-T03207,F10,maintenance,SK-DIAG-F10,气缸排温异常诊断,0.4545,0.467468,False,0
2,1765853823.3418934,2025-12-16 02:57:03,SHIP500-B05-T03208,F06,crew,SK-DIAG-F06,发电机综合故障诊断,0.5455,0.467468,False,1
2,1765853823.3418934,2025-12-16 02:57:03,SHIP500-B05-T03208,F10,crew,SK-DIAG-F10,气缸排温异常诊断,0.5455,0.467468,False,1
2,1765853823.3418934,2025-12-16 02:57:03,SHIP500-B05-T03208,F11,crew,SK-DIAG-F11,通讯与传感器故障诊断,0.5455,0.467468,False,1
2,1765853823.3418934,2025-12-16 02:57:03,SHIP500-B05-T03208,*,crew,SK-ACT-CREW-OPS,机舱巡查与就地处置技能,0.5455,0.467468,False,1
2,1765853835.5573184,2025-12-16 02:57:15,SHIP500-B05-T03209,F10,maintenance,SK-DIAG-F10,气缸排温异常诊断,0.4545,0.473919,False,0
2,1765853847.7532358,2025-12-16 02:57:27,SHIP500-B05-T03210,F06,crew,SK-DIAG-F06,发电机综合故障诊断,0.5455,0.463308,False,1
2,1765853847.7532358,2025-12-16 02:57:27,SHIP500-B05-T03210,F10,crew,SK-DIAG-F10,气缸排温异常诊断,0.5455,0.463308,False,1
2,1765853847.7532358,2025-12-16 02:57:27,SHIP500-B05-T03210,F11,crew,SK-DIAG-F11,通讯与传感器故障诊断,0.5455,0.463308,False,1
2,1765853847.7532358,2025-12-16 02:57:27,SHIP500-B05-T03210,*,crew,SK-ACT-CREW-OPS,机舱巡查与就地处置技能,0.5455,0.463308,False,1
2,1765853859.9949925,2025-12-16 02:57:39,SHIP500-B05-T03211,F06,crew,SK-DIAG-F06,发电机综合故障诊断,0.5455,0.448635,False,1
2,1765853859.9949925,2025-12-16 02:57:39,SHIP500-B05-T03211,F10,crew,SK-DIAG-F10,气缸排温异常诊断,0.5455,0.448635,False,1
2,1765853859.9949925,2025-12-16 02:57:39,SHIP500-B05-T03211,F11,crew,SK-DIAG-F11,通讯与传感器故障诊断,0.5455,0.448635,False,1
2,1765853859.9949925,2025-12-16 02:57:39,SHIP500-B05-T03211,*,crew,SK-ACT-CREW-OPS,机舱巡查与就地处置技能,0.5455,0.448635,False,1
2,1765853872.1976202,2025-12-16 02:57:52,SHIP500-B05-T03212,F06,crew,SK-DIAG-F06,发电机综合故障诊断,0.5455,0.461654,False,1
2,1765853872.1976202,2025-12-16 02:57:52,SHIP500-B05-T03212,F10,crew,SK-DIAG-F10,气缸排温异常诊断,0.5455,0.461654,False,1
2,1765853872.1976202,2025-12-16 02:57:52,SHIP500-B05-T03212,F11,crew,SK-DIAG-F11,通讯与传感器故障诊断,0.5455,0.461654,False,1
2,1765853872.1976202,2025-12-16 02:57:52,SHIP500-B05-T03212,*,crew,SK-ACT-CREW-OPS,机舱巡查与就地处置技能,0.5455,0.461654,False,1
2,1765853884.4095428,2025-12-16 02:58:04,SHIP500-B05-T03213,F10,maintenance,SK-DIAG-F10,气缸排温异常诊断,0.4545,0.465522,False,0
2,1765853896.6042376,2025-12-16 02:58:16,SHIP500-B05-T03214,F10,maintenance,SK-DIAG-F10,气缸排温异常诊断,0.4545,0.489127,False,0
2,1765853908.8303542,2025-12-16 02:58:28,SHIP500-B05-T03215,F10,maintenance,SK-DIAG-F10,气缸排温异常诊断,0.4545,0.459185,False,0
2,1765853921.0372195,2025-12-16 02:58:41,SHIP500-B05-T03216,F06,crew,SK-DIAG-F06,发电机综合故障诊断,0.5455,0.454556,False,1
2,1765853921.0372195,2025-12-16 02:58:41,SHIP500-B05-T03216,F10,crew,SK-DIAG-F10,气缸排温异常诊断,0.5455,0.454556,False,1
2,1765853921.0372195,2025-12-16 02:58:41,SHIP500-B05-T03216,F11,crew,SK-DIAG-F11,通讯与传感器故障诊断,0.5455,0.454556,False,1
2,1765853921.0372195,2025-12-16 02:58:41,SHIP500-B05-T03216,*,crew,SK-ACT-CREW-OPS,机舱巡查与就地处置技能,0.5455,0.454556,False,1
2,1765853933.30405,2025-12-16 02:58:53,SHIP500-B05-T03217,F10,maintenance,SK-DIAG-F10,气缸排温异常诊断,0.4545,0.443849,False,0
2,1765853945.5133543,2025-12-16 02:59:05,SHIP500-B05-T03218,F06,crew,SK-DIAG-F06,发电机综合故障诊断,0.5455,0.467189,False,1
2,1765853945.5133543,2025-12-16 02:59:05,SHIP500-B05-T03218,F10,crew,SK-DIAG-F10,气缸排温异常诊断,0.5455,0.467189,False,1
2,1765853945.5133543,2025-12-16 02:59:05,SHIP500-B05-T03218,F11,crew,SK-DIAG-F11,通讯与传感器故障诊断,0.5455,0.467189,False,1
2,1765853945.5133543,2025-12-16 02:59:05,SHIP500-B05-T03218,*,crew,SK-ACT-CREW-OPS,机舱巡查与就地处置技能,0.5455,0.467189,False,1
2,1765853957.6876683,2025-12-16 02:59:17,SHIP500-B05-T03219,F10,maintenance,SK-DIAG-F10,气缸排温异常诊断,0.4545,0.460555,False,0
2,1765853969.8798826,2025-12-16 02:59:29,SHIP500-B05-T03220,F06,crew,SK-DIAG-F06,发电机综合故障诊断,0.5455,0.458091,False,1
2,1765853969.8798826,2025-12-16 02:59:29,SHIP500-B05-T03220,F10,crew,SK-DIAG-F10,气缸排温异常诊断,0.5455,0.458091,False,1
2,1765853969.8798826,2025-12-16 02:59:29,SHIP500-B05-T03220,F11,crew,SK-DIAG-F11,通讯与传感器故障诊断,0.5455,0.458091,False,1
2,1765853969.8798826,2025-12-16 02:59:29,SHIP500-B05-T03220,*,crew,SK-ACT-CREW-OPS,机舱巡查与就地处置技能,0.5455,0.458091,False,1
2,1765853982.0789194,2025-12-16 02:59:42,SHIP500-B05-T03221,F10,maintenance,SK-DIAG-F10,气缸排温异常诊断,0.4545,0.467747,False,0
2,1765853994.2700214,2025-12-16 02:59:54,SHIP500-B05-T03222,F10,maintenance,SK-DIAG-F10,气缸排温异常诊断,0.4545,0.466633,False,0
2,1765854006.452615,2025-12-16 03:00:06,SHIP500-B05-T03223,F06,crew,SK-DIAG-F06,发电机综合故障诊断,0.5455,0.466911,False,1
2,1765854006.452615,2025-12-16 03:00:06,SHIP500-B05-T03223,F10,crew,SK-DIAG-F10,气缸排温异常诊断,0.5455,0.466911,False,1
2,1765854006.452615,2025-12-16 03:00:06,SHIP500-B05-T03223,F11,crew,SK-DIAG-F11,通讯与传感器故障诊断,0.5455,0.466911,False,1
2,1765854006.452615,2025-12-16 03:00:06,SHIP500-B05-T03223,*,crew,SK-ACT-CREW-OPS,机舱巡查与就地处置技能,0.5455,0.466911,False,1
2,1765854018.6408515,2025-12-16 03:00:18,SHIP500-B05-T03224,F10,maintenance,SK-DIAG-F10,气缸排温异常诊断,0.4545,0.48046,False,0
2,1765854030.8507495,2025-12-16 03:00:30,SHIP500-B05-T03225,F10,maintenance,SK-DIAG-F10,气缸排温异常诊断,0.4545,0.482181,False,0
2,1765854043.0355663,2025-12-16 03:00:43,SHIP500-B05-T03226,F10,maintenance,SK-DIAG-F10,气缸排温异常诊断,0.4545,0.496173,False,0
2,1765854055.2255106,2025-12-16 03:00:55,SHIP500-B05-T03227,F06,crew,SK-DIAG-F06,发电机综合故障诊断,0.5455,0.492638,False,1
2,1765854055.2255106,2025-12-16 03:00:55,SHIP500-B05-T03227,F10,crew,SK-DIAG-F10,气缸排温异常诊断,0.5455,0.492638,False,1
2,1765854055.2255106,2025-12-16 03:00:55,SHIP500-B05-T03227,F11,crew,SK-DIAG-F11,通讯与传感器故障诊断,0.5455,0.492638,False,1
2,1765854055.2255106,2025-12-16 03:00:55,SHIP500-B05-T03227,*,crew,SK-ACT-CREW-OPS,机舱巡查与就地处置技能,0.5455,0.492638,False,1
2,1765854067.4053986,2025-12-16 03:01:07,SHIP500-B05-T03228,F10,maintenance,SK-DIAG-F10,气缸排温异常诊断,0.4545,0.461654,False,0
2,1765854079.5862017,2025-12-16 03:01:19,SHIP500-B05-T03229,F10,maintenance,SK-DIAG-F10,气缸排温异常诊断,0.4545,0.471947,False,0
2,1765854091.7966228,2025-12-16 03:01:31,SHIP500-B05-T03230,F06,crew,SK-DIAG-F06,发电机综合故障诊断,0.5455,0.467747,False,1
2,1765854091.7966228,2025-12-16 03:01:31,SHIP500-B05-T03230,F10,crew,SK-DIAG-F10,气缸排温异常诊断,0.5455,0.467747,False,1
2,1765854091.7966228,2025-12-16 03:01:31,SHIP500-B05-T03230,F11,crew,SK-DIAG-F11,通讯与传感器故障诊断,0.5455,0.467747,False,1
2,1765854091.7966228,2025-12-16 03:01:31,SHIP500-B05-T03230,*,crew,SK-ACT-CREW-OPS,机舱巡查与就地处置技能,0.5455,0.467747,False,1
2,1765870263.4372976,2025-12-16 07:31:03,SHIP500-B07-T04555,F12,captain,SK-DIAG-F12,火警响应,0.3636,0.473355,False,0
2,1765875828.122298,2025-12-16 09:03:48,SHIP500-B07-T05011,F12,captain,SK-DIAG-F12,火警响应,0.3636,0.597919,False,0
2,1765875864.7093766,2025-12-16 09:04:24,SHIP500-B07-T05014,F12,captain,SK-DIAG-F12,火警响应,0.3636,0.615637,True,0
2,1765875889.109654,2025-12-16 09:04:49,SHIP500-B07-T05016,F12,captain,SK-DIAG-F12,火警响应,0.3636,0.619316,True,0
2,1765875974.5571938,2025-12-16 09:06:14,SHIP500-B07-T05023,F12,captain,SK-DIAG-F12,火警响应,0.3636,0.611614,True,0
2,1765876023.3678987,2025-12-16 09:07:03,SHIP500-B07-T05027,F12,captain,SK-DIAG-F12,火警响应,0.3636,0.61125,True,0
2,1765876047.767691,2025-12-16 09:07:27,SHIP500-B07-T05029,F12,captain,SK-DIAG-F12,火警响应,0.3636,0.620425,True,0
2,1765876108.7973256,2025-12-16 09:08:28,SHIP500-B07-T05034,F12,captain,SK-DIAG-F12,火警响应,0.3636,0.61125,True,0
2,1765876133.2163663,2025-12-16 09:08:53,SHIP500-B07-T05036,F12,captain,SK-DIAG-F12,火警响应,0.3636,0.614171,True,0
2,1765876169.8444674,2025-12-16 09:09:29,SHIP500-B07-T05039,F12,captain,SK-DIAG-F12,火警响应,0.3636,0.646468,True,0
2,1765876182.0578322,2025-12-16 09:09:42,SHIP500-B07-T05040,F12,captain,SK-DIAG-F12,火警响应,0.3636,0.656954,True,0
2,1765876206.4897935,2025-12-16 09:10:06,SHIP500-B07-T05042,F12,captain,SK-DIAG-F12,火警响应,0.3636,0.666815,True,0
2,1765876230.9014127,2025-12-16 09:10:30,SHIP500-B07-T05044,F12,captain,SK-DIAG-F12,火警响应,0.3636,0.660881,True,0
2,1765876243.0790167,2025-12-16 09:10:43,SHIP500-B07-T05045,F12,captain,SK-DIAG-F12,火警响应,0.3636,0.671201,True,0
2,1765876267.515206,2025-12-16 09:11:07,SHIP500-B07-T05047,F12,captain,SK-DIAG-F12,火警响应,0.3636,0.667611,True,0
2,1765876328.6820457,2025-12-16 09:12:08,SHIP500-B07-T05052,F12,captain,SK-DIAG-F12,火警响应,0.3636,0.667611,True,0
2,1765876340.886845,2025-12-16 09:12:20,SHIP500-B07-T05053,F12,captain,SK-DIAG-F12,火警响应,0.3636,0.666021,True,0
2,1765876365.2894316,2025-12-16 09:12:45,SHIP500-B07-T05055,F12,captain,SK-DIAG-F12,火警响应,0.3636,0.670801,True,0
2,1765876401.9227748,2025-12-16 09:13:21,SHIP500-B07-T05058,F12,captain,SK-DIAG-F12,火警响应,0.3636,0.673605,True,0
2,1765876414.119032,2025-12-16 09:13:34,SHIP500-B07-T05059,F12,captain,SK-DIAG-F12,火警响应,0.3636,0.672803,True,0
2,1765876426.3237336,2025-12-16 09:13:46,SHIP500-B07-T05060,F12,captain,SK-DIAG-F12,火警响应,0.3636,0.666815,True,0
2,1765876438.5243526,2025-12-16 09:13:58,SHIP500-B07-T05061,F12,captain,SK-DIAG-F12,火警响应,0.3636,0.663249,True,0
2,1765876536.218542,2025-12-16 09:15:36,SHIP500-B07-T05069,F12,captain,SK-DIAG-F12,火警响应,0.3636,0.657738,True,0
2,1765876548.4190006,2025-12-16 09:15:48,SHIP500-B07-T05070,F12,captain,SK-DIAG-F12,火警响应,0.3636,0.65539,True,0
2,1765876597.346424,2025-12-16 09:16:37,SHIP500-B07-T05074,F12,captain,SK-DIAG-F12,火警响应,0.3636,0.65383,True,0
2,1765876609.5692196,2025-12-16 09:16:49,SHIP500-B07-T05075,F12,captain,SK-DIAG-F12,火警响应,0.3636,0.651496,True,0
2,1765876646.1852114,2025-12-16 09:17:26,SHIP500-B07-T05078,F12,captain,SK-DIAG-F12,火警响应,0.3636,0.659701,True,0
2,1765876658.3878186,2025-12-16 09:17:38,SHIP500-B07-T05079,F12,captain,SK-DIAG-F12,火警响应,0.4545,0.658915,True,0
2,1765876670.5742028,2025-12-16 09:17:50,SHIP500-B07-T05080,F12,captain,SK-DIAG-F12,火警响应,0.4545,0.658915,True,0
2,1765876682.787145,2025-12-16 09:18:02,SHIP500-B07-T05081,F06,captain,SK-DIAG-F06,发电机综合故障诊断,0.5455,0.656172,True,1
2,1765876682.787145,2025-12-16 09:18:02,SHIP500-B07-T05081,F11,captain,SK-DIAG-F11,通讯与传感器故障诊断,0.5455,0.656172,True,1
2,1765876682.787145,2025-12-16 09:18:02,SHIP500-B07-T05081,F12,captain,SK-DIAG-F12,火警响应,0.5455,0.656172,True,1
2,1765876682.787145,2025-12-16 09:18:02,SHIP500-B07-T05081,*,captain,SK-ACT-CAPTAIN-CMD,应急指挥与决策技能,0.5455,0.656172,True,1
2,1765876694.9740074,2025-12-16 09:18:14,SHIP500-B07-T05082,F06,captain,SK-DIAG-F06,发电机综合故障诊断,0.5455,0.65461,True,1
2,1765876694.9740074,2025-12-16 09:18:14,SHIP500-B07-T05082,F11,captain,SK-DIAG-F11,通讯与传感器故障诊断,0.5455,0.65461,True,1
2,1765876694.9740074,2025-12-16 09:18:14,SHIP500-B07-T05082,F12,captain,SK-DIAG-F12,火警响应,0.5455,0.65461,True,1
2,1765876694.9740074,2025-12-16 09:18:14,SHIP500-B07-T05082,*,captain,SK-ACT-CAPTAIN-CMD,应急指挥与决策技能,0.5455,0.65461,True,1
2,1765876707.1783078,2025-12-16 09:18:27,SHIP500-B07-T05083,F12,captain,SK-DIAG-F12,火警响应,0.4545,0.657738,True,0
2,1765876719.3919065,2025-12-16 09:18:39,SHIP500-B07-T05084,F06,captain,SK-DIAG-F06,发电机综合故障诊断,0.5455,0.65539,True,1
2,1765876719.3919065,2025-12-16 09:18:39,SHIP500-B07-T05084,F11,captain,SK-DIAG-F11,通讯与传感器故障诊断,0.5455,0.65539,True,1
2,1765876719.3919065,2025-12-16 09:18:39,SHIP500-B07-T05084,F12,captain,SK-DIAG-F12,火警响应,0.5455,0.65539,True,1
2,1765876719.3919065,2025-12-16 09:18:39,SHIP500-B07-T05084,*,captain,SK-ACT-CAPTAIN-CMD,应急指挥与决策技能,0.5455,0.65539,True,1
2,1765876731.5811834,2025-12-16 09:18:51,SHIP500-B07-T05085,F12,captain,SK-DIAG-F12,火警响应,0.4545,0.657738,True,0
2,1765876743.786799,2025-12-16 09:19:03,SHIP500-B07-T05086,F06,captain,SK-DIAG-F06,发电机综合故障诊断,0.5455,0.656563,True,1
2,1765876743.786799,2025-12-16 09:19:03,SHIP500-B07-T05086,F11,captain,SK-DIAG-F11,通讯与传感器故障诊断,0.5455,0.656563,True,1
2,1765876743.786799,2025-12-16 09:19:03,SHIP500-B07-T05086,F12,captain,SK-DIAG-F12,火警响应,0.5455,0.656563,True,1
2,1765876743.786799,2025-12-16 09:19:03,SHIP500-B07-T05086,*,captain,SK-ACT-CAPTAIN-CMD,应急指挥与决策技能,0.5455,0.656563,True,1
2,1765876755.9905355,2025-12-16 09:19:15,SHIP500-B07-T05087,F06,captain,SK-DIAG-F06,发电机综合故障诊断,0.5455,0.651496,True,1
2,1765876755.9905355,2025-12-16 09:19:15,SHIP500-B07-T05087,F11,captain,SK-DIAG-F11,通讯与传感器故障诊断,0.5455,0.651496,True,1
2,1765876755.9905355,2025-12-16 09:19:15,SHIP500-B07-T05087,F12,captain,SK-DIAG-F12,火警响应,0.5455,0.651496,True,1
2,1765876755.9905355,2025-12-16 09:19:15,SHIP500-B07-T05087,*,captain,SK-ACT-CAPTAIN-CMD,应急指挥与决策技能,0.5455,0.651496,True,1
2,1765876768.1652508,2025-12-16 09:19:28,SHIP500-B07-T05088,F12,captain,SK-DIAG-F12,火警响应,0.4545,0.65383,True,0
2,1765876780.3715732,2025-12-16 09:19:40,SHIP500-B07-T05089,F12,captain,SK-DIAG-F12,火警响应,0.4545,0.65344,True,0
2,1765876792.5589025,2025-12-16 09:19:52,SHIP500-B07-T05090,F12,captain,SK-DIAG-F12,火警响应,0.4545,0.652273,True,0
2,1765876804.7601216,2025-12-16 09:20:04,SHIP500-B07-T05091,F12,captain,SK-DIAG-F12,火警响应,0.4545,0.643394,True,0
2,1765876816.9612615,2025-12-16 09:20:16,SHIP500-B07-T05092,F12,captain,SK-DIAG-F12,火警响应,0.4545,0.638428,True,0
2,1765876829.1830826,2025-12-16 09:20:29,SHIP500-B07-T05093,F12,captain,SK-DIAG-F12,火警响应,0.4545,0.638428,True,0
2,1765876841.3430889,2025-12-16 09:20:41,SHIP500-B07-T05094,F12,captain,SK-DIAG-F12,火警响应,0.4545,0.637288,True,0
2,1765876853.5427566,2025-12-16 09:20:53,SHIP500-B07-T05095,F12,captain,SK-DIAG-F12,火警响应,0.4545,0.638048,True,0
2,1765876865.736129,2025-12-16 09:21:05,SHIP500-B07-T05096,F12,captain,SK-DIAG-F12,火警响应,0.4545,0.641479,True,0
2,1765876877.9583309,2025-12-16 09:21:17,SHIP500-B07-T05097,F12,captain,SK-DIAG-F12,火警响应,0.4545,0.641479,True,0
2,1765876890.1622305,2025-12-16 09:21:30,SHIP500-B07-T05098,F12,captain,SK-DIAG-F12,火警响应,0.4545,0.636908,True,0
2,1765876902.3782551,2025-12-16 09:21:42,SHIP500-B07-T05099,F12,captain,SK-DIAG-F12,火警响应,0.4545,0.640333,True,0
2,1765876914.5720673,2025-12-16 09:21:54,SHIP500-B07-T05100,F06,captain,SK-DIAG-F06,发电机综合故障诊断,0.5455,0.638048,True,1
2,1765876914.5720673,2025-12-16 09:21:54,SHIP500-B07-T05100,F11,captain,SK-DIAG-F11,通讯与传感器故障诊断,0.5455,0.638048,True,1
2,1765876914.5720673,2025-12-16 09:21:54,SHIP500-B07-T05100,F12,captain,SK-DIAG-F12,火警响应,0.5455,0.638048,True,1
2,1765876914.5720673,2025-12-16 09:21:54,SHIP500-B07-T05100,*,captain,SK-ACT-CAPTAIN-CMD,应急指挥与决策技能,0.5455,0.638048,True,1
2,1765876926.8245063,2025-12-16 09:22:06,SHIP500-B07-T05101,F06,captain,SK-DIAG-F06,发电机综合故障诊断,0.5455,0.639571,True,1
2,1765876926.8245063,2025-12-16 09:22:06,SHIP500-B07-T05101,F11,captain,SK-DIAG-F11,通讯与传感器故障诊断,0.5455,0.639571,True,1
2,1765876926.8245063,2025-12-16 09:22:06,SHIP500-B07-T05101,F12,captain,SK-DIAG-F12,火警响应,0.5455,0.639571,True,1
2,1765876926.8245063,2025-12-16 09:22:06,SHIP500-B07-T05101,*,captain,SK-ACT-CAPTAIN-CMD,应急指挥与决策技能,0.5455,0.639571,True,1
2,1765876939.025141,2025-12-16 09:22:19,SHIP500-B07-T05102,F12,captain,SK-DIAG-F12,火警响应,0.4545,0.640715,True,0
2,1765876951.253917,2025-12-16 09:22:31,SHIP500-B07-T05103,F12,captain,SK-DIAG-F12,火警响应,0.4545,0.647239,True,0
2,1765876963.4853606,2025-12-16 09:22:43,SHIP500-B07-T05104,F12,captain,SK-DIAG-F12,火警响应,0.4545,0.648784,True,0
2,1765876975.6887815,2025-12-16 09:22:55,SHIP500-B07-T05105,F06,captain,SK-DIAG-F06,发电机综合故障诊断,0.5455,0.644929,True,1
2,1765876975.6887815,2025-12-16 09:22:55,SHIP500-B07-T05105,F11,captain,SK-DIAG-F11,通讯与传感器故障诊断,0.5455,0.644929,True,1
2,1765876975.6887815,2025-12-16 09:22:55,SHIP500-B07-T05105,F12,captain,SK-DIAG-F12,火警响应,0.5455,0.644929,True,1
2,1765876975.6887815,2025-12-16 09:22:55,SHIP500-B07-T05105,*,captain,SK-ACT-CAPTAIN-CMD,应急指挥与决策技能,0.5455,0.644929,True,1
2,1765876987.933436,2025-12-16 09:23:07,SHIP500-B07-T05106,F12,captain,SK-DIAG-F12,火警响应,0.4545,0.646083,True,0
2,1765877000.111971,2025-12-16 09:23:20,SHIP500-B07-T05107,F12,captain,SK-DIAG-F12,火警响应,0.4545,0.646854,True,0
2,1765877012.3026474,2025-12-16 09:23:32,SHIP500-B07-T05108,F06,captain,SK-DIAG-F06,发电机综合故障诊断,0.5455,0.647239,True,1
2,1765877012.3026474,2025-12-16 09:23:32,SHIP500-B07-T05108,F11,captain,SK-DIAG-F11,通讯与传感器故障诊断,0.5455,0.647239,True,1
2,1765877012.3026474,2025-12-16 09:23:32,SHIP500-B07-T05108,F12,captain,SK-DIAG-F12,火警响应,0.5455,0.647239,True,1
2,1765877012.3026474,2025-12-16 09:23:32,SHIP500-B07-T05108,*,captain,SK-ACT-CAPTAIN-CMD,应急指挥与决策技能,0.5455,0.647239,True,1
2,1765877024.5003922,2025-12-16 09:23:44,SHIP500-B07-T05109,F12,captain,SK-DIAG-F12,火警响应,0.4545,0.649945,True,0
2,1765877036.7044826,2025-12-16 09:23:56,SHIP500-B07-T05110,F06,captain,SK-DIAG-F06,发电机综合故障诊断,0.5455,0.648397,True,1
2,1765877036.7044826,2025-12-16 09:23:56,SHIP500-B07-T05110,F11,captain,SK-DIAG-F11,通讯与传感器故障诊断,0.5455,0.648397,True,1
2,1765877036.7044826,2025-12-16 09:23:56,SHIP500-B07-T05110,F12,captain,SK-DIAG-F12,火警响应,0.5455,0.648397,True,1
2,1765877036.7044826,2025-12-16 09:23:56,SHIP500-B07-T05110,*,captain,SK-ACT-CAPTAIN-CMD,应急指挥与决策技能,0.5455,0.648397,True,1
2,1765877048.9085631,2025-12-16 09:24:08,SHIP500-B07-T05111,F12,captain,SK-DIAG-F12,火警响应,0.4545,0.648784,True,0
2,1765877061.1016877,2025-12-16 09:24:21,SHIP500-B07-T05112,F06,captain,SK-DIAG-F06,发电机综合故障诊断,0.5455,0.649945,True,1
2,1765877061.1016877,2025-12-16 09:24:21,SHIP500-B07-T05112,F11,captain,SK-DIAG-F11,通讯与传感器故障诊断,0.5455,0.649945,True,1
2,1765877061.1016877,2025-12-16 09:24:21,SHIP500-B07-T05112,F12,captain,SK-DIAG-F12,火警响应,0.5455,0.649945,True,1
2,1765877061.1016877,2025-12-16 09:24:21,SHIP500-B07-T05112,*,captain,SK-ACT-CAPTAIN-CMD,应急指挥与决策技能,0.5455,0.649945,True,1
2,1765877073.311381,2025-12-16 09:24:33,SHIP500-B07-T05113,F12,captain,SK-DIAG-F12,火警响应,0.4545,0.656954,True,0
2,1765877085.519313,2025-12-16 09:24:45,SHIP500-B07-T05114,F12,captain,SK-DIAG-F12,火警响应,0.4545,0.652662,True,0
2,1765877097.710354,2025-12-16 09:24:57,SHIP500-B07-T05115,F12,captain,SK-DIAG-F12,火警响应,0.4545,0.658522,True,0
2,1765877109.9144075,2025-12-16 09:25:09,SHIP500-B07-T05116,F12,captain,SK-DIAG-F12,火警响应,0.4545,0.652662,True,0
2,1765877122.139669,2025-12-16 09:25:22,SHIP500-B07-T05117,F12,captain,SK-DIAG-F12,火警响应,0.4545,0.649945,True,0
2,1765877134.345102,2025-12-16 09:25:34,SHIP500-B07-T05118,F06,captain,SK-DIAG-F06,发电机综合故障诊断,0.5455,0.646468,True,1
2,1765877134.345102,2025-12-16 09:25:34,SHIP500-B07-T05118,F11,captain,SK-DIAG-F11,通讯与传感器故障诊断,0.5455,0.646468,True,1
2,1765877134.345102,2025-12-16 09:25:34,SHIP500-B07-T05118,F12,captain,SK-DIAG-F12,火警响应,0.5455,0.646468,True,1
2,1765877134.345102,2025-12-16 09:25:34,SHIP500-B07-T05118,*,captain,SK-ACT-CAPTAIN-CMD,应急指挥与决策技能,0.5455,0.646468,True,1
2,1765877146.5814698,2025-12-16 09:25:46,SHIP500-B07-T05119,F06,captain,SK-DIAG-F06,发电机综合故障诊断,0.5455,0.644161,True,1
2,1765877146.5814698,2025-12-16 09:25:46,SHIP500-B07-T05119,F11,captain,SK-DIAG-F11,通讯与传感器故障诊断,0.5455,0.644161,True,1
2,1765877146.5814698,2025-12-16 09:25:46,SHIP500-B07-T05119,F12,captain,SK-DIAG-F12,火警响应,0.5455,0.644161,True,1
2,1765877146.5814698,2025-12-16 09:25:46,SHIP500-B07-T05119,*,captain,SK-ACT-CAPTAIN-CMD,应急指挥与决策技能,0.5455,0.644161,True,1
2,1765877158.7822762,2025-12-16 09:25:58,SHIP500-B07-T05120,F12,captain,SK-DIAG-F12,火警响应,0.4545,0.644929,True,0
2,1765877171.0417452,2025-12-16 09:26:11,SHIP500-B07-T05121,F12,captain,SK-DIAG-F12,火警响应,0.4545,0.644545,True,0
2,1765877183.2379577,2025-12-16 09:26:23,SHIP500-B07-T05122,F12,captain,SK-DIAG-F12,火警响应,0.4545,0.641097,True,0
2,1765877195.458095,2025-12-16 09:26:35,SHIP500-B07-T05123,F12,captain,SK-DIAG-F12,火警响应,0.4545,0.641862,True,0
2,1765877207.684564,2025-12-16 09:26:47,SHIP500-B07-T05124,F06,captain,SK-DIAG-F06,发电机综合故障诊断,0.5455,0.638809,True,1
2,1765877207.684564,2025-12-16 09:26:47,SHIP500-B07-T05124,F11,captain,SK-DIAG-F11,通讯与传感器故障诊断,0.5455,0.638809,True,1
2,1765877207.684564,2025-12-16 09:26:47,SHIP500-B07-T05124,F12,captain,SK-DIAG-F12,火警响应,0.5455,0.638809,True,1
2,1765877207.684564,2025-12-16 09:26:47,SHIP500-B07-T05124,*,captain,SK-ACT-CAPTAIN-CMD,应急指挥与决策技能,0.5455,0.638809,True,1
2,1765877219.8877823,2025-12-16 09:26:59,SHIP500-B07-T05125,F12,captain,SK-DIAG-F12,火警响应,0.4545,0.641479,True,0
2,1765877232.1308053,2025-12-16 09:27:12,SHIP500-B07-T05126,F06,captain,SK-DIAG-F06,发电机综合故障诊断,0.5455,0.641862,True,1
2,1765877232.1308053,2025-12-16 09:27:12,SHIP500-B07-T05126,F11,captain,SK-DIAG-F11,通讯与传感器故障诊断,0.5455,0.641862,True,1
2,1765877232.1308053,2025-12-16 09:27:12,SHIP500-B07-T05126,F12,captain,SK-DIAG-F12,火警响应,0.5455,0.641862,True,1
2,1765877232.1308053,2025-12-16 09:27:12,SHIP500-B07-T05126,*,captain,SK-ACT-CAPTAIN-CMD,应急指挥与决策技能,0.5455,0.641862,True,1
2,1765877244.333841,2025-12-16 09:27:24,SHIP500-B07-T05127,F12,captain,SK-DIAG-F12,火警响应,0.4545,0.636908,True,0
3,1765877256.5161057,2025-12-16 09:27:36,SHIP500-B08-T05128,F12,captain,SK-DIAG-F12,火警响应,0.4545,0.641862,True,0
3,1765877268.6823933,2025-12-16 09:27:48,SHIP500-B08-T05129,F06,captain,SK-DIAG-F06,发电机综合故障诊断,0.5455,0.637288,True,1
3,1765877268.6823933,2025-12-16 09:27:48,SHIP500-B08-T05129,F11,captain,SK-DIAG-F11,通讯与传感器故障诊断,0.5455,0.637288,True,1
3,1765877268.6823933,2025-12-16 09:27:48,SHIP500-B08-T05129,F12,captain,SK-DIAG-F12,火警响应,0.5455,0.637288,True,1
3,1765877268.6823933,2025-12-16 09:27:48,SHIP500-B08-T05129,*,captain,SK-ACT-CAPTAIN-CMD,应急指挥与决策技能,0.5455,0.637288,True,1
3,1765877280.930668,2025-12-16 09:28:00,SHIP500-B08-T05130,F06,captain,SK-DIAG-F06,发电机综合故障诊断,0.5455,0.640333,True,1
3,1765877280.930668,2025-12-16 09:28:00,SHIP500-B08-T05130,F11,captain,SK-DIAG-F11,通讯与传感器故障诊断,0.5455,0.640333,True,1
3,1765877280.930668,2025-12-16 09:28:00,SHIP500-B08-T05130,F12,captain,SK-DIAG-F12,火警响应,0.5455,0.640333,True,1
3,1765877280.930668,2025-12-16 09:28:00,SHIP500-B08-T05130,*,captain,SK-ACT-CAPTAIN-CMD,应急指挥与决策技能,0.5455,0.640333,True,1
3,1765877293.149625,2025-12-16 09:28:13,SHIP500-B08-T05131,F12,captain,SK-DIAG-F12,火警响应,0.4545,0.645314,True,0
3,1765877305.343711,2025-12-16 09:28:25,SHIP500-B08-T05132,F06,captain,SK-DIAG-F06,发电机综合故障诊断,0.5455,0.63919,True,1
3,1765877305.343711,2025-12-16 09:28:25,SHIP500-B08-T05132,F11,captain,SK-DIAG-F11,通讯与传感器故障诊断,0.5455,0.63919,True,1
3,1765877305.343711,2025-12-16 09:28:25,SHIP500-B08-T05132,F12,captain,SK-DIAG-F12,火警响应,0.5455,0.63919,True,1
3,1765877305.343711,2025-12-16 09:28:25,SHIP500-B08-T05132,*,captain,SK-ACT-CAPTAIN-CMD,应急指挥与决策技能,0.5455,0.63919,True,1
3,1765877317.5430949,2025-12-16 09:28:37,SHIP500-B08-T05133,F12,captain,SK-DIAG-F12,火警响应,0.4545,0.639952,True,0
3,1765877329.7885458,2025-12-16 09:28:49,SHIP500-B08-T05134,F06,captain,SK-DIAG-F06,发电机综合故障诊断,0.5455,0.644929,True,1
3,1765877329.7885458,2025-12-16 09:28:49,SHIP500-B08-T05134,F11,captain,SK-DIAG-F11,通讯与传感器故障诊断,0.5455,0.644929,True,1
3,1765877329.7885458,2025-12-16 09:28:49,SHIP500-B08-T05134,F12,captain,SK-DIAG-F12,火警响应,0.5455,0.644929,True,1
3,1765877329.7885458,2025-12-16 09:28:49,SHIP500-B08-T05134,*,captain,SK-ACT-CAPTAIN-CMD,应急指挥与决策技能,0.5455,0.644929,True,1
3,1765877341.99425,2025-12-16 09:29:01,SHIP500-B08-T05135,F06,captain,SK-DIAG-F06,发电机综合故障诊断,0.5455,0.649945,True,1
3,1765877341.99425,2025-12-16 09:29:01,SHIP500-B08-T05135,F11,captain,SK-DIAG-F11,通讯与传感器故障诊断,0.5455,0.649945,True,1
3,1765877341.99425,2025-12-16 09:29:01,SHIP500-B08-T05135,F12,captain,SK-DIAG-F12,火警响应,0.5455,0.649945,True,1
3,1765877341.99425,2025-12-16 09:29:01,SHIP500-B08-T05135,*,captain,SK-ACT-CAPTAIN-CMD,应急指挥与决策技能,0.5455,0.649945,True,1
3,1765877354.2502315,2025-12-16 09:29:14,SHIP500-B08-T05136,F12,captain,SK-DIAG-F12,火警响应,0.4545,0.644161,True,0
3,1765877366.4301355,2025-12-16 09:29:26,SHIP500-B08-T05137,F12,captain,SK-DIAG-F12,火警响应,0.4545,0.644161,True,0
3,1765877378.6122942,2025-12-16 09:29:38,SHIP500-B08-T05138,F06,captain,SK-DIAG-F06,发电机综合故障诊断,0.5455,0.640715,True,1
3,1765877378.6122942,2025-12-16 09:29:38,SHIP500-B08-T05138,F11,captain,SK-DIAG-F11,通讯与传感器故障诊断,0.5455,0.640715,True,1
3,1765877378.6122942,2025-12-16 09:29:38,SHIP500-B08-T05138,F12,captain,SK-DIAG-F12,火警响应,0.5455,0.640715,True,1
3,1765877378.6122942,2025-12-16 09:29:38,SHIP500-B08-T05138,*,captain,SK-ACT-CAPTAIN-CMD,应急指挥与决策技能,0.5455,0.640715,True,1
3,1765877390.7788029,2025-12-16 09:29:50,SHIP500-B08-T05139,F12,captain,SK-DIAG-F12,火警响应,0.4545,0.642244,True,0
3,1765877402.9637573,2025-12-16 09:30:02,SHIP500-B08-T05140,F06,captain,SK-DIAG-F06,发电机综合故障诊断,0.5455,0.642244,True,1
3,1765877402.9637573,2025-12-16 09:30:02,SHIP500-B08-T05140,F11,captain,SK-DIAG-F11,通讯与传感器故障诊断,0.5455,0.642244,True,1
3,1765877402.9637573,2025-12-16 09:30:02,SHIP500-B08-T05140,F12,captain,SK-DIAG-F12,火警响应,0.5455,0.642244,True,1
3,1765877402.9637573,2025-12-16 09:30:02,SHIP500-B08-T05140,*,captain,SK-ACT-CAPTAIN-CMD,应急指挥与决策技能,0.5455,0.642244,True,1
3,1765877415.1844585,2025-12-16 09:30:15,SHIP500-B08-T05141,F12,captain,SK-DIAG-F12,火警响应,0.4545,0.647239,True,0
3,1765877427.3859694,2025-12-16 09:30:27,SHIP500-B08-T05142,F06,captain,SK-DIAG-F06,发电机综合故障诊断,0.5455,0.642244,True,1
3,1765877427.3859694,2025-12-16 09:30:27,SHIP500-B08-T05142,F11,captain,SK-DIAG-F11,通讯与传感器故障诊断,0.5455,0.642244,True,1
3,1765877427.3859694,2025-12-16 09:30:27,SHIP500-B08-T05142,F12,captain,SK-DIAG-F12,火警响应,0.5455,0.642244,True,1
3,1765877427.3859694,2025-12-16 09:30:27,SHIP500-B08-T05142,*,captain,SK-ACT-CAPTAIN-CMD,应急指挥与决策技能,0.5455,0.642244,True,1
3,1765877439.5671804,2025-12-16 09:30:39,SHIP500-B08-T05143,F06,captain,SK-DIAG-F06,发电机综合故障诊断,0.5455,0.641862,True,1
3,1765877439.5671804,2025-12-16 09:30:39,SHIP500-B08-T05143,F11,captain,SK-DIAG-F11,通讯与传感器故障诊断,0.5455,0.641862,True,1
3,1765877439.5671804,2025-12-16 09:30:39,SHIP500-B08-T05143,F12,captain,SK-DIAG-F12,火警响应,0.5455,0.641862,True,1
3,1765877439.5671804,2025-12-16 09:30:39,SHIP500-B08-T05143,*,captain,SK-ACT-CAPTAIN-CMD,应急指挥与决策技能,0.5455,0.641862,True,1
3,1765877451.778517,2025-12-16 09:30:51,SHIP500-B08-T05144,F06,captain,SK-DIAG-F06,发电机综合故障诊断,0.5455,0.642244,True,1
3,1765877451.778517,2025-12-16 09:30:51,SHIP500-B08-T05144,F11,captain,SK-DIAG-F11,通讯与传感器故障诊断,0.5455,0.642244,True,1
3,1765877451.778517,2025-12-16 09:30:51,SHIP500-B08-T05144,F12,captain,SK-DIAG-F12,火警响应,0.5455,0.642244,True,1
3,1765877451.778517,2025-12-16 09:30:51,SHIP500-B08-T05144,*,captain,SK-ACT-CAPTAIN-CMD,应急指挥与决策技能,0.5455,0.642244,True,1
3,1765877463.965934,2025-12-16 09:31:03,SHIP500-B08-T05145,F06,captain,SK-DIAG-F06,发电机综合故障诊断,0.5455,0.637668,True,1
3,1765877463.965934,2025-12-16 09:31:03,SHIP500-B08-T05145,F11,captain,SK-DIAG-F11,通讯与传感器故障诊断,0.5455,0.637668,True,1
3,1765877463.965934,2025-12-16 09:31:03,SHIP500-B08-T05145,F12,captain,SK-DIAG-F12,火警响应,0.5455,0.637668,True,1
3,1765877463.965934,2025-12-16 09:31:03,SHIP500-B08-T05145,*,captain,SK-ACT-CAPTAIN-CMD,应急指挥与决策技能,0.5455,0.637668,True,1
3,1765877476.1518495,2025-12-16 09:31:16,SHIP500-B08-T05146,F12,captain,SK-DIAG-F12,火警响应,0.4545,0.642627,True,0
3,1765877488.3706665,2025-12-16 09:31:28,SHIP500-B08-T05147,F06,captain,SK-DIAG-F06,发电机综合故障诊断,0.5455,0.635771,True,1
3,1765877488.3706665,2025-12-16 09:31:28,SHIP500-B08-T05147,F11,captain,SK-DIAG-F11,通讯与传感器故障诊断,0.5455,0.635771,True,1
3,1765877488.3706665,2025-12-16 09:31:28,SHIP500-B08-T05147,F12,captain,SK-DIAG-F12,火警响应,0.5455,0.635771,True,1
3,1765877488.3706665,2025-12-16 09:31:28,SHIP500-B08-T05147,*,captain,SK-ACT-CAPTAIN-CMD,应急指挥与决策技能,0.5455,0.635771,True,1
3,1765877500.5696652,2025-12-16 09:31:40,SHIP500-B08-T05148,F12,captain,SK-DIAG-F12,火警响应,0.4545,0.635771,True,0
3,1765877512.7898767,2025-12-16 09:31:52,SHIP500-B08-T05149,F12,captain,SK-DIAG-F12,火警响应,0.4545,0.633501,True,0
3,1765877524.9953892,2025-12-16 09:32:04,SHIP500-B08-T05150,F12,captain,SK-DIAG-F12,火警响应,0.4545,0.634635,True,0
3,1765877537.2533643,2025-12-16 09:32:17,SHIP500-B08-T05151,F06,captain,SK-DIAG-F06,发电机综合故障诊断,0.5455,0.635771,True,1
3,1765877537.2533643,2025-12-16 09:32:17,SHIP500-B08-T05151,F11,captain,SK-DIAG-F11,通讯与传感器故障诊断,0.5455,0.635771,True,1
3,1765877537.2533643,2025-12-16 09:32:17,SHIP500-B08-T05151,F12,captain,SK-DIAG-F12,火警响应,0.5455,0.635771,True,1
3,1765877537.2533643,2025-12-16 09:32:17,SHIP500-B08-T05151,*,captain,SK-ACT-CAPTAIN-CMD,应急指挥与决策技能,0.5455,0.635771,True,1
3,1765877549.461439,2025-12-16 09:32:29,SHIP500-B08-T05152,F12,captain,SK-DIAG-F12,火警响应,0.4545,0.635771,True,0
3,1765877561.705518,2025-12-16 09:32:41,SHIP500-B08-T05153,F12,captain,SK-DIAG-F12,火警响应,0.4545,0.635392,True,0
3,1765877573.9308922,2025-12-16 09:32:53,SHIP500-B08-T05154,F06,captain,SK-DIAG-F06,发电机综合故障诊断,0.5455,0.640715,True,1
3,1765877573.9308922,2025-12-16 09:32:53,SHIP500-B08-T05154,F11,captain,SK-DIAG-F11,通讯与传感器故障诊断,0.5455,0.640715,True,1
3,1765877573.9308922,2025-12-16 09:32:53,SHIP500-B08-T05154,F12,captain,SK-DIAG-F12,火警响应,0.5455,0.640715,True,1
3,1765877573.9308922,2025-12-16 09:32:53,SHIP500-B08-T05154,*,captain,SK-ACT-CAPTAIN-CMD,应急指挥与决策技能,0.5455,0.640715,True,1
3,1765877586.1330175,2025-12-16 09:33:06,SHIP500-B08-T05155,F06,captain,SK-DIAG-F06,发电机综合故障诊断,0.5455,0.633501,True,1
3,1765877586.1330175,2025-12-16 09:33:06,SHIP500-B08-T05155,F11,captain,SK-DIAG-F11,通讯与传感器故障诊断,0.5455,0.633501,True,1
3,1765877586.1330175,2025-12-16 09:33:06,SHIP500-B08-T05155,F12,captain,SK-DIAG-F12,火警响应,0.5455,0.633501,True,1
3,1765877586.1330175,2025-12-16 09:33:06,SHIP500-B08-T05155,*,captain,SK-ACT-CAPTAIN-CMD,应急指挥与决策技能,0.5455,0.633501,True,1
3,1765877598.4025726,2025-12-16 09:33:18,SHIP500-B08-T05156,F06,captain,SK-DIAG-F06,发电机综合故障诊断,0.5455,0.637288,True,1
3,1765877598.4025726,2025-12-16 09:33:18,SHIP500-B08-T05156,F11,captain,SK-DIAG-F11,通讯与传感器故障诊断,0.5455,0.637288,True,1
3,1765877598.4025726,2025-12-16 09:33:18,SHIP500-B08-T05156,F12,captain,SK-DIAG-F12,火警响应,0.5455,0.637288,True,1
3,1765877598.4025726,2025-12-16 09:33:18,SHIP500-B08-T05156,*,captain,SK-ACT-CAPTAIN-CMD,应急指挥与决策技能,0.5455,0.637288,True,1
3,1765877610.619394,2025-12-16 09:33:30,SHIP500-B08-T05157,F12,captain,SK-DIAG-F12,火警响应,0.4545,0.630488,True,0
3,1765877622.8392365,2025-12-16 09:33:42,SHIP500-B08-T05158,F12,captain,SK-DIAG-F12,火警响应,0.4545,0.630113,True,0
3,1765877635.0435956,2025-12-16 09:33:55,SHIP500-B08-T05159,F06,captain,SK-DIAG-F06,发电机综合故障诊断,0.5455,0.634257,True,1
3,1765877635.0435956,2025-12-16 09:33:55,SHIP500-B08-T05159,F11,captain,SK-DIAG-F11,通讯与传感器故障诊断,0.5455,0.634257,True,1
3,1765877635.0435956,2025-12-16 09:33:55,SHIP500-B08-T05159,F12,captain,SK-DIAG-F12,火警响应,0.5455,0.634257,True,1
3,1765877635.0435956,2025-12-16 09:33:55,SHIP500-B08-T05159,*,captain,SK-ACT-CAPTAIN-CMD,应急指挥与决策技能,0.5455,0.634257,True,1
3,1765877647.2700071,2025-12-16 09:34:07,SHIP500-B08-T05160,F12,captain,SK-DIAG-F12,火警响应,0.4545,0.641097,True,0
3,1765877659.4417098,2025-12-16 09:34:19,SHIP500-B08-T05161,F12,captain,SK-DIAG-F12,火警响应,0.4545,0.636908,True,0
3,1765877671.6630373,2025-12-16 09:34:31,SHIP500-B08-T05162,F12,captain,SK-DIAG-F12,火警响应,0.4545,0.642627,True,0
3,1765877683.8707905,2025-12-16 09:34:43,SHIP500-B08-T05163,F12,captain,SK-DIAG-F12,火警响应,0.4545,0.641097,True,0
3,1765877696.083506,2025-12-16 09:34:56,SHIP500-B08-T05164,F06,captain,SK-DIAG-F06,发电机综合故障诊断,0.5455,0.646854,True,1
3,1765877696.083506,2025-12-16 09:34:56,SHIP500-B08-T05164,F11,captain,SK-DIAG-F11,通讯与传感器故障诊断,0.5455,0.646854,True,1
3,1765877696.083506,2025-12-16 09:34:56,SHIP500-B08-T05164,F12,captain,SK-DIAG-F12,火警响应,0.5455,0.646854,True,1
3,1765877696.083506,2025-12-16 09:34:56,SHIP500-B08-T05164,*,captain,SK-ACT-CAPTAIN-CMD,应急指挥与决策技能,0.5455,0.646854,True,1
3,1765877708.2886114,2025-12-16 09:35:08,SHIP500-B08-T05165,F06,captain,SK-DIAG-F06,发电机综合故障诊断,0.5455,0.646854,True,1
3,1765877708.2886114,2025-12-16 09:35:08,SHIP500-B08-T05165,F11,captain,SK-DIAG-F11,通讯与传感器故障诊断,0.5455,0.646854,True,1
3,1765877708.2886114,2025-12-16 09:35:08,SHIP500-B08-T05165,F12,captain,SK-DIAG-F12,火警响应,0.5455,0.646854,True,1
3,1765877708.2886114,2025-12-16 09:35:08,SHIP500-B08-T05165,*,captain,SK-ACT-CAPTAIN-CMD,应急指挥与决策技能,0.5455,0.646854,True,1
3,1765877720.4544208,2025-12-16 09:35:20,SHIP500-B08-T05166,F12,captain,SK-DIAG-F12,火警响应,0.4545,0.644545,True,0
3,1765877732.6607697,2025-12-16 09:35:32,SHIP500-B08-T05167,F12,captain,SK-DIAG-F12,火警响应,0.4545,0.648011,True,0
3,1765877744.8715067,2025-12-16 09:35:44,SHIP500-B08-T05168,F06,captain,SK-DIAG-F06,发电机综合故障诊断,0.5455,0.648011,True,1
3,1765877744.8715067,2025-12-16 09:35:44,SHIP500-B08-T05168,F11,captain,SK-DIAG-F11,通讯与传感器故障诊断,0.5455,0.648011,True,1
3,1765877744.8715067,2025-12-16 09:35:44,SHIP500-B08-T05168,F12,captain,SK-DIAG-F12,火警响应,0.5455,0.648011,True,1
3,1765877744.8715067,2025-12-16 09:35:44,SHIP500-B08-T05168,*,captain,SK-ACT-CAPTAIN-CMD,应急指挥与决策技能,0.5455,0.648011,True,1
3,1765878013.4559622,2025-12-16 09:40:13,SHIP500-B08-T05190,F06,crew,SK-DIAG-F06,发电机综合故障诊断,0.5455,0.644161,True,1
3,1765878013.4559622,2025-12-16 09:40:13,SHIP500-B08-T05190,F11,crew,SK-DIAG-F11,通讯与传感器故障诊断,0.5455,0.644161,True,1
3,1765878013.4559622,2025-12-16 09:40:13,SHIP500-B08-T05190,*,crew,SK-ACT-CREW-OPS,机舱巡查与就地处置技能,0.5455,0.644161,True,1
3,1765878074.5031066,2025-12-16 09:41:14,SHIP500-B08-T05195,F06,crew,SK-DIAG-F06,发电机综合故障诊断,0.5455,0.635013,True,1
3,1765878074.5031066,2025-12-16 09:41:14,SHIP500-B08-T05195,F11,crew,SK-DIAG-F11,通讯与传感器故障诊断,0.5455,0.635013,True,1
3,1765878074.5031066,2025-12-16 09:41:14,SHIP500-B08-T05195,*,crew,SK-ACT-CREW-OPS,机舱巡查与就地处置技能,0.5455,0.635013,True,1
3,1765878086.707723,2025-12-16 09:41:26,SHIP500-B08-T05196,F06,crew,SK-DIAG-F06,发电机综合故障诊断,0.5455,0.642244,True,1
3,1765878086.707723,2025-12-16 09:41:26,SHIP500-B08-T05196,F11,crew,SK-DIAG-F11,通讯与传感器故障诊断,0.5455,0.642244,True,1
3,1765878086.707723,2025-12-16 09:41:26,SHIP500-B08-T05196,*,crew,SK-ACT-CREW-OPS,机舱巡查与就地处置技能,0.5455,0.642244,True,1
3,1765878098.9150846,2025-12-16 09:41:38,SHIP500-B08-T05197,F06,crew,SK-DIAG-F06,发电机综合故障诊断,0.5455,0.642244,True,1
3,1765878098.9150846,2025-12-16 09:41:38,SHIP500-B08-T05197,F11,crew,SK-DIAG-F11,通讯与传感器故障诊断,0.5455,0.642244,True,1
3,1765878098.9150846,2025-12-16 09:41:38,SHIP500-B08-T05197,*,crew,SK-ACT-CREW-OPS,机舱巡查与就地处置技能,0.5455,0.642244,True,1
3,1765878123.3607106,2025-12-16 09:42:03,SHIP500-B08-T05199,F06,crew,SK-DIAG-F06,发电机综合故障诊断,0.5455,0.646468,True,1
3,1765878123.3607106,2025-12-16 09:42:03,SHIP500-B08-T05199,F11,crew,SK-DIAG-F11,通讯与传感器故障诊断,0.5455,0.646468,True,1
3,1765878123.3607106,2025-12-16 09:42:03,SHIP500-B08-T05199,*,crew,SK-ACT-CREW-OPS,机舱巡查与就地处置技能,0.5455,0.646468,True,1
3,1765878135.5877624,2025-12-16 09:42:15,SHIP500-B08-T05200,F06,crew,SK-DIAG-F06,发电机综合故障诊断,0.5455,0.641862,True,1
3,1765878135.5877624,2025-12-16 09:42:15,SHIP500-B08-T05200,F11,crew,SK-DIAG-F11,通讯与传感器故障诊断,0.5455,0.641862,True,1
3,1765878135.5877624,2025-12-16 09:42:15,SHIP500-B08-T05200,*,crew,SK-ACT-CREW-OPS,机舱巡查与就地处置技能,0.5455,0.641862,True,1
3,1765878160.0742972,2025-12-16 09:42:40,SHIP500-B08-T05202,F06,crew,SK-DIAG-F06,发电机综合故障诊断,0.5455,0.636908,True,1
3,1765878160.0742972,2025-12-16 09:42:40,SHIP500-B08-T05202,F11,crew,SK-DIAG-F11,通讯与传感器故障诊断,0.5455,0.636908,True,1
3,1765878160.0742972,2025-12-16 09:42:40,SHIP500-B08-T05202,*,crew,SK-ACT-CREW-OPS,机舱巡查与就地处置技能,0.5455,0.636908,True,1
3,1765878184.499291,2025-12-16 09:43:04,SHIP500-B08-T05204,F06,crew,SK-DIAG-F06,发电机综合故障诊断,0.5455,0.640333,True,1
3,1765878184.499291,2025-12-16 09:43:04,SHIP500-B08-T05204,F11,crew,SK-DIAG-F11,通讯与传感器故障诊断,0.5455,0.640333,True,1
3,1765878184.499291,2025-12-16 09:43:04,SHIP500-B08-T05204,*,crew,SK-ACT-CREW-OPS,机舱巡查与就地处置技能,0.5455,0.640333,True,1
3,1765878196.7244277,2025-12-16 09:43:16,SHIP500-B08-T05205,F06,crew,SK-DIAG-F06,发电机综合故障诊断,0.5455,0.637288,True,1
3,1765878196.7244277,2025-12-16 09:43:16,SHIP500-B08-T05205,F11,crew,SK-DIAG-F11,通讯与传感器故障诊断,0.5455,0.637288,True,1
3,1765878196.7244277,2025-12-16 09:43:16,SHIP500-B08-T05205,*,crew,SK-ACT-CREW-OPS,机舱巡查与就地处置技能,0.5455,0.637288,True,1
3,1765878245.581414,2025-12-16 09:44:05,SHIP500-B08-T05209,F06,crew,SK-DIAG-F06,发电机综合故障诊断,0.5455,0.63615,True,1
3,1765878245.581414,2025-12-16 09:44:05,SHIP500-B08-T05209,F11,crew,SK-DIAG-F11,通讯与传感器故障诊断,0.5455,0.63615,True,1
3,1765878245.581414,2025-12-16 09:44:05,SHIP500-B08-T05209,*,crew,SK-ACT-CREW-OPS,机舱巡查与就地处置技能,0.5455,0.63615,True,1
3,1765878306.617862,2025-12-16 09:45:06,SHIP500-B08-T05214,F06,crew,SK-DIAG-F06,发电机综合故障诊断,0.5455,0.636529,True,1
3,1765878306.617862,2025-12-16 09:45:06,SHIP500-B08-T05214,F11,crew,SK-DIAG-F11,通讯与传感器故障诊断,0.5455,0.636529,True,1
3,1765878306.617862,2025-12-16 09:45:06,SHIP500-B08-T05214,*,crew,SK-ACT-CREW-OPS,机舱巡查与就地处置技能,0.5455,0.636529,True,1
3,1765878318.829191,2025-12-16 09:45:18,SHIP500-B08-T05215,F06,crew,SK-DIAG-F06,发电机综合故障诊断,0.5455,0.635392,True,1
3,1765878318.829191,2025-12-16 09:45:18,SHIP500-B08-T05215,F11,crew,SK-DIAG-F11,通讯与传感器故障诊断,0.5455,0.635392,True,1
3,1765878318.829191,2025-12-16 09:45:18,SHIP500-B08-T05215,*,crew,SK-ACT-CREW-OPS,机舱巡查与就地处置技能,0.5455,0.635392,True,1
3,1765878343.2647042,2025-12-16 09:45:43,SHIP500-B08-T05217,F06,crew,SK-DIAG-F06,发电机综合故障诊断,0.5455,0.631993,True,1
3,1765878343.2647042,2025-12-16 09:45:43,SHIP500-B08-T05217,F11,crew,SK-DIAG-F11,通讯与传感器故障诊断,0.5455,0.631993,True,1
3,1765878343.2647042,2025-12-16 09:45:43,SHIP500-B08-T05217,*,crew,SK-ACT-CREW-OPS,机舱巡查与就地处置技能,0.5455,0.631993,True,1
3,1765878404.317067,2025-12-16 09:46:44,SHIP500-B08-T05222,F06,crew,SK-DIAG-F06,发电机综合故障诊断,0.5455,0.639952,True,1
3,1765878404.317067,2025-12-16 09:46:44,SHIP500-B08-T05222,F11,crew,SK-DIAG-F11,通讯与传感器故障诊断,0.5455,0.639952,True,1
3,1765878404.317067,2025-12-16 09:46:44,SHIP500-B08-T05222,*,crew,SK-ACT-CREW-OPS,机舱巡查与就地处置技能,0.5455,0.639952,True,1
3,1765878416.5095117,2025-12-16 09:46:56,SHIP500-B08-T05223,F06,crew,SK-DIAG-F06,发电机综合故障诊断,0.5455,0.640333,True,1
3,1765878416.5095117,2025-12-16 09:46:56,SHIP500-B08-T05223,F11,crew,SK-DIAG-F11,通讯与传感器故障诊断,0.5455,0.640333,True,1
3,1765878416.5095117,2025-12-16 09:46:56,SHIP500-B08-T05223,*,crew,SK-ACT-CREW-OPS,机舱巡查与就地处置技能,0.5455,0.640333,True,1
3,1765878440.9088166,2025-12-16 09:47:20,SHIP500-B08-T05225,F06,crew,SK-DIAG-F06,发电机综合故障诊断,0.5455,0.643777,True,1
3,1765878440.9088166,2025-12-16 09:47:20,SHIP500-B08-T05225,F11,crew,SK-DIAG-F11,通讯与传感器故障诊断,0.5455,0.643777,True,1
3,1765878440.9088166,2025-12-16 09:47:20,SHIP500-B08-T05225,*,crew,SK-ACT-CREW-OPS,机舱巡查与就地处置技能,0.5455,0.643777,True,1
3,1765878453.1083608,2025-12-16 09:47:33,SHIP500-B08-T05226,F06,crew,SK-DIAG-F06,发电机综合故障诊断,0.5455,0.643777,True,1
3,1765878453.1083608,2025-12-16 09:47:33,SHIP500-B08-T05226,F11,crew,SK-DIAG-F11,通讯与传感器故障诊断,0.5455,0.643777,True,1
3,1765878453.1083608,2025-12-16 09:47:33,SHIP500-B08-T05226,*,crew,SK-ACT-CREW-OPS,机舱巡查与就地处置技能,0.5455,0.643777,True,1
3,1765878465.315883,2025-12-16 09:47:45,SHIP500-B08-T05227,F06,crew,SK-DIAG-F06,发电机综合故障诊断,0.5455,0.647625,True,1
3,1765878465.315883,2025-12-16 09:47:45,SHIP500-B08-T05227,F11,crew,SK-DIAG-F11,通讯与传感器故障诊断,0.5455,0.647625,True,1
3,1765878465.315883,2025-12-16 09:47:45,SHIP500-B08-T05227,*,crew,SK-ACT-CREW-OPS,机舱巡查与就地处置技能,0.5455,0.647625,True,1
3,1765878501.9033084,2025-12-16 09:48:21,SHIP500-B08-T05230,F06,crew,SK-DIAG-F06,发电机综合故障诊断,0.5455,0.646083,True,1
3,1765878501.9033084,2025-12-16 09:48:21,SHIP500-B08-T05230,F11,crew,SK-DIAG-F11,通讯与传感器故障诊断,0.5455,0.646083,True,1
3,1765878501.9033084,2025-12-16 09:48:21,SHIP500-B08-T05230,*,crew,SK-ACT-CREW-OPS,机舱巡查与就地处置技能,0.5455,0.646083,True,1
3,1765878514.1281435,2025-12-16 09:48:34,SHIP500-B08-T05231,F06,crew,SK-DIAG-F06,发电机综合故障诊断,0.5455,0.646468,True,1
3,1765878514.1281435,2025-12-16 09:48:34,SHIP500-B08-T05231,F11,crew,SK-DIAG-F11,通讯与传感器故障诊断,0.5455,0.646468,True,1
3,1765878514.1281435,2025-12-16 09:48:34,SHIP500-B08-T05231,*,crew,SK-ACT-CREW-OPS,机舱巡查与就地处置技能,0.5455,0.646468,True,1
3,1765878526.3284278,2025-12-16 09:48:46,SHIP500-B08-T05232,F06,crew,SK-DIAG-F06,发电机综合故障诊断,0.5455,0.638809,True,1
3,1765878526.3284278,2025-12-16 09:48:46,SHIP500-B08-T05232,F11,crew,SK-DIAG-F11,通讯与传感器故障诊断,0.5455,0.638809,True,1
3,1765878526.3284278,2025-12-16 09:48:46,SHIP500-B08-T05232,*,crew,SK-ACT-CREW-OPS,机舱巡查与就地处置技能,0.5455,0.638809,True,1
3,1765878550.7430797,2025-12-16 09:49:10,SHIP500-B08-T05234,F06,crew,SK-DIAG-F06,发电机综合故障诊断,0.5455,0.639952,True,1
3,1765878550.7430797,2025-12-16 09:49:10,SHIP500-B08-T05234,F11,crew,SK-DIAG-F11,通讯与传感器故障诊断,0.5455,0.639952,True,1
3,1765878550.7430797,2025-12-16 09:49:10,SHIP500-B08-T05234,*,crew,SK-ACT-CREW-OPS,机舱巡查与就地处置技能,0.5455,0.639952,True,1
3,1765878599.5929503,2025-12-16 09:49:59,SHIP500-B08-T05238,F06,crew,SK-DIAG-F06,发电机综合故障诊断,0.5455,0.638048,True,1
3,1765878599.5929503,2025-12-16 09:49:59,SHIP500-B08-T05238,F11,crew,SK-DIAG-F11,通讯与传感器故障诊断,0.5455,0.638048,True,1
3,1765878599.5929503,2025-12-16 09:49:59,SHIP500-B08-T05238,*,crew,SK-ACT-CREW-OPS,机舱巡查与就地处置技能,0.5455,0.638048,True,1
3,1765878636.2233074,2025-12-16 09:50:36,SHIP500-B08-T05241,F06,crew,SK-DIAG-F06,发电机综合故障诊断,0.5455,0.640715,True,1
3,1765878636.2233074,2025-12-16 09:50:36,SHIP500-B08-T05241,F11,crew,SK-DIAG-F11,通讯与传感器故障诊断,0.5455,0.640715,True,1
3,1765878636.2233074,2025-12-16 09:50:36,SHIP500-B08-T05241,*,crew,SK-ACT-CREW-OPS,机舱巡查与就地处置技能,0.5455,0.640715,True,1
3,1765878697.212642,2025-12-16 09:51:37,SHIP500-B08-T05246,F06,crew,SK-DIAG-F06,发电机综合故障诊断,0.5455,0.642627,True,1
3,1765878697.212642,2025-12-16 09:51:37,SHIP500-B08-T05246,F11,crew,SK-DIAG-F11,通讯与传感器故障诊断,0.5455,0.642627,True,1
3,1765878697.212642,2025-12-16 09:51:37,SHIP500-B08-T05246,*,crew,SK-ACT-CREW-OPS,机舱巡查与就地处置技能,0.5455,0.642627,True,1
3,1765878709.405665,2025-12-16 09:51:49,SHIP500-B08-T05247,F06,crew,SK-DIAG-F06,发电机综合故障诊断,0.5455,0.642627,True,1
3,1765878709.405665,2025-12-16 09:51:49,SHIP500-B08-T05247,F11,crew,SK-DIAG-F11,通讯与传感器故障诊断,0.5455,0.642627,True,1
3,1765878709.405665,2025-12-16 09:51:49,SHIP500-B08-T05247,*,crew,SK-ACT-CREW-OPS,机舱巡查与就地处置技能,0.5455,0.642627,True,1
3,1765878745.9964871,2025-12-16 09:52:25,SHIP500-B08-T05250,F06,crew,SK-DIAG-F06,发电机综合故障诊断,0.5455,0.643777,True,1
3,1765878745.9964871,2025-12-16 09:52:25,SHIP500-B08-T05250,F11,crew,SK-DIAG-F11,通讯与传感器故障诊断,0.5455,0.643777,True,1
3,1765878745.9964871,2025-12-16 09:52:25,SHIP500-B08-T05250,*,crew,SK-ACT-CREW-OPS,机舱巡查与就地处置技能,0.5455,0.643777,True,1
3,1765878807.0814798,2025-12-16 09:53:27,SHIP500-B08-T05255,F06,crew,SK-DIAG-F06,发电机综合故障诊断,0.5455,0.643394,True,1
3,1765878807.0814798,2025-12-16 09:53:27,SHIP500-B08-T05255,F11,crew,SK-DIAG-F11,通讯与传感器故障诊断,0.5455,0.643394,True,1
3,1765878807.0814798,2025-12-16 09:53:27,SHIP500-B08-T05255,*,crew,SK-ACT-CREW-OPS,机舱巡查与就地处置技能,0.5455,0.643394,True,1
3,1765878843.7162836,2025-12-16 09:54:03,SHIP500-B08-T05258,F06,crew,SK-DIAG-F06,发电机综合故障诊断,0.5455,0.639952,True,1
3,1765878843.7162836,2025-12-16 09:54:03,SHIP500-B08-T05258,F11,crew,SK-DIAG-F11,通讯与传感器故障诊断,0.5455,0.639952,True,1
3,1765878843.7162836,2025-12-16 09:54:03,SHIP500-B08-T05258,*,crew,SK-ACT-CREW-OPS,机舱巡查与就地处置技能,0.5455,0.639952,True,1
3,1765878855.941938,2025-12-16 09:54:15,SHIP500-B08-T05259,F06,crew,SK-DIAG-F06,发电机综合故障诊断,0.5455,0.635392,True,1
3,1765878855.941938,2025-12-16 09:54:15,SHIP500-B08-T05259,F11,crew,SK-DIAG-F11,通讯与传感器故障诊断,0.5455,0.635392,True,1
3,1765878855.941938,2025-12-16 09:54:15,SHIP500-B08-T05259,*,crew,SK-ACT-CREW-OPS,机舱巡查与就地处置技能,0.5455,0.635392,True,1
3,1765878880.342581,2025-12-16 09:54:40,SHIP500-B08-T05261,F06,crew,SK-DIAG-F06,发电机综合故障诊断,0.5455,0.640715,True,1
3,1765878880.342581,2025-12-16 09:54:40,SHIP500-B08-T05261,F11,crew,SK-DIAG-F11,通讯与传感器故障诊断,0.5455,0.640715,True,1
3,1765878880.342581,2025-12-16 09:54:40,SHIP500-B08-T05261,*,crew,SK-ACT-CREW-OPS,机舱巡查与就地处置技能,0.5455,0.640715,True,1
3,1765878892.5469923,2025-12-16 09:54:52,SHIP500-B08-T05262,F06,crew,SK-DIAG-F06,发电机综合故障诊断,0.5455,0.637668,True,1
3,1765878892.5469923,2025-12-16 09:54:52,SHIP500-B08-T05262,F11,crew,SK-DIAG-F11,通讯与传感器故障诊断,0.5455,0.637668,True,1
3,1765878892.5469923,2025-12-16 09:54:52,SHIP500-B08-T05262,*,crew,SK-ACT-CREW-OPS,机舱巡查与就地处置技能,0.5455,0.637668,True,1
3,1765878941.3881848,2025-12-16 09:55:41,SHIP500-B08-T05266,F06,crew,SK-DIAG-F06,发电机综合故障诊断,0.5455,0.63615,True,1
3,1765878941.3881848,2025-12-16 09:55:41,SHIP500-B08-T05266,F11,crew,SK-DIAG-F11,通讯与传感器故障诊断,0.5455,0.63615,True,1
3,1765878941.3881848,2025-12-16 09:55:41,SHIP500-B08-T05266,*,crew,SK-ACT-CREW-OPS,机舱巡查与就地处置技能,0.5455,0.63615,True,1
3,1765878965.784833,2025-12-16 09:56:05,SHIP500-B08-T05268,F06,crew,SK-DIAG-F06,发电机综合故障诊断,0.5455,0.632747,True,1
3,1765878965.784833,2025-12-16 09:56:05,SHIP500-B08-T05268,F11,crew,SK-DIAG-F11,通讯与传感器故障诊断,0.5455,0.632747,True,1
3,1765878965.784833,2025-12-16 09:56:05,SHIP500-B08-T05268,*,crew,SK-ACT-CREW-OPS,机舱巡查与就地处置技能,0.5455,0.632747,True,1
3,1765878990.1903574,2025-12-16 09:56:30,SHIP500-B08-T05270,F06,crew,SK-DIAG-F06,发电机综合故障诊断,0.5455,0.629737,True,1
3,1765878990.1903574,2025-12-16 09:56:30,SHIP500-B08-T05270,F11,crew,SK-DIAG-F11,通讯与传感器故障诊断,0.5455,0.629737,True,1
3,1765878990.1903574,2025-12-16 09:56:30,SHIP500-B08-T05270,*,crew,SK-ACT-CREW-OPS,机舱巡查与就地处置技能,0.5455,0.629737,True,1
3,1765879014.5892882,2025-12-16 09:56:54,SHIP500-B08-T05272,F06,crew,SK-DIAG-F06,发电机综合故障诊断,0.5455,0.635392,True,1
3,1765879014.5892882,2025-12-16 09:56:54,SHIP500-B08-T05272,F11,crew,SK-DIAG-F11,通讯与传感器故障诊断,0.5455,0.635392,True,1
3,1765879014.5892882,2025-12-16 09:56:54,SHIP500-B08-T05272,*,crew,SK-ACT-CREW-OPS,机舱巡查与就地处置技能,0.5455,0.635392,True,1
3,1765879063.3754056,2025-12-16 09:57:43,SHIP500-B08-T05276,F06,crew,SK-DIAG-F06,发电机综合故障诊断,0.5455,0.637668,True,1
3,1765879063.3754056,2025-12-16 09:57:43,SHIP500-B08-T05276,F11,crew,SK-DIAG-F11,通讯与传感器故障诊断,0.5455,0.637668,True,1
3,1765879063.3754056,2025-12-16 09:57:43,SHIP500-B08-T05276,*,crew,SK-ACT-CREW-OPS,机舱巡查与就地处置技能,0.5455,0.637668,True,1
3,1765879100.0197191,2025-12-16 09:58:20,SHIP500-B08-T05279,F06,crew,SK-DIAG-F06,发电机综合故障诊断,0.5455,0.640715,True,1
3,1765879100.0197191,2025-12-16 09:58:20,SHIP500-B08-T05279,F11,crew,SK-DIAG-F11,通讯与传感器故障诊断,0.5455,0.640715,True,1
3,1765879100.0197191,2025-12-16 09:58:20,SHIP500-B08-T05279,*,crew,SK-ACT-CREW-OPS,机舱巡查与就地处置技能,0.5455,0.640715,True,1
3,1765879136.6356945,2025-12-16 09:58:56,SHIP500-B08-T05282,F06,crew,SK-DIAG-F06,发电机综合故障诊断,0.5455,0.646854,True,1
3,1765879136.6356945,2025-12-16 09:58:56,SHIP500-B08-T05282,F11,crew,SK-DIAG-F11,通讯与传感器故障诊断,0.5455,0.646854,True,1
3,1765879136.6356945,2025-12-16 09:58:56,SHIP500-B08-T05282,*,crew,SK-ACT-CREW-OPS,机舱巡查与就地处置技能,0.5455,0.646854,True,1
3,1765879209.8181908,2025-12-16 10:00:09,SHIP500-B08-T05288,F06,crew,SK-DIAG-F06,发电机综合故障诊断,0.5455,0.646468,True,1
3,1765879209.8181908,2025-12-16 10:00:09,SHIP500-B08-T05288,F11,crew,SK-DIAG-F11,通讯与传感器故障诊断,0.5455,0.646468,True,1
3,1765879209.8181908,2025-12-16 10:00:09,SHIP500-B08-T05288,*,crew,SK-ACT-CREW-OPS,机舱巡查与就地处置技能,0.5455,0.646468,True,1
3,1765879258.5644815,2025-12-16 10:00:58,SHIP500-B08-T05292,F06,crew,SK-DIAG-F06,发电机综合故障诊断,0.5455,0.641097,True,1
3,1765879258.5644815,2025-12-16 10:00:58,SHIP500-B08-T05292,F11,crew,SK-DIAG-F11,通讯与传感器故障诊断,0.5455,0.641097,True,1
3,1765879258.5644815,2025-12-16 10:00:58,SHIP500-B08-T05292,*,crew,SK-ACT-CREW-OPS,机舱巡查与就地处置技能,0.5455,0.641097,True,1
3,1765879295.1770227,2025-12-16 10:01:35,SHIP500-B08-T05295,F06,crew,SK-DIAG-F06,发电机综合故障诊断,0.5455,0.63615,True,1
3,1765879295.1770227,2025-12-16 10:01:35,SHIP500-B08-T05295,F11,crew,SK-DIAG-F11,通讯与传感器故障诊断,0.5455,0.63615,True,1
3,1765879295.1770227,2025-12-16 10:01:35,SHIP500-B08-T05295,*,crew,SK-ACT-CREW-OPS,机舱巡查与就地处置技能,0.5455,0.63615,True,1
3,1765879307.38525,2025-12-16 10:01:47,SHIP500-B08-T05296,F06,crew,SK-DIAG-F06,发电机综合故障诊断,0.5455,0.635392,True,1
3,1765879307.38525,2025-12-16 10:01:47,SHIP500-B08-T05296,F11,crew,SK-DIAG-F11,通讯与传感器故障诊断,0.5455,0.635392,True,1
3,1765879307.38525,2025-12-16 10:01:47,SHIP500-B08-T05296,*,crew,SK-ACT-CREW-OPS,机舱巡查与就地处置技能,0.5455,0.635392,True,1
3,1765879331.8156466,2025-12-16 10:02:11,SHIP500-B08-T05298,F06,crew,SK-DIAG-F06,发电机综合故障诊断,0.5455,0.638809,True,1
3,1765879331.8156466,2025-12-16 10:02:11,SHIP500-B08-T05298,F11,crew,SK-DIAG-F11,通讯与传感器故障诊断,0.5455,0.638809,True,1
3,1765879331.8156466,2025-12-16 10:02:11,SHIP500-B08-T05298,*,crew,SK-ACT-CREW-OPS,机舱巡查与就地处置技能,0.5455,0.638809,True,1
3,1765879344.04991,2025-12-16 10:02:24,SHIP500-B08-T05299,F06,crew,SK-DIAG-F06,发电机综合故障诊断,0.5455,0.633501,True,1
3,1765879344.04991,2025-12-16 10:02:24,SHIP500-B08-T05299,F11,crew,SK-DIAG-F11,通讯与传感器故障诊断,0.5455,0.633501,True,1
3,1765879344.04991,2025-12-16 10:02:24,SHIP500-B08-T05299,*,crew,SK-ACT-CREW-OPS,机舱巡查与就地处置技能,0.5455,0.633501,True,1
3,1765879356.2715,2025-12-16 10:02:36,SHIP500-B08-T05300,F06,crew,SK-DIAG-F06,发电机综合故障诊断,0.5455,0.631616,True,1
3,1765879356.2715,2025-12-16 10:02:36,SHIP500-B08-T05300,F11,crew,SK-DIAG-F11,通讯与传感器故障诊断,0.5455,0.631616,True,1
3,1765879356.2715,2025-12-16 10:02:36,SHIP500-B08-T05300,*,crew,SK-ACT-CREW-OPS,机舱巡查与就地处置技能,0.5455,0.631616,True,1
3,1765879368.5197866,2025-12-16 10:02:48,SHIP500-B08-T05301,F06,crew,SK-DIAG-F06,发电机综合故障诊断,0.5455,0.634257,True,1
3,1765879368.5197866,2025-12-16 10:02:48,SHIP500-B08-T05301,F11,crew,SK-DIAG-F11,通讯与传感器故障诊断,0.5455,0.634257,True,1
3,1765879368.5197866,2025-12-16 10:02:48,SHIP500-B08-T05301,*,crew,SK-ACT-CREW-OPS,机舱巡查与就地处置技能,0.5455,0.634257,True,1
3,1765879405.171446,2025-12-16 10:03:25,SHIP500-B08-T05304,F06,crew,SK-DIAG-F06,发电机综合故障诊断,0.5455,0.638048,True,1
3,1765879405.171446,2025-12-16 10:03:25,SHIP500-B08-T05304,F11,crew,SK-DIAG-F11,通讯与传感器故障诊断,0.5455,0.638048,True,1
3,1765879405.171446,2025-12-16 10:03:25,SHIP500-B08-T05304,*,crew,SK-ACT-CREW-OPS,机舱巡查与就地处置技能,0.5455,0.638048,True,1
3,1765879417.3777404,2025-12-16 10:03:37,SHIP500-B08-T05305,F06,crew,SK-DIAG-F06,发电机综合故障诊断,0.5455,0.638809,True,1
3,1765879417.3777404,2025-12-16 10:03:37,SHIP500-B08-T05305,F11,crew,SK-DIAG-F11,通讯与传感器故障诊断,0.5455,0.638809,True,1
3,1765879417.3777404,2025-12-16 10:03:37,SHIP500-B08-T05305,*,crew,SK-ACT-CREW-OPS,机舱巡查与就地处置技能,0.5455,0.638809,True,1
3,1765879429.5758922,2025-12-16 10:03:49,SHIP500-B08-T05306,F06,crew,SK-DIAG-F06,发电机综合故障诊断,0.5455,0.640715,True,1
3,1765879429.5758922,2025-12-16 10:03:49,SHIP500-B08-T05306,F11,crew,SK-DIAG-F11,通讯与传感器故障诊断,0.5455,0.640715,True,1
3,1765879429.5758922,2025-12-16 10:03:49,SHIP500-B08-T05306,*,crew,SK-ACT-CREW-OPS,机舱巡查与就地处置技能,0.5455,0.640715,True,1
3,1765879441.7812295,2025-12-16 10:04:01,SHIP500-B08-T05307,F06,crew,SK-DIAG-F06,发电机综合故障诊断,0.5455,0.644161,True,1
3,1765879441.7812295,2025-12-16 10:04:01,SHIP500-B08-T05307,F11,crew,SK-DIAG-F11,通讯与传感器故障诊断,0.5455,0.644161,True,1
3,1765879441.7812295,2025-12-16 10:04:01,SHIP500-B08-T05307,*,crew,SK-ACT-CREW-OPS,机舱巡查与就地处置技能,0.5455,0.644161,True,1
3,1765879478.384789,2025-12-16 10:04:38,SHIP500-B08-T05310,F06,crew,SK-DIAG-F06,发电机综合故障诊断,0.5455,0.636908,True,1
3,1765879478.384789,2025-12-16 10:04:38,SHIP500-B08-T05310,F11,crew,SK-DIAG-F11,通讯与传感器故障诊断,0.5455,0.636908,True,1
3,1765879478.384789,2025-12-16 10:04:38,SHIP500-B08-T05310,*,crew,SK-ACT-CREW-OPS,机舱巡查与就地处置技能,0.5455,0.636908,True,1
3,1765879490.6162825,2025-12-16 10:04:50,SHIP500-B08-T05311,F06,crew,SK-DIAG-F06,发电机综合故障诊断,0.5455,0.642244,True,1
3,1765879490.6162825,2025-12-16 10:04:50,SHIP500-B08-T05311,F11,crew,SK-DIAG-F11,通讯与传感器故障诊断,0.5455,0.642244,True,1
3,1765879490.6162825,2025-12-16 10:04:50,SHIP500-B08-T05311,*,crew,SK-ACT-CREW-OPS,机舱巡查与就地处置技能,0.5455,0.642244,True,1
3,1765879515.0007627,2025-12-16 10:05:15,SHIP500-B08-T05313,F06,crew,SK-DIAG-F06,发电机综合故障诊断,0.5455,0.65422,True,1
3,1765879515.0007627,2025-12-16 10:05:15,SHIP500-B08-T05313,F11,crew,SK-DIAG-F11,通讯与传感器故障诊断,0.5455,0.65422,True,1
3,1765879515.0007627,2025-12-16 10:05:15,SHIP500-B08-T05313,*,crew,SK-ACT-CREW-OPS,机舱巡查与就地处置技能,0.5455,0.65422,True,1
3,1765879539.45313,2025-12-16 10:05:39,SHIP500-B08-T05315,F06,crew,SK-DIAG-F06,发电机综合故障诊断,0.5455,0.634635,True,1
3,1765879539.45313,2025-12-16 10:05:39,SHIP500-B08-T05315,F11,crew,SK-DIAG-F11,通讯与传感器故障诊断,0.5455,0.634635,True,1
3,1765879539.45313,2025-12-16 10:05:39,SHIP500-B08-T05315,*,crew,SK-ACT-CREW-OPS,机舱巡查与就地处置技能,0.5455,0.634635,True,1
3,1765879576.049874,2025-12-16 10:06:16,SHIP500-B08-T05318,F06,crew,SK-DIAG-F06,发电机综合故障诊断,0.5455,0.633879,True,1
3,1765879576.049874,2025-12-16 10:06:16,SHIP500-B08-T05318,F11,crew,SK-DIAG-F11,通讯与传感器故障诊断,0.5455,0.633879,True,1
3,1765879576.049874,2025-12-16 10:06:16,SHIP500-B08-T05318,*,crew,SK-ACT-CREW-OPS,机舱巡查与就地处置技能,0.5455,0.633879,True,1
3,1765879624.8507323,2025-12-16 10:07:04,SHIP500-B08-T05322,F06,crew,SK-DIAG-F06,发电机综合故障诊断,0.5455,0.623761,True,1
3,1765879624.8507323,2025-12-16 10:07:04,SHIP500-B08-T05322,F11,crew,SK-DIAG-F11,通讯与传感器故障诊断,0.5455,0.623761,True,1
3,1765879624.8507323,2025-12-16 10:07:04,SHIP500-B08-T05322,*,crew,SK-ACT-CREW-OPS,机舱巡查与就地处置技能,0.5455,0.623761,True,1
3,1765879673.6271234,2025-12-16 10:07:53,SHIP500-B08-T05326,F06,crew,SK-DIAG-F06,发电机综合故障诊断,0.5455,0.623761,True,1
3,1765879673.6271234,2025-12-16 10:07:53,SHIP500-B08-T05326,F11,crew,SK-DIAG-F11,通讯与传感器故障诊断,0.5455,0.623761,True,1
3,1765879673.6271234,2025-12-16 10:07:53,SHIP500-B08-T05326,*,crew,SK-ACT-CREW-OPS,机舱巡查与就地处置技能,0.5455,0.623761,True,1
3,1765879698.0244706,2025-12-16 10:08:18,SHIP500-B08-T05328,F06,crew,SK-DIAG-F06,发电机综合故障诊断,0.5455,0.621535,True,1
3,1765879698.0244706,2025-12-16 10:08:18,SHIP500-B08-T05328,F11,crew,SK-DIAG-F11,通讯与传感器故障诊断,0.5455,0.621535,True,1
3,1765879698.0244706,2025-12-16 10:08:18,SHIP500-B08-T05328,*,crew,SK-ACT-CREW-OPS,机舱巡查与就地处置技能,0.5455,0.621535,True,1
3,1765879710.2345755,2025-12-16 10:08:30,SHIP500-B08-T05329,F06,crew,SK-DIAG-F06,发电机综合故障诊断,0.5455,0.620794,True,1
3,1765879710.2345755,2025-12-16 10:08:30,SHIP500-B08-T05329,F11,crew,SK-DIAG-F11,通讯与传感器故障诊断,0.5455,0.620794,True,1
3,1765879710.2345755,2025-12-16 10:08:30,SHIP500-B08-T05329,*,crew,SK-ACT-CREW-OPS,机舱巡查与就地处置技能,0.5455,0.620794,True,1
3,1765879722.4376292,2025-12-16 10:08:42,SHIP500-B08-T05330,F06,crew,SK-DIAG-F06,发电机综合故障诊断,0.5455,0.621164,True,1
3,1765879722.4376292,2025-12-16 10:08:42,SHIP500-B08-T05330,F11,crew,SK-DIAG-F11,通讯与传感器故障诊断,0.5455,0.621164,True,1
3,1765879722.4376292,2025-12-16 10:08:42,SHIP500-B08-T05330,*,crew,SK-ACT-CREW-OPS,机舱巡查与就地处置技能,0.5455,0.621164,True,1
3,1765879771.2442172,2025-12-16 10:09:31,SHIP500-B08-T05334,F06,crew,SK-DIAG-F06,发电机综合故障诊断,0.5455,0.628987,True,1
3,1765879771.2442172,2025-12-16 10:09:31,SHIP500-B08-T05334,F11,crew,SK-DIAG-F11,通讯与传感器故障诊断,0.5455,0.628987,True,1
3,1765879771.2442172,2025-12-16 10:09:31,SHIP500-B08-T05334,*,crew,SK-ACT-CREW-OPS,机舱巡查与就地处置技能,0.5455,0.628987,True,1
3,1765879783.456905,2025-12-16 10:09:43,SHIP500-B08-T05335,F06,crew,SK-DIAG-F06,发电机综合故障诊断,0.5455,0.627864,True,1
3,1765879783.456905,2025-12-16 10:09:43,SHIP500-B08-T05335,F11,crew,SK-DIAG-F11,通讯与传感器故障诊断,0.5455,0.627864,True,1
3,1765879783.456905,2025-12-16 10:09:43,SHIP500-B08-T05335,*,crew,SK-ACT-CREW-OPS,机舱巡查与就地处置技能,0.5455,0.627864,True,1
3,1765879795.662266,2025-12-16 10:09:55,SHIP500-B08-T05336,F06,crew,SK-DIAG-F06,发电机综合故障诊断,0.5455,0.634635,True,1
3,1765879795.662266,2025-12-16 10:09:55,SHIP500-B08-T05336,F11,crew,SK-DIAG-F11,通讯与传感器故障诊断,0.5455,0.634635,True,1
3,1765879795.662266,2025-12-16 10:09:55,SHIP500-B08-T05336,*,crew,SK-ACT-CREW-OPS,机舱巡查与就地处置技能,0.5455,0.634635,True,1
3,1765879820.0453548,2025-12-16 10:10:20,SHIP500-B08-T05338,F06,crew,SK-DIAG-F06,发电机综合故障诊断,0.5455,0.635771,True,1
3,1765879820.0453548,2025-12-16 10:10:20,SHIP500-B08-T05338,F11,crew,SK-DIAG-F11,通讯与传感器故障诊断,0.5455,0.635771,True,1
3,1765879820.0453548,2025-12-16 10:10:20,SHIP500-B08-T05338,*,crew,SK-ACT-CREW-OPS,机舱巡查与就地处置技能,0.5455,0.635771,True,1
3,1765879832.265057,2025-12-16 10:10:32,SHIP500-B08-T05339,F06,crew,SK-DIAG-F06,发电机综合故障诊断,0.5455,0.63615,True,1
3,1765879832.265057,2025-12-16 10:10:32,SHIP500-B08-T05339,F11,crew,SK-DIAG-F11,通讯与传感器故障诊断,0.5455,0.63615,True,1
3,1765879832.265057,2025-12-16 10:10:32,SHIP500-B08-T05339,*,crew,SK-ACT-CREW-OPS,机舱巡查与就地处置技能,0.5455,0.63615,True,1
3,1765879917.7008474,2025-12-16 10:11:57,SHIP500-B08-T05346,F06,crew,SK-DIAG-F06,发电机综合故障诊断,0.5455,0.638809,True,1
3,1765879917.7008474,2025-12-16 10:11:57,SHIP500-B08-T05346,F11,crew,SK-DIAG-F11,通讯与传感器故障诊断,0.5455,0.638809,True,1
3,1765879917.7008474,2025-12-16 10:11:57,SHIP500-B08-T05346,*,crew,SK-ACT-CREW-OPS,机舱巡查与就地处置技能,0.5455,0.638809,True,1
3,1765879929.901268,2025-12-16 10:12:09,SHIP500-B08-T05347,F06,crew,SK-DIAG-F06,发电机综合故障诊断,0.5455,0.631616,True,1
3,1765879929.901268,2025-12-16 10:12:09,SHIP500-B08-T05347,F11,crew,SK-DIAG-F11,通讯与传感器故障诊断,0.5455,0.631616,True,1
3,1765879929.901268,2025-12-16 10:12:09,SHIP500-B08-T05347,*,crew,SK-ACT-CREW-OPS,机舱巡查与就地处置技能,0.5455,0.631616,True,1
3,1765879954.3511145,2025-12-16 10:12:34,SHIP500-B08-T05349,F06,crew,SK-DIAG-F06,发电机综合故障诊断,0.5455,0.633124,True,1
3,1765879954.3511145,2025-12-16 10:12:34,SHIP500-B08-T05349,F11,crew,SK-DIAG-F11,通讯与传感器故障诊断,0.5455,0.633124,True,1
3,1765879954.3511145,2025-12-16 10:12:34,SHIP500-B08-T05349,*,crew,SK-ACT-CREW-OPS,机舱巡查与就地处置技能,0.5455,0.633124,True,1
3,1765879966.534745,2025-12-16 10:12:46,SHIP500-B08-T05350,F06,crew,SK-DIAG-F06,发电机综合故障诊断,0.5455,0.632747,True,1
3,1765879966.534745,2025-12-16 10:12:46,SHIP500-B08-T05350,F11,crew,SK-DIAG-F11,通讯与传感器故障诊断,0.5455,0.632747,True,1
3,1765879966.534745,2025-12-16 10:12:46,SHIP500-B08-T05350,*,crew,SK-ACT-CREW-OPS,机舱巡查与就地处置技能,0.5455,0.632747,True,1
3,1765880015.3854666,2025-12-16 10:13:35,SHIP500-B08-T05354,F06,crew,SK-DIAG-F06,发电机综合故障诊断,0.5455,0.629362,True,1
3,1765880015.3854666,2025-12-16 10:13:35,SHIP500-B08-T05354,F11,crew,SK-DIAG-F11,通讯与传感器故障诊断,0.5455,0.629362,True,1
3,1765880015.3854666,2025-12-16 10:13:35,SHIP500-B08-T05354,*,crew,SK-ACT-CREW-OPS,机舱巡查与就地处置技能,0.5455,0.629362,True,1
3,1765880027.58575,2025-12-16 10:13:47,SHIP500-B08-T05355,F06,crew,SK-DIAG-F06,发电机综合故障诊断,0.5455,0.628987,True,1
3,1765880027.58575,2025-12-16 10:13:47,SHIP500-B08-T05355,F11,crew,SK-DIAG-F11,通讯与传感器故障诊断,0.5455,0.628987,True,1
3,1765880027.58575,2025-12-16 10:13:47,SHIP500-B08-T05355,*,crew,SK-ACT-CREW-OPS,机舱巡查与就地处置技能,0.5455,0.628987,True,1
3,1765880039.795822,2025-12-16 10:13:59,SHIP500-B08-T05356,F06,crew,SK-DIAG-F06,发电机综合故障诊断,0.5455,0.627116,True,1
3,1765880039.795822,2025-12-16 10:13:59,SHIP500-B08-T05356,F11,crew,SK-DIAG-F11,通讯与传感器故障诊断,0.5455,0.627116,True,1
3,1765880039.795822,2025-12-16 10:13:59,SHIP500-B08-T05356,*,crew,SK-ACT-CREW-OPS,机舱巡查与就地处置技能,0.5455,0.627116,True,1
3,1765880051.973601,2025-12-16 10:14:11,SHIP500-B08-T05357,F06,crew,SK-DIAG-F06,发电机综合故障诊断,0.5455,0.624877,True,1
3,1765880051.973601,2025-12-16 10:14:11,SHIP500-B08-T05357,F11,crew,SK-DIAG-F11,通讯与传感器故障诊断,0.5455,0.624877,True,1
3,1765880051.973601,2025-12-16 10:14:11,SHIP500-B08-T05357,*,crew,SK-ACT-CREW-OPS,机舱巡查与就地处置技能,0.5455,0.624877,True,1
3,1765880100.8878112,2025-12-16 10:15:00,SHIP500-B08-T05361,F06,crew,SK-DIAG-F06,发电机综合故障诊断,0.5455,0.62749,True,1
3,1765880100.8878112,2025-12-16 10:15:00,SHIP500-B08-T05361,F11,crew,SK-DIAG-F11,通讯与传感器故障诊断,0.5455,0.62749,True,1
3,1765880100.8878112,2025-12-16 10:15:00,SHIP500-B08-T05361,*,crew,SK-ACT-CREW-OPS,机舱巡查与就地处置技能,0.5455,0.62749,True,1
3,1765880125.261938,2025-12-16 10:15:25,SHIP500-B08-T05363,F06,crew,SK-DIAG-F06,发电机综合故障诊断,0.5455,0.629362,True,1
3,1765880125.261938,2025-12-16 10:15:25,SHIP500-B08-T05363,F11,crew,SK-DIAG-F11,通讯与传感器故障诊断,0.5455,0.629362,True,1
3,1765880125.261938,2025-12-16 10:15:25,SHIP500-B08-T05363,*,crew,SK-ACT-CREW-OPS,机舱巡查与就地处置技能,0.5455,0.629362,True,1
3,1765880137.466644,2025-12-16 10:15:37,SHIP500-B08-T05364,F06,crew,SK-DIAG-F06,发电机综合故障诊断,0.5455,0.635771,True,1
3,1765880137.466644,2025-12-16 10:15:37,SHIP500-B08-T05364,F11,crew,SK-DIAG-F11,通讯与传感器故障诊断,0.5455,0.635771,True,1
3,1765880137.466644,2025-12-16 10:15:37,SHIP500-B08-T05364,*,crew,SK-ACT-CREW-OPS,机舱巡查与就地处置技能,0.5455,0.635771,True,1
3,1765880174.1134331,2025-12-16 10:16:14,SHIP500-B08-T05367,F06,crew,SK-DIAG-F06,发电机综合故障诊断,0.5455,0.628987,True,1
3,1765880174.1134331,2025-12-16 10:16:14,SHIP500-B08-T05367,F11,crew,SK-DIAG-F11,通讯与传感器故障诊断,0.5455,0.628987,True,1
3,1765880174.1134331,2025-12-16 10:16:14,SHIP500-B08-T05367,*,crew,SK-ACT-CREW-OPS,机舱巡查与就地处置技能,0.5455,0.628987,True,1
3,1765880186.3271112,2025-12-16 10:16:26,SHIP500-B08-T05368,F06,crew,SK-DIAG-F06,发电机综合故障诊断,0.5455,0.632747,True,1
3,1765880186.3271112,2025-12-16 10:16:26,SHIP500-B08-T05368,F11,crew,SK-DIAG-F11,通讯与传感器故障诊断,0.5455,0.632747,True,1
3,1765880186.3271112,2025-12-16 10:16:26,SHIP500-B08-T05368,*,crew,SK-ACT-CREW-OPS,机舱巡查与就地处置技能,0.5455,0.632747,True,1
3,1765880198.5314236,2025-12-16 10:16:38,SHIP500-B08-T05369,F06,crew,SK-DIAG-F06,发电机综合故障诊断,0.5455,0.630864,True,1
3,1765880198.5314236,2025-12-16 10:16:38,SHIP500-B08-T05369,F11,crew,SK-DIAG-F11,通讯与传感器故障诊断,0.5455,0.630864,True,1
3,1765880198.5314236,2025-12-16 10:16:38,SHIP500-B08-T05369,*,crew,SK-ACT-CREW-OPS,机舱巡查与就地处置技能,0.5455,0.630864,True,1
3,1765880210.7352965,2025-12-16 10:16:50,SHIP500-B08-T05370,F06,crew,SK-DIAG-F06,发电机综合故障诊断,0.5455,0.63124,True,1
3,1765880210.7352965,2025-12-16 10:16:50,SHIP500-B08-T05370,F11,crew,SK-DIAG-F11,通讯与传感器故障诊断,0.5455,0.63124,True,1
3,1765880210.7352965,2025-12-16 10:16:50,SHIP500-B08-T05370,*,crew,SK-ACT-CREW-OPS,机舱巡查与就地处置技能,0.5455,0.63124,True,1
3,1765880247.387573,2025-12-16 10:17:27,SHIP500-B08-T05373,F06,crew,SK-DIAG-F06,发电机综合故障诊断,0.5455,0.62525,True,1
3,1765880247.387573,2025-12-16 10:17:27,SHIP500-B08-T05373,F11,crew,SK-DIAG-F11,通讯与传感器故障诊断,0.5455,0.62525,True,1
3,1765880247.387573,2025-12-16 10:17:27,SHIP500-B08-T05373,*,crew,SK-ACT-CREW-OPS,机舱巡查与就地处置技能,0.5455,0.62525,True,1
3,1765880284.001354,2025-12-16 10:18:04,SHIP500-B08-T05376,F06,crew,SK-DIAG-F06,发电机综合故障诊断,0.5455,0.621535,True,1
3,1765880284.001354,2025-12-16 10:18:04,SHIP500-B08-T05376,F11,crew,SK-DIAG-F11,通讯与传感器故障诊断,0.5455,0.621535,True,1
3,1765880284.001354,2025-12-16 10:18:04,SHIP500-B08-T05376,*,crew,SK-ACT-CREW-OPS,机舱巡查与就地处置技能,0.5455,0.621535,True,1
3,1765880332.8372457,2025-12-16 10:18:52,SHIP500-B08-T05380,F06,crew,SK-DIAG-F06,发电机综合故障诊断,0.5455,0.616004,True,1
3,1765880332.8372457,2025-12-16 10:18:52,SHIP500-B08-T05380,F11,crew,SK-DIAG-F11,通讯与传感器故障诊断,0.5455,0.616004,True,1
3,1765880332.8372457,2025-12-16 10:18:52,SHIP500-B08-T05380,*,crew,SK-ACT-CREW-OPS,机舱巡查与就地处置技能,0.5455,0.616004,True,1
3,1765880369.4552925,2025-12-16 10:19:29,SHIP500-B08-T05383,F06,crew,SK-DIAG-F06,发电机综合故障诊断,0.5455,0.616738,True,1
3,1765880369.4552925,2025-12-16 10:19:29,SHIP500-B08-T05383,F11,crew,SK-DIAG-F11,通讯与传感器故障诊断,0.5455,0.616738,True,1
3,1765880369.4552925,2025-12-16 10:19:29,SHIP500-B08-T05383,*,crew,SK-ACT-CREW-OPS,机舱巡查与就地处置技能,0.5455,0.616738,True,1
3,1765880479.34084,2025-12-16 10:21:19,SHIP500-B08-T05392,F06,crew,SK-DIAG-F06,发电机综合故障诊断,0.5455,0.619686,True,1
3,1765880479.34084,2025-12-16 10:21:19,SHIP500-B08-T05392,F11,crew,SK-DIAG-F11,通讯与传感器故障诊断,0.5455,0.619686,True,1
3,1765880479.34084,2025-12-16 10:21:19,SHIP500-B08-T05392,*,crew,SK-ACT-CREW-OPS,机舱巡查与就地处置技能,0.5455,0.619686,True,1
3,1765880503.74061,2025-12-16 10:21:43,SHIP500-B08-T05394,F06,crew,SK-DIAG-F06,发电机综合故障诊断,0.5455,0.62339,True,1
3,1765880503.74061,2025-12-16 10:21:43,SHIP500-B08-T05394,F11,crew,SK-DIAG-F11,通讯与传感器故障诊断,0.5455,0.62339,True,1
3,1765880503.74061,2025-12-16 10:21:43,SHIP500-B08-T05394,*,crew,SK-ACT-CREW-OPS,机舱巡查与就地处置技能,0.5455,0.62339,True,1
3,1765880540.3761714,2025-12-16 10:22:20,SHIP500-B08-T05397,F06,crew,SK-DIAG-F06,发电机综合故障诊断,0.5455,0.628238,True,1
3,1765880540.3761714,2025-12-16 10:22:20,SHIP500-B08-T05397,F11,crew,SK-DIAG-F11,通讯与传感器故障诊断,0.5455,0.628238,True,1
3,1765880540.3761714,2025-12-16 10:22:20,SHIP500-B08-T05397,*,crew,SK-ACT-CREW-OPS,机舱巡查与就地处置技能,0.5455,0.628238,True,1
3,1765880613.6724515,2025-12-16 10:23:33,SHIP500-B08-T05403,F06,crew,SK-DIAG-F06,发电机综合故障诊断,0.5455,0.639571,True,1
3,1765880613.6724515,2025-12-16 10:23:33,SHIP500-B08-T05403,F11,crew,SK-DIAG-F11,通讯与传感器故障诊断,0.5455,0.639571,True,1
3,1765880613.6724515,2025-12-16 10:23:33,SHIP500-B08-T05403,*,crew,SK-ACT-CREW-OPS,机舱巡查与就地处置技能,0.5455,0.639571,True,1
3,1765880638.0691602,2025-12-16 10:23:58,SHIP500-B08-T05405,F06,crew,SK-DIAG-F06,发电机综合故障诊断,0.5455,0.631993,True,1
3,1765880638.0691602,2025-12-16 10:23:58,SHIP500-B08-T05405,F11,crew,SK-DIAG-F11,通讯与传感器故障诊断,0.5455,0.631993,True,1
3,1765880638.0691602,2025-12-16 10:23:58,SHIP500-B08-T05405,*,crew,SK-ACT-CREW-OPS,机舱巡查与就地处置技能,0.5455,0.631993,True,1
3,1765880699.1334405,2025-12-16 10:24:59,SHIP500-B08-T05410,F06,crew,SK-DIAG-F06,发电机综合故障诊断,0.5455,0.626742,True,1
3,1765880699.1334405,2025-12-16 10:24:59,SHIP500-B08-T05410,F11,crew,SK-DIAG-F11,通讯与传感器故障诊断,0.5455,0.626742,True,1
3,1765880699.1334405,2025-12-16 10:24:59,SHIP500-B08-T05410,*,crew,SK-ACT-CREW-OPS,机舱巡查与就地处置技能,0.5455,0.626742,True,1
3,1765880735.6976402,2025-12-16 10:25:35,SHIP500-B08-T05413,F06,crew,SK-DIAG-F06,发电机综合故障诊断,0.5455,0.623018,True,1
3,1765880735.6976402,2025-12-16 10:25:35,SHIP500-B08-T05413,F11,crew,SK-DIAG-F11,通讯与传感器故障诊断,0.5455,0.623018,True,1
3,1765880735.6976402,2025-12-16 10:25:35,SHIP500-B08-T05413,*,crew,SK-ACT-CREW-OPS,机舱巡查与就地处置技能,0.5455,0.623018,True,1
3,1765880760.0952735,2025-12-16 10:26:00,SHIP500-B08-T05415,F06,crew,SK-DIAG-F06,发电机综合故障诊断,0.5455,0.628238,True,1
3,1765880760.0952735,2025-12-16 10:26:00,SHIP500-B08-T05415,F11,crew,SK-DIAG-F11,通讯与传感器故障诊断,0.5455,0.628238,True,1
3,1765880760.0952735,2025-12-16 10:26:00,SHIP500-B08-T05415,*,crew,SK-ACT-CREW-OPS,机舱巡查与就地处置技能,0.5455,0.628238,True,1
3,1765880784.5268016,2025-12-16 10:26:24,SHIP500-B08-T05417,F06,crew,SK-DIAG-F06,发电机综合故障诊断,0.5455,0.622647,True,1
3,1765880784.5268016,2025-12-16 10:26:24,SHIP500-B08-T05417,F11,crew,SK-DIAG-F11,通讯与传感器故障诊断,0.5455,0.622647,True,1
3,1765880784.5268016,2025-12-16 10:26:24,SHIP500-B08-T05417,*,crew,SK-ACT-CREW-OPS,机舱巡查与就地处置技能,0.5455,0.622647,True,1
3,1765880808.9085925,2025-12-16 10:26:48,SHIP500-B08-T05419,F06,crew,SK-DIAG-F06,发电机综合故障诊断,0.5455,0.628238,True,1
3,1765880808.9085925,2025-12-16 10:26:48,SHIP500-B08-T05419,F11,crew,SK-DIAG-F11,通讯与传感器故障诊断,0.5455,0.628238,True,1
3,1765880808.9085925,2025-12-16 10:26:48,SHIP500-B08-T05419,*,crew,SK-ACT-CREW-OPS,机舱巡查与就地处置技能,0.5455,0.628238,True,1
3,1765880821.140205,2025-12-16 10:27:01,SHIP500-B08-T05420,F06,crew,SK-DIAG-F06,发电机综合故障诊断,0.5455,0.629737,True,1
3,1765880821.140205,2025-12-16 10:27:01,SHIP500-B08-T05420,F11,crew,SK-DIAG-F11,通讯与传感器故障诊断,0.5455,0.629737,True,1
3,1765880821.140205,2025-12-16 10:27:01,SHIP500-B08-T05420,*,crew,SK-ACT-CREW-OPS,机舱巡查与就地处置技能,0.5455,0.629737,True,1
3,1765880857.7174606,2025-12-16 10:27:37,SHIP500-B08-T05423,F06,crew,SK-DIAG-F06,发电机综合故障诊断,0.5455,0.63124,True,1
3,1765880857.7174606,2025-12-16 10:27:37,SHIP500-B08-T05423,F11,crew,SK-DIAG-F11,通讯与传感器故障诊断,0.5455,0.63124,True,1
3,1765880857.7174606,2025-12-16 10:27:37,SHIP500-B08-T05423,*,crew,SK-ACT-CREW-OPS,机舱巡查与就地处置技能,0.5455,0.63124,True,1
3,1765880869.9137666,2025-12-16 10:27:49,SHIP500-B08-T05424,F06,crew,SK-DIAG-F06,发电机综合故障诊断,0.5455,0.634635,True,1
3,1765880869.9137666,2025-12-16 10:27:49,SHIP500-B08-T05424,F11,crew,SK-DIAG-F11,通讯与传感器故障诊断,0.5455,0.634635,True,1
3,1765880869.9137666,2025-12-16 10:27:49,SHIP500-B08-T05424,*,crew,SK-ACT-CREW-OPS,机舱巡查与就地处置技能,0.5455,0.634635,True,1
3,1765880906.530723,2025-12-16 10:28:26,SHIP500-B08-T05427,F06,crew,SK-DIAG-F06,发电机综合故障诊断,0.5455,0.629737,True,1
3,1765880906.530723,2025-12-16 10:28:26,SHIP500-B08-T05427,F11,crew,SK-DIAG-F11,通讯与传感器故障诊断,0.5455,0.629737,True,1
3,1765880906.530723,2025-12-16 10:28:26,SHIP500-B08-T05427,*,crew,SK-ACT-CREW-OPS,机舱巡查与就地处置技能,0.5455,0.629737,True,1
3,1765880955.3635592,2025-12-16 10:29:15,SHIP500-B08-T05431,F06,crew,SK-DIAG-F06,发电机综合故障诊断,0.5455,0.636529,True,1
3,1765880955.3635592,2025-12-16 10:29:15,SHIP500-B08-T05431,F11,crew,SK-DIAG-F11,通讯与传感器故障诊断,0.5455,0.636529,True,1
3,1765880955.3635592,2025-12-16 10:29:15,SHIP500-B08-T05431,*,crew,SK-ACT-CREW-OPS,机舱巡查与就地处置技能,0.5455,0.636529,True,1
3,1765880967.5580044,2025-12-16 10:29:27,SHIP500-B08-T05432,F06,crew,SK-DIAG-F06,发电机综合故障诊断,0.5455,0.628987,True,1
3,1765880967.5580044,2025-12-16 10:29:27,SHIP500-B08-T05432,F11,crew,SK-DIAG-F11,通讯与传感器故障诊断,0.5455,0.628987,True,1
3,1765880967.5580044,2025-12-16 10:29:27,SHIP500-B08-T05432,*,crew,SK-ACT-CREW-OPS,机舱巡查与就地处置技能,0.5455,0.628987,True,1
3,1765881016.3726115,2025-12-16 10:30:16,SHIP500-B08-T05436,F06,crew,SK-DIAG-F06,发电机综合故障诊断,0.5455,0.625623,True,1
3,1765881016.3726115,2025-12-16 10:30:16,SHIP500-B08-T05436,F11,crew,SK-DIAG-F11,通讯与传感器故障诊断,0.5455,0.625623,True,1
3,1765881016.3726115,2025-12-16 10:30:16,SHIP500-B08-T05436,*,crew,SK-ACT-CREW-OPS,机舱巡查与就地处置技能,0.5455,0.625623,True,1
3,1765881065.1270278,2025-12-16 10:31:05,SHIP500-B08-T05440,F06,crew,SK-DIAG-F06,发电机综合故障诊断,0.5455,0.621535,True,1
3,1765881065.1270278,2025-12-16 10:31:05,SHIP500-B08-T05440,F11,crew,SK-DIAG-F11,通讯与传感器故障诊断,0.5455,0.621535,True,1
3,1765881065.1270278,2025-12-16 10:31:05,SHIP500-B08-T05440,*,crew,SK-ACT-CREW-OPS,机舱巡查与就地处置技能,0.5455,0.621535,True,1
3,1765881101.705912,2025-12-16 10:31:41,SHIP500-B08-T05443,F06,crew,SK-DIAG-F06,发电机综合故障诊断,0.5455,0.617106,True,1
3,1765881101.705912,2025-12-16 10:31:41,SHIP500-B08-T05443,F11,crew,SK-DIAG-F11,通讯与传感器故障诊断,0.5455,0.617106,True,1
3,1765881101.705912,2025-12-16 10:31:41,SHIP500-B08-T05443,*,crew,SK-ACT-CREW-OPS,机舱巡查与就地处置技能,0.5455,0.617106,True,1
3,1765881126.134386,2025-12-16 10:32:06,SHIP500-B08-T05445,F06,crew,SK-DIAG-F06,发电机综合故障诊断,0.5455,0.616738,True,1
3,1765881126.134386,2025-12-16 10:32:06,SHIP500-B08-T05445,F11,crew,SK-DIAG-F11,通讯与传感器故障诊断,0.5455,0.616738,True,1
3,1765881126.134386,2025-12-16 10:32:06,SHIP500-B08-T05445,*,crew,SK-ACT-CREW-OPS,机舱巡查与就地处置技能,0.5455,0.616738,True,1
3,1765881138.3240876,2025-12-16 10:32:18,SHIP500-B08-T05446,F06,crew,SK-DIAG-F06,发电机综合故障诊断,0.5455,0.609794,True,1
3,1765881138.3240876,2025-12-16 10:32:18,SHIP500-B08-T05446,F11,crew,SK-DIAG-F11,通讯与传感器故障诊断,0.5455,0.609794,True,1
3,1765881138.3240876,2025-12-16 10:32:18,SHIP500-B08-T05446,*,crew,SK-ACT-CREW-OPS,机舱巡查与就地处置技能,0.5455,0.609794,True,1
3,1765881187.134714,2025-12-16 10:33:07,SHIP500-B08-T05450,F06,crew,SK-DIAG-F06,发电机综合故障诊断,0.5455,0.623018,True,1
3,1765881187.134714,2025-12-16 10:33:07,SHIP500-B08-T05450,F11,crew,SK-DIAG-F11,通讯与传感器故障诊断,0.5455,0.623018,True,1
3,1765881187.134714,2025-12-16 10:33:07,SHIP500-B08-T05450,*,crew,SK-ACT-CREW-OPS,机舱巡查与就地处置技能,0.5455,0.623018,True,1
3,1765881236.0460718,2025-12-16 10:33:56,SHIP500-B08-T05454,F06,crew,SK-DIAG-F06,发电机综合故障诊断,0.5455,0.630113,True,1
3,1765881236.0460718,2025-12-16 10:33:56,SHIP500-B08-T05454,F11,crew,SK-DIAG-F11,通讯与传感器故障诊断,0.5455,0.630113,True,1
3,1765881236.0460718,2025-12-16 10:33:56,SHIP500-B08-T05454,*,crew,SK-ACT-CREW-OPS,机舱巡查与就地处置技能,0.5455,0.630113,True,1
3,1765881260.4344132,2025-12-16 10:34:20,SHIP500-B08-T05456,F06,crew,SK-DIAG-F06,发电机综合故障诊断,0.5455,0.635013,True,1
3,1765881260.4344132,2025-12-16 10:34:20,SHIP500-B08-T05456,F11,crew,SK-DIAG-F11,通讯与传感器故障诊断,0.5455,0.635013,True,1
3,1765881260.4344132,2025-12-16 10:34:20,SHIP500-B08-T05456,*,crew,SK-ACT-CREW-OPS,机舱巡查与就地处置技能,0.5455,0.635013,True,1
3,1765881272.6564746,2025-12-16 10:34:32,SHIP500-B08-T05457,F06,crew,SK-DIAG-F06,发电机综合故障诊断,0.5455,0.633501,True,1
3,1765881272.6564746,2025-12-16 10:34:32,SHIP500-B08-T05457,F11,crew,SK-DIAG-F11,通讯与传感器故障诊断,0.5455,0.633501,True,1
3,1765881272.6564746,2025-12-16 10:34:32,SHIP500-B08-T05457,*,crew,SK-ACT-CREW-OPS,机舱巡查与就地处置技能,0.5455,0.633501,True,1
3,1765881284.9364936,2025-12-16 10:34:44,SHIP500-B08-T05458,F06,crew,SK-DIAG-F06,发电机综合故障诊断,0.5455,0.634635,True,1
3,1765881284.9364936,2025-12-16 10:34:44,SHIP500-B08-T05458,F11,crew,SK-DIAG-F11,通讯与传感器故障诊断,0.5455,0.634635,True,1
3,1765881284.9364936,2025-12-16 10:34:44,SHIP500-B08-T05458,*,crew,SK-ACT-CREW-OPS,机舱巡查与就地处置技能,0.5455,0.634635,True,1
3,1765881309.3045104,2025-12-16 10:35:09,SHIP500-B08-T05460,F06,crew,SK-DIAG-F06,发电机综合故障诊断,0.5455,0.633501,True,1
3,1765881309.3045104,2025-12-16 10:35:09,SHIP500-B08-T05460,F11,crew,SK-DIAG-F11,通讯与传感器故障诊断,0.5455,0.633501,True,1
3,1765881309.3045104,2025-12-16 10:35:09,SHIP500-B08-T05460,*,crew,SK-ACT-CREW-OPS,机舱巡查与就地处置技能,0.5455,0.633501,True,1
3,1765881333.7085,2025-12-16 10:35:33,SHIP500-B08-T05462,F06,crew,SK-DIAG-F06,发电机综合故障诊断,0.5455,0.634257,True,1
3,1765881333.7085,2025-12-16 10:35:33,SHIP500-B08-T05462,F11,crew,SK-DIAG-F11,通讯与传感器故障诊断,0.5455,0.634257,True,1
3,1765881333.7085,2025-12-16 10:35:33,SHIP500-B08-T05462,*,crew,SK-ACT-CREW-OPS,机舱巡查与就地处置技能,0.5455,0.634257,True,1
3,1765881345.943432,2025-12-16 10:35:45,SHIP500-B08-T05463,F06,crew,SK-DIAG-F06,发电机综合故障诊断,0.5455,0.638428,True,1
3,1765881345.943432,2025-12-16 10:35:45,SHIP500-B08-T05463,F11,crew,SK-DIAG-F11,通讯与传感器故障诊断,0.5455,0.638428,True,1
3,1765881345.943432,2025-12-16 10:35:45,SHIP500-B08-T05463,*,crew,SK-ACT-CREW-OPS,机舱巡查与就地处置技能,0.5455,0.638428,True,1
3,1765881382.5901964,2025-12-16 10:36:22,SHIP500-B08-T05466,F06,crew,SK-DIAG-F06,发电机综合故障诊断,0.5455,0.628238,True,1
3,1765881382.5901964,2025-12-16 10:36:22,SHIP500-B08-T05466,F11,crew,SK-DIAG-F11,通讯与传感器故障诊断,0.5455,0.628238,True,1
3,1765881382.5901964,2025-12-16 10:36:22,SHIP500-B08-T05466,*,crew,SK-ACT-CREW-OPS,机舱巡查与就地处置技能,0.5455,0.628238,True,1
3,1765881394.7902029,2025-12-16 10:36:34,SHIP500-B08-T05467,F06,crew,SK-DIAG-F06,发电机综合故障诊断,0.5455,0.62749,True,1
3,1765881394.7902029,2025-12-16 10:36:34,SHIP500-B08-T05467,F11,crew,SK-DIAG-F11,通讯与传感器故障诊断,0.5455,0.62749,True,1
3,1765881394.7902029,2025-12-16 10:36:34,SHIP500-B08-T05467,*,crew,SK-ACT-CREW-OPS,机舱巡查与就地处置技能,0.5455,0.62749,True,1
3,1765881419.223052,2025-12-16 10:36:59,SHIP500-B08-T05469,F06,crew,SK-DIAG-F06,发电机综合故障诊断,0.5455,0.628612,True,1
3,1765881419.223052,2025-12-16 10:36:59,SHIP500-B08-T05469,F11,crew,SK-DIAG-F11,通讯与传感器故障诊断,0.5455,0.628612,True,1
3,1765881419.223052,2025-12-16 10:36:59,SHIP500-B08-T05469,*,crew,SK-ACT-CREW-OPS,机舱巡查与就地处置技能,0.5455,0.628612,True,1
3,1765881431.4394,2025-12-16 10:37:11,SHIP500-B08-T05470,F06,crew,SK-DIAG-F06,发电机综合故障诊断,0.5455,0.625996,True,1
3,1765881431.4394,2025-12-16 10:37:11,SHIP500-B08-T05470,F11,crew,SK-DIAG-F11,通讯与传感器故障诊断,0.5455,0.625996,True,1
3,1765881431.4394,2025-12-16 10:37:11,SHIP500-B08-T05470,*,crew,SK-ACT-CREW-OPS,机舱巡查与就地处置技能,0.5455,0.625996,True,1
3,1765881504.7047343,2025-12-16 10:38:24,SHIP500-B08-T05476,F06,crew,SK-DIAG-F06,发电机综合故障诊断,0.5455,0.621905,True,1
3,1765881504.7047343,2025-12-16 10:38:24,SHIP500-B08-T05476,F11,crew,SK-DIAG-F11,通讯与传感器故障诊断,0.5455,0.621905,True,1
3,1765881504.7047343,2025-12-16 10:38:24,SHIP500-B08-T05476,*,crew,SK-ACT-CREW-OPS,机舱巡查与就地处置技能,0.5455,0.621905,True,1
3,1765881516.907266,2025-12-16 10:38:36,SHIP500-B08-T05477,F06,crew,SK-DIAG-F06,发电机综合故障诊断,0.5455,0.626369,True,1
3,1765881516.907266,2025-12-16 10:38:36,SHIP500-B08-T05477,F11,crew,SK-DIAG-F11,通讯与传感器故障诊断,0.5455,0.626369,True,1
3,1765881516.907266,2025-12-16 10:38:36,SHIP500-B08-T05477,*,crew,SK-ACT-CREW-OPS,机舱巡查与就地处置技能,0.5455,0.626369,True,1
3,1765881553.530677,2025-12-16 10:39:13,SHIP500-B08-T05480,F06,crew,SK-DIAG-F06,发电机综合故障诊断,0.5455,0.624505,True,1
3,1765881553.530677,2025-12-16 10:39:13,SHIP500-B08-T05480,F11,crew,SK-DIAG-F11,通讯与传感器故障诊断,0.5455,0.624505,True,1
3,1765881553.530677,2025-12-16 10:39:13,SHIP500-B08-T05480,*,crew,SK-ACT-CREW-OPS,机舱巡查与就地处置技能,0.5455,0.624505,True,1
3,1765881565.7261293,2025-12-16 10:39:25,SHIP500-B08-T05481,F06,crew,SK-DIAG-F06,发电机综合故障诊断,0.5455,0.627116,True,1
3,1765881565.7261293,2025-12-16 10:39:25,SHIP500-B08-T05481,F11,crew,SK-DIAG-F11,通讯与传感器故障诊断,0.5455,0.627116,True,1
3,1765881565.7261293,2025-12-16 10:39:25,SHIP500-B08-T05481,*,crew,SK-ACT-CREW-OPS,机舱巡查与就地处置技能,0.5455,0.627116,True,1
3,1765881639.000576,2025-12-16 10:40:39,SHIP500-B08-T05487,F06,crew,SK-DIAG-F06,发电机综合故障诊断,0.5455,0.623761,True,1
3,1765881639.000576,2025-12-16 10:40:39,SHIP500-B08-T05487,F11,crew,SK-DIAG-F11,通讯与传感器故障诊断,0.5455,0.623761,True,1
3,1765881639.000576,2025-12-16 10:40:39,SHIP500-B08-T05487,*,crew,SK-ACT-CREW-OPS,机舱巡查与就地处置技能,0.5455,0.623761,True,1
3,1765881663.4206734,2025-12-16 10:41:03,SHIP500-B08-T05489,F06,crew,SK-DIAG-F06,发电机综合故障诊断,0.5455,0.630488,True,1
3,1765881663.4206734,2025-12-16 10:41:03,SHIP500-B08-T05489,F11,crew,SK-DIAG-F11,通讯与传感器故障诊断,0.5455,0.630488,True,1
3,1765881663.4206734,2025-12-16 10:41:03,SHIP500-B08-T05489,*,crew,SK-ACT-CREW-OPS,机舱巡查与就地处置技能,0.5455,0.630488,True,1
3,1765881700.0036416,2025-12-16 10:41:40,SHIP500-B08-T05492,F06,crew,SK-DIAG-F06,发电机综合故障诊断,0.5455,0.617842,True,1
3,1765881700.0036416,2025-12-16 10:41:40,SHIP500-B08-T05492,F11,crew,SK-DIAG-F11,通讯与传感器故障诊断,0.5455,0.617842,True,1
3,1765881700.0036416,2025-12-16 10:41:40,SHIP500-B08-T05492,*,crew,SK-ACT-CREW-OPS,机舱巡查与就地处置技能,0.5455,0.617842,True,1
3,1765881724.3752651,2025-12-16 10:42:04,SHIP500-B08-T05494,F06,crew,SK-DIAG-F06,发电机综合故障诊断,0.5455,0.620794,True,1
3,1765881724.3752651,2025-12-16 10:42:04,SHIP500-B08-T05494,F11,crew,SK-DIAG-F11,通讯与传感器故障诊断,0.5455,0.620794,True,1
3,1765881724.3752651,2025-12-16 10:42:04,SHIP500-B08-T05494,*,crew,SK-ACT-CREW-OPS,机舱巡查与就地处置技能,0.5455,0.620794,True,1
3,1765881748.798504,2025-12-16 10:42:28,SHIP500-B08-T05496,F06,crew,SK-DIAG-F06,发电机综合故障诊断,0.5455,0.621535,True,1
3,1765881748.798504,2025-12-16 10:42:28,SHIP500-B08-T05496,F11,crew,SK-DIAG-F11,通讯与传感器故障诊断,0.5455,0.621535,True,1
3,1765881748.798504,2025-12-16 10:42:28,SHIP500-B08-T05496,*,crew,SK-ACT-CREW-OPS,机舱巡查与就地处置技能,0.5455,0.621535,True,1
3,1765881761.007686,2025-12-16 10:42:41,SHIP500-B08-T05497,F06,crew,SK-DIAG-F06,发电机综合故障诊断,0.5455,0.618579,True,1
3,1765881761.007686,2025-12-16 10:42:41,SHIP500-B08-T05497,F11,crew,SK-DIAG-F11,通讯与传感器故障诊断,0.5455,0.618579,True,1
3,1765881761.007686,2025-12-16 10:42:41,SHIP500-B08-T05497,*,crew,SK-ACT-CREW-OPS,机舱巡查与就地处置技能,0.5455,0.618579,True,1
3,1765881809.843555,2025-12-16 10:43:29,SHIP500-B08-T05501,F06,crew,SK-DIAG-F06,发电机综合故障诊断,0.5455,0.617106,True,1
3,1765881809.843555,2025-12-16 10:43:29,SHIP500-B08-T05501,F11,crew,SK-DIAG-F11,通讯与传感器故障诊断,0.5455,0.617106,True,1
3,1765881809.843555,2025-12-16 10:43:29,SHIP500-B08-T05501,*,crew,SK-ACT-CREW-OPS,机舱巡查与就地处置技能,0.5455,0.617106,True,1
3,1765881834.314133,2025-12-16 10:43:54,SHIP500-B08-T05503,F06,crew,SK-DIAG-F06,发电机综合故障诊断,0.5455,0.617106,True,1
3,1765881834.314133,2025-12-16 10:43:54,SHIP500-B08-T05503,F11,crew,SK-DIAG-F11,通讯与传感器故障诊断,0.5455,0.617106,True,1
3,1765881834.314133,2025-12-16 10:43:54,SHIP500-B08-T05503,*,crew,SK-ACT-CREW-OPS,机舱巡查与就地处置技能,0.5455,0.617106,True,1
3,1765881846.464794,2025-12-16 10:44:06,SHIP500-B08-T05504,F06,crew,SK-DIAG-F06,发电机综合故障诊断,0.5455,0.615637,True,1
3,1765881846.464794,2025-12-16 10:44:06,SHIP500-B08-T05504,F11,crew,SK-DIAG-F11,通讯与传感器故障诊断,0.5455,0.615637,True,1
3,1765881846.464794,2025-12-16 10:44:06,SHIP500-B08-T05504,*,crew,SK-ACT-CREW-OPS,机舱巡查与就地处置技能,0.5455,0.615637,True,1
3,1765881895.2851648,2025-12-16 10:44:55,SHIP500-B08-T05508,F06,crew,SK-DIAG-F06,发电机综合故障诊断,0.5455,0.620425,True,1
3,1765881895.2851648,2025-12-16 10:44:55,SHIP500-B08-T05508,F11,crew,SK-DIAG-F11,通讯与传感器故障诊断,0.5455,0.620425,True,1
3,1765881895.2851648,2025-12-16 10:44:55,SHIP500-B08-T05508,*,crew,SK-ACT-CREW-OPS,机舱巡查与就地处置技能,0.5455,0.620425,True,1
3,1765881907.520315,2025-12-16 10:45:07,SHIP500-B08-T05509,F06,crew,SK-DIAG-F06,发电机综合故障诊断,0.5455,0.621905,True,1
3,1765881907.520315,2025-12-16 10:45:07,SHIP500-B08-T05509,F11,crew,SK-DIAG-F11,通讯与传感器故障诊断,0.5455,0.621905,True,1
3,1765881907.520315,2025-12-16 10:45:07,SHIP500-B08-T05509,*,crew,SK-ACT-CREW-OPS,机舱巡查与就地处置技能,0.5455,0.621905,True,1
3,1765881956.387642,2025-12-16 10:45:56,SHIP500-B08-T05513,F06,crew,SK-DIAG-F06,发电机综合故障诊断,0.5455,0.626369,True,1
3,1765881956.387642,2025-12-16 10:45:56,SHIP500-B08-T05513,F11,crew,SK-DIAG-F11,通讯与传感器故障诊断,0.5455,0.626369,True,1
3,1765881956.387642,2025-12-16 10:45:56,SHIP500-B08-T05513,*,crew,SK-ACT-CREW-OPS,机舱巡查与就地处置技能,0.5455,0.626369,True,1
3,1765881968.589173,2025-12-16 10:46:08,SHIP500-B08-T05514,F06,crew,SK-DIAG-F06,发电机综合故障诊断,0.5455,0.626742,True,1
3,1765881968.589173,2025-12-16 10:46:08,SHIP500-B08-T05514,F11,crew,SK-DIAG-F11,通讯与传感器故障诊断,0.5455,0.626742,True,1
3,1765881968.589173,2025-12-16 10:46:08,SHIP500-B08-T05514,*,crew,SK-ACT-CREW-OPS,机舱巡查与就地处置技能,0.5455,0.626742,True,1
3,1765881992.961299,2025-12-16 10:46:32,SHIP500-B08-T05516,F06,crew,SK-DIAG-F06,发电机综合故障诊断,0.5455,0.628612,True,1
3,1765881992.961299,2025-12-16 10:46:32,SHIP500-B08-T05516,F11,crew,SK-DIAG-F11,通讯与传感器故障诊断,0.5455,0.628612,True,1
3,1765881992.961299,2025-12-16 10:46:32,SHIP500-B08-T05516,*,crew,SK-ACT-CREW-OPS,机舱巡查与就地处置技能,0.5455,0.628612,True,1
3,1765882029.5728858,2025-12-16 10:47:09,SHIP500-B08-T05519,F06,crew,SK-DIAG-F06,发电机综合故障诊断,0.5455,0.630864,True,1
3,1765882029.5728858,2025-12-16 10:47:09,SHIP500-B08-T05519,F11,crew,SK-DIAG-F11,通讯与传感器故障诊断,0.5455,0.630864,True,1
3,1765882029.5728858,2025-12-16 10:47:09,SHIP500-B08-T05519,*,crew,SK-ACT-CREW-OPS,机舱巡查与就地处置技能,0.5455,0.630864,True,1
3,1765882041.815866,2025-12-16 10:47:21,SHIP500-B08-T05520,F06,crew,SK-DIAG-F06,发电机综合故障诊断,0.5455,0.631993,True,1
3,1765882041.815866,2025-12-16 10:47:21,SHIP500-B08-T05520,F11,crew,SK-DIAG-F11,通讯与传感器故障诊断,0.5455,0.631993,True,1
3,1765882041.815866,2025-12-16 10:47:21,SHIP500-B08-T05520,*,crew,SK-ACT-CREW-OPS,机舱巡查与就地处置技能,0.5455,0.631993,True,1
3,1765882078.412867,2025-12-16 10:47:58,SHIP500-B08-T05523,F06,crew,SK-DIAG-F06,发电机综合故障诊断,0.5455,0.629362,True,1
3,1765882078.412867,2025-12-16 10:47:58,SHIP500-B08-T05523,F11,crew,SK-DIAG-F11,通讯与传感器故障诊断,0.5455,0.629362,True,1
3,1765882078.412867,2025-12-16 10:47:58,SHIP500-B08-T05523,*,crew,SK-ACT-CREW-OPS,机舱巡查与就地处置技能,0.5455,0.629362,True,1
3,1765882090.633246,2025-12-16 10:48:10,SHIP500-B08-T05524,F06,crew,SK-DIAG-F06,发电机综合故障诊断,0.5455,0.626742,True,1
3,1765882090.633246,2025-12-16 10:48:10,SHIP500-B08-T05524,F11,crew,SK-DIAG-F11,通讯与传感器故障诊断,0.5455,0.626742,True,1
3,1765882090.633246,2025-12-16 10:48:10,SHIP500-B08-T05524,*,crew,SK-ACT-CREW-OPS,机舱巡查与就地处置技能,0.5455,0.626742,True,1
3,1765882115.0112352,2025-12-16 10:48:35,SHIP500-B08-T05526,F06,crew,SK-DIAG-F06,发电机综合故障诊断,0.5455,0.626742,True,1
3,1765882115.0112352,2025-12-16 10:48:35,SHIP500-B08-T05526,F11,crew,SK-DIAG-F11,通讯与传感器故障诊断,0.5455,0.626742,True,1
3,1765882115.0112352,2025-12-16 10:48:35,SHIP500-B08-T05526,*,crew,SK-ACT-CREW-OPS,机舱巡查与就地处置技能,0.5455,0.626742,True,1
3,1765882139.410611,2025-12-16 10:48:59,SHIP500-B08-T05528,F06,crew,SK-DIAG-F06,发电机综合故障诊断,0.5455,0.623018,True,1
3,1765882139.410611,2025-12-16 10:48:59,SHIP500-B08-T05528,F11,crew,SK-DIAG-F11,通讯与传感器故障诊断,0.5455,0.623018,True,1
3,1765882139.410611,2025-12-16 10:48:59,SHIP500-B08-T05528,*,crew,SK-ACT-CREW-OPS,机舱巡查与就地处置技能,0.5455,0.623018,True,1
3,1765882163.8066385,2025-12-16 10:49:23,SHIP500-B08-T05530,F06,crew,SK-DIAG-F06,发电机综合故障诊断,0.5455,0.626742,True,1
3,1765882163.8066385,2025-12-16 10:49:23,SHIP500-B08-T05530,F11,crew,SK-DIAG-F11,通讯与传感器故障诊断,0.5455,0.626742,True,1
3,1765882163.8066385,2025-12-16 10:49:23,SHIP500-B08-T05530,*,crew,SK-ACT-CREW-OPS,机舱巡查与就地处置技能,0.5455,0.626742,True,1
3,1765882212.6085138,2025-12-16 10:50:12,SHIP500-B08-T05534,F06,crew,SK-DIAG-F06,发电机综合故障诊断,0.5455,0.629362,True,1
3,1765882212.6085138,2025-12-16 10:50:12,SHIP500-B08-T05534,F11,crew,SK-DIAG-F11,通讯与传感器故障诊断,0.5455,0.629362,True,1
3,1765882212.6085138,2025-12-16 10:50:12,SHIP500-B08-T05534,*,crew,SK-ACT-CREW-OPS,机舱巡查与就地处置技能,0.5455,0.629362,True,1
3,1765882224.8142729,2025-12-16 10:50:24,SHIP500-B08-T05535,F06,crew,SK-DIAG-F06,发电机综合故障诊断,0.5455,0.628987,True,1
3,1765882224.8142729,2025-12-16 10:50:24,SHIP500-B08-T05535,F11,crew,SK-DIAG-F11,通讯与传感器故障诊断,0.5455,0.628987,True,1
3,1765882224.8142729,2025-12-16 10:50:24,SHIP500-B08-T05535,*,crew,SK-ACT-CREW-OPS,机舱巡查与就地处置技能,0.5455,0.628987,True,1
3,1765882261.4433713,2025-12-16 10:51:01,SHIP500-B08-T05538,F06,crew,SK-DIAG-F06,发电机综合故障诊断,0.5455,0.631993,True,1
3,1765882261.4433713,2025-12-16 10:51:01,SHIP500-B08-T05538,F11,crew,SK-DIAG-F11,通讯与传感器故障诊断,0.5455,0.631993,True,1
3,1765882261.4433713,2025-12-16 10:51:01,SHIP500-B08-T05538,*,crew,SK-ACT-CREW-OPS,机舱巡查与就地处置技能,0.5455,0.631993,True,1
3,1765882297.993867,2025-12-16 10:51:37,SHIP500-B08-T05541,F06,crew,SK-DIAG-F06,发电机综合故障诊断,0.5455,0.634257,True,1
3,1765882297.993867,2025-12-16 10:51:37,SHIP500-B08-T05541,F11,crew,SK-DIAG-F11,通讯与传感器故障诊断,0.5455,0.634257,True,1
3,1765882297.993867,2025-12-16 10:51:37,SHIP500-B08-T05541,*,crew,SK-ACT-CREW-OPS,机舱巡查与就地处置技能,0.5455,0.634257,True,1
3,1765882407.8809075,2025-12-16 10:53:27,SHIP500-B08-T05550,F06,crew,SK-DIAG-F06,发电机综合故障诊断,0.5455,0.631993,True,1
3,1765882407.8809075,2025-12-16 10:53:27,SHIP500-B08-T05550,F11,crew,SK-DIAG-F11,通讯与传感器故障诊断,0.5455,0.631993,True,1
3,1765882407.8809075,2025-12-16 10:53:27,SHIP500-B08-T05550,*,crew,SK-ACT-CREW-OPS,机舱巡查与就地处置技能,0.5455,0.631993,True,1
3,1765882420.14395,2025-12-16 10:53:40,SHIP500-B08-T05551,F06,crew,SK-DIAG-F06,发电机综合故障诊断,0.5455,0.62749,True,1
3,1765882420.14395,2025-12-16 10:53:40,SHIP500-B08-T05551,F11,crew,SK-DIAG-F11,通讯与传感器故障诊断,0.5455,0.62749,True,1
3,1765882420.14395,2025-12-16 10:53:40,SHIP500-B08-T05551,*,crew,SK-ACT-CREW-OPS,机舱巡查与就地处置技能,0.5455,0.62749,True,1
3,1765882432.3492715,2025-12-16 10:53:52,SHIP500-B08-T05552,F06,crew,SK-DIAG-F06,发电机综合故障诊断,0.5455,0.627864,True,1
3,1765882432.3492715,2025-12-16 10:53:52,SHIP500-B08-T05552,F11,crew,SK-DIAG-F11,通讯与传感器故障诊断,0.5455,0.627864,True,1
3,1765882432.3492715,2025-12-16 10:53:52,SHIP500-B08-T05552,*,crew,SK-ACT-CREW-OPS,机舱巡查与就地处置技能,0.5455,0.627864,True,1
3,1765882505.5641563,2025-12-16 10:55:05,SHIP500-B08-T05558,F06,crew,SK-DIAG-F06,发电机综合故障诊断,0.5455,0.622276,True,1
3,1765882505.5641563,2025-12-16 10:55:05,SHIP500-B08-T05558,F11,crew,SK-DIAG-F11,通讯与传感器故障诊断,0.5455,0.622276,True,1
3,1765882505.5641563,2025-12-16 10:55:05,SHIP500-B08-T05558,*,crew,SK-ACT-CREW-OPS,机舱巡查与就地处置技能,0.5455,0.622276,True,1
3,1765882517.746241,2025-12-16 10:55:17,SHIP500-B08-T05559,F06,crew,SK-DIAG-F06,发电机综合故障诊断,0.5455,0.620425,True,1
3,1765882517.746241,2025-12-16 10:55:17,SHIP500-B08-T05559,F11,crew,SK-DIAG-F11,通讯与传感器故障诊断,0.5455,0.620425,True,1
3,1765882517.746241,2025-12-16 10:55:17,SHIP500-B08-T05559,*,crew,SK-ACT-CREW-OPS,机舱巡查与就地处置技能,0.5455,0.620425,True,1
3,1765882566.6375778,2025-12-16 10:56:06,SHIP500-B08-T05563,F06,crew,SK-DIAG-F06,发电机综合故障诊断,0.5455,0.619316,True,1
3,1765882566.6375778,2025-12-16 10:56:06,SHIP500-B08-T05563,F11,crew,SK-DIAG-F11,通讯与传感器故障诊断,0.5455,0.619316,True,1
3,1765882566.6375778,2025-12-16 10:56:06,SHIP500-B08-T05563,*,crew,SK-ACT-CREW-OPS,机舱巡查与就地处置技能,0.5455,0.619316,True,1
3,1765882639.8372223,2025-12-16 10:57:19,SHIP500-B08-T05569,F06,crew,SK-DIAG-F06,发电机综合故障诊断,0.5455,0.621535,True,1
3,1765882639.8372223,2025-12-16 10:57:19,SHIP500-B08-T05569,F11,crew,SK-DIAG-F11,通讯与传感器故障诊断,0.5455,0.621535,True,1
3,1765882639.8372223,2025-12-16 10:57:19,SHIP500-B08-T05569,*,crew,SK-ACT-CREW-OPS,机舱巡查与就地处置技能,0.5455,0.621535,True,1
3,1765882688.759941,2025-12-16 10:58:08,SHIP500-B08-T05573,F06,crew,SK-DIAG-F06,发电机综合故障诊断,0.5455,0.624505,True,1
3,1765882688.759941,2025-12-16 10:58:08,SHIP500-B08-T05573,F11,crew,SK-DIAG-F11,通讯与传感器故障诊断,0.5455,0.624505,True,1
3,1765882688.759941,2025-12-16 10:58:08,SHIP500-B08-T05573,*,crew,SK-ACT-CREW-OPS,机舱巡查与就地处置技能,0.5455,0.624505,True,1
3,1765882725.3873763,2025-12-16 10:58:45,SHIP500-B08-T05576,F06,crew,SK-DIAG-F06,发电机综合故障诊断,0.5455,0.629362,True,1
3,1765882725.3873763,2025-12-16 10:58:45,SHIP500-B08-T05576,F11,crew,SK-DIAG-F11,通讯与传感器故障诊断,0.5455,0.629362,True,1
3,1765882725.3873763,2025-12-16 10:58:45,SHIP500-B08-T05576,*,crew,SK-ACT-CREW-OPS,机舱巡查与就地处置技能,0.5455,0.629362,True,1
3,1765882761.9675865,2025-12-16 10:59:21,SHIP500-B08-T05579,F06,crew,SK-DIAG-F06,发电机综合故障诊断,0.5455,0.637288,True,1
3,1765882761.9675865,2025-12-16 10:59:21,SHIP500-B08-T05579,F11,crew,SK-DIAG-F11,通讯与传感器故障诊断,0.5455,0.637288,True,1
3,1765882761.9675865,2025-12-16 10:59:21,SHIP500-B08-T05579,*,crew,SK-ACT-CREW-OPS,机舱巡查与就地处置技能,0.5455,0.637288,True,1
3,1765882774.2030385,2025-12-16 10:59:34,SHIP500-B08-T05580,F06,crew,SK-DIAG-F06,发电机综合故障诊断,0.5455,0.63124,True,1
3,1765882774.2030385,2025-12-16 10:59:34,SHIP500-B08-T05580,F11,crew,SK-DIAG-F11,通讯与传感器故障诊断,0.5455,0.63124,True,1
3,1765882774.2030385,2025-12-16 10:59:34,SHIP500-B08-T05580,*,crew,SK-ACT-CREW-OPS,机舱巡查与就地处置技能,0.5455,0.63124,True,1
3,1765882786.3829782,2025-12-16 10:59:46,SHIP500-B08-T05581,F06,crew,SK-DIAG-F06,发电机综合故障诊断,0.5455,0.626742,True,1
3,1765882786.3829782,2025-12-16 10:59:46,SHIP500-B08-T05581,F11,crew,SK-DIAG-F11,通讯与传感器故障诊断,0.5455,0.626742,True,1
3,1765882786.3829782,2025-12-16 10:59:46,SHIP500-B08-T05581,*,crew,SK-ACT-CREW-OPS,机舱巡查与就地处置技能,0.5455,0.626742,True,1
3,1765882798.587969,2025-12-16 10:59:58,SHIP500-B08-T05582,F06,crew,SK-DIAG-F06,发电机综合故障诊断,0.5455,0.626369,True,1
3,1765882798.587969,2025-12-16 10:59:58,SHIP500-B08-T05582,F11,crew,SK-DIAG-F11,通讯与传感器故障诊断,0.5455,0.626369,True,1
3,1765882798.587969,2025-12-16 10:59:58,SHIP500-B08-T05582,*,crew,SK-ACT-CREW-OPS,机舱巡查与就地处置技能,0.5455,0.626369,True,1
3,1765882810.7831435,2025-12-16 11:00:10,SHIP500-B08-T05583,F06,crew,SK-DIAG-F06,发电机综合故障诊断,0.5455,0.627864,True,1
3,1765882810.7831435,2025-12-16 11:00:10,SHIP500-B08-T05583,F11,crew,SK-DIAG-F11,通讯与传感器故障诊断,0.5455,0.627864,True,1
3,1765882810.7831435,2025-12-16 11:00:10,SHIP500-B08-T05583,*,crew,SK-ACT-CREW-OPS,机舱巡查与就地处置技能,0.5455,0.627864,True,1
3,1765882822.9606314,2025-12-16 11:00:22,SHIP500-B08-T05584,F06,crew,SK-DIAG-F06,发电机综合故障诊断,0.5455,0.62749,True,1
3,1765882822.9606314,2025-12-16 11:00:22,SHIP500-B08-T05584,F11,crew,SK-DIAG-F11,通讯与传感器故障诊断,0.5455,0.62749,True,1
3,1765882822.9606314,2025-12-16 11:00:22,SHIP500-B08-T05584,*,crew,SK-ACT-CREW-OPS,机舱巡查与就地处置技能,0.5455,0.62749,True,1
3,1765882835.124049,2025-12-16 11:00:35,SHIP500-B08-T05585,F06,crew,SK-DIAG-F06,发电机综合故障诊断,0.5455,0.627864,True,1
3,1765882835.124049,2025-12-16 11:00:35,SHIP500-B08-T05585,F11,crew,SK-DIAG-F11,通讯与传感器故障诊断,0.5455,0.627864,True,1
3,1765882835.124049,2025-12-16 11:00:35,SHIP500-B08-T05585,*,crew,SK-ACT-CREW-OPS,机舱巡查与就地处置技能,0.5455,0.627864,True,1
3,1765882871.682041,2025-12-16 11:01:11,SHIP500-B08-T05588,F06,crew,SK-DIAG-F06,发电机综合故障诊断,0.5455,0.623761,True,1
3,1765882871.682041,2025-12-16 11:01:11,SHIP500-B08-T05588,F11,crew,SK-DIAG-F11,通讯与传感器故障诊断,0.5455,0.623761,True,1
3,1765882871.682041,2025-12-16 11:01:11,SHIP500-B08-T05588,*,crew,SK-ACT-CREW-OPS,机舱巡查与就地处置技能,0.5455,0.623761,True,1
3,1765882883.889336,2025-12-16 11:01:23,SHIP500-B08-T05589,F06,crew,SK-DIAG-F06,发电机综合故障诊断,0.5455,0.624133,True,1
3,1765882883.889336,2025-12-16 11:01:23,SHIP500-B08-T05589,F11,crew,SK-DIAG-F11,通讯与传感器故障诊断,0.5455,0.624133,True,1
3,1765882883.889336,2025-12-16 11:01:23,SHIP500-B08-T05589,*,crew,SK-ACT-CREW-OPS,机舱巡查与就地处置技能,0.5455,0.624133,True,1
3,1765882896.122803,2025-12-16 11:01:36,SHIP500-B08-T05590,F06,crew,SK-DIAG-F06,发电机综合故障诊断,0.5455,0.621905,True,1
3,1765882896.122803,2025-12-16 11:01:36,SHIP500-B08-T05590,F11,crew,SK-DIAG-F11,通讯与传感器故障诊断,0.5455,0.621905,True,1
3,1765882896.122803,2025-12-16 11:01:36,SHIP500-B08-T05590,*,crew,SK-ACT-CREW-OPS,机舱巡查与就地处置技能,0.5455,0.621905,True,1
3,1765891258.7863193,2025-12-16 13:20:58,SHIP500-B08-T05604,F06,crew,SK-DIAG-F06,发电机综合故障诊断,0.5455,0.597207,False,1
3,1765891258.7863193,2025-12-16 13:20:58,SHIP500-B08-T05604,F11,crew,SK-DIAG-F11,通讯与传感器故障诊断,0.5455,0.597207,False,1
3,1765891258.7863193,2025-12-16 13:20:58,SHIP500-B08-T05604,*,crew,SK-ACT-CREW-OPS,机舱巡查与就地处置技能,0.5455,0.597207,False,1
3,1765891283.1969347,2025-12-16 13:21:23,SHIP500-B08-T05606,F06,crew,SK-DIAG-F06,发电机综合故障诊断,0.5455,0.602929,True,1
3,1765891283.1969347,2025-12-16 13:21:23,SHIP500-B08-T05606,F11,crew,SK-DIAG-F11,通讯与传感器故障诊断,0.5455,0.602929,True,1
3,1765891283.1969347,2025-12-16 13:21:23,SHIP500-B08-T05606,*,crew,SK-ACT-CREW-OPS,机舱巡查与就地处置技能,0.5455,0.602929,True,1
3,1765891356.4032,2025-12-16 13:22:36,SHIP500-B08-T05612,F06,crew,SK-DIAG-F06,发电机综合故障诊断,0.5455,0.600061,True,1
3,1765891356.4032,2025-12-16 13:22:36,SHIP500-B08-T05612,F11,crew,SK-DIAG-F11,通讯与传感器故障诊断,0.5455,0.600061,True,1
3,1765891356.4032,2025-12-16 13:22:36,SHIP500-B08-T05612,*,crew,SK-ACT-CREW-OPS,机舱巡查与就地处置技能,0.5455,0.600061,True,1
3,1765891380.8521714,2025-12-16 13:23:00,SHIP500-B08-T05614,F06,crew,SK-DIAG-F06,发电机综合故障诊断,0.5455,0.606171,True,1
3,1765891380.8521714,2025-12-16 13:23:00,SHIP500-B08-T05614,F11,crew,SK-DIAG-F11,通讯与传感器故障诊断,0.5455,0.606171,True,1
3,1765891380.8521714,2025-12-16 13:23:00,SHIP500-B08-T05614,*,crew,SK-ACT-CREW-OPS,机舱巡查与就地处置技能,0.5455,0.606171,True,1
3,1765891429.6503067,2025-12-16 13:23:49,SHIP500-B08-T05618,F06,crew,SK-DIAG-F06,发电机综合故障诊断,0.5455,0.585577,False,1
3,1765891429.6503067,2025-12-16 13:23:49,SHIP500-B08-T05618,F11,crew,SK-DIAG-F11,通讯与传感器故障诊断,0.5455,0.585577,False,1
3,1765891429.6503067,2025-12-16 13:23:49,SHIP500-B08-T05618,*,crew,SK-ACT-CREW-OPS,机舱巡查与就地处置技能,0.5455,0.585577,False,1
3,1765891466.284383,2025-12-16 13:24:26,SHIP500-B08-T05621,F06,crew,SK-DIAG-F06,发电机综合故障诊断,0.5455,0.583139,False,1
3,1765891466.284383,2025-12-16 13:24:26,SHIP500-B08-T05621,F11,crew,SK-DIAG-F11,通讯与传感器故障诊断,0.5455,0.583139,False,1
3,1765891466.284383,2025-12-16 13:24:26,SHIP500-B08-T05621,*,crew,SK-ACT-CREW-OPS,机舱巡查与就地处置技能,0.5455,0.583139,False,1
3,1765891502.9260793,2025-12-16 13:25:02,SHIP500-B08-T05624,F06,crew,SK-DIAG-F06,发电机综合故障诊断,0.5455,0.583139,False,1
3,1765891502.9260793,2025-12-16 13:25:02,SHIP500-B08-T05624,F11,crew,SK-DIAG-F11,通讯与传感器故障诊断,0.5455,0.583139,False,1
3,1765891502.9260793,2025-12-16 13:25:02,SHIP500-B08-T05624,*,crew,SK-ACT-CREW-OPS,机舱巡查与就地处置技能,0.5455,0.583139,False,1
3,1765891588.4081082,2025-12-16 13:26:28,SHIP500-B08-T05631,F06,crew,SK-DIAG-F06,发电机综合故障诊断,0.5455,0.575201,False,1
3,1765891588.4081082,2025-12-16 13:26:28,SHIP500-B08-T05631,F11,crew,SK-DIAG-F11,通讯与传感器故障诊断,0.5455,0.575201,False,1
3,1765891588.4081082,2025-12-16 13:26:28,SHIP500-B08-T05631,*,crew,SK-ACT-CREW-OPS,机舱巡查与就地处置技能,0.5455,0.575201,False,1
3,1765891600.6303778,2025-12-16 13:26:40,SHIP500-B08-T05632,F06,crew,SK-DIAG-F06,发电机综合故障诊断,0.5455,0.57623,False,1
3,1765891600.6303778,2025-12-16 13:26:40,SHIP500-B08-T05632,F11,crew,SK-DIAG-F11,通讯与传感器故障诊断,0.5455,0.57623,False,1
3,1765891600.6303778,2025-12-16 13:26:40,SHIP500-B08-T05632,*,crew,SK-ACT-CREW-OPS,机舱巡查与就地处置技能,0.5455,0.57623,False,1
3,1765891612.841255,2025-12-16 13:26:52,SHIP500-B08-T05633,F06,crew,SK-DIAG-F06,发电机综合故障诊断,0.5455,0.572806,False,1
3,1765891612.841255,2025-12-16 13:26:52,SHIP500-B08-T05633,F11,crew,SK-DIAG-F11,通讯与传感器故障诊断,0.5455,0.572806,False,1
3,1765891612.841255,2025-12-16 13:26:52,SHIP500-B08-T05633,*,crew,SK-ACT-CREW-OPS,机舱巡查与就地处置技能,0.5455,0.572806,False,1
3,1765891637.2637925,2025-12-16 13:27:17,SHIP500-B08-T05635,F06,crew,SK-DIAG-F06,发电机综合故障诊断,0.5455,0.575887,False,1
3,1765891637.2637925,2025-12-16 13:27:17,SHIP500-B08-T05635,F11,crew,SK-DIAG-F11,通讯与传感器故障诊断,0.5455,0.575887,False,1
3,1765891637.2637925,2025-12-16 13:27:17,SHIP500-B08-T05635,*,crew,SK-ACT-CREW-OPS,机舱巡查与就地处置技能,0.5455,0.575887,False,1
3,1765891649.4701304,2025-12-16 13:27:29,SHIP500-B08-T05636,F06,crew,SK-DIAG-F06,发电机综合故障诊断,0.5455,0.57795,False,1
3,1765891649.4701304,2025-12-16 13:27:29,SHIP500-B08-T05636,F11,crew,SK-DIAG-F11,通讯与传感器故障诊断,0.5455,0.57795,False,1
3,1765891649.4701304,2025-12-16 13:27:29,SHIP500-B08-T05636,*,crew,SK-ACT-CREW-OPS,机舱巡查与就地处置技能,0.5455,0.57795,False,1
3,1765891661.673509,2025-12-16 13:27:41,SHIP500-B08-T05637,F06,crew,SK-DIAG-F06,发电机综合故障诊断,0.5455,0.57795,False,1
3,1765891661.673509,2025-12-16 13:27:41,SHIP500-B08-T05637,F11,crew,SK-DIAG-F11,通讯与传感器故障诊断,0.5455,0.57795,False,1
3,1765891661.673509,2025-12-16 13:27:41,SHIP500-B08-T05637,*,crew,SK-ACT-CREW-OPS,机舱巡查与就地处置技能,0.5455,0.57795,False,1
3,1765891698.2874177,2025-12-16 13:28:18,SHIP500-B08-T05640,F06,crew,SK-DIAG-F06,发电机综合故障诊断,0.5455,0.590131,False,1
3,1765891698.2874177,2025-12-16 13:28:18,SHIP500-B08-T05640,F11,crew,SK-DIAG-F11,通讯与传感器故障诊断,0.5455,0.590131,False,1
3,1765891698.2874177,2025-12-16 13:28:18,SHIP500-B08-T05640,*,crew,SK-ACT-CREW-OPS,机舱巡查与就地处置技能,0.5455,0.590131,False,1
3,1765891710.502067,2025-12-16 13:28:30,SHIP500-B08-T05641,F06,crew,SK-DIAG-F06,发电机综合故障诊断,0.5455,0.588726,False,1
3,1765891710.502067,2025-12-16 13:28:30,SHIP500-B08-T05641,F11,crew,SK-DIAG-F11,通讯与传感器故障诊断,0.5455,0.588726,False,1
3,1765891710.502067,2025-12-16 13:28:30,SHIP500-B08-T05641,*,crew,SK-ACT-CREW-OPS,机舱巡查与就地处置技能,0.5455,0.588726,False,1
3,1765891759.317151,2025-12-16 13:29:19,SHIP500-B08-T05645,F06,crew,SK-DIAG-F06,发电机综合故障诊断,0.5455,0.592598,False,1
3,1765891759.317151,2025-12-16 13:29:19,SHIP500-B08-T05645,F11,crew,SK-DIAG-F11,通讯与传感器故障诊断,0.5455,0.592598,False,1
3,1765891759.317151,2025-12-16 13:29:19,SHIP500-B08-T05645,*,crew,SK-ACT-CREW-OPS,机舱巡查与就地处置技能,0.5455,0.592598,False,1
3,1765891820.4102583,2025-12-16 13:30:20,SHIP500-B08-T05650,F06,crew,SK-DIAG-F06,发电机综合故障诊断,0.5455,0.598632,False,1
3,1765891820.4102583,2025-12-16 13:30:20,SHIP500-B08-T05650,F11,crew,SK-DIAG-F11,通讯与传感器故障诊断,0.5455,0.598632,False,1
3,1765891820.4102583,2025-12-16 13:30:20,SHIP500-B08-T05650,*,crew,SK-ACT-CREW-OPS,机舱巡查与就地处置技能,0.5455,0.598632,False,1
3,1765891893.76221,2025-12-16 13:31:33,SHIP500-B08-T05656,F06,crew,SK-DIAG-F06,发电机综合故障诊断,0.5455,0.596496,False,1
3,1765891893.76221,2025-12-16 13:31:33,SHIP500-B08-T05656,F11,crew,SK-DIAG-F11,通讯与传感器故障诊断,0.5455,0.596496,False,1
3,1765891893.76221,2025-12-16 13:31:33,SHIP500-B08-T05656,*,crew,SK-ACT-CREW-OPS,机舱巡查与就地处置技能,0.5455,0.596496,False,1
3,1765891942.567729,2025-12-16 13:32:22,SHIP500-B08-T05660,F06,crew,SK-DIAG-F06,发电机综合故障诊断,0.5455,0.616371,True,1
3,1765891942.567729,2025-12-16 13:32:22,SHIP500-B08-T05660,F11,crew,SK-DIAG-F11,通讯与传感器故障诊断,0.5455,0.616371,True,1
3,1765891942.567729,2025-12-16 13:32:22,SHIP500-B08-T05660,*,crew,SK-ACT-CREW-OPS,机舱巡查与就地处置技能,0.5455,0.616371,True,1
3,1765892052.3263173,2025-12-16 13:34:12,SHIP500-B08-T05669,F06,crew,SK-DIAG-F06,发电机综合故障诊断,0.5455,0.610158,True,1
3,1765892052.3263173,2025-12-16 13:34:12,SHIP500-B08-T05669,F11,crew,SK-DIAG-F11,通讯与传感器故障诊断,0.5455,0.610158,True,1
3,1765892052.3263173,2025-12-16 13:34:12,SHIP500-B08-T05669,*,crew,SK-ACT-CREW-OPS,机舱巡查与就地处置技能,0.5455,0.610158,True,1
3,1765892137.7851417,2025-12-16 13:35:37,SHIP500-B08-T05676,F06,crew,SK-DIAG-F06,发电机综合故障诊断,0.5455,0.630113,True,1
3,1765892137.7851417,2025-12-16 13:35:37,SHIP500-B08-T05676,F11,crew,SK-DIAG-F11,通讯与传感器故障诊断,0.5455,0.630113,True,1
3,1765892137.7851417,2025-12-16 13:35:37,SHIP500-B08-T05676,*,crew,SK-ACT-CREW-OPS,机舱巡查与就地处置技能,0.5455,0.630113,True,1
3,1765892198.8904846,2025-12-16 13:36:38,SHIP500-B08-T05681,F06,crew,SK-DIAG-F06,发电机综合故障诊断,0.5455,0.582445,False,1
3,1765892198.8904846,2025-12-16 13:36:38,SHIP500-B08-T05681,F11,crew,SK-DIAG-F11,通讯与传感器故障诊断,0.5455,0.582445,False,1
3,1765892198.8904846,2025-12-16 13:36:38,SHIP500-B08-T05681,*,crew,SK-ACT-CREW-OPS,机舱巡查与就地处置技能,0.5455,0.582445,False,1
3,1765892345.3725398,2025-12-16 13:39:05,SHIP500-B08-T05693,F06,crew,SK-DIAG-F06,发电机综合故障诊断,0.5455,0.571442,False,1
3,1765892345.3725398,2025-12-16 13:39:05,SHIP500-B08-T05693,F11,crew,SK-DIAG-F11,通讯与传感器故障诊断,0.5455,0.571442,False,1
3,1765892345.3725398,2025-12-16 13:39:05,SHIP500-B08-T05693,*,crew,SK-ACT-CREW-OPS,机舱巡查与就地处置技能,0.5455,0.571442,False,1
3,1765892357.561487,2025-12-16 13:39:17,SHIP500-B08-T05694,F06,crew,SK-DIAG-F06,发电机综合故障诊断,0.5455,0.569742,False,1
3,1765892357.561487,2025-12-16 13:39:17,SHIP500-B08-T05694,F11,crew,SK-DIAG-F11,通讯与传感器故障诊断,0.5455,0.569742,False,1
3,1765892357.561487,2025-12-16 13:39:17,SHIP500-B08-T05694,*,crew,SK-ACT-CREW-OPS,机舱巡查与就地处置技能,0.5455,0.569742,False,1
3,1765892418.5634928,2025-12-16 13:40:18,SHIP500-B08-T05699,F06,crew,SK-DIAG-F06,发电机综合故障诊断,0.5455,0.572124,False,1
3,1765892418.5634928,2025-12-16 13:40:18,SHIP500-B08-T05699,F11,crew,SK-DIAG-F11,通讯与传感器故障诊断,0.5455,0.572124,False,1
3,1765892418.5634928,2025-12-16 13:40:18,SHIP500-B08-T05699,*,crew,SK-ACT-CREW-OPS,机舱巡查与就地处置技能,0.5455,0.572124,False,1
3,1765892455.10611,2025-12-16 13:40:55,SHIP500-B08-T05702,F06,crew,SK-DIAG-F06,发电机综合故障诊断,0.5455,0.580712,False,1
3,1765892455.10611,2025-12-16 13:40:55,SHIP500-B08-T05702,F11,crew,SK-DIAG-F11,通讯与传感器故障诊断,0.5455,0.580712,False,1
3,1765892455.10611,2025-12-16 13:40:55,SHIP500-B08-T05702,*,crew,SK-ACT-CREW-OPS,机舱巡查与就地处置技能,0.5455,0.580712,False,1
3,1765892467.313557,2025-12-16 13:41:07,SHIP500-B08-T05703,F06,crew,SK-DIAG-F06,发电机综合故障诊断,0.5455,0.577261,False,1
3,1765892467.313557,2025-12-16 13:41:07,SHIP500-B08-T05703,F11,crew,SK-DIAG-F11,通讯与传感器故障诊断,0.5455,0.577261,False,1
3,1765892467.313557,2025-12-16 13:41:07,SHIP500-B08-T05703,*,crew,SK-ACT-CREW-OPS,机舱巡查与就地处置技能,0.5455,0.577261,False,1
3,1765892540.623999,2025-12-16 13:42:20,SHIP500-B08-T05709,F06,crew,SK-DIAG-F06,发电机综合故障诊断,0.5455,0.580366,False,1
3,1765892540.623999,2025-12-16 13:42:20,SHIP500-B08-T05709,F11,crew,SK-DIAG-F11,通讯与传感器故障诊断,0.5455,0.580366,False,1
3,1765892540.623999,2025-12-16 13:42:20,SHIP500-B08-T05709,*,crew,SK-ACT-CREW-OPS,机舱巡查与就地处置技能,0.5455,0.580366,False,1
3,1765892613.8627863,2025-12-16 13:43:33,SHIP500-B08-T05715,F06,crew,SK-DIAG-F06,发电机综合故障诊断,0.5455,0.592598,False,1
3,1765892613.8627863,2025-12-16 13:43:33,SHIP500-B08-T05715,F11,crew,SK-DIAG-F11,通讯与传感器故障诊断,0.5455,0.592598,False,1
3,1765892613.8627863,2025-12-16 13:43:33,SHIP500-B08-T05715,*,crew,SK-ACT-CREW-OPS,机舱巡查与就地处置技能,0.5455,0.592598,False,1
3,1765892638.354719,2025-12-16 13:43:58,SHIP500-B08-T05717,F06,crew,SK-DIAG-F06,发电机综合故障诊断,0.5455,0.578984,False,1
3,1765892638.354719,2025-12-16 13:43:58,SHIP500-B08-T05717,F11,crew,SK-DIAG-F11,通讯与传感器故障诊断,0.5455,0.578984,False,1
3,1765892638.354719,2025-12-16 13:43:58,SHIP500-B08-T05717,*,crew,SK-ACT-CREW-OPS,机舱巡查与就地处置技能,0.5455,0.578984,False,1
3,1765892699.352635,2025-12-16 13:44:59,SHIP500-B08-T05722,F06,crew,SK-DIAG-F06,发电机综合故障诊断,0.5455,0.594012,False,1
3,1765892699.352635,2025-12-16 13:44:59,SHIP500-B08-T05722,F11,crew,SK-DIAG-F11,通讯与传感器故障诊断,0.5455,0.594012,False,1
3,1765892699.352635,2025-12-16 13:44:59,SHIP500-B08-T05722,*,crew,SK-ACT-CREW-OPS,机舱巡查与就地处置技能,0.5455,0.594012,False,1
3,1765892723.760944,2025-12-16 13:45:23,SHIP500-B08-T05724,F06,crew,SK-DIAG-F06,发电机综合故障诊断,0.5455,0.583835,False,1
3,1765892723.760944,2025-12-16 13:45:23,SHIP500-B08-T05724,F11,crew,SK-DIAG-F11,通讯与传感器故障诊断,0.5455,0.583835,False,1
3,1765892723.760944,2025-12-16 13:45:23,SHIP500-B08-T05724,*,crew,SK-ACT-CREW-OPS,机舱巡查与就地处置技能,0.5455,0.583835,False,1
3,1765892760.400289,2025-12-16 13:46:00,SHIP500-B08-T05727,F06,crew,SK-DIAG-F06,发电机综合故障诊断,0.5455,0.612343,True,1
3,1765892760.400289,2025-12-16 13:46:00,SHIP500-B08-T05727,F11,crew,SK-DIAG-F11,通讯与传感器故障诊断,0.5455,0.612343,True,1
3,1765892760.400289,2025-12-16 13:46:00,SHIP500-B08-T05727,*,crew,SK-ACT-CREW-OPS,机舱巡查与就地处置技能,0.5455,0.612343,True,1
3,1765892784.83822,2025-12-16 13:46:24,SHIP500-B08-T05729,F06,crew,SK-DIAG-F06,发电机综合故障诊断,0.5455,0.591187,False,1
3,1765892784.83822,2025-12-16 13:46:24,SHIP500-B08-T05729,F11,crew,SK-DIAG-F11,通讯与传感器故障诊断,0.5455,0.591187,False,1
3,1765892784.83822,2025-12-16 13:46:24,SHIP500-B08-T05729,*,crew,SK-ACT-CREW-OPS,机舱巡查与就地处置技能,0.5455,0.591187,False,1
3,1765892858.0653582,2025-12-16 13:47:38,SHIP500-B08-T05735,F06,crew,SK-DIAG-F06,发电机综合故障诊断,0.5455,0.633124,True,1
3,1765892858.0653582,2025-12-16 13:47:38,SHIP500-B08-T05735,F11,crew,SK-DIAG-F11,通讯与传感器故障诊断,0.5455,0.633124,True,1
3,1765892858.0653582,2025-12-16 13:47:38,SHIP500-B08-T05735,*,crew,SK-ACT-CREW-OPS,机舱巡查与就地处置技能,0.5455,0.633124,True,1
3,1765892907.1230798,2025-12-16 13:48:27,SHIP500-B08-T05739,F06,crew,SK-DIAG-F06,发电机综合故障诊断,0.5455,0.596851,False,1
3,1765892907.1230798,2025-12-16 13:48:27,SHIP500-B08-T05739,F11,crew,SK-DIAG-F11,通讯与传感器故障诊断,0.5455,0.596851,False,1
3,1765892907.1230798,2025-12-16 13:48:27,SHIP500-B08-T05739,*,crew,SK-ACT-CREW-OPS,机舱巡查与就地处置技能,0.5455,0.596851,False,1
3,1765892919.3219972,2025-12-16 13:48:39,SHIP500-B08-T05740,F06,crew,SK-DIAG-F06,发电机综合故障诊断,0.5455,0.601852,True,1
3,1765892919.3219972,2025-12-16 13:48:39,SHIP500-B08-T05740,F11,crew,SK-DIAG-F11,通讯与传感器故障诊断,0.5455,0.601852,True,1
3,1765892919.3219972,2025-12-16 13:48:39,SHIP500-B08-T05740,*,crew,SK-ACT-CREW-OPS,机舱巡查与就地处置技能,0.5455,0.601852,True,1
3,1765892943.7901492,2025-12-16 13:49:03,SHIP500-B08-T05742,F06,crew,SK-DIAG-F06,发电机综合故障诊断,0.5455,0.600777,True,1
3,1765892943.7901492,2025-12-16 13:49:03,SHIP500-B08-T05742,F11,crew,SK-DIAG-F11,通讯与传感器故障诊断,0.5455,0.600777,True,1
3,1765892943.7901492,2025-12-16 13:49:03,SHIP500-B08-T05742,*,crew,SK-ACT-CREW-OPS,机舱巡查与就地处置技能,0.5455,0.600777,True,1
3,1765893016.9751563,2025-12-16 13:50:16,SHIP500-B08-T05748,F06,crew,SK-DIAG-F06,发电机综合故障诊断,0.5455,0.581404,False,1
3,1765893016.9751563,2025-12-16 13:50:16,SHIP500-B08-T05748,F11,crew,SK-DIAG-F11,通讯与传感器故障诊断,0.5455,0.581404,False,1
3,1765893016.9751563,2025-12-16 13:50:16,SHIP500-B08-T05748,*,crew,SK-ACT-CREW-OPS,机舱巡查与就地处置技能,0.5455,0.581404,False,1
3,1765893102.477973,2025-12-16 13:51:42,SHIP500-B08-T05755,F06,crew,SK-DIAG-F06,发电机综合故障诊断,0.5455,0.576574,False,1
3,1765893102.477973,2025-12-16 13:51:42,SHIP500-B08-T05755,F11,crew,SK-DIAG-F11,通讯与传感器故障诊断,0.5455,0.576574,False,1
3,1765893102.477973,2025-12-16 13:51:42,SHIP500-B08-T05755,*,crew,SK-ACT-CREW-OPS,机舱巡查与就地处置技能,0.5455,0.576574,False,1
3,1765893139.0914688,2025-12-16 13:52:19,SHIP500-B08-T05758,F06,crew,SK-DIAG-F06,发电机综合故障诊断,0.5455,0.572465,False,1
3,1765893139.0914688,2025-12-16 13:52:19,SHIP500-B08-T05758,F11,crew,SK-DIAG-F11,通讯与传感器故障诊断,0.5455,0.572465,False,1
3,1765893139.0914688,2025-12-16 13:52:19,SHIP500-B08-T05758,*,crew,SK-ACT-CREW-OPS,机舱巡查与就地处置技能,0.5455,0.572465,False,1
3,1765893322.1449175,2025-12-16 13:55:22,SHIP500-B09-T05773,F06,crew,SK-DIAG-F06,发电机综合故障诊断,0.5455,0.568386,False,1
3,1765893322.1449175,2025-12-16 13:55:22,SHIP500-B09-T05773,F11,crew,SK-DIAG-F11,通讯与传感器故障诊断,0.5455,0.568386,False,1
3,1765893322.1449175,2025-12-16 13:55:22,SHIP500-B09-T05773,*,crew,SK-ACT-CREW-OPS,机舱巡查与就地处置技能,0.5455,0.568386,False,1
3,1765893407.5984266,2025-12-16 13:56:47,SHIP500-B09-T05780,F06,crew,SK-DIAG-F06,发电机综合故障诊断,0.5455,0.579329,False,1
3,1765893407.5984266,2025-12-16 13:56:47,SHIP500-B09-T05780,F11,crew,SK-DIAG-F11,通讯与传感器故障诊断,0.5455,0.579329,False,1
3,1765893407.5984266,2025-12-16 13:56:47,SHIP500-B09-T05780,*,crew,SK-ACT-CREW-OPS,机舱巡查与就地处置技能,0.5455,0.579329,False,1
3,1765893419.806444,2025-12-16 13:56:59,SHIP500-B09-T05781,F06,crew,SK-DIAG-F06,发电机综合故障诊断,0.5455,0.578984,False,1
3,1765893419.806444,2025-12-16 13:56:59,SHIP500-B09-T05781,F11,crew,SK-DIAG-F11,通讯与传感器故障诊断,0.5455,0.578984,False,1
3,1765893419.806444,2025-12-16 13:56:59,SHIP500-B09-T05781,*,crew,SK-ACT-CREW-OPS,机舱巡查与就地处置技能,0.5455,0.578984,False,1
3,1765893468.6159844,2025-12-16 13:57:48,SHIP500-B09-T05785,F06,crew,SK-DIAG-F06,发电机综合故障诊断,0.5455,0.577261,False,1
3,1765893468.6159844,2025-12-16 13:57:48,SHIP500-B09-T05785,F11,crew,SK-DIAG-F11,通讯与传感器故障诊断,0.5455,0.577261,False,1
3,1765893468.6159844,2025-12-16 13:57:48,SHIP500-B09-T05785,*,crew,SK-ACT-CREW-OPS,机舱巡查与就地处置技能,0.5455,0.577261,False,1
3,1765893493.018027,2025-12-16 13:58:13,SHIP500-B09-T05787,F06,crew,SK-DIAG-F06,发电机综合故障诊断,0.5455,0.576574,False,1
3,1765893493.018027,2025-12-16 13:58:13,SHIP500-B09-T05787,F11,crew,SK-DIAG-F11,通讯与传感器故障诊断,0.5455,0.576574,False,1
3,1765893493.018027,2025-12-16 13:58:13,SHIP500-B09-T05787,*,crew,SK-ACT-CREW-OPS,机舱巡查与就地处置技能,0.5455,0.576574,False,1
3,1765893554.061293,2025-12-16 13:59:14,SHIP500-B09-T05792,F06,crew,SK-DIAG-F06,发电机综合故障诊断,0.5455,0.587324,False,1
3,1765893554.061293,2025-12-16 13:59:14,SHIP500-B09-T05792,F11,crew,SK-DIAG-F11,通讯与传感器故障诊断,0.5455,0.587324,False,1
3,1765893554.061293,2025-12-16 13:59:14,SHIP500-B09-T05792,*,crew,SK-ACT-CREW-OPS,机舱巡查与就地处置技能,0.5455,0.587324,False,1
3,1765893566.270043,2025-12-16 13:59:26,SHIP500-B09-T05793,F06,crew,SK-DIAG-F06,发电机综合故障诊断,0.5455,0.582792,False,1
3,1765893566.270043,2025-12-16 13:59:26,SHIP500-B09-T05793,F11,crew,SK-DIAG-F11,通讯与传感器故障诊断,0.5455,0.582792,False,1
3,1765893566.270043,2025-12-16 13:59:26,SHIP500-B09-T05793,*,crew,SK-ACT-CREW-OPS,机舱巡查与就地处置技能,0.5455,0.582792,False,1
3,1765893639.376821,2025-12-16 14:00:39,SHIP500-B09-T05799,F06,crew,SK-DIAG-F06,发电机综合故障诊断,0.5455,0.610158,True,1
3,1765893639.376821,2025-12-16 14:00:39,SHIP500-B09-T05799,F11,crew,SK-DIAG-F11,通讯与传感器故障诊断,0.5455,0.610158,True,1
3,1765893639.376821,2025-12-16 14:00:39,SHIP500-B09-T05799,*,crew,SK-ACT-CREW-OPS,机舱巡查与就地处置技能,0.5455,0.610158,True,1
3,1765893651.6009183,2025-12-16 14:00:51,SHIP500-B09-T05800,F06,crew,SK-DIAG-F06,发电机综合故障诊断,0.5455,0.583139,False,1
3,1765893651.6009183,2025-12-16 14:00:51,SHIP500-B09-T05800,F11,crew,SK-DIAG-F11,通讯与传感器故障诊断,0.5455,0.583139,False,1
3,1765893651.6009183,2025-12-16 14:00:51,SHIP500-B09-T05800,*,crew,SK-ACT-CREW-OPS,机舱巡查与就地处置技能,0.5455,0.583139,False,1
3,1765893785.9491715,2025-12-16 14:03:05,SHIP500-B09-T05811,F06,crew,SK-DIAG-F06,发电机综合故障诊断,0.5455,0.554336,False,1
3,1765893785.9491715,2025-12-16 14:03:05,SHIP500-B09-T05811,F11,crew,SK-DIAG-F11,通讯与传感器故障诊断,0.5455,0.554336,False,1
3,1765893785.9491715,2025-12-16 14:03:05,SHIP500-B09-T05811,*,crew,SK-ACT-CREW-OPS,机舱巡查与就地处置技能,0.5455,0.554336,False,1
